Route,Store,Day,Total_Qty,Range,N_Products,Products
Gävle,Coop Eken,Sunday,47,39~61,13,Baguette/Kyckling Curry: 3 | Baguette/Ost & Skinka: 1 | Baguette/Salami & Brieost: 3 | Baguette/Skagen: 3 | Fralla/Ost & Skinka: 5 | Fralla/Ost: 4 | Pastasallad/Kyckling mangocurry: 8 | Pastasallad/Räkor: 4 | Sandwich/Clubsandwich: 1 | Sandwich/Kyckling Curry: 1 | Sandwich/Ägg & Avocadokräm: 1 | Wraps/Caesar Kyckling: 6 | Wraps/Kyckling Bacon: 7
Gävle,Coop Karlholm,Sunday,27,22~40,17,Baguette/Kyckling Curry: 1 | Baguette/Ost & Skinka: 1 | Baguette/Salami & Brieost: 1 | Baguette/Skagen: 2 | Fralla/Ost & Skinka: 2 | Fralla/Ost: 2 | Pastasallad/Kyckling & Salladsost: 3 | Pastasallad/Kyckling mangocurry: 3 | Pastasallad/Räkor: 2 | Sandwich/Bacon & Äggröra: 1 | Sandwich/Clubsandwich: 1 | Sandwich/Kyckling Curry: 2 | Sandwich/Räkor: 1 | Wraps/Caesar Kyckling: 1 | Wraps/Kyckling Bacon: 2 | Wraps/Kyckling Curry: 1 | Wraps/Sweet Chili: 1
Gävle,Coop Konsum hallen,Sunday,43,34~58,18,Baguette/Kyckling Curry: 2 | Baguette/Ost & Skinka: 2 | Baguette/Salami & Brieost: 2 | Baguette/Skagen: 2 | Fralla/Ost & Skinka: 2 | Fralla/Ost: 1 | Hönökaka/Ost & Skinka: 1 | Pastasallad/Asian Surf & Turf-Nudelsallad: 1 | Pastasallad/Italiensk kyckling: 2 | Pastasallad/Kyckling & Salladsost: 4 | Pastasallad/Kyckling mangocurry: 4 | Pastasallad/Räkor: 2 | Sandwich/Kyckling Curry: 2 | Sandwich/Ägg & Avocadokräm: 1 | Wraps/Caesar Kyckling: 4 | Wraps/Kyckling Bacon: 4 | Wraps/Kyckling Curry: 4 | Wraps/Sweet Chili: 3
Gävle,Coop Krysset,Sunday,30,21~39,17,Baguette/Kyckling Curry: 1 | Baguette/Ost & Skinka: 1 | Baguette/Salami & Brieost: 2 | Baguette/Skagen: 2 | Fralla/Ost & Skinka: 2 | Fralla/Ost: 2 | Hönökaka/Ost & Skinka: 1 | Pastasallad/Asian Surf & Turf-Nudelsallad: 1 | Pastasallad/Kyckling & Salladsost: 3 | Pastasallad/Kyckling mangocurry: 4 | Pastasallad/Räkor: 2 | Sandwich/Clubsandwich: 1 | Sandwich/Räkor: 1 | Wraps/Caesar Kyckling: 1 | Wraps/Kyckling Bacon: 2 | Wraps/Kyckling Curry: 2 | Wraps/Sweet Chili: 2
Gävle,Coop Storvreta,Sunday,51,36~63,23,Baguette/Kyckling Curry: 2 | Baguette/Ost & Skinka: 1 | Baguette/Salami & Brieost: 2 | Baguette/Skagen: 2 | Fralla/Ost & Skinka: 3 | Fralla/Ost: 2 | Grönsallad/Caesarsallad: 2 | Hönökaka/Ost: 1 | Pastasallad/Kyckling & Salladsost: 5 | Pastasallad/Kyckling kebab: 1 | Pastasallad/Kyckling mangocurry: 6 | Pastasallad/Ost & Skinka: 2 | Pastasallad/Räkor: 3 | Sandwich/Bacon & Äggröra: 2 | Sandwich/Clubsandwich: 2 | Sandwich/Kyckling Curry: 2 | Sandwich/Räkor: 2 | Wraps/Caesar Kyckling: 2 | Wraps/Kyckling Bacon: 2 | Wraps/Kyckling Curry: 2 | Wraps/Sweet Chili: 2 | XL Frallor/Ost & Skinka: 2 | XL Frallor/Ost: 1
Gävle,Coop Tierp,Sunday,33,26~46,18,Baguette/Kyckling Curry: 1 | Baguette/Ost & Skinka: 1 | Baguette/Salami & Brieost: 1 | Baguette/Skagen: 2 | Fralla/Ost & Skinka: 5 | Fralla/Ost: 4 | Pastasallad/Kyckling & Salladsost: 2 | Pastasallad/Kyckling mangocurry: 2 | Pastasallad/Räkor: 1 | Sandwich/Bacon & Äggröra: 1 | Sandwich/Clubsandwich: 2 | Sandwich/Räkor: 2 | Wraps/Caesar Kyckling: 2 | Wraps/Kyckling Bacon: 2 | Wraps/Kyckling Curry: 2 | Wraps/Sweet Chili: 1 | XL Frallor/Ost & Skinka: 1 | XL Frallor/Ost: 1
Gävle,Coop Triangeln,Sunday,40,33~54,16,Baguette/Kyckling Curry: 1 | Baguette/Ost & Skinka: 2 | Baguette/Salami & Brieost: 3 | Baguette/Skagen: 2 | Fralla/Ost & Skinka: 4 | Fralla/Ost: 3 | Pastasallad/Kyckling & Salladsost: 4 | Pastasallad/Kyckling mangocurry: 3 | Sandwich/Bacon & Äggröra: 1 | Sandwich/Clubsandwich: 1 | Wraps/Caesar Kyckling: 2 | Wraps/Kyckling Bacon: 3 | Wraps/Kyckling Curry: 3 | Wraps/Sweet Chili: 3 | XL Frallor/Ost & Skinka: 3 | XL Frallor/Ost: 2
Gävle,Coop Älvkarleby,Sunday,35,30~48,16,Baguette/Kyckling Curry: 2 | Baguette/Ost & Skinka: 1 | Baguette/Salami & Brieost: 2 | Baguette/Skagen: 3 | Fralla/Ost & Skinka: 2 | Hönökaka/Ost & Skinka: 2 | Pastasallad/Kyckling & Salladsost: 3 | Pastasallad/Kyckling mangocurry: 3 | Pastasallad/Ost & Skinka: 2 | Pastasallad/Räkor: 2 | Sandwich/Clubsandwich: 2 | Sandwich/Räkor: 1 | Wraps/Caesar Kyckling: 2 | Wraps/Kyckling Bacon: 3 | Wraps/Kyckling Curry: 3 | Wraps/Sweet Chili: 2
Gävle,Coop Österbybruk,Sunday,20,16~28,11,Baguette/Kyckling Curry: 2 | Baguette/Ost & Skinka: 1 | Baguette/Skagen: 1 | Grönsallad/Caesarsallad: 1 | Pastasallad/Kyckling & Salladsost: 3 | Pastasallad/Kyckling mangocurry: 3 | Pastasallad/Räkor: 2 | Sandwich/Clubsandwich: 2 | Sandwich/Räkor: 1 | Wraps/Caesar Kyckling: 2 | Wraps/Kyckling Bacon: 2
Gävle,Drottningskiosken,Sunday,69,55~88,19,Baguette/Kyckling Curry: 8 | Baguette/Ost & Skinka: 3 | Baguette/Salami & Brieost: 3 | Baguette/Skagen: 6 | Fralla/Ost & Skinka: 12 | Fralla/Ost: 11 | Pastasallad/Kyckling & Salladsost: 1 | Pastasallad/Kyckling mangocurry: 2 | Pastasallad/Ost & Skinka: 1 | Pastasallad/Räkor: 1 | Sandwich/Bacon & Äggröra: 2 | Sandwich/Clubsandwich: 3 | Sandwich/Kyckling Curry: 2 | Sandwich/Räkor: 2 | Sandwich/Ägg & Avocadokräm: 2 | Wraps/Caesar Kyckling: 2 | Wraps/Kyckling Bacon: 3 | Wraps/Kyckling Curry: 3 | Wraps/Sweet Chili: 2
Gävle,ICA Bomhus,Sunday,37,27~49,16,Baguette/Kyckling Curry: 2 | Baguette/Ost & Skinka: 2 | Baguette/Salami & Brieost: 3 | Baguette/Skagen: 3 | Fralla/Ost & Skinka: 2 | Fralla/Ost: 1 | Hönökaka/Ost & Skinka: 1 | Pastasallad/Falafel: 1 | Pastasallad/Kyckling kebab: 2 | Pastasallad/Kyckling mangocurry: 4 | Pastasallad/Räkor: 4 | Sandwich/Kyckling Curry: 1 | Sandwich/Ägg & Avocadokräm: 1 | Wraps/Caesar Kyckling: 3 | Wraps/Kyckling Bacon: 4 | Wraps/Kyckling Curry: 3
Gävle,ICA Spegeln,Sunday,107,91~137,25,Baguette/Ost & Skinka: 2 | Baguette/Salami & Brieost: 4 | Baguette/Skagen: 2 | Fralla/Ost & Skinka: 13 | Fralla/Ost: 8 | Hönökaka/Ost & Salami: 7 | Hönökaka/Ost & Skinka: 7 | Hönökaka/Ost: 7 | Pastasallad/Asian Surf & Turf-Nudelsallad: 1 | Pastasallad/Hawai Kyckling avocado: 2 | Pastasallad/Italiensk kyckling: 2 | Pastasallad/Kyckling & Salladsost: 3 | Pastasallad/Kyckling mangocurry: 5 | Pastasallad/Ost & Skinka: 3 | Pastasallad/Räkor: 3 | Sandwich/Clubsandwich: 3 | Sandwich/Kyckling Curry: 2 | Sandwich/Räkor: 3 | Wraps/Caesar Kyckling: 2 | Wraps/Kyckling Bacon: 4 | Wraps/Kyckling Curry: 4 | Wraps/Sweet Chili: 2 | XL Frallor/Grovfralla Kalkon & Färskost: 5 | XL Frallor/Ost & Skinka: 7 | XL Frallor/Ost: 6
Gävle,ICA Stortorget,Sunday,61,48~75,17,Grönsallad/Caesarsallad: 5 | Pastasallad/Asian Surf & Turf-Nudelsallad: 2 | Pastasallad/Falafel: 1 | Pastasallad/Italiensk kyckling: 5 | Pastasallad/Kyckling & Salladsost: 4 | Pastasallad/Kyckling mangocurry: 5 | Pastasallad/Ost & Skinka: 5 | Pastasallad/Räkor: 2 | Sandwich/Bacon & Äggröra: 3 | Sandwich/Clubsandwich: 2 | Sandwich/Kyckling Curry: 2 | Sandwich/Räkor: 2 | Sandwich/Ägg & Avocadokräm: 2 | Wraps/Caesar Kyckling: 6 | Wraps/Kyckling Bacon: 4 | Wraps/Kyckling Curry: 6 | Wraps/Sweet Chili: 5
Gävle,ICA Storvreta,Sunday,38,32~52,14,Pastasallad/Asian Surf & Turf-Nudelsallad: 1 | Pastasallad/Hawai Kyckling avocado: 3 | Pastasallad/Italiensk kyckling: 2 | Pastasallad/Kyckling & Salladsost: 5 | Pastasallad/Kyckling kebab: 2 | Pastasallad/Kyckling mangocurry: 5 | Pastasallad/Ost & Skinka: 4 | Pastasallad/Räkor: 4 | Sandwich/Bacon & Äggröra: 2 | Sandwich/Clubsandwich: 2 | Sandwich/Kyckling Curry: 1 | Sandwich/Räkor: 2 | Sandwich/Ägg & Avocadokräm: 1 | Wraps/Kyckling Curry: 4
Gävle,ICA Söder,Sunday,39,31~54,19,Baguette/Kyckling Curry: 1 | Baguette/Ost & Skinka: 1 | Baguette/Salami & Brieost: 1 | Baguette/Skagen: 2 | Fralla/Ost & Skinka: 1 | Fralla/Ost: 1 | Grönsallad/Caesarsallad: 2 | Hönökaka/Ost: 2 | Pastasallad/Kyckling & Salladsost: 3 | Pastasallad/Kyckling mangocurry: 4 | Pastasallad/Räkor: 3 | Sandwich/Bacon & Äggröra: 2 | Sandwich/Clubsandwich: 2 | Sandwich/Kyckling Curry: 2 | Sandwich/Ägg & Avocadokräm: 2 | Wraps/Caesar Kyckling: 2 | Wraps/Kyckling Bacon: 3 | Wraps/Kyckling Curry: 3 | Wraps/Sweet Chili: 2
Gävle,ICA Örbyhus,Sunday,96,81~122,25,Baguette/Kyckling Curry: 3 | Baguette/Ost & Skinka: 2 | Baguette/Salami & Brieost: 4 | Baguette/Skagen: 4 | Fralla/Ost & Skinka: 5 | Fralla/Ost: 3 | Grönsallad/Caesarsallad: 3 | Hönökaka/Ost & Skinka: 2 | Hönökaka/Ost: 2 | Pastasallad/Kyckling & Salladsost: 7 | Pastasallad/Kyckling mangocurry: 7 | Pastasallad/Ost & Skinka: 6 | Pastasallad/Räkor: 7 | Räkmacka Liten/Räkmacka liten: 1 | Sandwich/Bacon & Äggröra: 4 | Sandwich/Clubsandwich: 5 | Sandwich/Kyckling Curry: 4 | Sandwich/Räkor: 4 | Sandwich/Ägg & Avocadokräm: 1 | Wraps/Caesar Kyckling: 4 | Wraps/Kyckling Bacon: 4 | Wraps/Kyckling Curry: 5 | Wraps/Sweet Chili: 4 | XL Frallor/Ost & Skinka: 3 | XL Frallor/Ost: 2
Gävle,Myway Torget,Sunday,21,12~39,9,Baguette/Salami & Brieost: 1 | Baguette/Skagen: 2 | Pastasallad/Kyckling & Salladsost: 2 | Pastasallad/Kyckling mangocurry: 2 | Sandwich/Clubsandwich: 2 | Sandwich/Kyckling Curry: 2 | Wraps/Kyckling Bacon: 4 | Wraps/Kyckling Curry: 2 | Wraps/Sweet Chili: 4
Gävle,Tempo Brynäs,Sunday,43,33~59,19,Baguette/Kyckling Curry: 1 | Baguette/Ost & Skinka: 1 | Baguette/Salami & Brieost: 2 | Baguette/Skagen: 3 | Fralla/Ost & Skinka: 3 | Fralla/Ost: 3 | Hönökaka/Ost & Skinka: 1 | Pastasallad/Kyckling & Salladsost: 4 | Pastasallad/Kyckling mangocurry: 4 | Pastasallad/Ost & Skinka: 5 | Pastasallad/Räkor: 3 | Sandwich/Bacon & Äggröra: 1 | Sandwich/Clubsandwich: 3 | Sandwich/Kyckling Curry: 1 | Sandwich/Räkor: 2 | Wraps/Caesar Kyckling: 1 | Wraps/Kyckling Bacon: 2 | Wraps/Kyckling Curry: 2 | Wraps/Sweet Chili: 1
Gävle,Coop Eken,Tuesday,47,39~61,13,Baguette/Kyckling Curry: 3 | Baguette/Ost & Skinka: 1 | Baguette/Salami & Brieost: 3 | Baguette/Skagen: 3 | Fralla/Ost & Skinka: 5 | Fralla/Ost: 4 | Pastasallad/Kyckling mangocurry: 8 | Pastasallad/Räkor: 4 | Sandwich/Clubsandwich: 1 | Sandwich/Kyckling Curry: 1 | Sandwich/Ägg & Avocadokräm: 1 | Wraps/Caesar Kyckling: 6 | Wraps/Kyckling Bacon: 7
Gävle,Coop Karlholm,Tuesday,27,22~40,17,Baguette/Kyckling Curry: 1 | Baguette/Ost & Skinka: 1 | Baguette/Salami & Brieost: 1 | Baguette/Skagen: 2 | Fralla/Ost & Skinka: 2 | Fralla/Ost: 2 | Pastasallad/Kyckling & Salladsost: 3 | Pastasallad/Kyckling mangocurry: 3 | Pastasallad/Räkor: 2 | Sandwich/Bacon & Äggröra: 1 | Sandwich/Clubsandwich: 1 | Sandwich/Kyckling Curry: 2 | Sandwich/Räkor: 1 | Wraps/Caesar Kyckling: 1 | Wraps/Kyckling Bacon: 2 | Wraps/Kyckling Curry: 1 | Wraps/Sweet Chili: 1
Gävle,Coop Konsum hallen,Tuesday,43,34~58,18,Baguette/Kyckling Curry: 2 | Baguette/Ost & Skinka: 2 | Baguette/Salami & Brieost: 2 | Baguette/Skagen: 2 | Fralla/Ost & Skinka: 2 | Fralla/Ost: 1 | Hönökaka/Ost & Skinka: 1 | Pastasallad/Asian Surf & Turf-Nudelsallad: 1 | Pastasallad/Italiensk kyckling: 2 | Pastasallad/Kyckling & Salladsost: 4 | Pastasallad/Kyckling mangocurry: 4 | Pastasallad/Räkor: 2 | Sandwich/Kyckling Curry: 2 | Sandwich/Ägg & Avocadokräm: 1 | Wraps/Caesar Kyckling: 4 | Wraps/Kyckling Bacon: 4 | Wraps/Kyckling Curry: 4 | Wraps/Sweet Chili: 3
Gävle,Coop Krysset,Tuesday,30,21~39,17,Baguette/Kyckling Curry: 1 | Baguette/Ost & Skinka: 1 | Baguette/Salami & Brieost: 2 | Baguette/Skagen: 2 | Fralla/Ost & Skinka: 2 | Fralla/Ost: 2 | Hönökaka/Ost & Skinka: 1 | Pastasallad/Asian Surf & Turf-Nudelsallad: 1 | Pastasallad/Kyckling & Salladsost: 3 | Pastasallad/Kyckling mangocurry: 4 | Pastasallad/Räkor: 2 | Sandwich/Clubsandwich: 1 | Sandwich/Räkor: 1 | Wraps/Caesar Kyckling: 1 | Wraps/Kyckling Bacon: 2 | Wraps/Kyckling Curry: 2 | Wraps/Sweet Chili: 2
Gävle,Coop Storvreta,Tuesday,51,36~63,23,Baguette/Kyckling Curry: 2 | Baguette/Ost & Skinka: 1 | Baguette/Salami & Brieost: 2 | Baguette/Skagen: 2 | Fralla/Ost & Skinka: 3 | Fralla/Ost: 2 | Grönsallad/Caesarsallad: 2 | Hönökaka/Ost: 1 | Pastasallad/Kyckling & Salladsost: 5 | Pastasallad/Kyckling kebab: 1 | Pastasallad/Kyckling mangocurry: 6 | Pastasallad/Ost & Skinka: 2 | Pastasallad/Räkor: 3 | Sandwich/Bacon & Äggröra: 2 | Sandwich/Clubsandwich: 2 | Sandwich/Kyckling Curry: 2 | Sandwich/Räkor: 2 | Wraps/Caesar Kyckling: 2 | Wraps/Kyckling Bacon: 2 | Wraps/Kyckling Curry: 2 | Wraps/Sweet Chili: 2 | XL Frallor/Ost & Skinka: 2 | XL Frallor/Ost: 1
Gävle,Coop Tierp,Tuesday,33,26~46,18,Baguette/Kyckling Curry: 1 | Baguette/Ost & Skinka: 1 | Baguette/Salami & Brieost: 1 | Baguette/Skagen: 2 | Fralla/Ost & Skinka: 5 | Fralla/Ost: 4 | Pastasallad/Kyckling & Salladsost: 2 | Pastasallad/Kyckling mangocurry: 2 | Pastasallad/Räkor: 1 | Sandwich/Bacon & Äggröra: 1 | Sandwich/Clubsandwich: 2 | Sandwich/Räkor: 2 | Wraps/Caesar Kyckling: 2 | Wraps/Kyckling Bacon: 2 | Wraps/Kyckling Curry: 2 | Wraps/Sweet Chili: 1 | XL Frallor/Ost & Skinka: 1 | XL Frallor/Ost: 1
Gävle,Coop Triangeln,Tuesday,40,33~54,16,Baguette/Kyckling Curry: 1 | Baguette/Ost & Skinka: 2 | Baguette/Salami & Brieost: 3 | Baguette/Skagen: 2 | Fralla/Ost & Skinka: 4 | Fralla/Ost: 3 | Pastasallad/Kyckling & Salladsost: 4 | Pastasallad/Kyckling mangocurry: 3 | Sandwich/Bacon & Äggröra: 1 | Sandwich/Clubsandwich: 1 | Wraps/Caesar Kyckling: 2 | Wraps/Kyckling Bacon: 3 | Wraps/Kyckling Curry: 3 | Wraps/Sweet Chili: 3 | XL Frallor/Ost & Skinka: 3 | XL Frallor/Ost: 2
Gävle,Coop Älvkarleby,Tuesday,35,30~48,16,Baguette/Kyckling Curry: 2 | Baguette/Ost & Skinka: 1 | Baguette/Salami & Brieost: 2 | Baguette/Skagen: 3 | Fralla/Ost & Skinka: 2 | Hönökaka/Ost & Skinka: 2 | Pastasallad/Kyckling & Salladsost: 3 | Pastasallad/Kyckling mangocurry: 3 | Pastasallad/Ost & Skinka: 2 | Pastasallad/Räkor: 2 | Sandwich/Clubsandwich: 2 | Sandwich/Räkor: 1 | Wraps/Caesar Kyckling: 2 | Wraps/Kyckling Bacon: 3 | Wraps/Kyckling Curry: 3 | Wraps/Sweet Chili: 2
Gävle,Coop Österbybruk,Tuesday,20,16~28,11,Baguette/Kyckling Curry: 2 | Baguette/Ost & Skinka: 1 | Baguette/Skagen: 1 | Grönsallad/Caesarsallad: 1 | Pastasallad/Kyckling & Salladsost: 3 | Pastasallad/Kyckling mangocurry: 3 | Pastasallad/Räkor: 2 | Sandwich/Clubsandwich: 2 | Sandwich/Räkor: 1 | Wraps/Caesar Kyckling: 2 | Wraps/Kyckling Bacon: 2
Gävle,Drottningskiosken,Tuesday,69,55~88,19,Baguette/Kyckling Curry: 8 | Baguette/Ost & Skinka: 3 | Baguette/Salami & Brieost: 3 | Baguette/Skagen: 6 | Fralla/Ost & Skinka: 12 | Fralla/Ost: 11 | Pastasallad/Kyckling & Salladsost: 1 | Pastasallad/Kyckling mangocurry: 2 | Pastasallad/Ost & Skinka: 1 | Pastasallad/Räkor: 1 | Sandwich/Bacon & Äggröra: 2 | Sandwich/Clubsandwich: 3 | Sandwich/Kyckling Curry: 2 | Sandwich/Räkor: 2 | Sandwich/Ägg & Avocadokräm: 2 | Wraps/Caesar Kyckling: 2 | Wraps/Kyckling Bacon: 3 | Wraps/Kyckling Curry: 3 | Wraps/Sweet Chili: 2
Gävle,ICA Bomhus,Tuesday,37,27~49,16,Baguette/Kyckling Curry: 2 | Baguette/Ost & Skinka: 2 | Baguette/Salami & Brieost: 3 | Baguette/Skagen: 3 | Fralla/Ost & Skinka: 2 | Fralla/Ost: 1 | Hönökaka/Ost & Skinka: 1 | Pastasallad/Falafel: 1 | Pastasallad/Kyckling kebab: 2 | Pastasallad/Kyckling mangocurry: 4 | Pastasallad/Räkor: 4 | Sandwich/Kyckling Curry: 1 | Sandwich/Ägg & Avocadokräm: 1 | Wraps/Caesar Kyckling: 3 | Wraps/Kyckling Bacon: 4 | Wraps/Kyckling Curry: 3
Gävle,ICA Spegeln,Tuesday,107,91~137,25,Baguette/Ost & Skinka: 2 | Baguette/Salami & Brieost: 4 | Baguette/Skagen: 2 | Fralla/Ost & Skinka: 13 | Fralla/Ost: 8 | Hönökaka/Ost & Salami: 7 | Hönökaka/Ost & Skinka: 7 | Hönökaka/Ost: 7 | Pastasallad/Asian Surf & Turf-Nudelsallad: 1 | Pastasallad/Hawai Kyckling avocado: 2 | Pastasallad/Italiensk kyckling: 2 | Pastasallad/Kyckling & Salladsost: 3 | Pastasallad/Kyckling mangocurry: 5 | Pastasallad/Ost & Skinka: 3 | Pastasallad/Räkor: 3 | Sandwich/Clubsandwich: 3 | Sandwich/Kyckling Curry: 2 | Sandwich/Räkor: 3 | Wraps/Caesar Kyckling: 2 | Wraps/Kyckling Bacon: 4 | Wraps/Kyckling Curry: 4 | Wraps/Sweet Chili: 2 | XL Frallor/Grovfralla Kalkon & Färskost: 5 | XL Frallor/Ost & Skinka: 7 | XL Frallor/Ost: 6
Gävle,ICA Stortorget,Tuesday,61,48~75,17,Grönsallad/Caesarsallad: 5 | Pastasallad/Asian Surf & Turf-Nudelsallad: 2 | Pastasallad/Falafel: 1 | Pastasallad/Italiensk kyckling: 5 | Pastasallad/Kyckling & Salladsost: 4 | Pastasallad/Kyckling mangocurry: 5 | Pastasallad/Ost & Skinka: 5 | Pastasallad/Räkor: 2 | Sandwich/Bacon & Äggröra: 3 | Sandwich/Clubsandwich: 2 | Sandwich/Kyckling Curry: 2 | Sandwich/Räkor: 2 | Sandwich/Ägg & Avocadokräm: 2 | Wraps/Caesar Kyckling: 6 | Wraps/Kyckling Bacon: 4 | Wraps/Kyckling Curry: 6 | Wraps/Sweet Chili: 5
Gävle,ICA Storvreta,Tuesday,38,32~52,14,Pastasallad/Asian Surf & Turf-Nudelsallad: 1 | Pastasallad/Hawai Kyckling avocado: 3 | Pastasallad/Italiensk kyckling: 2 | Pastasallad/Kyckling & Salladsost: 5 | Pastasallad/Kyckling kebab: 2 | Pastasallad/Kyckling mangocurry: 5 | Pastasallad/Ost & Skinka: 4 | Pastasallad/Räkor: 4 | Sandwich/Bacon & Äggröra: 2 | Sandwich/Clubsandwich: 2 | Sandwich/Kyckling Curry: 1 | Sandwich/Räkor: 2 | Sandwich/Ägg & Avocadokräm: 1 | Wraps/Kyckling Curry: 4
Gävle,ICA Söder,Tuesday,39,31~54,19,Baguette/Kyckling Curry: 1 | Baguette/Ost & Skinka: 1 | Baguette/Salami & Brieost: 1 | Baguette/Skagen: 2 | Fralla/Ost & Skinka: 1 | Fralla/Ost: 1 | Grönsallad/Caesarsallad: 2 | Hönökaka/Ost: 2 | Pastasallad/Kyckling & Salladsost: 3 | Pastasallad/Kyckling mangocurry: 4 | Pastasallad/Räkor: 3 | Sandwich/Bacon & Äggröra: 2 | Sandwich/Clubsandwich: 2 | Sandwich/Kyckling Curry: 2 | Sandwich/Ägg & Avocadokräm: 2 | Wraps/Caesar Kyckling: 2 | Wraps/Kyckling Bacon: 3 | Wraps/Kyckling Curry: 3 | Wraps/Sweet Chili: 2
Gävle,ICA Örbyhus,Tuesday,96,81~122,25,Baguette/Kyckling Curry: 3 | Baguette/Ost & Skinka: 2 | Baguette/Salami & Brieost: 4 | Baguette/Skagen: 4 | Fralla/Ost & Skinka: 5 | Fralla/Ost: 3 | Grönsallad/Caesarsallad: 3 | Hönökaka/Ost & Skinka: 2 | Hönökaka/Ost: 2 | Pastasallad/Kyckling & Salladsost: 7 | Pastasallad/Kyckling mangocurry: 7 | Pastasallad/Ost & Skinka: 6 | Pastasallad/Räkor: 7 | Räkmacka Liten/Räkmacka liten: 1 | Sandwich/Bacon & Äggröra: 4 | Sandwich/Clubsandwich: 5 | Sandwich/Kyckling Curry: 4 | Sandwich/Räkor: 4 | Sandwich/Ägg & Avocadokräm: 1 | Wraps/Caesar Kyckling: 4 | Wraps/Kyckling Bacon: 4 | Wraps/Kyckling Curry: 5 | Wraps/Sweet Chili: 4 | XL Frallor/Ost & Skinka: 3 | XL Frallor/Ost: 2
Gävle,Tempo Brynäs,Tuesday,43,33~59,19,Baguette/Kyckling Curry: 1 | Baguette/Ost & Skinka: 1 | Baguette/Salami & Brieost: 2 | Baguette/Skagen: 3 | Fralla/Ost & Skinka: 3 | Fralla/Ost: 3 | Hönökaka/Ost & Skinka: 1 | Pastasallad/Kyckling & Salladsost: 4 | Pastasallad/Kyckling mangocurry: 4 | Pastasallad/Ost & Skinka: 5 | Pastasallad/Räkor: 3 | Sandwich/Bacon & Äggröra: 1 | Sandwich/Clubsandwich: 3 | Sandwich/Kyckling Curry: 1 | Sandwich/Räkor: 2 | Wraps/Caesar Kyckling: 1 | Wraps/Kyckling Bacon: 2 | Wraps/Kyckling Curry: 2 | Wraps/Sweet Chili: 1
Gävle,Coop Eken,Thursday,45,34~57,13,Baguette/Kyckling Curry: 4 | Baguette/Ost & Skinka: 1 | Baguette/Salami & Brieost: 3 | Baguette/Skagen: 2 | Fralla/Ost & Skinka: 4 | Fralla/Ost: 3 | Pastasallad/Kyckling mangocurry: 9 | Pastasallad/Räkor: 4 | Sandwich/Clubsandwich: 1 | Sandwich/Kyckling Curry: 1 | Sandwich/Ägg & Avocadokräm: 2 | Wraps/Caesar Kyckling: 5 | Wraps/Kyckling Bacon: 6
Gävle,Coop Karlholm,Thursday,27,18~37,17,Baguette/Kyckling Curry: 1 | Baguette/Ost & Skinka: 1 | Baguette/Salami & Brieost: 1 | Baguette/Skagen: 1 | Fralla/Ost & Skinka: 2 | Fralla/Ost: 1 | Pastasallad/Kyckling & Salladsost: 4 | Pastasallad/Kyckling mangocurry: 3 | Pastasallad/Räkor: 2 | Sandwich/Bacon & Äggröra: 1 | Sandwich/Clubsandwich: 2 | Sandwich/Kyckling Curry: 1 | Sandwich/Räkor: 2 | Wraps/Caesar Kyckling: 1 | Wraps/Kyckling Bacon: 1 | Wraps/Kyckling Curry: 2 | Wraps/Sweet Chili: 1
Gävle,Coop Konsum hallen,Thursday,39,32~52,18,Baguette/Kyckling Curry: 1 | Baguette/Ost & Skinka: 2 | Baguette/Salami & Brieost: 2 | Baguette/Skagen: 3 | Fralla/Ost & Skinka: 1 | Fralla/Ost: 1 | Hönökaka/Ost & Skinka: 2 | Pastasallad/Asian Surf & Turf-Nudelsallad: 2 | Pastasallad/Italiensk kyckling: 1 | Pastasallad/Kyckling & Salladsost: 3 | Pastasallad/Kyckling mangocurry: 3 | Pastasallad/Räkor: 2 | Sandwich/Kyckling Curry: 2 | Sandwich/Ägg & Avocadokräm: 2 | Wraps/Caesar Kyckling: 3 | Wraps/Kyckling Bacon: 3 | Wraps/Kyckling Curry: 3 | Wraps/Sweet Chili: 3
Gävle,Coop Krysset,Thursday,23,19~35,14,Baguette/Kyckling Curry: 1 | Baguette/Ost & Skinka: 1 | Baguette/Salami & Brieost: 1 | Baguette/Skagen: 1 | Fralla/Ost & Skinka: 2 | Fralla/Ost: 1 | Pastasallad/Asian Surf & Turf-Nudelsallad: 1 | Pastasallad/Kyckling & Salladsost: 4 | Pastasallad/Kyckling mangocurry: 3 | Pastasallad/Räkor: 2 | Wraps/Caesar Kyckling: 2 | Wraps/Kyckling Bacon: 1 | Wraps/Kyckling Curry: 2 | Wraps/Sweet Chili: 1
Gävle,Coop Storvreta,Thursday,44,39~73,24,Baguette/Kyckling Curry: 1 | Baguette/Ost & Skinka: 2 | Baguette/Salami & Brieost: 1 | Baguette/Skagen: 1 | Fralla/Ost & Skinka: 2 | Fralla/Ost: 2 | Grönsallad/Caesarsallad: 2 | Pastasallad/Falafel: 1 | Pastasallad/Kyckling & Salladsost: 4 | Pastasallad/Kyckling kebab: 1 | Pastasallad/Kyckling mangocurry: 6 | Pastasallad/Ost & Skinka: 3 | Pastasallad/Räkor: 3 | Sandwich/Bacon & Äggröra: 1 | Sandwich/Clubsandwich: 1 | Sandwich/Kyckling Curry: 1 | Sandwich/Räkor: 1 | Wraps/Caesar Kyckling: 1 | Wraps/Kyckling Bacon: 3 | Wraps/Kyckling Curry: 3 | Wraps/Sweet Chili: 1 | XL Frallor/Grovfralla Kalkon & Färskost: 1 | XL Frallor/Ost & Skinka: 1 | XL Frallor/Ost: 1
Gävle,Coop Tierp,Thursday,29,22~42,18,Baguette/Kyckling Curry: 2 | Baguette/Ost & Skinka: 1 | Baguette/Salami & Brieost: 1 | Baguette/Skagen: 2 | Fralla/Ost & Skinka: 4 | Fralla/Ost: 3 | Pastasallad/Kyckling & Salladsost: 1 | Pastasallad/Kyckling mangocurry: 2 | Pastasallad/Räkor: 2 | Sandwich/Bacon & Äggröra: 1 | Sandwich/Clubsandwich: 1 | Sandwich/Räkor: 1 | Wraps/Caesar Kyckling: 1 | Wraps/Kyckling Bacon: 1 | Wraps/Kyckling Curry: 2 | Wraps/Sweet Chili: 2 | XL Frallor/Ost & Skinka: 1 | XL Frallor/Ost: 1
Gävle,Coop Triangeln,Thursday,43,30~58,16,Baguette/Kyckling Curry: 2 | Baguette/Ost & Skinka: 1 | Baguette/Salami & Brieost: 3 | Baguette/Skagen: 3 | Fralla/Ost & Skinka: 5 | Fralla/Ost: 4 | Pastasallad/Kyckling & Salladsost: 3 | Pastasallad/Kyckling mangocurry: 2 | Sandwich/Bacon & Äggröra: 1 | Sandwich/Clubsandwich: 2 | Wraps/Caesar Kyckling: 3 | Wraps/Kyckling Bacon: 3 | Wraps/Kyckling Curry: 2 | Wraps/Sweet Chili: 4 | XL Frallor/Ost & Skinka: 4 | XL Frallor/Ost: 1
Gävle,Coop Älvkarleby,Thursday,38,26~50,16,Baguette/Kyckling Curry: 2 | Baguette/Ost & Skinka: 2 | Baguette/Salami & Brieost: 2 | Baguette/Skagen: 4 | Fralla/Ost & Skinka: 2 | Hönökaka/Ost & Skinka: 1 | Pastasallad/Kyckling & Salladsost: 4 | Pastasallad/Kyckling mangocurry: 4 | Pastasallad/Ost & Skinka: 2 | Pastasallad/Räkor: 1 | Sandwich/Clubsandwich: 1 | Sandwich/Räkor: 2 | Wraps/Caesar Kyckling: 2 | Wraps/Kyckling Bacon: 3 | Wraps/Kyckling Curry: 3 | Wraps/Sweet Chili: 3
Gävle,Coop Österbybruk,Thursday,20,15~28,11,Baguette/Kyckling Curry: 1 | Baguette/Ost & Skinka: 2 | Baguette/Skagen: 2 | Grönsallad/Caesarsallad: 1 | Pastasallad/Kyckling & Salladsost: 2 | Pastasallad/Kyckling mangocurry: 4 | Pastasallad/Räkor: 2 | Sandwich/Clubsandwich: 1 | Sandwich/Räkor: 2 | Wraps/Caesar Kyckling: 1 | Wraps/Kyckling Bacon: 2
Gävle,Drottningskiosken,Thursday,67,56~87,19,Baguette/Kyckling Curry: 9 | Baguette/Ost & Skinka: 3 | Baguette/Salami & Brieost: 2 | Baguette/Skagen: 6 | Fralla/Ost & Skinka: 12 | Fralla/Ost: 10 | Pastasallad/Kyckling & Salladsost: 1 | Pastasallad/Kyckling mangocurry: 1 | Pastasallad/Ost & Skinka: 2 | Pastasallad/Räkor: 1 | Sandwich/Bacon & Äggröra: 3 | Sandwich/Clubsandwich: 3 | Sandwich/Kyckling Curry: 2 | Sandwich/Räkor: 2 | Sandwich/Ägg & Avocadokräm: 1 | Wraps/Caesar Kyckling: 1 | Wraps/Kyckling Bacon: 3 | Wraps/Kyckling Curry: 3 | Wraps/Sweet Chili: 2
Gävle,ICA Bomhus,Thursday,30,24~42,14,Baguette/Kyckling Curry: 1 | Baguette/Ost & Skinka: 2 | Baguette/Salami & Brieost: 2 | Baguette/Skagen: 3 | Fralla/Ost & Skinka: 3 | Pastasallad/Falafel: 1 | Pastasallad/Kyckling kebab: 1 | Pastasallad/Kyckling mangocurry: 3 | Pastasallad/Räkor: 3 | Sandwich/Kyckling Curry: 1 | Sandwich/Ägg & Avocadokräm: 1 | Wraps/Caesar Kyckling: 4 | Wraps/Kyckling Bacon: 3 | Wraps/Kyckling Curry: 2
Gävle,ICA Spegeln,Thursday,111,81~138,25,Baguette/Ost & Skinka: 2 | Baguette/Salami & Brieost: 3 | Baguette/Skagen: 3 | Fralla/Ost & Skinka: 14 | Fralla/Ost: 9 | Hönökaka/Ost & Salami: 7 | Hönökaka/Ost & Skinka: 7 | Hönökaka/Ost: 8 | Pastasallad/Asian Surf & Turf-Nudelsallad: 2 | Pastasallad/Hawai Kyckling avocado: 3 | Pastasallad/Italiensk kyckling: 2 | Pastasallad/Kyckling & Salladsost: 4 | Pastasallad/Kyckling mangocurry: 4 | Pastasallad/Ost & Skinka: 4 | Pastasallad/Räkor: 3 | Sandwich/Clubsandwich: 2 | Sandwich/Kyckling Curry: 3 | Sandwich/Räkor: 4 | Wraps/Caesar Kyckling: 1 | Wraps/Kyckling Bacon: 3 | Wraps/Kyckling Curry: 4 | Wraps/Sweet Chili: 3 | XL Frallor/Grovfralla Kalkon & Färskost: 4 | XL Frallor/Ost & Skinka: 6 | XL Frallor/Ost: 6
Gävle,ICA Stortorget,Thursday,57,47~79,16,Grönsallad/Caesarsallad: 5 | Pastasallad/Asian Surf & Turf-Nudelsallad: 1 | Pastasallad/Italiensk kyckling: 6 | Pastasallad/Kyckling & Salladsost: 3 | Pastasallad/Kyckling mangocurry: 4 | Pastasallad/Ost & Skinka: 4 | Pastasallad/Räkor: 2 | Sandwich/Bacon & Äggröra: 4 | Sandwich/Clubsandwich: 3 | Sandwich/Kyckling Curry: 1 | Sandwich/Räkor: 1 | Sandwich/Ägg & Avocadokräm: 1 | Wraps/Caesar Kyckling: 5 | Wraps/Kyckling Bacon: 5 | Wraps/Kyckling Curry: 7 | Wraps/Sweet Chili: 5
Gävle,ICA Storvreta,Thursday,41,30~50,14,Pastasallad/Asian Surf & Turf-Nudelsallad: 2 | Pastasallad/Hawai Kyckling avocado: 4 | Pastasallad/Italiensk kyckling: 2 | Pastasallad/Kyckling & Salladsost: 4 | Pastasallad/Kyckling kebab: 2 | Pastasallad/Kyckling mangocurry: 6 | Pastasallad/Ost & Skinka: 3 | Pastasallad/Räkor: 4 | Sandwich/Bacon & Äggröra: 1 | Sandwich/Clubsandwich: 2 | Sandwich/Kyckling Curry: 2 | Sandwich/Räkor: 3 | Sandwich/Ägg & Avocadokräm: 2 | Wraps/Kyckling Curry: 4
Gävle,ICA Söder,Thursday,38,28~53,19,Baguette/Kyckling Curry: 1 | Baguette/Ost & Skinka: 2 | Baguette/Salami & Brieost: 1 | Baguette/Skagen: 1 | Fralla/Ost & Skinka: 2 | Fralla/Ost: 1 | Grönsallad/Caesarsallad: 3 | Hönökaka/Ost: 1 | Pastasallad/Kyckling & Salladsost: 3 | Pastasallad/Kyckling mangocurry: 4 | Pastasallad/Räkor: 2 | Sandwich/Bacon & Äggröra: 1 | Sandwich/Clubsandwich: 3 | Sandwich/Kyckling Curry: 1 | Sandwich/Ägg & Avocadokräm: 2 | Wraps/Caesar Kyckling: 2 | Wraps/Kyckling Bacon: 2 | Wraps/Kyckling Curry: 4 | Wraps/Sweet Chili: 2
Gävle,ICA Örbyhus,Thursday,95,70~120,24,Baguette/Kyckling Curry: 4 | Baguette/Ost & Skinka: 2 | Baguette/Salami & Brieost: 3 | Baguette/Skagen: 3 | Fralla/Ost & Skinka: 5 | Fralla/Ost: 2 | Grönsallad/Caesarsallad: 4 | Hönökaka/Ost & Skinka: 3 | Hönökaka/Ost: 2 | Pastasallad/Kyckling & Salladsost: 7 | Pastasallad/Kyckling mangocurry: 7 | Pastasallad/Ost & Skinka: 7 | Pastasallad/Räkor: 6 | Sandwich/Bacon & Äggröra: 3 | Sandwich/Clubsandwich: 4 | Sandwich/Kyckling Curry: 3 | Sandwich/Räkor: 5 | Sandwich/Ägg & Avocadokräm: 2 | Wraps/Caesar Kyckling: 3 | Wraps/Kyckling Bacon: 5 | Wraps/Kyckling Curry: 5 | Wraps/Sweet Chili: 5 | XL Frallor/Ost & Skinka: 4 | XL Frallor/Ost: 1
Gävle,Tempo Brynäs,Thursday,41,32~54,18,Baguette/Kyckling Curry: 2 | Baguette/Ost & Skinka: 2 | Baguette/Salami & Brieost: 2 | Baguette/Skagen: 2 | Fralla/Ost & Skinka: 2 | Fralla/Ost: 2 | Hönökaka/Ost & Skinka: 2 | Pastasallad/Kyckling & Salladsost: 3 | Pastasallad/Kyckling mangocurry: 3 | Pastasallad/Ost & Skinka: 4 | Pastasallad/Räkor: 4 | Sandwich/Clubsandwich: 3 | Sandwich/Kyckling Curry: 2 | Sandwich/Räkor: 1 | Wraps/Caesar Kyckling: 2 | Wraps/Kyckling Bacon: 1 | Wraps/Kyckling Curry: 2 | Wraps/Sweet Chili: 2
Stockholm Mellan,Coop Bergshamra,Sunday,63,51~82,18,Baguette/Kyckling Curry: 3 | Baguette/Ost & Skinka: 1 | Baguette/Salami & Brieost: 3 | Baguette/Skagen: 3 | Fralla/Ost & Skinka: 6 | Fralla/Ost: 3 | Hönökaka/Ost & Skinka: 3 | Hönökaka/Ost: 3 | Pastasallad/Kyckling & Salladsost: 5 | Pastasallad/Kyckling mangocurry: 7 | Pastasallad/Räkor: 4 | Sandwich/Clubsandwich: 2 | Sandwich/Kyckling Curry: 2 | Sandwich/Räkor: 1 | Sandwich/Ägg & Avocadokräm: 2 | Wraps/Caesar Kyckling: 5 | Wraps/Kyckling Bacon: 5 | Wraps/Kyckling Curry: 5
Stockholm Mellan,Coop Bredden,Sunday,65,53~87,27,Baguette/Kyckling Curry: 2 | Baguette/Ost & Skinka: 2 | Baguette/Salami & Brieost: 2 | Baguette/Skagen: 3 | Fralla/Ost & Skinka: 3 | Fralla/Ost: 3 | Grönsallad/Caesarsallad: 1 | Hönökaka/Ost & Salami: 1 | Hönökaka/Ost & Skinka: 1 | Hönökaka/Ost: 2 | Pastasallad/Asian Surf & Turf-Nudelsallad: 1 | Pastasallad/Havana Sweetchili kyckling: 2 | Pastasallad/Hawai Kyckling avocado: 1 | Pastasallad/Italiensk kyckling: 2 | Pastasallad/Kyckling & Salladsost: 5 | Pastasallad/Kyckling mangocurry: 7 | Pastasallad/Räkor: 4 | Sandwich/Bacon & Äggröra: 1 | Sandwich/Clubsandwich: 1 | Sandwich/Kyckling Curry: 1 | Sandwich/Räkor: 1 | Sandwich/Ägg & Avocadokräm: 2 | Wraps/Caesar Kyckling: 5 | Wraps/Kyckling Bacon: 4 | Wraps/Kyckling Curry: 5 | Wraps/Sweet Chili: 2 | XL Frallor/Grovfralla Kalkon & Färskost: 1
Stockholm Mellan,Coop Häggvik,Sunday,68,55~98,19,Baguette/Kyckling Curry: 2 | Baguette/Ost & Skinka: 3 | Baguette/Salami & Brieost: 2 | Baguette/Skagen: 2 | Fralla/Ost & Skinka: 3 | Fralla/Ost: 2 | Hönökaka/Ost & Skinka: 3 | Hönökaka/Ost: 2 | Pastasallad/Kyckling & Salladsost: 7 | Pastasallad/Kyckling mangocurry: 8 | Pastasallad/Ost & Skinka: 6 | Pastasallad/Räkor: 6 | Wraps/Caesar Kyckling: 4 | Wraps/Kyckling Bacon: 4 | Wraps/Kyckling Curry: 5 | Wraps/Sweet Chili: 3 | XL Frallor/Grovfralla Kalkon & Färskost: 2 | XL Frallor/Ost & Skinka: 2 | XL Frallor/Ost: 2
Stockholm Mellan,Coop Korpkulla,Sunday,100,82~125,24,Baguette/Kyckling Curry: 2 | Baguette/Ost & Skinka: 1 | Baguette/Salami & Brieost: 2 | Baguette/Skagen: 3 | Fralla/Ost & Skinka: 9 | Fralla/Ost: 5 | Hönökaka/Ost & Salami: 5 | Hönökaka/Ost & Skinka: 7 | Hönökaka/Ost: 5 | Pastasallad/Kyckling & Salladsost: 7 | Pastasallad/Kyckling mangocurry: 9 | Pastasallad/Ost & Skinka: 5 | Pastasallad/Räkor: 6 | Sandwich/Bacon & Äggröra: 2 | Sandwich/Clubsandwich: 2 | Sandwich/Kyckling Curry: 2 | Sandwich/Räkor: 2 | Sandwich/Ägg & Avocadokräm: 2 | Wraps/Caesar Kyckling: 5 | Wraps/Kyckling Bacon: 4 | Wraps/Kyckling Curry: 5 | Wraps/Sweet Chili: 3 | XL Frallor/Ost & Skinka: 3 | XL Frallor/Ost: 4
Stockholm Mellan,Coop Rotebro,Sunday,61,43~83,22,Baguette/Kyckling Curry: 1 | Baguette/Ost & Skinka: 2 | Baguette/Salami & Brieost: 2 | Baguette/Skagen: 2 | Fralla/Ost & Skinka: 3 | Fralla/Ost: 1 | Grönsallad/Caesarsallad: 2 | Hönökaka/Ost & Salami: 2 | Hönökaka/Ost & Skinka: 2 | Hönökaka/Ost: 1 | Pastasallad/Kyckling & Salladsost: 6 | Pastasallad/Kyckling mangocurry: 10 | Pastasallad/Räkor: 7 | Sandwich/Bacon & Äggröra: 1 | Sandwich/Clubsandwich: 2 | Sandwich/Kyckling Curry: 1 | Sandwich/Räkor: 2 | Wraps/Caesar Kyckling: 3 | Wraps/Kyckling Bacon: 3 | Wraps/Kyckling Curry: 4 | Wraps/Sweet Chili: 2 | XL Frallor/Ost & Skinka: 2
Stockholm Mellan,Hemköp Scandinavia,Sunday,59,49~69,4,Pastasallad/Kyckling & Salladsost: 14 | Pastasallad/Kyckling kebab: 8 | Pastasallad/Kyckling mangocurry: 26 | Pastasallad/Räkor: 11
Stockholm Mellan,Hemköp Ulriksdal,Sunday,106,83~144,24,Baguette/Kyckling Curry: 4 | Baguette/Ost & Skinka: 3 | Baguette/Salami & Brieost: 4 | Baguette/Skagen: 4 | Fralla/Ost & Skinka: 6 | Fralla/Ost: 5 | Hönökaka/Ost & Salami: 2 | Hönökaka/Ost & Skinka: 4 | Hönökaka/Ost: 3 | Pastasallad/Kyckling & Salladsost: 7 | Pastasallad/Kyckling mangocurry: 10 | Pastasallad/Räkor: 6 | Sandwich/Bacon & Äggröra: 2 | Sandwich/Clubsandwich: 3 | Sandwich/Kyckling Curry: 2 | Sandwich/Räkor: 3 | Sandwich/Ägg & Avocadokräm: 2 | Wraps/Caesar Kyckling: 8 | Wraps/Kyckling Bacon: 8 | Wraps/Kyckling Curry: 8 | Wraps/Sweet Chili: 4 | XL Frallor/Grovfralla Kalkon & Färskost: 2 | XL Frallor/Ost & Skinka: 3 | XL Frallor/Ost: 3
Stockholm Mellan,ICA Norrviken,Sunday,84,64~110,21,Baguette/Kyckling Curry: 2 | Baguette/Salami & Brieost: 2 | Baguette/Skagen: 3 | Fralla/Ost & Skinka: 6 | Fralla/Ost: 4 | Grönsallad/Caesarsallad: 3 | Hönökaka/Ost & Salami: 4 | Hönökaka/Ost & Skinka: 3 | Hönökaka/Ost: 2 | Pastasallad/Kyckling & Salladsost: 8 | Pastasallad/Kyckling mangocurry: 11 | Pastasallad/Räkor: 9 | Sandwich/Bacon & Äggröra: 2 | Sandwich/Clubsandwich: 2 | Sandwich/Kyckling Curry: 2 | Sandwich/Räkor: 2 | Sandwich/Ägg & Avocadokräm: 1 | Wraps/Caesar Kyckling: 4 | Wraps/Kyckling Bacon: 4 | Wraps/Kyckling Curry: 6 | XL Frallor/Ost & Skinka: 4
Stockholm Mellan,ICA Nära Roslagstull,Sunday,67,56~87,16,Baguette/Salami & Brieost: 4 | Baguette/Skagen: 4 | Pastasallad/Asian Surf & Turf-Nudelsallad: 1 | Pastasallad/Havana Sweetchili kyckling: 3 | Pastasallad/Hawai Kyckling avocado: 1 | Pastasallad/Italiensk kyckling: 2 | Pastasallad/Kyckling & Salladsost: 7 | Pastasallad/Kyckling mangocurry: 7 | Pastasallad/Räkor: 6 | Sandwich/Bacon & Äggröra: 1 | Sandwich/Clubsandwich: 1 | Sandwich/Ägg & Avocadokräm: 2 | Wraps/Caesar Kyckling: 8 | Wraps/Kyckling Bacon: 7 | Wraps/Kyckling Curry: 7 | Wraps/Sweet Chili: 6
Stockholm Mellan,ICA RAPID,Sunday,80,58~97,29,Baguette/Kyckling Curry: 2 | Baguette/Ost & Skinka: 2 | Baguette/Salami & Brieost: 2 | Baguette/Skagen: 2 | Fralla/Ost & Skinka: 4 | Fralla/Ost: 2 | Grönsallad/Caesarsallad: 2 | Hönökaka/Ost & Salami: 2 | Hönökaka/Ost & Skinka: 3 | Hönökaka/Ost: 1 | Pastasallad/Asian Surf & Turf-Nudelsallad: 2 | Pastasallad/Havana Sweetchili kyckling: 1 | Pastasallad/Hawai Kyckling avocado: 2 | Pastasallad/Italiensk kyckling: 2 | Pastasallad/Kyckling & Salladsost: 5 | Pastasallad/Kyckling kebab: 3 | Pastasallad/Kyckling mangocurry: 7 | Pastasallad/Ost & Skinka: 3 | Pastasallad/Räkor: 4 | Sandwich/Bacon & Äggröra: 2 | Sandwich/Clubsandwich: 2 | Sandwich/Kyckling Curry: 2 | Sandwich/Räkor: 2 | Sandwich/Ägg & Avocadokräm: 2 | Wraps/Caesar Kyckling: 4 | Wraps/Kyckling Bacon: 4 | Wraps/Kyckling Curry: 5 | Wraps/Sweet Chili: 4 | XL Frallor/Ost & Skinka: 2
Stockholm Mellan,ICA Sigma,Sunday,71,61~104,24,Baguette/Kyckling Curry: 2 | Baguette/Ost & Skinka: 2 | Baguette/Salami & Brieost: 2 | Baguette/Skagen: 2 | Fralla/Ost & Skinka: 3 | Fralla/Ost: 2 | Grönsallad/Caesarsallad: 3 | Hönökaka/Ost & Salami: 2 | Hönökaka/Ost & Skinka: 2 | Hönökaka/Ost: 2 | Pastasallad/Kyckling & Salladsost: 7 | Pastasallad/Kyckling mangocurry: 10 | Pastasallad/Ost & Skinka: 4 | Pastasallad/Räkor: 5 | Sandwich/Bacon & Äggröra: 2 | Sandwich/Clubsandwich: 2 | Sandwich/Kyckling Curry: 2 | Sandwich/Räkor: 2 | Sandwich/Ägg & Avocadokräm: 2 | Wraps/Caesar Kyckling: 2 | Wraps/Kyckling Bacon: 2 | Wraps/Kyckling Curry: 4 | Wraps/Sweet Chili: 2 | XL Frallor/Ost & Skinka: 3
Stockholm Mellan,ICA lappkärrsberget,Sunday,42,32~52,8,Baguette/Kyckling Curry: 5 | Baguette/Salami & Brieost: 5 | Fralla/Ost & Skinka: 8 | Pastasallad/Kyckling & Salladsost: 4 | Pastasallad/Kyckling mangocurry: 6 | Pastasallad/Räkor: 3 | Wraps/Kyckling Bacon: 5 | Wraps/Kyckling Curry: 6
Stockholm Mellan,ICA maxi Häggvik,Sunday,202,168~250,38,Baguette/Kyckling Curry: 4 | Baguette/Ost & Skinka: 3 | Baguette/Salami & Brieost: 4 | Baguette/Skagen: 5 | Blandstubbe/Blandstubbe: 4 | Fralla/Ost & Skinka: 7 | Fralla/Ost: 4 | Grönsallad/Caesarsallad: 7 | Hönökaka/Ost & Salami: 4 | Hönökaka/Ost & Skinka: 3 | Hönökaka/Ost: 3 | Pastasallad/Kyckling & Salladsost: 10 | Pastasallad/Kyckling kebab: 5 | Pastasallad/Kyckling mangocurry: 18 | Pastasallad/Ost & Skinka: 11 | Pastasallad/Räkor: 11 | Räkbomb/Räkbomb (Ej beställ): 11 | Räkmacka Liten/Räkmacka liten: 3 | Räkstubbe/Räkstubbe: 3 | Sandwich/Bacon & Äggröra: 4 | Sandwich/Clubsandwich: 2 | Sandwich/Kyckling Curry: 4 | Sandwich/Räkor: 3 | Sandwich/Ägg & Avocadokräm: 3 | Stubbe/Ost & Skinkstubbe: 4 | Stubbe/Rostbiffstubbe: 3 | Varmrätt/Cevapcici med bulgur: 1 | Varmrätt/Kycklingpestosallad: 1 | Varmrätt/Kycklingspett med ris: 2 | Varmrätt/Tacobolognese med fullkornspasta: 1 | Varmrätt/Teriyakikycklingfile med basmatiris: 2 | Wraps/Caesar Kyckling: 11 | Wraps/Kyckling Bacon: 10 | Wraps/Kyckling Curry: 12 | Wraps/Sweet Chili: 8 | XL Frallor/Grovfralla Kalkon & Färskost: 4 | XL Frallor/Ost & Skinka: 4 | XL Frallor/Ost: 3
Stockholm Mellan,Myway Danderyd,Sunday,87,66~129,21,Baguette/Kyckling Curry: 2 | Baguette/Ost & Skinka: 2 | Baguette/Salami & Brieost: 3 | Baguette/Skagen: 2 | Fralla/Ost & Skinka: 4 | Fralla/Ost: 5 | Hönökaka/Ost & Salami: 6 | Hönökaka/Ost & Skinka: 6 | Hönökaka/Ost: 6 | Pastasallad/Kyckling & Salladsost: 4 | Pastasallad/Kyckling mangocurry: 4 | Pastasallad/Räkor: 4 | Sandwich/Bacon & Äggröra: 3 | Sandwich/Clubsandwich: 4 | Sandwich/Kyckling Curry: 4 | Sandwich/Räkor: 4 | Sandwich/Ägg & Avocadokräm: 4 | Wraps/Caesar Kyckling: 5 | Wraps/Kyckling Bacon: 5 | Wraps/Kyckling Curry: 5 | Wraps/Sweet Chili: 5
Stockholm Mellan,Quickstar SOLNA,Sunday,39,25~52,14,Fralla/Ost & Skinka: 6 | Fralla/Ost: 4 | Hönökaka/Ost & Skinka: 5 | Hönökaka/Ost: 6 | Pastasallad/Kyckling & Salladsost: 2 | Pastasallad/Kyckling mangocurry: 2 | Sandwich/Clubsandwich: 1 | Sandwich/Kyckling Curry: 1 | Sandwich/Räkor: 1 | Sandwich/Ägg & Avocadokräm: 1 | Wraps/Caesar Kyckling: 3 | Wraps/Kyckling Bacon: 2 | Wraps/Kyckling Curry: 3 | Wraps/Sweet Chili: 2
Stockholm Mellan,Coop Bergshamra,Tuesday,63,51~82,18,Baguette/Kyckling Curry: 3 | Baguette/Ost & Skinka: 1 | Baguette/Salami & Brieost: 3 | Baguette/Skagen: 3 | Fralla/Ost & Skinka: 6 | Fralla/Ost: 3 | Hönökaka/Ost & Skinka: 3 | Hönökaka/Ost: 3 | Pastasallad/Kyckling & Salladsost: 5 | Pastasallad/Kyckling mangocurry: 7 | Pastasallad/Räkor: 4 | Sandwich/Clubsandwich: 2 | Sandwich/Kyckling Curry: 2 | Sandwich/Räkor: 1 | Sandwich/Ägg & Avocadokräm: 2 | Wraps/Caesar Kyckling: 5 | Wraps/Kyckling Bacon: 5 | Wraps/Kyckling Curry: 5
Stockholm Mellan,Coop Bredden,Tuesday,65,53~87,27,Baguette/Kyckling Curry: 2 | Baguette/Ost & Skinka: 2 | Baguette/Salami & Brieost: 2 | Baguette/Skagen: 3 | Fralla/Ost & Skinka: 3 | Fralla/Ost: 3 | Grönsallad/Caesarsallad: 1 | Hönökaka/Ost & Salami: 1 | Hönökaka/Ost & Skinka: 1 | Hönökaka/Ost: 2 | Pastasallad/Asian Surf & Turf-Nudelsallad: 1 | Pastasallad/Havana Sweetchili kyckling: 2 | Pastasallad/Hawai Kyckling avocado: 1 | Pastasallad/Italiensk kyckling: 2 | Pastasallad/Kyckling & Salladsost: 5 | Pastasallad/Kyckling mangocurry: 7 | Pastasallad/Räkor: 4 | Sandwich/Bacon & Äggröra: 1 | Sandwich/Clubsandwich: 1 | Sandwich/Kyckling Curry: 1 | Sandwich/Räkor: 1 | Sandwich/Ägg & Avocadokräm: 2 | Wraps/Caesar Kyckling: 5 | Wraps/Kyckling Bacon: 4 | Wraps/Kyckling Curry: 5 | Wraps/Sweet Chili: 2 | XL Frallor/Grovfralla Kalkon & Färskost: 1
Stockholm Mellan,Coop Korpkulla,Tuesday,100,82~125,24,Baguette/Kyckling Curry: 2 | Baguette/Ost & Skinka: 1 | Baguette/Salami & Brieost: 2 | Baguette/Skagen: 3 | Fralla/Ost & Skinka: 9 | Fralla/Ost: 5 | Hönökaka/Ost & Salami: 5 | Hönökaka/Ost & Skinka: 7 | Hönökaka/Ost: 5 | Pastasallad/Kyckling & Salladsost: 7 | Pastasallad/Kyckling mangocurry: 9 | Pastasallad/Ost & Skinka: 5 | Pastasallad/Räkor: 6 | Sandwich/Bacon & Äggröra: 2 | Sandwich/Clubsandwich: 2 | Sandwich/Kyckling Curry: 2 | Sandwich/Räkor: 2 | Sandwich/Ägg & Avocadokräm: 2 | Wraps/Caesar Kyckling: 5 | Wraps/Kyckling Bacon: 4 | Wraps/Kyckling Curry: 5 | Wraps/Sweet Chili: 3 | XL Frallor/Ost & Skinka: 3 | XL Frallor/Ost: 4
Stockholm Mellan,Hemköp Scandinavia,Tuesday,59,49~69,4,Pastasallad/Kyckling & Salladsost: 14 | Pastasallad/Kyckling kebab: 8 | Pastasallad/Kyckling mangocurry: 26 | Pastasallad/Räkor: 11
Stockholm Mellan,ICA Gribbylund,Tuesday,45,29~62,18,Baguette/Kyckling Curry: 2 | Baguette/Ost & Skinka: 2 | Baguette/Skagen: 2 | Fralla/Ost & Skinka: 2 | Fralla/Ost: 2 | Hönökaka/Ost & Salami: 2 | Hönökaka/Ost & Skinka: 1 | Pastasallad/Kyckling & Salladsost: 4 | Pastasallad/Kyckling mangocurry: 6 | Pastasallad/Räkor: 4 | Sandwich/Bacon & Äggröra: 1 | Sandwich/Clubsandwich: 2 | Sandwich/Kyckling Curry: 1 | Sandwich/Räkor: 1 | Sandwich/Ägg & Avocadokräm: 2 | Wraps/Caesar Kyckling: 4 | Wraps/Kyckling Bacon: 3 | Wraps/Kyckling Curry: 4
Stockholm Mellan,ICA Nära Roslagstull,Tuesday,67,56~87,16,Baguette/Salami & Brieost: 4 | Baguette/Skagen: 4 | Pastasallad/Asian Surf & Turf-Nudelsallad: 1 | Pastasallad/Havana Sweetchili kyckling: 3 | Pastasallad/Hawai Kyckling avocado: 1 | Pastasallad/Italiensk kyckling: 2 | Pastasallad/Kyckling & Salladsost: 7 | Pastasallad/Kyckling mangocurry: 7 | Pastasallad/Räkor: 6 | Sandwich/Bacon & Äggröra: 1 | Sandwich/Clubsandwich: 1 | Sandwich/Ägg & Avocadokräm: 2 | Wraps/Caesar Kyckling: 8 | Wraps/Kyckling Bacon: 7 | Wraps/Kyckling Curry: 7 | Wraps/Sweet Chili: 6
Stockholm Mellan,ICA RAPID,Tuesday,80,58~97,29,Baguette/Kyckling Curry: 2 | Baguette/Ost & Skinka: 2 | Baguette/Salami & Brieost: 2 | Baguette/Skagen: 2 | Fralla/Ost & Skinka: 4 | Fralla/Ost: 2 | Grönsallad/Caesarsallad: 2 | Hönökaka/Ost & Salami: 2 | Hönökaka/Ost & Skinka: 3 | Hönökaka/Ost: 1 | Pastasallad/Asian Surf & Turf-Nudelsallad: 2 | Pastasallad/Havana Sweetchili kyckling: 1 | Pastasallad/Hawai Kyckling avocado: 2 | Pastasallad/Italiensk kyckling: 2 | Pastasallad/Kyckling & Salladsost: 5 | Pastasallad/Kyckling kebab: 3 | Pastasallad/Kyckling mangocurry: 7 | Pastasallad/Ost & Skinka: 3 | Pastasallad/Räkor: 4 | Sandwich/Bacon & Äggröra: 2 | Sandwich/Clubsandwich: 2 | Sandwich/Kyckling Curry: 2 | Sandwich/Räkor: 2 | Sandwich/Ägg & Avocadokräm: 2 | Wraps/Caesar Kyckling: 4 | Wraps/Kyckling Bacon: 4 | Wraps/Kyckling Curry: 5 | Wraps/Sweet Chili: 4 | XL Frallor/Ost & Skinka: 2
Stockholm Mellan,ICA maxi Häggvik,Tuesday,202,168~250,38,Baguette/Kyckling Curry: 4 | Baguette/Ost & Skinka: 3 | Baguette/Salami & Brieost: 4 | Baguette/Skagen: 5 | Blandstubbe/Blandstubbe: 4 | Fralla/Ost & Skinka: 7 | Fralla/Ost: 4 | Grönsallad/Caesarsallad: 7 | Hönökaka/Ost & Salami: 4 | Hönökaka/Ost & Skinka: 3 | Hönökaka/Ost: 3 | Pastasallad/Kyckling & Salladsost: 10 | Pastasallad/Kyckling kebab: 5 | Pastasallad/Kyckling mangocurry: 18 | Pastasallad/Ost & Skinka: 11 | Pastasallad/Räkor: 11 | Räkbomb/Räkbomb (Ej beställ): 11 | Räkmacka Liten/Räkmacka liten: 3 | Räkstubbe/Räkstubbe: 3 | Sandwich/Bacon & Äggröra: 4 | Sandwich/Clubsandwich: 2 | Sandwich/Kyckling Curry: 4 | Sandwich/Räkor: 3 | Sandwich/Ägg & Avocadokräm: 3 | Stubbe/Ost & Skinkstubbe: 4 | Stubbe/Rostbiffstubbe: 3 | Varmrätt/Cevapcici med bulgur: 1 | Varmrätt/Kycklingpestosallad: 1 | Varmrätt/Kycklingspett med ris: 2 | Varmrätt/Tacobolognese med fullkornspasta: 1 | Varmrätt/Teriyakikycklingfile med basmatiris: 2 | Wraps/Caesar Kyckling: 11 | Wraps/Kyckling Bacon: 10 | Wraps/Kyckling Curry: 12 | Wraps/Sweet Chili: 8 | XL Frallor/Grovfralla Kalkon & Färskost: 4 | XL Frallor/Ost & Skinka: 4 | XL Frallor/Ost: 3
Stockholm Mellan,Quickstar SOLNA,Tuesday,36,32~55,14,Fralla/Ost & Skinka: 5 | Fralla/Ost: 5 | Hönökaka/Ost & Skinka: 5 | Hönökaka/Ost: 5 | Pastasallad/Kyckling & Salladsost: 3 | Pastasallad/Kyckling mangocurry: 1 | Sandwich/Clubsandwich: 1 | Sandwich/Kyckling Curry: 1 | Sandwich/Räkor: 1 | Sandwich/Ägg & Avocadokräm: 1 | Wraps/Caesar Kyckling: 3 | Wraps/Kyckling Bacon: 1 | Wraps/Kyckling Curry: 3 | Wraps/Sweet Chili: 1
Stockholm Mellan,Coop Bergshamra,Thursday,62,47~81,18,Baguette/Kyckling Curry: 2 | Baguette/Ost & Skinka: 2 | Baguette/Salami & Brieost: 2 | Baguette/Skagen: 2 | Fralla/Ost & Skinka: 6 | Fralla/Ost: 4 | Hönökaka/Ost & Skinka: 4 | Hönökaka/Ost: 2 | Pastasallad/Kyckling & Salladsost: 5 | Pastasallad/Kyckling mangocurry: 7 | Pastasallad/Räkor: 4 | Sandwich/Clubsandwich: 3 | Sandwich/Kyckling Curry: 2 | Sandwich/Räkor: 1 | Sandwich/Ägg & Avocadokräm: 1 | Wraps/Caesar Kyckling: 4 | Wraps/Kyckling Bacon: 5 | Wraps/Kyckling Curry: 6
Stockholm Mellan,Coop Bredden,Thursday,66,47~86,25,Baguette/Kyckling Curry: 2 | Baguette/Ost & Skinka: 2 | Baguette/Salami & Brieost: 1 | Baguette/Skagen: 2 | Fralla/Ost & Skinka: 4 | Fralla/Ost: 4 | Grönsallad/Caesarsallad: 2 | Hönökaka/Ost & Salami: 1 | Hönökaka/Ost & Skinka: 2 | Hönökaka/Ost: 2 | Pastasallad/Havana Sweetchili kyckling: 1 | Pastasallad/Hawai Kyckling avocado: 1 | Pastasallad/Italiensk kyckling: 1 | Pastasallad/Kyckling & Salladsost: 6 | Pastasallad/Kyckling mangocurry: 6 | Pastasallad/Räkor: 3 | Sandwich/Bacon & Äggröra: 2 | Sandwich/Kyckling Curry: 2 | Sandwich/Räkor: 2 | Sandwich/Ägg & Avocadokräm: 1 | Wraps/Caesar Kyckling: 4 | Wraps/Kyckling Bacon: 5 | Wraps/Kyckling Curry: 5 | Wraps/Sweet Chili: 3 | XL Frallor/Grovfralla Kalkon & Färskost: 2
Stockholm Mellan,Coop Häggvik,Thursday,73,58~90,19,Baguette/Kyckling Curry: 3 | Baguette/Ost & Skinka: 3 | Baguette/Salami & Brieost: 3 | Baguette/Skagen: 3 | Fralla/Ost & Skinka: 3 | Fralla/Ost: 3 | Hönökaka/Ost & Skinka: 3 | Hönökaka/Ost: 3 | Pastasallad/Kyckling & Salladsost: 7 | Pastasallad/Kyckling mangocurry: 7 | Pastasallad/Ost & Skinka: 5 | Pastasallad/Räkor: 5 | Wraps/Caesar Kyckling: 5 | Wraps/Kyckling Bacon: 4 | Wraps/Kyckling Curry: 5 | Wraps/Sweet Chili: 3 | XL Frallor/Grovfralla Kalkon & Färskost: 2 | XL Frallor/Ost & Skinka: 3 | XL Frallor/Ost: 3
Stockholm Mellan,Coop Korpkulla,Thursday,98,78~128,24,Baguette/Kyckling Curry: 1 | Baguette/Ost & Skinka: 2 | Baguette/Salami & Brieost: 1 | Baguette/Skagen: 4 | Fralla/Ost & Skinka: 9 | Fralla/Ost: 6 | Hönökaka/Ost & Salami: 4 | Hönökaka/Ost & Skinka: 7 | Hönökaka/Ost: 4 | Pastasallad/Kyckling & Salladsost: 6 | Pastasallad/Kyckling mangocurry: 8 | Pastasallad/Ost & Skinka: 5 | Pastasallad/Räkor: 6 | Sandwich/Bacon & Äggröra: 3 | Sandwich/Clubsandwich: 2 | Sandwich/Kyckling Curry: 2 | Sandwich/Räkor: 1 | Sandwich/Ägg & Avocadokräm: 2 | Wraps/Caesar Kyckling: 4 | Wraps/Kyckling Bacon: 5 | Wraps/Kyckling Curry: 6 | Wraps/Sweet Chili: 3 | XL Frallor/Ost & Skinka: 4 | XL Frallor/Ost: 3
Stockholm Mellan,Coop Märsta,Thursday,421,344~524,26,Baguette/Kyckling Curry: 10 | Baguette/Ost & Skinka: 10 | Baguette/Salami & Brieost: 9 | Baguette/Skagen: 12 | Fralla/Ost & Skinka: 15 | Fralla/Ost: 11 | Hönökaka/Ost & Skinka: 14 | Hönökaka/Ost: 6 | Pastasallad/Asian Surf & Turf-Nudelsallad: 8 | Pastasallad/Italiensk kyckling: 9 | Pastasallad/Kyckling & Salladsost: 31 | Pastasallad/Kyckling mangocurry: 49 | Pastasallad/Ost & Skinka: 21 | Pastasallad/Räkor: 30 | Sandwich/Bacon & Äggröra: 10 | Sandwich/Clubsandwich: 9 | Sandwich/Kyckling Curry: 9 | Sandwich/Räkor: 9 | Sandwich/Ägg & Avocadokräm: 9 | Wraps/Caesar Kyckling: 30 | Wraps/Kyckling Bacon: 33 | Wraps/Kyckling Curry: 31 | Wraps/Sweet Chili: 22 | XL Frallor/Grovfralla Kalkon & Färskost: 10 | XL Frallor/Ost & Skinka: 9 | XL Frallor/Ost: 5
Stockholm Mellan,Coop Rotebro,Thursday,58,48~86,22,Baguette/Kyckling Curry: 1 | Baguette/Ost & Skinka: 1 | Baguette/Salami & Brieost: 1 | Baguette/Skagen: 3 | Fralla/Ost & Skinka: 3 | Fralla/Ost: 1 | Grönsallad/Caesarsallad: 3 | Hönökaka/Ost & Salami: 2 | Hönökaka/Ost & Skinka: 2 | Hönökaka/Ost: 1 | Pastasallad/Kyckling & Salladsost: 7 | Pastasallad/Kyckling mangocurry: 10 | Pastasallad/Räkor: 7 | Sandwich/Bacon & Äggröra: 1 | Sandwich/Clubsandwich: 1 | Sandwich/Kyckling Curry: 1 | Sandwich/Räkor: 1 | Wraps/Caesar Kyckling: 3 | Wraps/Kyckling Bacon: 3 | Wraps/Kyckling Curry: 3 | Wraps/Sweet Chili: 2 | XL Frallor/Ost & Skinka: 1
Stockholm Mellan,Hemköp Scandinavia,Thursday,58,50~70,4,Pastasallad/Kyckling & Salladsost: 15 | Pastasallad/Kyckling kebab: 7 | Pastasallad/Kyckling mangocurry: 26 | Pastasallad/Räkor: 10
Stockholm Mellan,Hemköp Ulriksdal,Thursday,110,91~138,24,Baguette/Kyckling Curry: 3 | Baguette/Ost & Skinka: 3 | Baguette/Salami & Brieost: 3 | Baguette/Skagen: 4 | Fralla/Ost & Skinka: 5 | Fralla/Ost: 5 | Hönökaka/Ost & Salami: 3 | Hönökaka/Ost & Skinka: 4 | Hönökaka/Ost: 3 | Pastasallad/Kyckling & Salladsost: 7 | Pastasallad/Kyckling mangocurry: 10 | Pastasallad/Räkor: 7 | Sandwich/Bacon & Äggröra: 3 | Sandwich/Clubsandwich: 3 | Sandwich/Kyckling Curry: 3 | Sandwich/Räkor: 3 | Sandwich/Ägg & Avocadokräm: 3 | Wraps/Caesar Kyckling: 7 | Wraps/Kyckling Bacon: 8 | Wraps/Kyckling Curry: 9 | Wraps/Sweet Chili: 5 | XL Frallor/Grovfralla Kalkon & Färskost: 3 | XL Frallor/Ost & Skinka: 3 | XL Frallor/Ost: 3
Stockholm Mellan,ICA Gribbylund,Thursday,40,33~64,18,Baguette/Kyckling Curry: 2 | Baguette/Ost & Skinka: 1 | Baguette/Skagen: 1 | Fralla/Ost & Skinka: 3 | Fralla/Ost: 2 | Hönökaka/Ost & Salami: 1 | Hönökaka/Ost & Skinka: 1 | Pastasallad/Kyckling & Salladsost: 3 | Pastasallad/Kyckling mangocurry: 5 | Pastasallad/Räkor: 4 | Sandwich/Bacon & Äggröra: 1 | Sandwich/Clubsandwich: 1 | Sandwich/Kyckling Curry: 1 | Sandwich/Räkor: 1 | Sandwich/Ägg & Avocadokräm: 1 | Wraps/Caesar Kyckling: 5 | Wraps/Kyckling Bacon: 3 | Wraps/Kyckling Curry: 4
Stockholm Mellan,ICA Norrviken,Thursday,81,66~111,21,Baguette/Kyckling Curry: 3 | Baguette/Salami & Brieost: 1 | Baguette/Skagen: 3 | Fralla/Ost & Skinka: 5 | Fralla/Ost: 4 | Grönsallad/Caesarsallad: 3 | Hönökaka/Ost & Salami: 4 | Hönökaka/Ost & Skinka: 3 | Hönökaka/Ost: 2 | Pastasallad/Kyckling & Salladsost: 9 | Pastasallad/Kyckling mangocurry: 11 | Pastasallad/Räkor: 9 | Sandwich/Bacon & Äggröra: 1 | Sandwich/Clubsandwich: 1 | Sandwich/Kyckling Curry: 1 | Sandwich/Räkor: 1 | Sandwich/Ägg & Avocadokräm: 1 | Wraps/Caesar Kyckling: 5 | Wraps/Kyckling Bacon: 5 | Wraps/Kyckling Curry: 5 | XL Frallor/Ost & Skinka: 4
Stockholm Mellan,ICA Nära Roslagstull,Thursday,71,55~85,16,Baguette/Salami & Brieost: 4 | Baguette/Skagen: 3 | Pastasallad/Asian Surf & Turf-Nudelsallad: 2 | Pastasallad/Havana Sweetchili kyckling: 2 | Pastasallad/Hawai Kyckling avocado: 2 | Pastasallad/Italiensk kyckling: 2 | Pastasallad/Kyckling & Salladsost: 7 | Pastasallad/Kyckling mangocurry: 8 | Pastasallad/Räkor: 6 | Sandwich/Bacon & Äggröra: 2 | Sandwich/Clubsandwich: 2 | Sandwich/Ägg & Avocadokräm: 1 | Wraps/Caesar Kyckling: 9 | Wraps/Kyckling Bacon: 8 | Wraps/Kyckling Curry: 8 | Wraps/Sweet Chili: 5
Stockholm Mellan,ICA RAPID,Thursday,62,63~100,29,Baguette/Kyckling Curry: 1 | Baguette/Ost & Skinka: 1 | Baguette/Salami & Brieost: 1 | Baguette/Skagen: 1 | Fralla/Ost & Skinka: 3 | Fralla/Ost: 2 | Grönsallad/Caesarsallad: 1 | Hönökaka/Ost & Salami: 1 | Hönökaka/Ost & Skinka: 2 | Hönökaka/Ost: 2 | Pastasallad/Asian Surf & Turf-Nudelsallad: 1 | Pastasallad/Havana Sweetchili kyckling: 2 | Pastasallad/Hawai Kyckling avocado: 2 | Pastasallad/Italiensk kyckling: 1 | Pastasallad/Kyckling & Salladsost: 4 | Pastasallad/Kyckling kebab: 2 | Pastasallad/Kyckling mangocurry: 6 | Pastasallad/Ost & Skinka: 4 | Pastasallad/Räkor: 3 | Sandwich/Bacon & Äggröra: 1 | Sandwich/Clubsandwich: 2 | Sandwich/Kyckling Curry: 1 | Sandwich/Räkor: 1 | Sandwich/Ägg & Avocadokräm: 1 | Wraps/Caesar Kyckling: 3 | Wraps/Kyckling Bacon: 4 | Wraps/Kyckling Curry: 4 | Wraps/Sweet Chili: 3 | XL Frallor/Ost & Skinka: 2
Stockholm Mellan,ICA Sigma,Thursday,77,56~99,24,Baguette/Kyckling Curry: 2 | Baguette/Ost & Skinka: 2 | Baguette/Salami & Brieost: 3 | Baguette/Skagen: 3 | Fralla/Ost & Skinka: 3 | Fralla/Ost: 2 | Grönsallad/Caesarsallad: 3 | Hönökaka/Ost & Salami: 2 | Hönökaka/Ost & Skinka: 3 | Hönökaka/Ost: 3 | Pastasallad/Kyckling & Salladsost: 7 | Pastasallad/Kyckling mangocurry: 10 | Pastasallad/Ost & Skinka: 5 | Pastasallad/Räkor: 5 | Sandwich/Bacon & Äggröra: 1 | Sandwich/Clubsandwich: 2 | Sandwich/Kyckling Curry: 2 | Sandwich/Räkor: 2 | Sandwich/Ägg & Avocadokräm: 1 | Wraps/Caesar Kyckling: 3 | Wraps/Kyckling Bacon: 3 | Wraps/Kyckling Curry: 4 | Wraps/Sweet Chili: 3 | XL Frallor/Ost & Skinka: 3
Stockholm Mellan,ICA lappkärrsberget,Thursday,41,35~55,8,Baguette/Kyckling Curry: 5 | Baguette/Salami & Brieost: 5 | Fralla/Ost & Skinka: 8 | Pastasallad/Kyckling & Salladsost: 5 | Pastasallad/Kyckling mangocurry: 5 | Pastasallad/Räkor: 3 | Wraps/Kyckling Bacon: 5 | Wraps/Kyckling Curry: 5
Stockholm Mellan,ICA maxi Häggvik,Thursday,198,160~246,38,Baguette/Kyckling Curry: 3 | Baguette/Ost & Skinka: 4 | Baguette/Salami & Brieost: 4 | Baguette/Skagen: 4 | Blandstubbe/Blandstubbe: 3 | Fralla/Ost & Skinka: 6 | Fralla/Ost: 3 | Grönsallad/Caesarsallad: 7 | Hönökaka/Ost & Salami: 3 | Hönökaka/Ost & Skinka: 4 | Hönökaka/Ost: 4 | Pastasallad/Kyckling & Salladsost: 11 | Pastasallad/Kyckling kebab: 4 | Pastasallad/Kyckling mangocurry: 17 | Pastasallad/Ost & Skinka: 11 | Pastasallad/Räkor: 11 | Räkbomb/Räkbomb (Ej beställ): 11 | Räkmacka Liten/Räkmacka liten: 4 | Räkstubbe/Räkstubbe: 4 | Sandwich/Bacon & Äggröra: 3 | Sandwich/Clubsandwich: 2 | Sandwich/Kyckling Curry: 3 | Sandwich/Räkor: 3 | Sandwich/Ägg & Avocadokräm: 3 | Stubbe/Ost & Skinkstubbe: 4 | Stubbe/Rostbiffstubbe: 2 | Varmrätt/Cevapcici med bulgur: 1 | Varmrätt/Kycklingpestosallad: 1 | Varmrätt/Kycklingspett med ris: 1 | Varmrätt/Tacobolognese med fullkornspasta: 2 | Varmrätt/Teriyakikycklingfile med basmatiris: 2 | Wraps/Caesar Kyckling: 12 | Wraps/Kyckling Bacon: 11 | Wraps/Kyckling Curry: 11 | Wraps/Sweet Chili: 7 | XL Frallor/Grovfralla Kalkon & Färskost: 3 | XL Frallor/Ost & Skinka: 5 | XL Frallor/Ost: 4
Stockholm N,Coop Barkarby,Sunday,83,70~109,28,Baguette/Kyckling Curry: 2 | Baguette/Ost & Skinka: 3 | Baguette/Salami & Brieost: 3 | Baguette/Skagen: 3 | Fralla/Ost & Skinka: 3 | Fralla/Ost: 2 | Grönsallad/Caesarsallad: 6 | Hönökaka/Ost & Salami: 2 | Hönökaka/Ost & Skinka: 2 | Hönökaka/Ost: 2 | Pastasallad/Falafel: 3 | Pastasallad/Kyckling & Salladsost: 4 | Pastasallad/Kyckling kebab: 3 | Pastasallad/Kyckling mangocurry: 3 | Pastasallad/Ost & Skinka: 3 | Pastasallad/Räkor: 3 | Sandwich/Bacon & Äggröra: 2 | Sandwich/Clubsandwich: 3 | Sandwich/Kyckling Curry: 2 | Sandwich/Räkor: 2 | Sandwich/Ägg & Avocadokräm: 2 | Wraps/Caesar Kyckling: 5 | Wraps/Kyckling Bacon: 5 | Wraps/Kyckling Curry: 5 | Wraps/Sweet Chili: 4 | XL Frallor/Grovfralla Kalkon & Färskost: 2 | XL Frallor/Ost & Skinka: 2 | XL Frallor/Ost: 2
Stockholm N,Coop Brommaplan,Sunday,69,52~100,28,Baguette/Kyckling Curry: 2 | Baguette/Ost & Skinka: 2 | Baguette/Salami & Brieost: 2 | Baguette/Skagen: 2 | Fralla/Ost & Skinka: 2 | Fralla/Ost: 2 | Grönsallad/Caesarsallad: 2 | Hönökaka/Ost & Salami: 2 | Hönökaka/Ost & Skinka: 2 | Hönökaka/Ost: 2 | Pastasallad/Falafel: 2 | Pastasallad/Kyckling & Salladsost: 3 | Pastasallad/Kyckling kebab: 1 | Pastasallad/Kyckling mangocurry: 4 | Pastasallad/Ost & Skinka: 2 | Pastasallad/Räkor: 4 | Sandwich/Bacon & Äggröra: 2 | Sandwich/Clubsandwich: 2 | Sandwich/Kyckling Curry: 3 | Sandwich/Räkor: 2 | Sandwich/Ägg & Avocadokräm: 1 | Wraps/Caesar Kyckling: 6 | Wraps/Kyckling Bacon: 4 | Wraps/Kyckling Curry: 4 | Wraps/Sweet Chili: 4 | XL Frallor/Grovfralla Kalkon & Färskost: 2 | XL Frallor/Ost & Skinka: 2 | XL Frallor/Ost: 1
Stockholm N,Coop Bromsten,Sunday,81,61~106,28,Baguette/Kyckling Curry: 2 | Baguette/Ost & Skinka: 2 | Baguette/Salami & Brieost: 2 | Baguette/Skagen: 2 | Fralla/Ost & Skinka: 2 | Fralla/Ost: 2 | Grönsallad/Caesarsallad: 5 | Hönökaka/Ost & Salami: 1 | Hönökaka/Ost & Skinka: 2 | Hönökaka/Ost: 2 | Pastasallad/Falafel: 3 | Pastasallad/Kyckling & Salladsost: 3 | Pastasallad/Kyckling kebab: 3 | Pastasallad/Kyckling mangocurry: 3 | Pastasallad/Ost & Skinka: 2 | Pastasallad/Räkor: 3 | Sandwich/Bacon & Äggröra: 4 | Sandwich/Clubsandwich: 3 | Sandwich/Kyckling Curry: 3 | Sandwich/Räkor: 4 | Sandwich/Ägg & Avocadokräm: 3 | Wraps/Caesar Kyckling: 6 | Wraps/Kyckling Bacon: 5 | Wraps/Kyckling Curry: 6 | Wraps/Sweet Chili: 5 | XL Frallor/Grovfralla Kalkon & Färskost: 1 | XL Frallor/Ost & Skinka: 1 | XL Frallor/Ost: 1
Stockholm N,Coop Kungsängen,Sunday,135,112~167,28,Baguette/Kyckling Curry: 4 | Baguette/Ost & Skinka: 4 | Baguette/Salami & Brieost: 4 | Baguette/Skagen: 4 | Fralla/Ost & Skinka: 5 | Fralla/Ost: 4 | Grönsallad/Caesarsallad: 11 | Hönökaka/Ost & Salami: 4 | Hönökaka/Ost & Skinka: 3 | Hönökaka/Ost: 3 | Pastasallad/Falafel: 6 | Pastasallad/Kyckling & Salladsost: 6 | Pastasallad/Kyckling kebab: 6 | Pastasallad/Kyckling mangocurry: 6 | Pastasallad/Ost & Skinka: 6 | Pastasallad/Räkor: 6 | Sandwich/Bacon & Äggröra: 4 | Sandwich/Clubsandwich: 3 | Sandwich/Kyckling Curry: 3 | Sandwich/Räkor: 3 | Sandwich/Ägg & Avocadokräm: 4 | Wraps/Caesar Kyckling: 7 | Wraps/Kyckling Bacon: 7 | Wraps/Kyckling Curry: 6 | Wraps/Sweet Chili: 7 | XL Frallor/Grovfralla Kalkon & Färskost: 3 | XL Frallor/Ost & Skinka: 3 | XL Frallor/Ost: 3
Stockholm N,Coop Minneberg,Sunday,118,97~150,28,Baguette/Kyckling Curry: 4 | Baguette/Ost & Skinka: 4 | Baguette/Salami & Brieost: 4 | Baguette/Skagen: 4 | Fralla/Ost & Skinka: 3 | Fralla/Ost: 3 | Grönsallad/Caesarsallad: 5 | Hönökaka/Ost & Salami: 3 | Hönökaka/Ost & Skinka: 3 | Hönökaka/Ost: 2 | Pastasallad/Falafel: 6 | Pastasallad/Kyckling & Salladsost: 6 | Pastasallad/Kyckling kebab: 6 | Pastasallad/Kyckling mangocurry: 6 | Pastasallad/Ost & Skinka: 6 | Pastasallad/Räkor: 6 | Sandwich/Bacon & Äggröra: 3 | Sandwich/Clubsandwich: 3 | Sandwich/Kyckling Curry: 4 | Sandwich/Räkor: 3 | Sandwich/Ägg & Avocadokräm: 3 | Wraps/Caesar Kyckling: 6 | Wraps/Kyckling Bacon: 6 | Wraps/Kyckling Curry: 6 | Wraps/Sweet Chili: 6 | XL Frallor/Grovfralla Kalkon & Färskost: 3 | XL Frallor/Ost & Skinka: 2 | XL Frallor/Ost: 2
Stockholm N,Coop Spånga-torg,Sunday,43,35~63,28,Baguette/Kyckling Curry: 1 | Baguette/Ost & Skinka: 1 | Baguette/Salami & Brieost: 2 | Baguette/Skagen: 1 | Fralla/Ost & Skinka: 2 | Fralla/Ost: 2 | Hönökaka/Ost & Salami: 1 | Hönökaka/Ost & Skinka: 1 | Hönökaka/Ost: 1 | Pastasallad/Asian Surf & Turf-Nudelsallad: 1 | Pastasallad/Havana Sweetchili kyckling: 1 | Pastasallad/Italiensk kyckling: 1 | Pastasallad/Kyckling & Salladsost: 1 | Pastasallad/Kyckling mangocurry: 1 | Pastasallad/Ost & Skinka: 1 | Räkmacka Liten/Räkmacka liten: 2 | Sandwich/Bacon & Äggröra: 1 | Sandwich/Clubsandwich: 2 | Sandwich/Kyckling Curry: 2 | Sandwich/Räkor: 2 | Sandwich/Ägg & Avocadokräm: 2 | Wraps/Caesar Kyckling: 3 | Wraps/Kyckling Bacon: 3 | Wraps/Kyckling Curry: 3 | Wraps/Sweet Chili: 2 | XL Frallor/Grovfralla Kalkon & Färskost: 1 | XL Frallor/Ost & Skinka: 1 | XL Frallor/Ost: 1
Stockholm N,Coop Sundby Park,Sunday,135,110~165,28,Baguette/Kyckling Curry: 4 | Baguette/Ost & Skinka: 4 | Baguette/Salami & Brieost: 4 | Baguette/Skagen: 4 | Fralla/Ost & Skinka: 4 | Fralla/Ost: 3 | Grönsallad/Caesarsallad: 12 | Hönökaka/Ost & Salami: 2 | Hönökaka/Ost & Skinka: 2 | Hönökaka/Ost: 3 | Pastasallad/Falafel: 7 | Pastasallad/Kyckling & Salladsost: 7 | Pastasallad/Kyckling kebab: 7 | Pastasallad/Kyckling mangocurry: 7 | Pastasallad/Ost & Skinka: 6 | Pastasallad/Räkor: 7 | Sandwich/Bacon & Äggröra: 4 | Sandwich/Clubsandwich: 4 | Sandwich/Kyckling Curry: 4 | Sandwich/Räkor: 4 | Sandwich/Ägg & Avocadokräm: 4 | Wraps/Caesar Kyckling: 7 | Wraps/Kyckling Bacon: 7 | Wraps/Kyckling Curry: 7 | Wraps/Sweet Chili: 6 | XL Frallor/Grovfralla Kalkon & Färskost: 2 | XL Frallor/Ost & Skinka: 1 | XL Frallor/Ost: 2
Stockholm N,Coop Tibble,Sunday,35,27~50,23,Baguette/Kyckling Curry: 2 | Baguette/Ost & Skinka: 1 | Baguette/Salami & Brieost: 1 | Baguette/Skagen: 2 | Fralla/Ost & Skinka: 1 | Fralla/Ost: 1 | Grönsallad/Caesarsallad: 2 | Hönökaka/Ost & Salami: 1 | Hönökaka/Ost & Skinka: 1 | Pastasallad/Falafel: 1 | Pastasallad/Kyckling & Salladsost: 2 | Pastasallad/Kyckling kebab: 2 | Pastasallad/Kyckling mangocurry: 2 | Pastasallad/Ost & Skinka: 2 | Pastasallad/Räkor: 2 | Sandwich/Bacon & Äggröra: 1 | Sandwich/Clubsandwich: 1 | Sandwich/Kyckling Curry: 1 | Sandwich/Räkor: 1 | Wraps/Caesar Kyckling: 2 | Wraps/Kyckling Bacon: 2 | Wraps/Kyckling Curry: 2 | Wraps/Sweet Chili: 2
Stockholm N,Coop Tranebergsvägen,Sunday,86,68~110,28,Baguette/Kyckling Curry: 3 | Baguette/Ost & Skinka: 3 | Baguette/Salami & Brieost: 4 | Baguette/Skagen: 4 | Fralla/Ost & Skinka: 4 | Fralla/Ost: 3 | Grönsallad/Caesarsallad: 2 | Hönökaka/Ost & Salami: 2 | Hönökaka/Ost & Skinka: 2 | Hönökaka/Ost: 2 | Pastasallad/Falafel: 2 | Pastasallad/Kyckling & Salladsost: 4 | Pastasallad/Kyckling kebab: 3 | Pastasallad/Kyckling mangocurry: 4 | Pastasallad/Ost & Skinka: 3 | Pastasallad/Räkor: 4 | Sandwich/Bacon & Äggröra: 3 | Sandwich/Clubsandwich: 3 | Sandwich/Kyckling Curry: 3 | Sandwich/Räkor: 3 | Sandwich/Ägg & Avocadokräm: 3 | Wraps/Caesar Kyckling: 4 | Wraps/Kyckling Bacon: 4 | Wraps/Kyckling Curry: 4 | Wraps/Sweet Chili: 4 | XL Frallor/Grovfralla Kalkon & Färskost: 2 | XL Frallor/Ost & Skinka: 2 | XL Frallor/Ost: 2
Stockholm N,Coop Veckovägen,Sunday,43,33~60,24,Baguette/Kyckling Curry: 1 | Baguette/Ost & Skinka: 1 | Baguette/Salami & Brieost: 1 | Baguette/Skagen: 1 | Fralla/Ost & Skinka: 2 | Fralla/Ost: 2 | Hönökaka/Ost & Salami: 1 | Hönökaka/Ost & Skinka: 2 | Hönökaka/Ost: 1 | Pastasallad/Falafel: 1 | Pastasallad/Kyckling & Salladsost: 2 | Pastasallad/Kyckling kebab: 2 | Pastasallad/Kyckling mangocurry: 2 | Pastasallad/Ost & Skinka: 2 | Pastasallad/Räkor: 2 | Sandwich/Bacon & Äggröra: 1 | Sandwich/Clubsandwich: 1 | Sandwich/Kyckling Curry: 2 | Sandwich/Räkor: 1 | Sandwich/Ägg & Avocadokräm: 1 | Wraps/Caesar Kyckling: 4 | Wraps/Kyckling Bacon: 3 | Wraps/Kyckling Curry: 4 | Wraps/Sweet Chili: 3
Stockholm N,Coop björnboda,Sunday,58,46~79,27,Baguette/Kyckling Curry: 2 | Baguette/Ost & Skinka: 3 | Baguette/Salami & Brieost: 3 | Baguette/Skagen: 3 | Fralla/Ost & Skinka: 2 | Fralla/Ost: 2 | Hönökaka/Ost & Salami: 2 | Hönökaka/Ost & Skinka: 1 | Hönökaka/Ost: 1 | Pastasallad/Falafel: 2 | Pastasallad/Kyckling & Salladsost: 2 | Pastasallad/Kyckling kebab: 2 | Pastasallad/Kyckling mangocurry: 2 | Pastasallad/Ost & Skinka: 2 | Pastasallad/Räkor: 3 | Sandwich/Bacon & Äggröra: 2 | Sandwich/Clubsandwich: 2 | Sandwich/Kyckling Curry: 2 | Sandwich/Räkor: 2 | Sandwich/Ägg & Avocadokräm: 1 | Wraps/Caesar Kyckling: 4 | Wraps/Kyckling Bacon: 3 | Wraps/Kyckling Curry: 4 | Wraps/Sweet Chili: 2 | XL Frallor/Grovfralla Kalkon & Färskost: 1 | XL Frallor/Ost & Skinka: 2 | XL Frallor/Ost: 1
Stockholm N,Hemköp blackeberg,Sunday,86,66~108,31,Baguette/Kyckling Curry: 2 | Baguette/Ost & Skinka: 1 | Baguette/Salami & Brieost: 2 | Baguette/Skagen: 2 | Fralla/Ost & Skinka: 2 | Fralla/Ost: 2 | Grönsallad/Caesarsallad: 1 | Hönökaka/Ost & Salami: 2 | Hönökaka/Ost & Skinka: 2 | Hönökaka/Ost: 2 | Pastasallad/Asian Surf & Turf-Nudelsallad: 1 | Pastasallad/Havana Sweetchili kyckling: 1 | Pastasallad/Hawai Kyckling avocado: 1 | Pastasallad/Italiensk kyckling: 1 | Pastasallad/Kyckling & Salladsost: 2 | Pastasallad/Kyckling kebab: 1 | Pastasallad/Kyckling mangocurry: 2 | Pastasallad/Ost & Skinka: 1 | Pastasallad/Räkor: 1 | Sandwich/Bacon & Äggröra: 2 | Sandwich/Clubsandwich: 2 | Sandwich/Kyckling Curry: 2 | Sandwich/Räkor: 2 | Sandwich/Ägg & Avocadokräm: 1 | Wraps/Caesar Kyckling: 11 | Wraps/Kyckling Bacon: 11 | Wraps/Kyckling Curry: 11 | Wraps/Sweet Chili: 10 | XL Frallor/Grovfralla Kalkon & Färskost: 2 | XL Frallor/Ost & Skinka: 2 | XL Frallor/Ost: 1
Stockholm N,ICA Bromma,Sunday,122,95~153,34,Baguette/Kyckling Curry: 2 | Baguette/Ost & Skinka: 2 | Baguette/Salami & Brieost: 2 | Baguette/Skagen: 2 | Fralla/Ost & Skinka: 3 | Fralla/Ost: 3 | Grönsallad/Caesarsallad: 13 | Hönökaka/Ost & Salami: 2 | Hönökaka/Ost & Skinka: 2 | Hönökaka/Ost: 2 | Pastasallad/Asian Surf & Turf-Nudelsallad: 5 | Pastasallad/Falafel: 4 | Pastasallad/Havana Sweetchili kyckling: 5 | Pastasallad/Hawai Kyckling avocado: 5 | Pastasallad/Italiensk kyckling: 5 | Pastasallad/Kyckling & Salladsost: 5 | Pastasallad/Kyckling kebab: 5 | Pastasallad/Kyckling mangocurry: 5 | Pastasallad/Ost & Skinka: 5 | Pastasallad/Räkor: 5 | Räkstubbe/Räkstubbe: 2 | Sandwich/Bacon & Äggröra: 1 | Sandwich/Clubsandwich: 1 | Sandwich/Kyckling Curry: 2 | Sandwich/Räkor: 1 | Sandwich/Ägg & Avocadokräm: 1 | Stubbe/Rostbiffstubbe: 2 | Wraps/Caesar Kyckling: 7 | Wraps/Kyckling Bacon: 6 | Wraps/Kyckling Curry: 6 | Wraps/Sweet Chili: 6 | XL Frallor/Grovfralla Kalkon & Färskost: 2 | XL Frallor/Ost & Skinka: 2 | XL Frallor/Ost: 1
Stockholm N,ICA Nära Söderhöjden,Sunday,48,36~66,24,Baguette/Kyckling Curry: 1 | Baguette/Ost & Skinka: 2 | Baguette/Salami & Brieost: 2 | Baguette/Skagen: 2 | Fralla/Ost & Skinka: 2 | Fralla/Ost: 2 | Hönökaka/Ost & Salami: 1 | Hönökaka/Ost & Skinka: 1 | Hönökaka/Ost: 1 | Pastasallad/Falafel: 1 | Pastasallad/Kyckling & Salladsost: 3 | Pastasallad/Kyckling kebab: 2 | Pastasallad/Kyckling mangocurry: 2 | Pastasallad/Ost & Skinka: 3 | Pastasallad/Räkor: 2 | Sandwich/Bacon & Äggröra: 1 | Sandwich/Clubsandwich: 1 | Sandwich/Kyckling Curry: 1 | Sandwich/Räkor: 1 | Sandwich/Ägg & Avocadokräm: 2 | Wraps/Caesar Kyckling: 4 | Wraps/Kyckling Bacon: 4 | Wraps/Kyckling Curry: 4 | Wraps/Sweet Chili: 3
Stockholm N,ICA Spånga,Sunday,81,65~108,28,Baguette/Kyckling Curry: 3 | Baguette/Ost & Skinka: 2 | Baguette/Salami & Brieost: 2 | Baguette/Skagen: 2 | Fralla/Ost & Skinka: 3 | Fralla/Ost: 2 | Grönsallad/Caesarsallad: 5 | Hönökaka/Ost & Salami: 2 | Hönökaka/Ost & Skinka: 2 | Hönökaka/Ost: 2 | Pastasallad/Falafel: 3 | Pastasallad/Kyckling & Salladsost: 4 | Pastasallad/Kyckling kebab: 2 | Pastasallad/Kyckling mangocurry: 4 | Pastasallad/Ost & Skinka: 3 | Pastasallad/Räkor: 4 | Sandwich/Bacon & Äggröra: 2 | Sandwich/Clubsandwich: 2 | Sandwich/Kyckling Curry: 3 | Sandwich/Räkor: 3 | Sandwich/Ägg & Avocadokräm: 2 | Wraps/Caesar Kyckling: 5 | Wraps/Kyckling Bacon: 5 | Wraps/Kyckling Curry: 5 | Wraps/Sweet Chili: 4 | XL Frallor/Grovfralla Kalkon & Färskost: 2 | XL Frallor/Ost & Skinka: 1 | XL Frallor/Ost: 2
Stockholm N,ICA Supermarket Husby,Sunday,57,41~72,20,Baguette/Kyckling Curry: 2 | Baguette/Ost & Skinka: 2 | Baguette/Salami & Brieost: 2 | Baguette/Skagen: 3 | Pastasallad/Falafel: 4 | Pastasallad/Kyckling & Salladsost: 4 | Pastasallad/Kyckling kebab: 3 | Pastasallad/Kyckling mangocurry: 4 | Pastasallad/Ost & Skinka: 2 | Pastasallad/Räkor: 3 | Räkmacka Liten/Räkmacka liten: 4 | Sandwich/Bacon & Äggröra: 1 | Sandwich/Clubsandwich: 2 | Sandwich/Kyckling Curry: 2 | Sandwich/Räkor: 2 | Sandwich/Ägg & Avocadokräm: 3 | Wraps/Caesar Kyckling: 4 | Wraps/Kyckling Bacon: 3 | Wraps/Kyckling Curry: 4 | Wraps/Sweet Chili: 3
Stockholm N,Lilla Coop Kungsängen,Sunday,98,78~125,27,Baguette/Kyckling Curry: 4 | Baguette/Ost & Skinka: 5 | Baguette/Salami & Brieost: 5 | Baguette/Skagen: 5 | Fralla/Ost & Skinka: 6 | Fralla/Ost: 5 | Hönökaka/Ost & Salami: 3 | Hönökaka/Ost & Skinka: 3 | Hönökaka/Ost: 2 | Pastasallad/Falafel: 3 | Pastasallad/Kyckling & Salladsost: 3 | Pastasallad/Kyckling kebab: 2 | Pastasallad/Kyckling mangocurry: 3 | Pastasallad/Ost & Skinka: 2 | Pastasallad/Räkor: 3 | Sandwich/Bacon & Äggröra: 3 | Sandwich/Clubsandwich: 3 | Sandwich/Kyckling Curry: 3 | Sandwich/Räkor: 3 | Sandwich/Ägg & Avocadokräm: 3 | Wraps/Caesar Kyckling: 5 | Wraps/Kyckling Bacon: 5 | Wraps/Kyckling Curry: 5 | Wraps/Sweet Chili: 5 | XL Frallor/Grovfralla Kalkon & Färskost: 3 | XL Frallor/Ost & Skinka: 3 | XL Frallor/Ost: 3
Stockholm N,Stora Coop Spånga,Sunday,79,63~97,20,Pastasallad/Falafel: 2 | Pastasallad/Kyckling & Salladsost: 5 | Pastasallad/Kyckling kebab: 4 | Pastasallad/Kyckling mangocurry: 5 | Pastasallad/Ost & Skinka: 4 | Pastasallad/Räkor: 4 | Sandwich/Bacon & Äggröra: 4 | Sandwich/Clubsandwich: 4 | Sandwich/Kyckling Curry: 4 | Sandwich/Räkor: 4 | Sandwich/Ägg & Avocadokräm: 4 | Varmrätt/Cevapcici med bulgur: 2 | Varmrätt/Kycklingkebab med bulgur: 2 | Varmrätt/Kycklingpestosallad: 2 | Varmrätt/Tacobolognese med fullkornspasta: 3 | Varmrätt/Teriyakikycklingfile med basmatiris: 2 | Wraps/Caesar Kyckling: 6 | Wraps/Kyckling Bacon: 6 | Wraps/Kyckling Curry: 6 | Wraps/Sweet Chili: 6
Stockholm N,Coop Barkarby,Tuesday,83,70~109,28,Baguette/Kyckling Curry: 2 | Baguette/Ost & Skinka: 3 | Baguette/Salami & Brieost: 3 | Baguette/Skagen: 3 | Fralla/Ost & Skinka: 3 | Fralla/Ost: 2 | Grönsallad/Caesarsallad: 6 | Hönökaka/Ost & Salami: 2 | Hönökaka/Ost & Skinka: 2 | Hönökaka/Ost: 2 | Pastasallad/Falafel: 3 | Pastasallad/Kyckling & Salladsost: 4 | Pastasallad/Kyckling kebab: 3 | Pastasallad/Kyckling mangocurry: 3 | Pastasallad/Ost & Skinka: 3 | Pastasallad/Räkor: 3 | Sandwich/Bacon & Äggröra: 2 | Sandwich/Clubsandwich: 3 | Sandwich/Kyckling Curry: 2 | Sandwich/Räkor: 2 | Sandwich/Ägg & Avocadokräm: 2 | Wraps/Caesar Kyckling: 5 | Wraps/Kyckling Bacon: 5 | Wraps/Kyckling Curry: 5 | Wraps/Sweet Chili: 4 | XL Frallor/Grovfralla Kalkon & Färskost: 2 | XL Frallor/Ost & Skinka: 2 | XL Frallor/Ost: 2
Stockholm N,Coop Brommaplan,Tuesday,69,52~100,28,Baguette/Kyckling Curry: 2 | Baguette/Ost & Skinka: 1 | Baguette/Salami & Brieost: 1 | Baguette/Skagen: 1 | Fralla/Ost & Skinka: 3 | Fralla/Ost: 3 | Grönsallad/Caesarsallad: 1 | Hönökaka/Ost & Salami: 3 | Hönökaka/Ost & Skinka: 1 | Hönökaka/Ost: 1 | Pastasallad/Falafel: 1 | Pastasallad/Kyckling & Salladsost: 3 | Pastasallad/Kyckling kebab: 1 | Pastasallad/Kyckling mangocurry: 4 | Pastasallad/Ost & Skinka: 3 | Pastasallad/Räkor: 4 | Sandwich/Bacon & Äggröra: 2 | Sandwich/Clubsandwich: 3 | Sandwich/Kyckling Curry: 3 | Sandwich/Räkor: 3 | Sandwich/Ägg & Avocadokräm: 1 | Wraps/Caesar Kyckling: 5 | Wraps/Kyckling Bacon: 5 | Wraps/Kyckling Curry: 5 | Wraps/Sweet Chili: 5 | XL Frallor/Grovfralla Kalkon & Färskost: 1 | XL Frallor/Ost & Skinka: 2 | XL Frallor/Ost: 1
Stockholm N,Coop Bromsten,Tuesday,81,61~106,28,Baguette/Kyckling Curry: 2 | Baguette/Ost & Skinka: 2 | Baguette/Salami & Brieost: 2 | Baguette/Skagen: 2 | Fralla/Ost & Skinka: 2 | Fralla/Ost: 2 | Grönsallad/Caesarsallad: 5 | Hönökaka/Ost & Salami: 1 | Hönökaka/Ost & Skinka: 2 | Hönökaka/Ost: 2 | Pastasallad/Falafel: 3 | Pastasallad/Kyckling & Salladsost: 3 | Pastasallad/Kyckling kebab: 3 | Pastasallad/Kyckling mangocurry: 3 | Pastasallad/Ost & Skinka: 2 | Pastasallad/Räkor: 3 | Sandwich/Bacon & Äggröra: 4 | Sandwich/Clubsandwich: 3 | Sandwich/Kyckling Curry: 3 | Sandwich/Räkor: 4 | Sandwich/Ägg & Avocadokräm: 3 | Wraps/Caesar Kyckling: 6 | Wraps/Kyckling Bacon: 5 | Wraps/Kyckling Curry: 6 | Wraps/Sweet Chili: 5 | XL Frallor/Grovfralla Kalkon & Färskost: 1 | XL Frallor/Ost & Skinka: 1 | XL Frallor/Ost: 1
Stockholm N,Coop Kungsängen,Tuesday,135,112~167,28,Baguette/Kyckling Curry: 4 | Baguette/Ost & Skinka: 4 | Baguette/Salami & Brieost: 4 | Baguette/Skagen: 4 | Fralla/Ost & Skinka: 5 | Fralla/Ost: 4 | Grönsallad/Caesarsallad: 11 | Hönökaka/Ost & Salami: 4 | Hönökaka/Ost & Skinka: 3 | Hönökaka/Ost: 3 | Pastasallad/Falafel: 6 | Pastasallad/Kyckling & Salladsost: 6 | Pastasallad/Kyckling kebab: 6 | Pastasallad/Kyckling mangocurry: 6 | Pastasallad/Ost & Skinka: 6 | Pastasallad/Räkor: 6 | Sandwich/Bacon & Äggröra: 4 | Sandwich/Clubsandwich: 3 | Sandwich/Kyckling Curry: 3 | Sandwich/Räkor: 3 | Sandwich/Ägg & Avocadokräm: 4 | Wraps/Caesar Kyckling: 7 | Wraps/Kyckling Bacon: 7 | Wraps/Kyckling Curry: 6 | Wraps/Sweet Chili: 7 | XL Frallor/Grovfralla Kalkon & Färskost: 3 | XL Frallor/Ost & Skinka: 3 | XL Frallor/Ost: 3
Stockholm N,Coop Minneberg,Tuesday,118,97~150,28,Baguette/Kyckling Curry: 4 | Baguette/Ost & Skinka: 4 | Baguette/Salami & Brieost: 4 | Baguette/Skagen: 4 | Fralla/Ost & Skinka: 3 | Fralla/Ost: 3 | Grönsallad/Caesarsallad: 5 | Hönökaka/Ost & Salami: 3 | Hönökaka/Ost & Skinka: 3 | Hönökaka/Ost: 2 | Pastasallad/Falafel: 6 | Pastasallad/Kyckling & Salladsost: 6 | Pastasallad/Kyckling kebab: 6 | Pastasallad/Kyckling mangocurry: 6 | Pastasallad/Ost & Skinka: 6 | Pastasallad/Räkor: 6 | Sandwich/Bacon & Äggröra: 3 | Sandwich/Clubsandwich: 3 | Sandwich/Kyckling Curry: 4 | Sandwich/Räkor: 3 | Sandwich/Ägg & Avocadokräm: 3 | Wraps/Caesar Kyckling: 6 | Wraps/Kyckling Bacon: 6 | Wraps/Kyckling Curry: 6 | Wraps/Sweet Chili: 6 | XL Frallor/Grovfralla Kalkon & Färskost: 3 | XL Frallor/Ost & Skinka: 2 | XL Frallor/Ost: 2
Stockholm N,Coop Spånga-torg,Tuesday,43,35~63,28,Baguette/Kyckling Curry: 1 | Baguette/Ost & Skinka: 1 | Baguette/Salami & Brieost: 2 | Baguette/Skagen: 1 | Fralla/Ost & Skinka: 2 | Fralla/Ost: 2 | Hönökaka/Ost & Salami: 1 | Hönökaka/Ost & Skinka: 1 | Hönökaka/Ost: 1 | Pastasallad/Asian Surf & Turf-Nudelsallad: 1 | Pastasallad/Havana Sweetchili kyckling: 1 | Pastasallad/Italiensk kyckling: 1 | Pastasallad/Kyckling & Salladsost: 1 | Pastasallad/Kyckling mangocurry: 1 | Pastasallad/Ost & Skinka: 1 | Räkmacka Liten/Räkmacka liten: 2 | Sandwich/Bacon & Äggröra: 1 | Sandwich/Clubsandwich: 2 | Sandwich/Kyckling Curry: 2 | Sandwich/Räkor: 2 | Sandwich/Ägg & Avocadokräm: 2 | Wraps/Caesar Kyckling: 3 | Wraps/Kyckling Bacon: 3 | Wraps/Kyckling Curry: 3 | Wraps/Sweet Chili: 2 | XL Frallor/Grovfralla Kalkon & Färskost: 1 | XL Frallor/Ost & Skinka: 1 | XL Frallor/Ost: 1
Stockholm N,Coop Sundby Park,Tuesday,135,110~165,28,Baguette/Kyckling Curry: 4 | Baguette/Ost & Skinka: 4 | Baguette/Salami & Brieost: 4 | Baguette/Skagen: 4 | Fralla/Ost & Skinka: 4 | Fralla/Ost: 3 | Grönsallad/Caesarsallad: 12 | Hönökaka/Ost & Salami: 2 | Hönökaka/Ost & Skinka: 2 | Hönökaka/Ost: 3 | Pastasallad/Falafel: 7 | Pastasallad/Kyckling & Salladsost: 7 | Pastasallad/Kyckling kebab: 7 | Pastasallad/Kyckling mangocurry: 7 | Pastasallad/Ost & Skinka: 6 | Pastasallad/Räkor: 7 | Sandwich/Bacon & Äggröra: 4 | Sandwich/Clubsandwich: 4 | Sandwich/Kyckling Curry: 4 | Sandwich/Räkor: 4 | Sandwich/Ägg & Avocadokräm: 4 | Wraps/Caesar Kyckling: 7 | Wraps/Kyckling Bacon: 7 | Wraps/Kyckling Curry: 7 | Wraps/Sweet Chili: 6 | XL Frallor/Grovfralla Kalkon & Färskost: 2 | XL Frallor/Ost & Skinka: 1 | XL Frallor/Ost: 2
Stockholm N,Coop Tibble,Tuesday,35,27~50,23,Baguette/Kyckling Curry: 2 | Baguette/Ost & Skinka: 1 | Baguette/Salami & Brieost: 1 | Baguette/Skagen: 2 | Fralla/Ost & Skinka: 1 | Fralla/Ost: 1 | Grönsallad/Caesarsallad: 2 | Hönökaka/Ost & Salami: 1 | Hönökaka/Ost & Skinka: 1 | Pastasallad/Falafel: 1 | Pastasallad/Kyckling & Salladsost: 2 | Pastasallad/Kyckling kebab: 2 | Pastasallad/Kyckling mangocurry: 2 | Pastasallad/Ost & Skinka: 2 | Pastasallad/Räkor: 2 | Sandwich/Bacon & Äggröra: 1 | Sandwich/Clubsandwich: 1 | Sandwich/Kyckling Curry: 1 | Sandwich/Räkor: 1 | Wraps/Caesar Kyckling: 2 | Wraps/Kyckling Bacon: 2 | Wraps/Kyckling Curry: 2 | Wraps/Sweet Chili: 2
Stockholm N,Coop Tranebergsvägen,Tuesday,86,68~110,28,Baguette/Kyckling Curry: 3 | Baguette/Ost & Skinka: 3 | Baguette/Salami & Brieost: 4 | Baguette/Skagen: 4 | Fralla/Ost & Skinka: 4 | Fralla/Ost: 3 | Grönsallad/Caesarsallad: 2 | Hönökaka/Ost & Salami: 2 | Hönökaka/Ost & Skinka: 2 | Hönökaka/Ost: 2 | Pastasallad/Falafel: 2 | Pastasallad/Kyckling & Salladsost: 4 | Pastasallad/Kyckling kebab: 3 | Pastasallad/Kyckling mangocurry: 4 | Pastasallad/Ost & Skinka: 3 | Pastasallad/Räkor: 4 | Sandwich/Bacon & Äggröra: 3 | Sandwich/Clubsandwich: 3 | Sandwich/Kyckling Curry: 3 | Sandwich/Räkor: 3 | Sandwich/Ägg & Avocadokräm: 3 | Wraps/Caesar Kyckling: 4 | Wraps/Kyckling Bacon: 4 | Wraps/Kyckling Curry: 4 | Wraps/Sweet Chili: 4 | XL Frallor/Grovfralla Kalkon & Färskost: 2 | XL Frallor/Ost & Skinka: 2 | XL Frallor/Ost: 2
Stockholm N,Coop Veckovägen,Tuesday,43,33~60,24,Baguette/Kyckling Curry: 1 | Baguette/Ost & Skinka: 1 | Baguette/Salami & Brieost: 1 | Baguette/Skagen: 1 | Fralla/Ost & Skinka: 2 | Fralla/Ost: 2 | Hönökaka/Ost & Salami: 1 | Hönökaka/Ost & Skinka: 2 | Hönökaka/Ost: 1 | Pastasallad/Falafel: 1 | Pastasallad/Kyckling & Salladsost: 2 | Pastasallad/Kyckling kebab: 2 | Pastasallad/Kyckling mangocurry: 2 | Pastasallad/Ost & Skinka: 2 | Pastasallad/Räkor: 2 | Sandwich/Bacon & Äggröra: 1 | Sandwich/Clubsandwich: 1 | Sandwich/Kyckling Curry: 2 | Sandwich/Räkor: 1 | Sandwich/Ägg & Avocadokräm: 1 | Wraps/Caesar Kyckling: 4 | Wraps/Kyckling Bacon: 3 | Wraps/Kyckling Curry: 4 | Wraps/Sweet Chili: 3
Stockholm N,Coop björnboda,Tuesday,58,46~79,27,Baguette/Kyckling Curry: 2 | Baguette/Ost & Skinka: 3 | Baguette/Salami & Brieost: 3 | Baguette/Skagen: 3 | Fralla/Ost & Skinka: 2 | Fralla/Ost: 2 | Hönökaka/Ost & Salami: 2 | Hönökaka/Ost & Skinka: 1 | Hönökaka/Ost: 1 | Pastasallad/Falafel: 2 | Pastasallad/Kyckling & Salladsost: 2 | Pastasallad/Kyckling kebab: 2 | Pastasallad/Kyckling mangocurry: 2 | Pastasallad/Ost & Skinka: 2 | Pastasallad/Räkor: 3 | Sandwich/Bacon & Äggröra: 2 | Sandwich/Clubsandwich: 2 | Sandwich/Kyckling Curry: 2 | Sandwich/Räkor: 2 | Sandwich/Ägg & Avocadokräm: 1 | Wraps/Caesar Kyckling: 4 | Wraps/Kyckling Bacon: 3 | Wraps/Kyckling Curry: 4 | Wraps/Sweet Chili: 2 | XL Frallor/Grovfralla Kalkon & Färskost: 1 | XL Frallor/Ost & Skinka: 2 | XL Frallor/Ost: 1
Stockholm N,Hemköp blackeberg,Tuesday,86,66~108,31,Baguette/Kyckling Curry: 2 | Baguette/Ost & Skinka: 1 | Baguette/Salami & Brieost: 2 | Baguette/Skagen: 2 | Fralla/Ost & Skinka: 2 | Fralla/Ost: 2 | Grönsallad/Caesarsallad: 1 | Hönökaka/Ost & Salami: 2 | Hönökaka/Ost & Skinka: 2 | Hönökaka/Ost: 2 | Pastasallad/Asian Surf & Turf-Nudelsallad: 1 | Pastasallad/Havana Sweetchili kyckling: 1 | Pastasallad/Hawai Kyckling avocado: 1 | Pastasallad/Italiensk kyckling: 1 | Pastasallad/Kyckling & Salladsost: 2 | Pastasallad/Kyckling kebab: 1 | Pastasallad/Kyckling mangocurry: 2 | Pastasallad/Ost & Skinka: 1 | Pastasallad/Räkor: 1 | Sandwich/Bacon & Äggröra: 2 | Sandwich/Clubsandwich: 2 | Sandwich/Kyckling Curry: 2 | Sandwich/Räkor: 2 | Sandwich/Ägg & Avocadokräm: 1 | Wraps/Caesar Kyckling: 11 | Wraps/Kyckling Bacon: 11 | Wraps/Kyckling Curry: 11 | Wraps/Sweet Chili: 10 | XL Frallor/Grovfralla Kalkon & Färskost: 2 | XL Frallor/Ost & Skinka: 2 | XL Frallor/Ost: 1
Stockholm N,ICA Bromma,Tuesday,122,95~153,34,Baguette/Kyckling Curry: 2 | Baguette/Ost & Skinka: 2 | Baguette/Salami & Brieost: 2 | Baguette/Skagen: 2 | Fralla/Ost & Skinka: 3 | Fralla/Ost: 3 | Grönsallad/Caesarsallad: 13 | Hönökaka/Ost & Salami: 2 | Hönökaka/Ost & Skinka: 2 | Hönökaka/Ost: 2 | Pastasallad/Asian Surf & Turf-Nudelsallad: 5 | Pastasallad/Falafel: 4 | Pastasallad/Havana Sweetchili kyckling: 5 | Pastasallad/Hawai Kyckling avocado: 5 | Pastasallad/Italiensk kyckling: 5 | Pastasallad/Kyckling & Salladsost: 5 | Pastasallad/Kyckling kebab: 5 | Pastasallad/Kyckling mangocurry: 5 | Pastasallad/Ost & Skinka: 5 | Pastasallad/Räkor: 5 | Räkstubbe/Räkstubbe: 2 | Sandwich/Bacon & Äggröra: 1 | Sandwich/Clubsandwich: 1 | Sandwich/Kyckling Curry: 2 | Sandwich/Räkor: 1 | Sandwich/Ägg & Avocadokräm: 1 | Stubbe/Rostbiffstubbe: 2 | Wraps/Caesar Kyckling: 7 | Wraps/Kyckling Bacon: 6 | Wraps/Kyckling Curry: 6 | Wraps/Sweet Chili: 6 | XL Frallor/Grovfralla Kalkon & Färskost: 2 | XL Frallor/Ost & Skinka: 2 | XL Frallor/Ost: 1
Stockholm N,ICA Nära Söderhöjden,Tuesday,48,36~66,24,Baguette/Kyckling Curry: 1 | Baguette/Ost & Skinka: 2 | Baguette/Salami & Brieost: 2 | Baguette/Skagen: 2 | Fralla/Ost & Skinka: 2 | Fralla/Ost: 2 | Hönökaka/Ost & Salami: 1 | Hönökaka/Ost & Skinka: 1 | Hönökaka/Ost: 1 | Pastasallad/Falafel: 1 | Pastasallad/Kyckling & Salladsost: 3 | Pastasallad/Kyckling kebab: 2 | Pastasallad/Kyckling mangocurry: 2 | Pastasallad/Ost & Skinka: 3 | Pastasallad/Räkor: 2 | Sandwich/Bacon & Äggröra: 1 | Sandwich/Clubsandwich: 1 | Sandwich/Kyckling Curry: 1 | Sandwich/Räkor: 1 | Sandwich/Ägg & Avocadokräm: 2 | Wraps/Caesar Kyckling: 4 | Wraps/Kyckling Bacon: 4 | Wraps/Kyckling Curry: 4 | Wraps/Sweet Chili: 3
Stockholm N,ICA Spånga,Tuesday,81,65~108,28,Baguette/Kyckling Curry: 3 | Baguette/Ost & Skinka: 2 | Baguette/Salami & Brieost: 2 | Baguette/Skagen: 2 | Fralla/Ost & Skinka: 3 | Fralla/Ost: 2 | Grönsallad/Caesarsallad: 5 | Hönökaka/Ost & Salami: 2 | Hönökaka/Ost & Skinka: 2 | Hönökaka/Ost: 2 | Pastasallad/Falafel: 3 | Pastasallad/Kyckling & Salladsost: 4 | Pastasallad/Kyckling kebab: 2 | Pastasallad/Kyckling mangocurry: 4 | Pastasallad/Ost & Skinka: 3 | Pastasallad/Räkor: 4 | Sandwich/Bacon & Äggröra: 2 | Sandwich/Clubsandwich: 2 | Sandwich/Kyckling Curry: 3 | Sandwich/Räkor: 3 | Sandwich/Ägg & Avocadokräm: 2 | Wraps/Caesar Kyckling: 5 | Wraps/Kyckling Bacon: 5 | Wraps/Kyckling Curry: 5 | Wraps/Sweet Chili: 4 | XL Frallor/Grovfralla Kalkon & Färskost: 2 | XL Frallor/Ost & Skinka: 1 | XL Frallor/Ost: 2
Stockholm N,ICA Supermarket Husby,Tuesday,57,41~72,20,Baguette/Kyckling Curry: 2 | Baguette/Ost & Skinka: 2 | Baguette/Salami & Brieost: 2 | Baguette/Skagen: 3 | Pastasallad/Falafel: 4 | Pastasallad/Kyckling & Salladsost: 4 | Pastasallad/Kyckling kebab: 3 | Pastasallad/Kyckling mangocurry: 4 | Pastasallad/Ost & Skinka: 2 | Pastasallad/Räkor: 3 | Räkmacka Liten/Räkmacka liten: 4 | Sandwich/Bacon & Äggröra: 1 | Sandwich/Clubsandwich: 2 | Sandwich/Kyckling Curry: 2 | Sandwich/Räkor: 2 | Sandwich/Ägg & Avocadokräm: 3 | Wraps/Caesar Kyckling: 4 | Wraps/Kyckling Bacon: 3 | Wraps/Kyckling Curry: 4 | Wraps/Sweet Chili: 3
Stockholm N,Lilla Coop Kungsängen,Tuesday,98,78~125,27,Baguette/Kyckling Curry: 4 | Baguette/Ost & Skinka: 5 | Baguette/Salami & Brieost: 5 | Baguette/Skagen: 5 | Fralla/Ost & Skinka: 6 | Fralla/Ost: 5 | Hönökaka/Ost & Salami: 3 | Hönökaka/Ost & Skinka: 3 | Hönökaka/Ost: 2 | Pastasallad/Falafel: 3 | Pastasallad/Kyckling & Salladsost: 3 | Pastasallad/Kyckling kebab: 2 | Pastasallad/Kyckling mangocurry: 3 | Pastasallad/Ost & Skinka: 2 | Pastasallad/Räkor: 3 | Sandwich/Bacon & Äggröra: 3 | Sandwich/Clubsandwich: 3 | Sandwich/Kyckling Curry: 3 | Sandwich/Räkor: 3 | Sandwich/Ägg & Avocadokräm: 3 | Wraps/Caesar Kyckling: 5 | Wraps/Kyckling Bacon: 5 | Wraps/Kyckling Curry: 5 | Wraps/Sweet Chili: 5 | XL Frallor/Grovfralla Kalkon & Färskost: 3 | XL Frallor/Ost & Skinka: 3 | XL Frallor/Ost: 3
Stockholm N,Stora Coop Spånga,Tuesday,79,63~97,20,Pastasallad/Falafel: 2 | Pastasallad/Kyckling & Salladsost: 5 | Pastasallad/Kyckling kebab: 4 | Pastasallad/Kyckling mangocurry: 5 | Pastasallad/Ost & Skinka: 4 | Pastasallad/Räkor: 4 | Sandwich/Bacon & Äggröra: 4 | Sandwich/Clubsandwich: 4 | Sandwich/Kyckling Curry: 4 | Sandwich/Räkor: 4 | Sandwich/Ägg & Avocadokräm: 4 | Varmrätt/Cevapcici med bulgur: 2 | Varmrätt/Kycklingkebab med bulgur: 2 | Varmrätt/Kycklingpestosallad: 2 | Varmrätt/Tacobolognese med fullkornspasta: 3 | Varmrätt/Teriyakikycklingfile med basmatiris: 2 | Wraps/Caesar Kyckling: 6 | Wraps/Kyckling Bacon: 6 | Wraps/Kyckling Curry: 6 | Wraps/Sweet Chili: 6
Stockholm N,Coop Barkarby,Thursday,83,58~110,28,Baguette/Kyckling Curry: 3 | Baguette/Ost & Skinka: 4 | Baguette/Salami & Brieost: 4 | Baguette/Skagen: 4 | Fralla/Ost & Skinka: 2 | Fralla/Ost: 2 | Grönsallad/Caesarsallad: 6 | Hönökaka/Ost & Salami: 2 | Hönökaka/Ost & Skinka: 1 | Hönökaka/Ost: 2 | Pastasallad/Falafel: 3 | Pastasallad/Kyckling & Salladsost: 3 | Pastasallad/Kyckling kebab: 3 | Pastasallad/Kyckling mangocurry: 4 | Pastasallad/Ost & Skinka: 2 | Pastasallad/Räkor: 4 | Sandwich/Bacon & Äggröra: 2 | Sandwich/Clubsandwich: 2 | Sandwich/Kyckling Curry: 1 | Sandwich/Räkor: 3 | Sandwich/Ägg & Avocadokräm: 3 | Wraps/Caesar Kyckling: 4 | Wraps/Kyckling Bacon: 4 | Wraps/Kyckling Curry: 5 | Wraps/Sweet Chili: 4 | XL Frallor/Grovfralla Kalkon & Färskost: 2 | XL Frallor/Ost & Skinka: 2 | XL Frallor/Ost: 2
Stockholm N,Coop Bromsten,Thursday,75,60~99,25,Baguette/Kyckling Curry: 2 | Baguette/Ost & Skinka: 3 | Baguette/Salami & Brieost: 2 | Baguette/Skagen: 3 | Fralla/Ost & Skinka: 3 | Fralla/Ost: 2 | Grönsallad/Caesarsallad: 4 | Hönökaka/Ost & Salami: 2 | Hönökaka/Ost & Skinka: 1 | Hönökaka/Ost: 1 | Pastasallad/Falafel: 3 | Pastasallad/Kyckling & Salladsost: 3 | Pastasallad/Kyckling kebab: 2 | Pastasallad/Kyckling mangocurry: 3 | Pastasallad/Ost & Skinka: 3 | Pastasallad/Räkor: 3 | Sandwich/Bacon & Äggröra: 3 | Sandwich/Clubsandwich: 3 | Sandwich/Kyckling Curry: 2 | Sandwich/Räkor: 3 | Sandwich/Ägg & Avocadokräm: 2 | Wraps/Caesar Kyckling: 5 | Wraps/Kyckling Bacon: 6 | Wraps/Kyckling Curry: 5 | Wraps/Sweet Chili: 6
Stockholm N,Coop Kungsängen,Thursday,129,104~164,28,Baguette/Kyckling Curry: 3 | Baguette/Ost & Skinka: 3 | Baguette/Salami & Brieost: 5 | Baguette/Skagen: 3 | Fralla/Ost & Skinka: 5 | Fralla/Ost: 5 | Grönsallad/Caesarsallad: 10 | Hönökaka/Ost & Salami: 4 | Hönökaka/Ost & Skinka: 3 | Hönökaka/Ost: 4 | Pastasallad/Falafel: 5 | Pastasallad/Kyckling & Salladsost: 7 | Pastasallad/Kyckling kebab: 5 | Pastasallad/Kyckling mangocurry: 6 | Pastasallad/Ost & Skinka: 5 | Pastasallad/Räkor: 5 | Sandwich/Bacon & Äggröra: 3 | Sandwich/Clubsandwich: 4 | Sandwich/Kyckling Curry: 2 | Sandwich/Räkor: 3 | Sandwich/Ägg & Avocadokräm: 3 | Wraps/Caesar Kyckling: 7 | Wraps/Kyckling Bacon: 6 | Wraps/Kyckling Curry: 7 | Wraps/Sweet Chili: 6 | XL Frallor/Grovfralla Kalkon & Färskost: 4 | XL Frallor/Ost & Skinka: 4 | XL Frallor/Ost: 2
Stockholm N,Coop Minneberg,Thursday,118,95~147,28,Baguette/Kyckling Curry: 3 | Baguette/Ost & Skinka: 3 | Baguette/Salami & Brieost: 3 | Baguette/Skagen: 3 | Fralla/Ost & Skinka: 4 | Fralla/Ost: 4 | Grönsallad/Caesarsallad: 6 | Hönökaka/Ost & Salami: 3 | Hönökaka/Ost & Skinka: 4 | Hönökaka/Ost: 2 | Pastasallad/Falafel: 5 | Pastasallad/Kyckling & Salladsost: 6 | Pastasallad/Kyckling kebab: 5 | Pastasallad/Kyckling mangocurry: 7 | Pastasallad/Ost & Skinka: 5 | Pastasallad/Räkor: 7 | Sandwich/Bacon & Äggröra: 2 | Sandwich/Clubsandwich: 4 | Sandwich/Kyckling Curry: 3 | Sandwich/Räkor: 3 | Sandwich/Ägg & Avocadokräm: 4 | Wraps/Caesar Kyckling: 7 | Wraps/Kyckling Bacon: 5 | Wraps/Kyckling Curry: 7 | Wraps/Sweet Chili: 6 | XL Frallor/Grovfralla Kalkon & Färskost: 3 | XL Frallor/Ost & Skinka: 1 | XL Frallor/Ost: 3
Stockholm N,Coop Spånga-torg,Thursday,46,28~62,26,Baguette/Kyckling Curry: 1 | Baguette/Ost & Skinka: 2 | Baguette/Salami & Brieost: 1 | Baguette/Skagen: 2 | Fralla/Ost & Skinka: 2 | Fralla/Ost: 1 | Hönökaka/Ost & Skinka: 2 | Hönökaka/Ost: 2 | Pastasallad/Asian Surf & Turf-Nudelsallad: 2 | Pastasallad/Havana Sweetchili kyckling: 1 | Pastasallad/Italiensk kyckling: 2 | Pastasallad/Kyckling & Salladsost: 1 | Pastasallad/Kyckling mangocurry: 1 | Räkmacka Liten/Räkmacka liten: 2 | Sandwich/Bacon & Äggröra: 1 | Sandwich/Clubsandwich: 1 | Sandwich/Kyckling Curry: 1 | Sandwich/Räkor: 1 | Sandwich/Ägg & Avocadokräm: 1 | Wraps/Caesar Kyckling: 4 | Wraps/Kyckling Bacon: 4 | Wraps/Kyckling Curry: 4 | Wraps/Sweet Chili: 3 | XL Frallor/Grovfralla Kalkon & Färskost: 1 | XL Frallor/Ost & Skinka: 2 | XL Frallor/Ost: 1
Stockholm N,Coop Sundby Park,Thursday,123,103~161,28,Baguette/Kyckling Curry: 3 | Baguette/Ost & Skinka: 5 | Baguette/Salami & Brieost: 3 | Baguette/Skagen: 4 | Fralla/Ost & Skinka: 3 | Fralla/Ost: 4 | Grönsallad/Caesarsallad: 11 | Hönökaka/Ost & Salami: 1 | Hönökaka/Ost & Skinka: 1 | Hönökaka/Ost: 2 | Pastasallad/Falafel: 6 | Pastasallad/Kyckling & Salladsost: 6 | Pastasallad/Kyckling kebab: 6 | Pastasallad/Kyckling mangocurry: 6 | Pastasallad/Ost & Skinka: 6 | Pastasallad/Räkor: 7 | Sandwich/Bacon & Äggröra: 3 | Sandwich/Clubsandwich: 3 | Sandwich/Kyckling Curry: 3 | Sandwich/Räkor: 3 | Sandwich/Ägg & Avocadokräm: 4 | Wraps/Caesar Kyckling: 7 | Wraps/Kyckling Bacon: 7 | Wraps/Kyckling Curry: 7 | Wraps/Sweet Chili: 6 | XL Frallor/Grovfralla Kalkon & Färskost: 3 | XL Frallor/Ost & Skinka: 2 | XL Frallor/Ost: 1
Stockholm N,Coop Tibble,Thursday,33,19~41,18,Baguette/Kyckling Curry: 1 | Baguette/Ost & Skinka: 2 | Baguette/Salami & Brieost: 1 | Baguette/Skagen: 1 | Grönsallad/Caesarsallad: 3 | Pastasallad/Falafel: 2 | Pastasallad/Kyckling & Salladsost: 2 | Pastasallad/Kyckling kebab: 1 | Pastasallad/Kyckling mangocurry: 2 | Pastasallad/Ost & Skinka: 2 | Pastasallad/Räkor: 2 | Sandwich/Clubsandwich: 1 | Sandwich/Kyckling Curry: 2 | Sandwich/Räkor: 2 | Wraps/Caesar Kyckling: 2 | Wraps/Kyckling Bacon: 2 | Wraps/Kyckling Curry: 3 | Wraps/Sweet Chili: 2
Stockholm N,Coop Tranebergsvägen,Thursday,85,70~116,28,Baguette/Kyckling Curry: 4 | Baguette/Ost & Skinka: 4 | Baguette/Salami & Brieost: 3 | Baguette/Skagen: 3 | Fralla/Ost & Skinka: 3 | Fralla/Ost: 3 | Grönsallad/Caesarsallad: 1 | Hönökaka/Ost & Salami: 2 | Hönökaka/Ost & Skinka: 3 | Hönökaka/Ost: 1 | Pastasallad/Falafel: 3 | Pastasallad/Kyckling & Salladsost: 3 | Pastasallad/Kyckling kebab: 3 | Pastasallad/Kyckling mangocurry: 4 | Pastasallad/Ost & Skinka: 3 | Pastasallad/Räkor: 3 | Sandwich/Bacon & Äggröra: 3 | Sandwich/Clubsandwich: 4 | Sandwich/Kyckling Curry: 3 | Sandwich/Räkor: 4 | Sandwich/Ägg & Avocadokräm: 2 | Wraps/Caesar Kyckling: 5 | Wraps/Kyckling Bacon: 5 | Wraps/Kyckling Curry: 4 | Wraps/Sweet Chili: 4 | XL Frallor/Grovfralla Kalkon & Färskost: 3 | XL Frallor/Ost & Skinka: 1 | XL Frallor/Ost: 1
Stockholm N,Coop Veckovägen,Thursday,39,26~53,21,Baguette/Kyckling Curry: 1 | Baguette/Ost & Skinka: 1 | Baguette/Salami & Brieost: 2 | Baguette/Skagen: 1 | Fralla/Ost & Skinka: 2 | Fralla/Ost: 1 | Hönökaka/Ost & Skinka: 1 | Pastasallad/Falafel: 1 | Pastasallad/Kyckling & Salladsost: 2 | Pastasallad/Kyckling kebab: 1 | Pastasallad/Kyckling mangocurry: 3 | Pastasallad/Ost & Skinka: 2 | Pastasallad/Räkor: 3 | Sandwich/Bacon & Äggröra: 1 | Sandwich/Clubsandwich: 1 | Sandwich/Kyckling Curry: 1 | Sandwich/Ägg & Avocadokräm: 1 | Wraps/Caesar Kyckling: 4 | Wraps/Kyckling Bacon: 4 | Wraps/Kyckling Curry: 3 | Wraps/Sweet Chili: 3
Stockholm N,Coop björnboda,Thursday,55,42~77,27,Baguette/Kyckling Curry: 2 | Baguette/Ost & Skinka: 2 | Baguette/Salami & Brieost: 2 | Baguette/Skagen: 2 | Fralla/Ost & Skinka: 3 | Fralla/Ost: 2 | Hönökaka/Ost & Salami: 1 | Hönökaka/Ost & Skinka: 2 | Hönökaka/Ost: 2 | Pastasallad/Falafel: 1 | Pastasallad/Kyckling & Salladsost: 3 | Pastasallad/Kyckling kebab: 2 | Pastasallad/Kyckling mangocurry: 2 | Pastasallad/Ost & Skinka: 1 | Pastasallad/Räkor: 2 | Sandwich/Bacon & Äggröra: 1 | Sandwich/Clubsandwich: 1 | Sandwich/Kyckling Curry: 2 | Sandwich/Räkor: 2 | Sandwich/Ägg & Avocadokräm: 2 | Wraps/Caesar Kyckling: 3 | Wraps/Kyckling Bacon: 4 | Wraps/Kyckling Curry: 3 | Wraps/Sweet Chili: 3 | XL Frallor/Grovfralla Kalkon & Färskost: 2 | XL Frallor/Ost & Skinka: 1 | XL Frallor/Ost: 2
Stockholm N,Hemköp blackeberg,Thursday,76,62~99,25,Baguette/Kyckling Curry: 1 | Baguette/Ost & Skinka: 2 | Baguette/Salami & Brieost: 2 | Baguette/Skagen: 1 | Fralla/Ost & Skinka: 2 | Fralla/Ost: 2 | Grönsallad/Caesarsallad: 1 | Hönökaka/Ost & Salami: 3 | Hönökaka/Ost & Skinka: 2 | Hönökaka/Ost: 2 | Pastasallad/Kyckling & Salladsost: 1 | Pastasallad/Kyckling mangocurry: 1 | Pastasallad/Ost & Skinka: 2 | Pastasallad/Räkor: 2 | Sandwich/Bacon & Äggröra: 1 | Sandwich/Clubsandwich: 2 | Sandwich/Kyckling Curry: 2 | Sandwich/Räkor: 2 | Wraps/Caesar Kyckling: 10 | Wraps/Kyckling Bacon: 10 | Wraps/Kyckling Curry: 10 | Wraps/Sweet Chili: 11 | XL Frallor/Grovfralla Kalkon & Färskost: 1 | XL Frallor/Ost & Skinka: 1 | XL Frallor/Ost: 2
Stockholm N,ICA Bromma,Thursday,116,102~156,34,Baguette/Kyckling Curry: 1 | Baguette/Ost & Skinka: 1 | Baguette/Salami & Brieost: 1 | Baguette/Skagen: 1 | Fralla/Ost & Skinka: 4 | Fralla/Ost: 3 | Grönsallad/Caesarsallad: 13 | Hönökaka/Ost & Salami: 1 | Hönökaka/Ost & Skinka: 1 | Hönökaka/Ost: 1 | Pastasallad/Asian Surf & Turf-Nudelsallad: 6 | Pastasallad/Falafel: 3 | Pastasallad/Havana Sweetchili kyckling: 6 | Pastasallad/Hawai Kyckling avocado: 6 | Pastasallad/Italiensk kyckling: 6 | Pastasallad/Kyckling & Salladsost: 6 | Pastasallad/Kyckling kebab: 4 | Pastasallad/Kyckling mangocurry: 5 | Pastasallad/Ost & Skinka: 4 | Pastasallad/Räkor: 6 | Räkstubbe/Räkstubbe: 2 | Sandwich/Bacon & Äggröra: 1 | Sandwich/Clubsandwich: 2 | Sandwich/Kyckling Curry: 1 | Sandwich/Räkor: 2 | Sandwich/Ägg & Avocadokräm: 2 | Stubbe/Rostbiffstubbe: 2 | Wraps/Caesar Kyckling: 6 | Wraps/Kyckling Bacon: 5 | Wraps/Kyckling Curry: 5 | Wraps/Sweet Chili: 5 | XL Frallor/Grovfralla Kalkon & Färskost: 1 | XL Frallor/Ost & Skinka: 1 | XL Frallor/Ost: 2
Stockholm N,ICA Nära Söderhöjden,Thursday,47,40~66,24,Baguette/Kyckling Curry: 2 | Baguette/Ost & Skinka: 1 | Baguette/Salami & Brieost: 1 | Baguette/Skagen: 1 | Fralla/Ost & Skinka: 2 | Fralla/Ost: 1 | Hönökaka/Ost & Salami: 2 | Hönökaka/Ost & Skinka: 2 | Hönökaka/Ost: 2 | Pastasallad/Falafel: 2 | Pastasallad/Kyckling & Salladsost: 2 | Pastasallad/Kyckling kebab: 1 | Pastasallad/Kyckling mangocurry: 3 | Pastasallad/Ost & Skinka: 2 | Pastasallad/Räkor: 2 | Sandwich/Bacon & Äggröra: 2 | Sandwich/Clubsandwich: 2 | Sandwich/Kyckling Curry: 2 | Sandwich/Räkor: 2 | Sandwich/Ägg & Avocadokräm: 1 | Wraps/Caesar Kyckling: 3 | Wraps/Kyckling Bacon: 3 | Wraps/Kyckling Curry: 3 | Wraps/Sweet Chili: 3
Stockholm N,ICA Spånga,Thursday,76,60~98,28,Baguette/Kyckling Curry: 2 | Baguette/Ost & Skinka: 2 | Baguette/Salami & Brieost: 2 | Baguette/Skagen: 2 | Fralla/Ost & Skinka: 2 | Fralla/Ost: 2 | Grönsallad/Caesarsallad: 6 | Hönökaka/Ost & Salami: 1 | Hönökaka/Ost & Skinka: 2 | Hönökaka/Ost: 2 | Pastasallad/Falafel: 2 | Pastasallad/Kyckling & Salladsost: 4 | Pastasallad/Kyckling kebab: 3 | Pastasallad/Kyckling mangocurry: 3 | Pastasallad/Ost & Skinka: 4 | Pastasallad/Räkor: 3 | Sandwich/Bacon & Äggröra: 2 | Sandwich/Clubsandwich: 3 | Sandwich/Kyckling Curry: 2 | Sandwich/Räkor: 2 | Sandwich/Ägg & Avocadokräm: 2 | Wraps/Caesar Kyckling: 4 | Wraps/Kyckling Bacon: 6 | Wraps/Kyckling Curry: 5 | Wraps/Sweet Chili: 4 | XL Frallor/Grovfralla Kalkon & Färskost: 1 | XL Frallor/Ost & Skinka: 2 | XL Frallor/Ost: 1
Stockholm N,ICA Supermarket Husby,Thursday,46,46~68,20,Baguette/Kyckling Curry: 2 | Baguette/Ost & Skinka: 1 | Baguette/Salami & Brieost: 1 | Baguette/Skagen: 2 | Pastasallad/Falafel: 3 | Pastasallad/Kyckling & Salladsost: 3 | Pastasallad/Kyckling kebab: 3 | Pastasallad/Kyckling mangocurry: 3 | Pastasallad/Ost & Skinka: 1 | Pastasallad/Räkor: 4 | Räkmacka Liten/Räkmacka liten: 3 | Sandwich/Bacon & Äggröra: 2 | Sandwich/Clubsandwich: 2 | Sandwich/Kyckling Curry: 1 | Sandwich/Räkor: 1 | Sandwich/Ägg & Avocadokräm: 3 | Wraps/Caesar Kyckling: 3 | Wraps/Kyckling Bacon: 2 | Wraps/Kyckling Curry: 3 | Wraps/Sweet Chili: 3
Stockholm N,Lilla Coop Kungsängen,Thursday,96,74~131,27,Baguette/Kyckling Curry: 5 | Baguette/Ost & Skinka: 5 | Baguette/Salami & Brieost: 5 | Baguette/Skagen: 4 | Fralla/Ost & Skinka: 5 | Fralla/Ost: 5 | Hönökaka/Ost & Salami: 2 | Hönökaka/Ost & Skinka: 2 | Hönökaka/Ost: 1 | Pastasallad/Falafel: 2 | Pastasallad/Kyckling & Salladsost: 4 | Pastasallad/Kyckling kebab: 3 | Pastasallad/Kyckling mangocurry: 4 | Pastasallad/Ost & Skinka: 3 | Pastasallad/Räkor: 4 | Sandwich/Bacon & Äggröra: 3 | Sandwich/Clubsandwich: 2 | Sandwich/Kyckling Curry: 3 | Sandwich/Räkor: 3 | Sandwich/Ägg & Avocadokräm: 3 | Wraps/Caesar Kyckling: 6 | Wraps/Kyckling Bacon: 4 | Wraps/Kyckling Curry: 4 | Wraps/Sweet Chili: 4 | XL Frallor/Grovfralla Kalkon & Färskost: 4 | XL Frallor/Ost & Skinka: 3 | XL Frallor/Ost: 3
Stockholm N,Stora Coop Spånga,Thursday,72,63~97,20,Pastasallad/Falafel: 1 | Pastasallad/Kyckling & Salladsost: 4 | Pastasallad/Kyckling kebab: 5 | Pastasallad/Kyckling mangocurry: 5 | Pastasallad/Ost & Skinka: 5 | Pastasallad/Räkor: 5 | Sandwich/Bacon & Äggröra: 3 | Sandwich/Clubsandwich: 3 | Sandwich/Kyckling Curry: 3 | Sandwich/Räkor: 3 | Sandwich/Ägg & Avocadokräm: 3 | Varmrätt/Cevapcici med bulgur: 2 | Varmrätt/Kycklingkebab med bulgur: 1 | Varmrätt/Kycklingpestosallad: 1 | Varmrätt/Tacobolognese med fullkornspasta: 2 | Varmrätt/Teriyakikycklingfile med basmatiris: 1 | Wraps/Caesar Kyckling: 7 | Wraps/Kyckling Bacon: 7 | Wraps/Kyckling Curry: 6 | Wraps/Sweet Chili: 5
Stockholm Södra,Coop Centralen,Sunday,289,242~336,9,Baguette/Ost & Skinka: 35 | Baguette/Salami & Brieost: 36 | Glutenfri Frallor/Glutenfri Ost & Skinka(endast söndagsbeställning): 25 | Glutenfri Frallor/Glutenfri Pumpafralla Kalkon & Färskost(endast söndagsbeställning): 16 | Hönökaka/Ost & Salami: 35 | Hönökaka/Ost & Skinka: 36 | Hönökaka/Ost: 35 | XL Frallor/Grovfralla Kalkon & Färskost: 35 | XL Frallor/Ost & Skinka: 36
Stockholm Södra,Coop Hagastaden,Sunday,60,46~81,15,Baguette/Salami & Brieost: 4 | Fralla/Ost & Skinka: 7 | Fralla/Ost: 6 | Hönökaka/Ost & Salami: 6 | Hönökaka/Ost & Skinka: 6 | Hönökaka/Ost: 6 | Pastasallad/Asian Surf & Turf-Nudelsallad: 2 | Pastasallad/Havana Sweetchili kyckling: 3 | Pastasallad/Hawai Kyckling avocado: 2 | Pastasallad/Italiensk kyckling: 4 | Räkmacka Liten/Räkmacka liten: 3 | Wraps/Kyckling Curry: 4 | XL Frallor/Grovfralla Kalkon & Färskost: 2 | XL Frallor/Ost & Skinka: 3 | XL Frallor/Ost: 2
Stockholm Södra,Coop HÖTORGET,Sunday,98,80~127,28,Baguette/Kyckling Curry: 1 | Baguette/Ost & Skinka: 2 | Baguette/Salami & Brieost: 4 | Baguette/Skagen: 2 | Fralla/Ost & Skinka: 6 | Fralla/Ost: 5 | Hönökaka/Ost & Salami: 4 | Hönökaka/Ost & Skinka: 5 | Hönökaka/Ost: 4 | Pastasallad/Asian Surf & Turf-Nudelsallad: 2 | Pastasallad/Havana Sweetchili kyckling: 3 | Pastasallad/Italiensk kyckling: 4 | Pastasallad/Kyckling & Salladsost: 5 | Pastasallad/Kyckling mangocurry: 5 | Pastasallad/Ost & Skinka: 3 | Pastasallad/Räkor: 3 | Sandwich/Bacon & Äggröra: 2 | Sandwich/Clubsandwich: 2 | Sandwich/Kyckling Curry: 2 | Sandwich/Räkor: 2 | Sandwich/Ägg & Avocadokräm: 1 | Wraps/Caesar Kyckling: 7 | Wraps/Kyckling Bacon: 5 | Wraps/Kyckling Curry: 6 | Wraps/Sweet Chili: 5 | XL Frallor/Grovfralla Kalkon & Färskost: 3 | XL Frallor/Ost & Skinka: 3 | XL Frallor/Ost: 2
Stockholm Södra,Coop Medborgarplatsen,Sunday,53,39~76,21,Baguette/Kyckling Curry: 2 | Baguette/Ost & Skinka: 2 | Baguette/Salami & Brieost: 3 | Fralla/Ost & Skinka: 6 | Fralla/Ost: 4 | Hönökaka/Ost & Salami: 2 | Hönökaka/Ost & Skinka: 2 | Hönökaka/Ost: 3 | Pastasallad/Kyckling & Salladsost: 4 | Pastasallad/Kyckling kebab: 2 | Pastasallad/Kyckling mangocurry: 6 | Pastasallad/Ost & Skinka: 2 | Pastasallad/Räkor: 2 | Sandwich/Kyckling Curry: 1 | Sandwich/Räkor: 1 | Wraps/Caesar Kyckling: 2 | Wraps/Kyckling Bacon: 2 | Wraps/Kyckling Curry: 2 | XL Frallor/Grovfralla Kalkon & Färskost: 2 | XL Frallor/Ost & Skinka: 2 | XL Frallor/Ost: 1
Stockholm Södra,Coop Odengatan,Sunday,53,37~69,27,Baguette/Kyckling Curry: 2 | Baguette/Ost & Skinka: 2 | Baguette/Salami & Brieost: 2 | Baguette/Skagen: 1 | Fralla/Ost & Skinka: 3 | Fralla/Ost: 2 | Hönökaka/Ost & Salami: 2 | Hönökaka/Ost & Skinka: 2 | Hönökaka/Ost: 2 | Pastasallad/Asian Surf & Turf-Nudelsallad: 1 | Pastasallad/Havana Sweetchili kyckling: 1 | Pastasallad/Italiensk kyckling: 2 | Pastasallad/Kyckling & Salladsost: 3 | Pastasallad/Kyckling kebab: 1 | Pastasallad/Kyckling mangocurry: 4 | Pastasallad/Ost & Skinka: 2 | Pastasallad/Räkor: 2 | Sandwich/Bacon & Äggröra: 1 | Sandwich/Clubsandwich: 1 | Sandwich/Kyckling Curry: 1 | Sandwich/Räkor: 1 | Wraps/Caesar Kyckling: 3 | Wraps/Kyckling Bacon: 3 | Wraps/Kyckling Curry: 3 | Wraps/Sweet Chili: 2 | XL Frallor/Grovfralla Kalkon & Färskost: 2 | XL Frallor/Ost & Skinka: 2
Stockholm Södra,Coop Odenplan,Sunday,40,31~55,19,Baguette/Kyckling Curry: 1 | Baguette/Ost & Skinka: 2 | Baguette/Salami & Brieost: 2 | Fralla/Ost & Skinka: 5 | Fralla/Ost: 4 | Hönökaka/Ost & Salami: 2 | Hönökaka/Ost & Skinka: 3 | Hönökaka/Ost: 3 | Sandwich/Bacon & Äggröra: 1 | Sandwich/Clubsandwich: 1 | Sandwich/Kyckling Curry: 1 | Sandwich/Räkor: 1 | Wraps/Caesar Kyckling: 2 | Wraps/Kyckling Bacon: 2 | Wraps/Kyckling Curry: 2 | Wraps/Sweet Chili: 1 | XL Frallor/Grovfralla Kalkon & Färskost: 3 | XL Frallor/Ost & Skinka: 2 | XL Frallor/Ost: 2
Stockholm Södra,Coop Rådhuset,Sunday,97,75~124,32,Baguette/Kyckling Curry: 2 | Baguette/Ost & Skinka: 4 | Baguette/Salami & Brieost: 5 | Baguette/Skagen: 3 | Fralla/Ost & Skinka: 6 | Fralla/Ost: 5 | Grönsallad/Caesarsallad: 2 | Hönökaka/Ost & Salami: 5 | Hönökaka/Ost & Skinka: 5 | Hönökaka/Ost: 5 | Pastasallad/Asian Surf & Turf-Nudelsallad: 2 | Pastasallad/Falafel: 1 | Pastasallad/Havana Sweetchili kyckling: 2 | Pastasallad/Hawai Kyckling avocado: 2 | Pastasallad/Italiensk kyckling: 3 | Pastasallad/Kyckling & Salladsost: 4 | Pastasallad/Kyckling kebab: 1 | Pastasallad/Kyckling mangocurry: 5 | Pastasallad/Ost & Skinka: 2 | Pastasallad/Räkor: 3 | Sandwich/Bacon & Äggröra: 2 | Sandwich/Clubsandwich: 2 | Sandwich/Kyckling Curry: 1 | Sandwich/Räkor: 2 | Sandwich/Ägg & Avocadokräm: 1 | Wraps/Caesar Kyckling: 3 | Wraps/Kyckling Bacon: 3 | Wraps/Kyckling Curry: 4 | Wraps/Sweet Chili: 2 | XL Frallor/Grovfralla Kalkon & Färskost: 3 | XL Frallor/Ost & Skinka: 4 | XL Frallor/Ost: 3
Stockholm Södra,Coop Sveavägen,Sunday,115,94~143,29,Baguette/Kyckling Curry: 3 | Baguette/Ost & Skinka: 3 | Baguette/Salami & Brieost: 6 | Baguette/Skagen: 4 | Fralla/Ost & Skinka: 7 | Fralla/Ost: 6 | Hönökaka/Ost & Salami: 6 | Hönökaka/Ost & Skinka: 5 | Hönökaka/Ost: 4 | Pastasallad/Asian Surf & Turf-Nudelsallad: 3 | Pastasallad/Falafel: 1 | Pastasallad/Havana Sweetchili kyckling: 3 | Pastasallad/Kyckling & Salladsost: 3 | Pastasallad/Kyckling kebab: 2 | Pastasallad/Kyckling mangocurry: 6 | Pastasallad/Ost & Skinka: 3 | Pastasallad/Räkor: 4 | Sandwich/Bacon & Äggröra: 2 | Sandwich/Clubsandwich: 3 | Sandwich/Kyckling Curry: 2 | Sandwich/Räkor: 3 | Sandwich/Ägg & Avocadokräm: 2 | Wraps/Caesar Kyckling: 5 | Wraps/Kyckling Bacon: 5 | Wraps/Kyckling Curry: 5 | Wraps/Sweet Chili: 5 | XL Frallor/Grovfralla Kalkon & Färskost: 6 | XL Frallor/Ost & Skinka: 5 | XL Frallor/Ost: 3
Stockholm Södra,Coop Tomtebogatan,Sunday,38,26~48,18,Baguette/Kyckling Curry: 1 | Baguette/Ost & Skinka: 1 | Baguette/Salami & Brieost: 2 | Baguette/Skagen: 1 | Fralla/Ost & Skinka: 4 | Fralla/Ost: 3 | Hönökaka/Ost & Salami: 2 | Hönökaka/Ost & Skinka: 2 | Hönökaka/Ost: 2 | Pastasallad/Kyckling & Salladsost: 3 | Pastasallad/Kyckling kebab: 1 | Pastasallad/Kyckling mangocurry: 4 | Pastasallad/Ost & Skinka: 2 | Pastasallad/Räkor: 2 | Sandwich/Bacon & Äggröra: 1 | Sandwich/Kyckling Curry: 1 | Sandwich/Ägg & Avocadokräm: 1 | Wraps/Kyckling Curry: 5
Stockholm Södra,Coop Zinkensdamm,Sunday,91,68~112,27,Baguette/Kyckling Curry: 3 | Baguette/Ost & Skinka: 4 | Baguette/Salami & Brieost: 5 | Baguette/Skagen: 2 | Fralla/Ost & Skinka: 9 | Fralla/Ost: 6 | Hönökaka/Ost & Salami: 4 | Hönökaka/Ost & Skinka: 4 | Hönökaka/Ost: 4 | Pastasallad/Falafel: 2 | Pastasallad/Kyckling & Salladsost: 5 | Pastasallad/Kyckling kebab: 2 | Pastasallad/Kyckling mangocurry: 7 | Pastasallad/Ost & Skinka: 3 | Pastasallad/Räkor: 4 | Räkmacka Handskalade räkor/Räkmacka Handskalade Räkor: 3 | Sandwich/Bacon & Äggröra: 1 | Sandwich/Clubsandwich: 2 | Sandwich/Kyckling Curry: 2 | Sandwich/Räkor: 1 | Wraps/Caesar Kyckling: 3 | Wraps/Kyckling Bacon: 3 | Wraps/Kyckling Curry: 3 | Wraps/Sweet Chili: 2 | XL Frallor/Grovfralla Kalkon & Färskost: 2 | XL Frallor/Ost & Skinka: 3 | XL Frallor/Ost: 2
Stockholm Södra,Coop grindsgatan,Sunday,29,14~44,17,Baguette/Kyckling Curry: 1 | Baguette/Salami & Brieost: 2 | Fralla/Ost & Skinka: 2 | Fralla/Ost: 2 | Hönökaka/Ost & Salami: 2 | Hönökaka/Ost & Skinka: 1 | Hönökaka/Ost: 2 | Pastasallad/Kyckling & Salladsost: 3 | Pastasallad/Kyckling kebab: 1 | Pastasallad/Kyckling mangocurry: 4 | Pastasallad/Räkor: 2 | Sandwich/Clubsandwich: 1 | Sandwich/Kyckling Curry: 1 | Wraps/Caesar Kyckling: 1 | Wraps/Kyckling Bacon: 1 | Wraps/Kyckling Curry: 2 | Wraps/Sweet Chili: 1
Stockholm Södra,Hemköp Matpressen,Sunday,97,75~123,31,Baguette/Kyckling Curry: 2 | Baguette/Ost & Skinka: 2 | Baguette/Salami & Brieost: 5 | Baguette/Skagen: 2 | Fralla/Ost & Skinka: 4 | Fralla/Ost: 4 | Hönökaka/Ost & Salami: 4 | Hönökaka/Ost & Skinka: 5 | Hönökaka/Ost: 4 | Pastasallad/Asian Surf & Turf-Nudelsallad: 2 | Pastasallad/Falafel: 1 | Pastasallad/Havana Sweetchili kyckling: 3 | Pastasallad/Italiensk kyckling: 4 | Pastasallad/Kyckling & Salladsost: 6 | Pastasallad/Kyckling kebab: 1 | Pastasallad/Kyckling mangocurry: 7 | Pastasallad/Ost & Skinka: 4 | Pastasallad/Räkor: 4 | Räkmacka Handskalade räkor/Räkmacka Handskalade Räkor: 3 | Sandwich/Bacon & Äggröra: 1 | Sandwich/Clubsandwich: 2 | Sandwich/Kyckling Curry: 2 | Sandwich/Räkor: 1 | Sandwich/Ägg & Avocadokräm: 1 | Wraps/Caesar Kyckling: 3 | Wraps/Kyckling Bacon: 4 | Wraps/Kyckling Curry: 4 | Wraps/Sweet Chili: 4 | XL Frallor/Grovfralla Kalkon & Färskost: 3 | XL Frallor/Ost & Skinka: 3 | XL Frallor/Ost: 2
Stockholm Södra,ICA Blecktornet,Sunday,61,46~79,26,Baguette/Kyckling Curry: 1 | Baguette/Ost & Skinka: 2 | Baguette/Salami & Brieost: 3 | Baguette/Skagen: 1 | Fralla/Ost & Skinka: 2 | Fralla/Ost: 2 | Hönökaka/Ost & Salami: 2 | Hönökaka/Ost & Skinka: 2 | Hönökaka/Ost: 2 | Pastasallad/Falafel: 1 | Pastasallad/Kyckling & Salladsost: 4 | Pastasallad/Kyckling kebab: 1 | Pastasallad/Kyckling mangocurry: 5 | Pastasallad/Ost & Skinka: 2 | Pastasallad/Räkor: 3 | Sandwich/Clubsandwich: 5 | Sandwich/Kyckling Curry: 2 | Sandwich/Räkor: 2 | Sandwich/Ägg & Avocadokräm: 1 | Wraps/Caesar Kyckling: 3 | Wraps/Kyckling Bacon: 3 | Wraps/Kyckling Curry: 4 | Wraps/Sweet Chili: 2 | XL Frallor/Grovfralla Kalkon & Färskost: 2 | XL Frallor/Ost & Skinka: 2 | XL Frallor/Ost: 2
Stockholm Södra,ICA Fridhemsplan,Sunday,82,60~104,28,Baguette/Kyckling Curry: 2 | Baguette/Ost & Skinka: 2 | Baguette/Salami & Brieost: 3 | Baguette/Skagen: 1 | Fralla/Ost & Skinka: 4 | Fralla/Ost: 3 | Hönökaka/Ost & Salami: 3 | Hönökaka/Ost & Skinka: 3 | Hönökaka/Ost: 3 | Pastasallad/Falafel: 2 | Pastasallad/Kyckling & Salladsost: 5 | Pastasallad/Kyckling kebab: 2 | Pastasallad/Kyckling mangocurry: 7 | Pastasallad/Ost & Skinka: 3 | Pastasallad/Räkor: 4 | Räkmacka Liten/Räkmacka liten: 4 | Sandwich/Bacon & Äggröra: 1 | Sandwich/Clubsandwich: 2 | Sandwich/Kyckling Curry: 1 | Sandwich/Räkor: 2 | Sandwich/Ägg & Avocadokräm: 1 | Wraps/Caesar Kyckling: 4 | Wraps/Kyckling Bacon: 4 | Wraps/Kyckling Curry: 4 | Wraps/Sweet Chili: 3 | XL Frallor/Grovfralla Kalkon & Färskost: 3 | XL Frallor/Ost & Skinka: 3 | XL Frallor/Ost: 3
Stockholm Södra,ICA Högalid,Sunday,91,71~116,30,Baguette/Kyckling Curry: 1 | Baguette/Ost & Skinka: 2 | Baguette/Salami & Brieost: 2 | Baguette/Skagen: 2 | Fralla/Ost & Skinka: 5 | Fralla/Ost: 4 | Hönökaka/Ost & Salami: 2 | Hönökaka/Ost & Skinka: 2 | Hönökaka/Ost: 2 | Pastasallad/Asian Surf & Turf-Nudelsallad: 2 | Pastasallad/Falafel: 1 | Pastasallad/Havana Sweetchili kyckling: 3 | Pastasallad/Italiensk kyckling: 3 | Pastasallad/Kyckling & Salladsost: 4 | Pastasallad/Kyckling kebab: 1 | Pastasallad/Kyckling mangocurry: 5 | Pastasallad/Ost & Skinka: 3 | Pastasallad/Räkor: 3 | Sandwich/Bacon & Äggröra: 1 | Sandwich/Clubsandwich: 1 | Sandwich/Kyckling Curry: 2 | Sandwich/Räkor: 1 | Sandwich/Ägg & Avocadokräm: 1 | Wraps/Caesar Kyckling: 7 | Wraps/Kyckling Bacon: 9 | Wraps/Kyckling Curry: 7 | Wraps/Sweet Chili: 7 | XL Frallor/Grovfralla Kalkon & Färskost: 3 | XL Frallor/Ost & Skinka: 3 | XL Frallor/Ost: 2
Stockholm Södra,ICA Mathörnan,Sunday,73,54~103,26,Baguette/Kyckling Curry: 2 | Baguette/Ost & Skinka: 2 | Baguette/Salami & Brieost: 2 | Fralla/Ost & Skinka: 6 | Fralla/Ost: 5 | Hönökaka/Ost & Salami: 3 | Hönökaka/Ost & Skinka: 2 | Hönökaka/Ost: 2 | Pastasallad/Falafel: 1 | Pastasallad/Kyckling & Salladsost: 5 | Pastasallad/Kyckling kebab: 2 | Pastasallad/Kyckling mangocurry: 6 | Pastasallad/Ost & Skinka: 2 | Pastasallad/Räkor: 5 | Räkmacka Handskalade räkor/Räkmacka Handskalade Räkor: 4 | Sandwich/Bacon & Äggröra: 1 | Sandwich/Clubsandwich: 1 | Sandwich/Kyckling Curry: 2 | Sandwich/Räkor: 1 | Wraps/Caesar Kyckling: 3 | Wraps/Kyckling Bacon: 4 | Wraps/Kyckling Curry: 4 | Wraps/Sweet Chili: 2 | XL Frallor/Grovfralla Kalkon & Färskost: 2 | XL Frallor/Ost & Skinka: 2 | XL Frallor/Ost: 2
Stockholm Södra,ICA Södra Station,Sunday,94,74~120,29,Baguette/Kyckling Curry: 2 | Baguette/Ost & Skinka: 2 | Baguette/Salami & Brieost: 3 | Baguette/Skagen: 2 | Fralla/Ost & Skinka: 6 | Fralla/Ost: 4 | Hönökaka/Ost & Salami: 4 | Hönökaka/Ost & Skinka: 4 | Hönökaka/Ost: 4 | Pastasallad/Asian Surf & Turf-Nudelsallad: 2 | Pastasallad/Falafel: 1 | Pastasallad/Havana Sweetchili kyckling: 3 | Pastasallad/Italiensk kyckling: 4 | Pastasallad/Kyckling & Salladsost: 5 | Pastasallad/Kyckling kebab: 2 | Pastasallad/Kyckling mangocurry: 6 | Pastasallad/Ost & Skinka: 2 | Pastasallad/Räkor: 4 | Sandwich/Bacon & Äggröra: 3 | Sandwich/Clubsandwich: 3 | Sandwich/Kyckling Curry: 2 | Sandwich/Räkor: 2 | Wraps/Caesar Kyckling: 4 | Wraps/Kyckling Bacon: 4 | Wraps/Kyckling Curry: 4 | Wraps/Sweet Chili: 4 | XL Frallor/Grovfralla Kalkon & Färskost: 3 | XL Frallor/Ost & Skinka: 3 | XL Frallor/Ost: 2
Stockholm Södra,Myway Södra Station,Sunday,40,29~55,21,Baguette/Kyckling Curry: 1 | Baguette/Ost & Skinka: 1 | Baguette/Salami & Brieost: 1 | Baguette/Skagen: 1 | Fralla/Ost & Skinka: 4 | Fralla/Ost: 4 | Hönökaka/Ost & Salami: 3 | Hönökaka/Ost & Skinka: 3 | Hönökaka/Ost: 3 | Sandwich/Bacon & Äggröra: 1 | Sandwich/Clubsandwich: 1 | Sandwich/Kyckling Curry: 1 | Sandwich/Räkor: 1 | Sandwich/Ägg & Avocadokräm: 1 | Wraps/Caesar Kyckling: 1 | Wraps/Kyckling Bacon: 2 | Wraps/Kyckling Curry: 2 | Wraps/Sweet Chili: 1 | XL Frallor/Grovfralla Kalkon & Färskost: 3 | XL Frallor/Ost & Skinka: 2 | XL Frallor/Ost: 3
Stockholm Södra,Coop Centralen,Tuesday,289,242~336,9,Baguette/Ost & Skinka: 35 | Baguette/Salami & Brieost: 36 | Glutenfri Frallor/Glutenfri Ost & Skinka(endast söndagsbeställning): 25 | Glutenfri Frallor/Glutenfri Pumpafralla Kalkon & Färskost(endast söndagsbeställning): 16 | Hönökaka/Ost & Salami: 35 | Hönökaka/Ost & Skinka: 36 | Hönökaka/Ost: 35 | XL Frallor/Grovfralla Kalkon & Färskost: 35 | XL Frallor/Ost & Skinka: 36
Stockholm Södra,Coop HÖTORGET,Tuesday,98,80~127,28,Baguette/Kyckling Curry: 1 | Baguette/Ost & Skinka: 2 | Baguette/Salami & Brieost: 4 | Baguette/Skagen: 2 | Fralla/Ost & Skinka: 6 | Fralla/Ost: 5 | Hönökaka/Ost & Salami: 4 | Hönökaka/Ost & Skinka: 5 | Hönökaka/Ost: 4 | Pastasallad/Asian Surf & Turf-Nudelsallad: 2 | Pastasallad/Havana Sweetchili kyckling: 3 | Pastasallad/Italiensk kyckling: 4 | Pastasallad/Kyckling & Salladsost: 5 | Pastasallad/Kyckling mangocurry: 5 | Pastasallad/Ost & Skinka: 3 | Pastasallad/Räkor: 3 | Sandwich/Bacon & Äggröra: 2 | Sandwich/Clubsandwich: 2 | Sandwich/Kyckling Curry: 2 | Sandwich/Räkor: 2 | Sandwich/Ägg & Avocadokräm: 1 | Wraps/Caesar Kyckling: 7 | Wraps/Kyckling Bacon: 5 | Wraps/Kyckling Curry: 6 | Wraps/Sweet Chili: 5 | XL Frallor/Grovfralla Kalkon & Färskost: 3 | XL Frallor/Ost & Skinka: 3 | XL Frallor/Ost: 2
Stockholm Södra,Coop Odengatan,Tuesday,53,37~69,27,Baguette/Kyckling Curry: 2 | Baguette/Ost & Skinka: 2 | Baguette/Salami & Brieost: 2 | Baguette/Skagen: 1 | Fralla/Ost & Skinka: 3 | Fralla/Ost: 2 | Hönökaka/Ost & Salami: 2 | Hönökaka/Ost & Skinka: 2 | Hönökaka/Ost: 2 | Pastasallad/Asian Surf & Turf-Nudelsallad: 1 | Pastasallad/Havana Sweetchili kyckling: 1 | Pastasallad/Italiensk kyckling: 2 | Pastasallad/Kyckling & Salladsost: 3 | Pastasallad/Kyckling kebab: 1 | Pastasallad/Kyckling mangocurry: 4 | Pastasallad/Ost & Skinka: 2 | Pastasallad/Räkor: 2 | Sandwich/Bacon & Äggröra: 1 | Sandwich/Clubsandwich: 1 | Sandwich/Kyckling Curry: 1 | Sandwich/Räkor: 1 | Wraps/Caesar Kyckling: 3 | Wraps/Kyckling Bacon: 3 | Wraps/Kyckling Curry: 3 | Wraps/Sweet Chili: 2 | XL Frallor/Grovfralla Kalkon & Färskost: 2 | XL Frallor/Ost & Skinka: 2
Stockholm Södra,Coop Odenplan,Tuesday,40,31~55,19,Baguette/Kyckling Curry: 1 | Baguette/Ost & Skinka: 2 | Baguette/Salami & Brieost: 2 | Fralla/Ost & Skinka: 5 | Fralla/Ost: 4 | Hönökaka/Ost & Salami: 2 | Hönökaka/Ost & Skinka: 3 | Hönökaka/Ost: 3 | Sandwich/Bacon & Äggröra: 1 | Sandwich/Clubsandwich: 1 | Sandwich/Kyckling Curry: 1 | Sandwich/Räkor: 1 | Wraps/Caesar Kyckling: 2 | Wraps/Kyckling Bacon: 2 | Wraps/Kyckling Curry: 2 | Wraps/Sweet Chili: 1 | XL Frallor/Grovfralla Kalkon & Färskost: 3 | XL Frallor/Ost & Skinka: 2 | XL Frallor/Ost: 2
Stockholm Södra,Coop Rådhuset,Tuesday,97,75~124,32,Baguette/Kyckling Curry: 2 | Baguette/Ost & Skinka: 4 | Baguette/Salami & Brieost: 5 | Baguette/Skagen: 3 | Fralla/Ost & Skinka: 6 | Fralla/Ost: 5 | Grönsallad/Caesarsallad: 2 | Hönökaka/Ost & Salami: 5 | Hönökaka/Ost & Skinka: 5 | Hönökaka/Ost: 5 | Pastasallad/Asian Surf & Turf-Nudelsallad: 2 | Pastasallad/Falafel: 1 | Pastasallad/Havana Sweetchili kyckling: 2 | Pastasallad/Hawai Kyckling avocado: 2 | Pastasallad/Italiensk kyckling: 3 | Pastasallad/Kyckling & Salladsost: 4 | Pastasallad/Kyckling kebab: 1 | Pastasallad/Kyckling mangocurry: 5 | Pastasallad/Ost & Skinka: 2 | Pastasallad/Räkor: 3 | Sandwich/Bacon & Äggröra: 2 | Sandwich/Clubsandwich: 2 | Sandwich/Kyckling Curry: 1 | Sandwich/Räkor: 2 | Sandwich/Ägg & Avocadokräm: 1 | Wraps/Caesar Kyckling: 3 | Wraps/Kyckling Bacon: 3 | Wraps/Kyckling Curry: 4 | Wraps/Sweet Chili: 2 | XL Frallor/Grovfralla Kalkon & Färskost: 3 | XL Frallor/Ost & Skinka: 4 | XL Frallor/Ost: 3
Stockholm Södra,Coop Sveavägen,Tuesday,115,94~143,29,Baguette/Kyckling Curry: 3 | Baguette/Ost & Skinka: 3 | Baguette/Salami & Brieost: 6 | Baguette/Skagen: 4 | Fralla/Ost & Skinka: 7 | Fralla/Ost: 6 | Hönökaka/Ost & Salami: 6 | Hönökaka/Ost & Skinka: 5 | Hönökaka/Ost: 4 | Pastasallad/Asian Surf & Turf-Nudelsallad: 3 | Pastasallad/Falafel: 1 | Pastasallad/Havana Sweetchili kyckling: 3 | Pastasallad/Kyckling & Salladsost: 3 | Pastasallad/Kyckling kebab: 2 | Pastasallad/Kyckling mangocurry: 6 | Pastasallad/Ost & Skinka: 3 | Pastasallad/Räkor: 4 | Sandwich/Bacon & Äggröra: 2 | Sandwich/Clubsandwich: 3 | Sandwich/Kyckling Curry: 2 | Sandwich/Räkor: 3 | Sandwich/Ägg & Avocadokräm: 2 | Wraps/Caesar Kyckling: 5 | Wraps/Kyckling Bacon: 5 | Wraps/Kyckling Curry: 5 | Wraps/Sweet Chili: 5 | XL Frallor/Grovfralla Kalkon & Färskost: 6 | XL Frallor/Ost & Skinka: 5 | XL Frallor/Ost: 3
Stockholm Södra,Coop Tomtebogatan,Tuesday,38,26~48,18,Baguette/Kyckling Curry: 1 | Baguette/Ost & Skinka: 1 | Baguette/Salami & Brieost: 2 | Baguette/Skagen: 1 | Fralla/Ost & Skinka: 4 | Fralla/Ost: 3 | Hönökaka/Ost & Salami: 2 | Hönökaka/Ost & Skinka: 2 | Hönökaka/Ost: 2 | Pastasallad/Kyckling & Salladsost: 3 | Pastasallad/Kyckling kebab: 1 | Pastasallad/Kyckling mangocurry: 4 | Pastasallad/Ost & Skinka: 2 | Pastasallad/Räkor: 2 | Sandwich/Bacon & Äggröra: 1 | Sandwich/Kyckling Curry: 1 | Sandwich/Ägg & Avocadokräm: 1 | Wraps/Kyckling Curry: 5
Stockholm Södra,Coop Zinkensdamm,Tuesday,91,68~112,27,Baguette/Kyckling Curry: 3 | Baguette/Ost & Skinka: 4 | Baguette/Salami & Brieost: 5 | Baguette/Skagen: 2 | Fralla/Ost & Skinka: 9 | Fralla/Ost: 6 | Hönökaka/Ost & Salami: 4 | Hönökaka/Ost & Skinka: 4 | Hönökaka/Ost: 4 | Pastasallad/Falafel: 2 | Pastasallad/Kyckling & Salladsost: 5 | Pastasallad/Kyckling kebab: 2 | Pastasallad/Kyckling mangocurry: 7 | Pastasallad/Ost & Skinka: 3 | Pastasallad/Räkor: 4 | Räkmacka Handskalade räkor/Räkmacka Handskalade Räkor: 3 | Sandwich/Bacon & Äggröra: 1 | Sandwich/Clubsandwich: 2 | Sandwich/Kyckling Curry: 2 | Sandwich/Räkor: 1 | Wraps/Caesar Kyckling: 3 | Wraps/Kyckling Bacon: 3 | Wraps/Kyckling Curry: 3 | Wraps/Sweet Chili: 2 | XL Frallor/Grovfralla Kalkon & Färskost: 2 | XL Frallor/Ost & Skinka: 3 | XL Frallor/Ost: 2
Stockholm Södra,Hemköp Matpressen,Tuesday,97,75~123,31,Baguette/Kyckling Curry: 2 | Baguette/Ost & Skinka: 2 | Baguette/Salami & Brieost: 5 | Baguette/Skagen: 2 | Fralla/Ost & Skinka: 4 | Fralla/Ost: 4 | Hönökaka/Ost & Salami: 4 | Hönökaka/Ost & Skinka: 5 | Hönökaka/Ost: 4 | Pastasallad/Asian Surf & Turf-Nudelsallad: 2 | Pastasallad/Falafel: 1 | Pastasallad/Havana Sweetchili kyckling: 3 | Pastasallad/Italiensk kyckling: 4 | Pastasallad/Kyckling & Salladsost: 6 | Pastasallad/Kyckling kebab: 1 | Pastasallad/Kyckling mangocurry: 7 | Pastasallad/Ost & Skinka: 4 | Pastasallad/Räkor: 4 | Räkmacka Handskalade räkor/Räkmacka Handskalade Räkor: 3 | Sandwich/Bacon & Äggröra: 1 | Sandwich/Clubsandwich: 2 | Sandwich/Kyckling Curry: 2 | Sandwich/Räkor: 1 | Sandwich/Ägg & Avocadokräm: 1 | Wraps/Caesar Kyckling: 3 | Wraps/Kyckling Bacon: 4 | Wraps/Kyckling Curry: 4 | Wraps/Sweet Chili: 4 | XL Frallor/Grovfralla Kalkon & Färskost: 3 | XL Frallor/Ost & Skinka: 3 | XL Frallor/Ost: 2
Stockholm Södra,ICA Blecktornet,Tuesday,61,46~79,26,Baguette/Kyckling Curry: 1 | Baguette/Ost & Skinka: 2 | Baguette/Salami & Brieost: 3 | Baguette/Skagen: 1 | Fralla/Ost & Skinka: 2 | Fralla/Ost: 2 | Hönökaka/Ost & Salami: 2 | Hönökaka/Ost & Skinka: 2 | Hönökaka/Ost: 2 | Pastasallad/Falafel: 1 | Pastasallad/Kyckling & Salladsost: 4 | Pastasallad/Kyckling kebab: 1 | Pastasallad/Kyckling mangocurry: 5 | Pastasallad/Ost & Skinka: 2 | Pastasallad/Räkor: 3 | Sandwich/Clubsandwich: 5 | Sandwich/Kyckling Curry: 2 | Sandwich/Räkor: 2 | Sandwich/Ägg & Avocadokräm: 1 | Wraps/Caesar Kyckling: 3 | Wraps/Kyckling Bacon: 3 | Wraps/Kyckling Curry: 4 | Wraps/Sweet Chili: 2 | XL Frallor/Grovfralla Kalkon & Färskost: 2 | XL Frallor/Ost & Skinka: 2 | XL Frallor/Ost: 2
Stockholm Södra,ICA Fridhemsplan,Tuesday,82,60~104,28,Baguette/Kyckling Curry: 2 | Baguette/Ost & Skinka: 2 | Baguette/Salami & Brieost: 3 | Baguette/Skagen: 1 | Fralla/Ost & Skinka: 4 | Fralla/Ost: 3 | Hönökaka/Ost & Salami: 3 | Hönökaka/Ost & Skinka: 3 | Hönökaka/Ost: 3 | Pastasallad/Falafel: 2 | Pastasallad/Kyckling & Salladsost: 5 | Pastasallad/Kyckling kebab: 2 | Pastasallad/Kyckling mangocurry: 7 | Pastasallad/Ost & Skinka: 3 | Pastasallad/Räkor: 4 | Räkmacka Liten/Räkmacka liten: 4 | Sandwich/Bacon & Äggröra: 1 | Sandwich/Clubsandwich: 2 | Sandwich/Kyckling Curry: 1 | Sandwich/Räkor: 2 | Sandwich/Ägg & Avocadokräm: 1 | Wraps/Caesar Kyckling: 4 | Wraps/Kyckling Bacon: 4 | Wraps/Kyckling Curry: 4 | Wraps/Sweet Chili: 3 | XL Frallor/Grovfralla Kalkon & Färskost: 3 | XL Frallor/Ost & Skinka: 3 | XL Frallor/Ost: 3
Stockholm Södra,ICA Högalid,Tuesday,91,71~116,30,Baguette/Kyckling Curry: 1 | Baguette/Ost & Skinka: 2 | Baguette/Salami & Brieost: 2 | Baguette/Skagen: 2 | Fralla/Ost & Skinka: 5 | Fralla/Ost: 4 | Hönökaka/Ost & Salami: 2 | Hönökaka/Ost & Skinka: 2 | Hönökaka/Ost: 2 | Pastasallad/Asian Surf & Turf-Nudelsallad: 2 | Pastasallad/Falafel: 1 | Pastasallad/Havana Sweetchili kyckling: 3 | Pastasallad/Italiensk kyckling: 3 | Pastasallad/Kyckling & Salladsost: 4 | Pastasallad/Kyckling kebab: 1 | Pastasallad/Kyckling mangocurry: 5 | Pastasallad/Ost & Skinka: 3 | Pastasallad/Räkor: 3 | Sandwich/Bacon & Äggröra: 1 | Sandwich/Clubsandwich: 1 | Sandwich/Kyckling Curry: 2 | Sandwich/Räkor: 1 | Sandwich/Ägg & Avocadokräm: 1 | Wraps/Caesar Kyckling: 7 | Wraps/Kyckling Bacon: 9 | Wraps/Kyckling Curry: 7 | Wraps/Sweet Chili: 7 | XL Frallor/Grovfralla Kalkon & Färskost: 3 | XL Frallor/Ost & Skinka: 3 | XL Frallor/Ost: 2
Stockholm Södra,ICA Södra Station,Tuesday,94,74~120,29,Baguette/Kyckling Curry: 2 | Baguette/Ost & Skinka: 2 | Baguette/Salami & Brieost: 3 | Baguette/Skagen: 2 | Fralla/Ost & Skinka: 6 | Fralla/Ost: 4 | Hönökaka/Ost & Salami: 4 | Hönökaka/Ost & Skinka: 4 | Hönökaka/Ost: 4 | Pastasallad/Asian Surf & Turf-Nudelsallad: 2 | Pastasallad/Falafel: 1 | Pastasallad/Havana Sweetchili kyckling: 3 | Pastasallad/Italiensk kyckling: 4 | Pastasallad/Kyckling & Salladsost: 5 | Pastasallad/Kyckling kebab: 2 | Pastasallad/Kyckling mangocurry: 6 | Pastasallad/Ost & Skinka: 2 | Pastasallad/Räkor: 4 | Sandwich/Bacon & Äggröra: 3 | Sandwich/Clubsandwich: 3 | Sandwich/Kyckling Curry: 2 | Sandwich/Räkor: 2 | Wraps/Caesar Kyckling: 4 | Wraps/Kyckling Bacon: 4 | Wraps/Kyckling Curry: 4 | Wraps/Sweet Chili: 4 | XL Frallor/Grovfralla Kalkon & Färskost: 3 | XL Frallor/Ost & Skinka: 3 | XL Frallor/Ost: 2
Stockholm Södra,Myway Södra Station,Tuesday,40,29~55,21,Baguette/Kyckling Curry: 1 | Baguette/Ost & Skinka: 1 | Baguette/Salami & Brieost: 1 | Baguette/Skagen: 1 | Fralla/Ost & Skinka: 4 | Fralla/Ost: 4 | Hönökaka/Ost & Salami: 3 | Hönökaka/Ost & Skinka: 3 | Hönökaka/Ost: 3 | Sandwich/Bacon & Äggröra: 1 | Sandwich/Clubsandwich: 1 | Sandwich/Kyckling Curry: 1 | Sandwich/Räkor: 1 | Sandwich/Ägg & Avocadokräm: 1 | Wraps/Caesar Kyckling: 1 | Wraps/Kyckling Bacon: 2 | Wraps/Kyckling Curry: 2 | Wraps/Sweet Chili: 1 | XL Frallor/Grovfralla Kalkon & Färskost: 3 | XL Frallor/Ost & Skinka: 2 | XL Frallor/Ost: 3
Stockholm Södra,Coop Centralen,Thursday,284,243~334,9,Baguette/Ost & Skinka: 36 | Baguette/Salami & Brieost: 35 | Glutenfri Frallor/Glutenfri Ost & Skinka(endast söndagsbeställning): 24 | Glutenfri Frallor/Glutenfri Pumpafralla Kalkon & Färskost(endast söndagsbeställning): 15 | Hönökaka/Ost & Salami: 34 | Hönökaka/Ost & Skinka: 35 | Hönökaka/Ost: 34 | XL Frallor/Grovfralla Kalkon & Färskost: 36 | XL Frallor/Ost & Skinka: 35
Stockholm Södra,Coop Hagastaden,Thursday,60,50~78,15,Baguette/Salami & Brieost: 3 | Fralla/Ost & Skinka: 7 | Fralla/Ost: 5 | Hönökaka/Ost & Salami: 7 | Hönökaka/Ost & Skinka: 5 | Hönökaka/Ost: 5 | Pastasallad/Asian Surf & Turf-Nudelsallad: 2 | Pastasallad/Havana Sweetchili kyckling: 3 | Pastasallad/Hawai Kyckling avocado: 3 | Pastasallad/Italiensk kyckling: 3 | Räkmacka Liten/Räkmacka liten: 3 | Wraps/Kyckling Curry: 5 | XL Frallor/Grovfralla Kalkon & Färskost: 3 | XL Frallor/Ost & Skinka: 3 | XL Frallor/Ost: 3
Stockholm Södra,Coop HÖTORGET,Thursday,97,74~126,28,Baguette/Kyckling Curry: 2 | Baguette/Ost & Skinka: 2 | Baguette/Salami & Brieost: 3 | Baguette/Skagen: 1 | Fralla/Ost & Skinka: 7 | Fralla/Ost: 5 | Hönökaka/Ost & Salami: 5 | Hönökaka/Ost & Skinka: 4 | Hönökaka/Ost: 3 | Pastasallad/Asian Surf & Turf-Nudelsallad: 2 | Pastasallad/Havana Sweetchili kyckling: 4 | Pastasallad/Italiensk kyckling: 3 | Pastasallad/Kyckling & Salladsost: 4 | Pastasallad/Kyckling mangocurry: 5 | Pastasallad/Ost & Skinka: 2 | Pastasallad/Räkor: 2 | Sandwich/Bacon & Äggröra: 3 | Sandwich/Clubsandwich: 3 | Sandwich/Kyckling Curry: 1 | Sandwich/Räkor: 3 | Sandwich/Ägg & Avocadokräm: 2 | Wraps/Caesar Kyckling: 7 | Wraps/Kyckling Bacon: 6 | Wraps/Kyckling Curry: 6 | Wraps/Sweet Chili: 5 | XL Frallor/Grovfralla Kalkon & Färskost: 2 | XL Frallor/Ost & Skinka: 3 | XL Frallor/Ost: 2
Stockholm Södra,Coop Medborgarplatsen,Thursday,55,41~78,24,Baguette/Kyckling Curry: 1 | Baguette/Ost & Skinka: 3 | Baguette/Salami & Brieost: 3 | Fralla/Ost & Skinka: 5 | Fralla/Ost: 5 | Hönökaka/Ost & Salami: 3 | Hönökaka/Ost & Skinka: 2 | Hönökaka/Ost: 3 | Pastasallad/Falafel: 1 | Pastasallad/Kyckling & Salladsost: 4 | Pastasallad/Kyckling kebab: 1 | Pastasallad/Kyckling mangocurry: 5 | Pastasallad/Ost & Skinka: 2 | Pastasallad/Räkor: 3 | Sandwich/Bacon & Äggröra: 1 | Sandwich/Clubsandwich: 1 | Sandwich/Kyckling Curry: 1 | Sandwich/Räkor: 1 | Wraps/Caesar Kyckling: 2 | Wraps/Kyckling Bacon: 2 | Wraps/Kyckling Curry: 3 | XL Frallor/Grovfralla Kalkon & Färskost: 1 | XL Frallor/Ost & Skinka: 1 | XL Frallor/Ost: 1
Stockholm Södra,Coop Odengatan,Thursday,44,39~67,24,Baguette/Kyckling Curry: 1 | Baguette/Ost & Skinka: 1 | Baguette/Salami & Brieost: 1 | Baguette/Skagen: 2 | Fralla/Ost & Skinka: 3 | Fralla/Ost: 1 | Hönökaka/Ost & Salami: 2 | Hönökaka/Ost & Skinka: 2 | Hönökaka/Ost: 2 | Pastasallad/Asian Surf & Turf-Nudelsallad: 1 | Pastasallad/Havana Sweetchili kyckling: 2 | Pastasallad/Italiensk kyckling: 2 | Pastasallad/Kyckling & Salladsost: 4 | Pastasallad/Kyckling kebab: 2 | Pastasallad/Kyckling mangocurry: 3 | Pastasallad/Ost & Skinka: 1 | Pastasallad/Räkor: 1 | Sandwich/Bacon & Äggröra: 2 | Wraps/Caesar Kyckling: 2 | Wraps/Kyckling Bacon: 2 | Wraps/Kyckling Curry: 2 | Wraps/Sweet Chili: 3 | XL Frallor/Grovfralla Kalkon & Färskost: 1 | XL Frallor/Ost & Skinka: 1
Stockholm Södra,Coop Odenplan,Thursday,36,28~48,18,Baguette/Kyckling Curry: 2 | Baguette/Ost & Skinka: 1 | Baguette/Salami & Brieost: 2 | Fralla/Ost & Skinka: 5 | Fralla/Ost: 3 | Hönökaka/Ost & Salami: 2 | Hönökaka/Ost & Skinka: 3 | Hönökaka/Ost: 2 | Sandwich/Bacon & Äggröra: 1 | Sandwich/Clubsandwich: 1 | Sandwich/Räkor: 1 | Wraps/Caesar Kyckling: 2 | Wraps/Kyckling Bacon: 1 | Wraps/Kyckling Curry: 1 | Wraps/Sweet Chili: 2 | XL Frallor/Grovfralla Kalkon & Färskost: 3 | XL Frallor/Ost & Skinka: 2 | XL Frallor/Ost: 2
Stockholm Södra,Coop Rådhuset,Thursday,91,75~123,30,Baguette/Kyckling Curry: 2 | Baguette/Ost & Skinka: 5 | Baguette/Salami & Brieost: 6 | Baguette/Skagen: 2 | Fralla/Ost & Skinka: 6 | Fralla/Ost: 4 | Grönsallad/Caesarsallad: 1 | Hönökaka/Ost & Salami: 5 | Hönökaka/Ost & Skinka: 4 | Hönökaka/Ost: 5 | Pastasallad/Asian Surf & Turf-Nudelsallad: 1 | Pastasallad/Havana Sweetchili kyckling: 1 | Pastasallad/Hawai Kyckling avocado: 2 | Pastasallad/Italiensk kyckling: 2 | Pastasallad/Kyckling & Salladsost: 3 | Pastasallad/Kyckling mangocurry: 6 | Pastasallad/Ost & Skinka: 2 | Pastasallad/Räkor: 3 | Sandwich/Bacon & Äggröra: 1 | Sandwich/Clubsandwich: 1 | Sandwich/Kyckling Curry: 2 | Sandwich/Räkor: 2 | Sandwich/Ägg & Avocadokräm: 2 | Wraps/Caesar Kyckling: 2 | Wraps/Kyckling Bacon: 4 | Wraps/Kyckling Curry: 3 | Wraps/Sweet Chili: 3 | XL Frallor/Grovfralla Kalkon & Färskost: 4 | XL Frallor/Ost & Skinka: 4 | XL Frallor/Ost: 3
Stockholm Södra,Coop Sveavägen,Thursday,112,87~149,28,Baguette/Kyckling Curry: 4 | Baguette/Ost & Skinka: 4 | Baguette/Salami & Brieost: 6 | Baguette/Skagen: 3 | Fralla/Ost & Skinka: 6 | Fralla/Ost: 5 | Hönökaka/Ost & Salami: 5 | Hönökaka/Ost & Skinka: 5 | Hönökaka/Ost: 5 | Pastasallad/Asian Surf & Turf-Nudelsallad: 2 | Pastasallad/Havana Sweetchili kyckling: 4 | Pastasallad/Kyckling & Salladsost: 4 | Pastasallad/Kyckling kebab: 2 | Pastasallad/Kyckling mangocurry: 6 | Pastasallad/Ost & Skinka: 2 | Pastasallad/Räkor: 4 | Sandwich/Bacon & Äggröra: 2 | Sandwich/Clubsandwich: 3 | Sandwich/Kyckling Curry: 3 | Sandwich/Räkor: 3 | Sandwich/Ägg & Avocadokräm: 1 | Wraps/Caesar Kyckling: 5 | Wraps/Kyckling Bacon: 5 | Wraps/Kyckling Curry: 6 | Wraps/Sweet Chili: 5 | XL Frallor/Grovfralla Kalkon & Färskost: 5 | XL Frallor/Ost & Skinka: 5 | XL Frallor/Ost: 2
Stockholm Södra,Coop Tomtebogatan,Thursday,32,24~44,16,Baguette/Kyckling Curry: 1 | Baguette/Ost & Skinka: 1 | Baguette/Salami & Brieost: 1 | Fralla/Ost & Skinka: 3 | Fralla/Ost: 3 | Hönökaka/Ost & Salami: 2 | Hönökaka/Ost & Skinka: 2 | Hönökaka/Ost: 1 | Pastasallad/Falafel: 1 | Pastasallad/Kyckling & Salladsost: 4 | Pastasallad/Kyckling mangocurry: 4 | Pastasallad/Ost & Skinka: 1 | Pastasallad/Räkor: 2 | Sandwich/Clubsandwich: 1 | Sandwich/Räkor: 1 | Wraps/Kyckling Curry: 4
Stockholm Södra,Coop Zinkensdamm,Thursday,78,71~110,25,Baguette/Kyckling Curry: 2 | Baguette/Ost & Skinka: 3 | Baguette/Salami & Brieost: 5 | Baguette/Skagen: 2 | Fralla/Ost & Skinka: 8 | Fralla/Ost: 6 | Hönökaka/Ost & Salami: 5 | Hönökaka/Ost & Skinka: 3 | Hönökaka/Ost: 3 | Pastasallad/Falafel: 1 | Pastasallad/Kyckling & Salladsost: 4 | Pastasallad/Kyckling kebab: 1 | Pastasallad/Kyckling mangocurry: 7 | Pastasallad/Ost & Skinka: 3 | Pastasallad/Räkor: 4 | Räkmacka Handskalade räkor/Räkmacka Handskalade Räkor: 2 | Sandwich/Clubsandwich: 1 | Sandwich/Kyckling Curry: 1 | Wraps/Caesar Kyckling: 2 | Wraps/Kyckling Bacon: 4 | Wraps/Kyckling Curry: 3 | Wraps/Sweet Chili: 2 | XL Frallor/Grovfralla Kalkon & Färskost: 1 | XL Frallor/Ost & Skinka: 3 | XL Frallor/Ost: 2
Stockholm Södra,Coop grindsgatan,Thursday,29,23~49,20,Baguette/Kyckling Curry: 1 | Baguette/Salami & Brieost: 1 | Fralla/Ost & Skinka: 3 | Fralla/Ost: 3 | Hönökaka/Ost & Salami: 1 | Hönökaka/Ost & Skinka: 1 | Hönökaka/Ost: 1 | Pastasallad/Falafel: 1 | Pastasallad/Kyckling & Salladsost: 3 | Pastasallad/Kyckling kebab: 1 | Pastasallad/Kyckling mangocurry: 4 | Pastasallad/Räkor: 1 | Sandwich/Bacon & Äggröra: 1 | Sandwich/Clubsandwich: 1 | Sandwich/Kyckling Curry: 1 | Sandwich/Räkor: 1 | Wraps/Caesar Kyckling: 1 | Wraps/Kyckling Bacon: 1 | Wraps/Kyckling Curry: 1 | Wraps/Sweet Chili: 1
Stockholm Södra,Hemköp Matpressen,Thursday,82,70~114,30,Baguette/Kyckling Curry: 2 | Baguette/Ost & Skinka: 3 | Baguette/Salami & Brieost: 4 | Baguette/Skagen: 1 | Fralla/Ost & Skinka: 3 | Fralla/Ost: 3 | Hönökaka/Ost & Salami: 5 | Hönökaka/Ost & Skinka: 5 | Hönökaka/Ost: 3 | Pastasallad/Asian Surf & Turf-Nudelsallad: 1 | Pastasallad/Havana Sweetchili kyckling: 2 | Pastasallad/Italiensk kyckling: 3 | Pastasallad/Kyckling & Salladsost: 6 | Pastasallad/Kyckling kebab: 1 | Pastasallad/Kyckling mangocurry: 6 | Pastasallad/Ost & Skinka: 3 | Pastasallad/Räkor: 3 | Räkmacka Handskalade räkor/Räkmacka Handskalade Räkor: 3 | Sandwich/Bacon & Äggröra: 1 | Sandwich/Clubsandwich: 1 | Sandwich/Kyckling Curry: 1 | Sandwich/Räkor: 1 | Sandwich/Ägg & Avocadokräm: 1 | Wraps/Caesar Kyckling: 4 | Wraps/Kyckling Bacon: 3 | Wraps/Kyckling Curry: 3 | Wraps/Sweet Chili: 3 | XL Frallor/Grovfralla Kalkon & Färskost: 2 | XL Frallor/Ost & Skinka: 3 | XL Frallor/Ost: 2
Stockholm Södra,ICA Blecktornet,Thursday,53,46~77,25,Baguette/Kyckling Curry: 2 | Baguette/Ost & Skinka: 1 | Baguette/Salami & Brieost: 3 | Baguette/Skagen: 1 | Fralla/Ost & Skinka: 2 | Fralla/Ost: 2 | Hönökaka/Ost & Salami: 2 | Hönökaka/Ost & Skinka: 2 | Hönökaka/Ost: 1 | Pastasallad/Kyckling & Salladsost: 3 | Pastasallad/Kyckling kebab: 2 | Pastasallad/Kyckling mangocurry: 4 | Pastasallad/Ost & Skinka: 1 | Pastasallad/Räkor: 2 | Sandwich/Clubsandwich: 4 | Sandwich/Kyckling Curry: 1 | Sandwich/Räkor: 2 | Sandwich/Ägg & Avocadokräm: 2 | Wraps/Caesar Kyckling: 3 | Wraps/Kyckling Bacon: 3 | Wraps/Kyckling Curry: 5 | Wraps/Sweet Chili: 2 | XL Frallor/Grovfralla Kalkon & Färskost: 1 | XL Frallor/Ost & Skinka: 1 | XL Frallor/Ost: 1
Stockholm Södra,ICA Fridhemsplan,Thursday,72,67~102,27,Baguette/Kyckling Curry: 1 | Baguette/Ost & Skinka: 1 | Baguette/Salami & Brieost: 2 | Baguette/Skagen: 2 | Fralla/Ost & Skinka: 3 | Fralla/Ost: 2 | Hönökaka/Ost & Salami: 4 | Hönökaka/Ost & Skinka: 2 | Hönökaka/Ost: 4 | Pastasallad/Falafel: 1 | Pastasallad/Kyckling & Salladsost: 6 | Pastasallad/Kyckling kebab: 1 | Pastasallad/Kyckling mangocurry: 6 | Pastasallad/Ost & Skinka: 3 | Pastasallad/Räkor: 4 | Räkmacka Liten/Räkmacka liten: 4 | Sandwich/Bacon & Äggröra: 2 | Sandwich/Clubsandwich: 1 | Sandwich/Kyckling Curry: 1 | Sandwich/Räkor: 1 | Wraps/Caesar Kyckling: 3 | Wraps/Kyckling Bacon: 3 | Wraps/Kyckling Curry: 3 | Wraps/Sweet Chili: 3 | XL Frallor/Grovfralla Kalkon & Färskost: 3 | XL Frallor/Ost & Skinka: 4 | XL Frallor/Ost: 2
Stockholm Södra,ICA Högalid,Thursday,90,73~121,28,Baguette/Kyckling Curry: 1 | Baguette/Ost & Skinka: 1 | Baguette/Salami & Brieost: 1 | Baguette/Skagen: 1 | Fralla/Ost & Skinka: 6 | Fralla/Ost: 5 | Hönökaka/Ost & Salami: 1 | Hönökaka/Ost & Skinka: 1 | Hönökaka/Ost: 1 | Pastasallad/Asian Surf & Turf-Nudelsallad: 3 | Pastasallad/Havana Sweetchili kyckling: 4 | Pastasallad/Italiensk kyckling: 4 | Pastasallad/Kyckling & Salladsost: 5 | Pastasallad/Kyckling kebab: 1 | Pastasallad/Kyckling mangocurry: 6 | Pastasallad/Ost & Skinka: 3 | Pastasallad/Räkor: 4 | Sandwich/Clubsandwich: 1 | Sandwich/Kyckling Curry: 1 | Sandwich/Räkor: 2 | Sandwich/Ägg & Avocadokräm: 1 | Wraps/Caesar Kyckling: 8 | Wraps/Kyckling Bacon: 8 | Wraps/Kyckling Curry: 8 | Wraps/Sweet Chili: 7 | XL Frallor/Grovfralla Kalkon & Färskost: 3 | XL Frallor/Ost & Skinka: 2 | XL Frallor/Ost: 1
Stockholm Södra,ICA Mathörnan,Thursday,73,57~103,27,Baguette/Kyckling Curry: 2 | Baguette/Ost & Skinka: 2 | Baguette/Salami & Brieost: 1 | Fralla/Ost & Skinka: 5 | Fralla/Ost: 5 | Hönökaka/Ost & Salami: 3 | Hönökaka/Ost & Skinka: 3 | Hönökaka/Ost: 3 | Pastasallad/Falafel: 1 | Pastasallad/Kyckling & Salladsost: 5 | Pastasallad/Kyckling kebab: 2 | Pastasallad/Kyckling mangocurry: 6 | Pastasallad/Ost & Skinka: 3 | Pastasallad/Räkor: 5 | Räkmacka Handskalade räkor/Räkmacka Handskalade Räkor: 3 | Sandwich/Bacon & Äggröra: 1 | Sandwich/Clubsandwich: 1 | Sandwich/Kyckling Curry: 2 | Sandwich/Räkor: 1 | Sandwich/Ägg & Avocadokräm: 1 | Wraps/Caesar Kyckling: 3 | Wraps/Kyckling Bacon: 4 | Wraps/Kyckling Curry: 4 | Wraps/Sweet Chili: 3 | XL Frallor/Grovfralla Kalkon & Färskost: 1 | XL Frallor/Ost & Skinka: 2 | XL Frallor/Ost: 1
Stockholm Södra,ICA Södra Station,Thursday,84,70~112,28,Baguette/Kyckling Curry: 2 | Baguette/Ost & Skinka: 2 | Baguette/Salami & Brieost: 2 | Baguette/Skagen: 1 | Fralla/Ost & Skinka: 5 | Fralla/Ost: 5 | Hönökaka/Ost & Salami: 3 | Hönökaka/Ost & Skinka: 3 | Hönökaka/Ost: 3 | Pastasallad/Asian Surf & Turf-Nudelsallad: 2 | Pastasallad/Havana Sweetchili kyckling: 2 | Pastasallad/Italiensk kyckling: 3 | Pastasallad/Kyckling & Salladsost: 5 | Pastasallad/Kyckling kebab: 1 | Pastasallad/Kyckling mangocurry: 6 | Pastasallad/Ost & Skinka: 3 | Pastasallad/Räkor: 3 | Sandwich/Bacon & Äggröra: 2 | Sandwich/Clubsandwich: 2 | Sandwich/Kyckling Curry: 3 | Sandwich/Räkor: 2 | Wraps/Caesar Kyckling: 4 | Wraps/Kyckling Bacon: 4 | Wraps/Kyckling Curry: 5 | Wraps/Sweet Chili: 3 | XL Frallor/Grovfralla Kalkon & Färskost: 3 | XL Frallor/Ost & Skinka: 3 | XL Frallor/Ost: 2
Stockholm Södra,Myway Södra Station,Thursday,33,22~42,16,Baguette/Salami & Brieost: 1 | Fralla/Ost & Skinka: 3 | Fralla/Ost: 3 | Hönökaka/Ost & Salami: 2 | Hönökaka/Ost & Skinka: 4 | Hönökaka/Ost: 4 | Sandwich/Bacon & Äggröra: 1 | Sandwich/Clubsandwich: 2 | Sandwich/Kyckling Curry: 2 | Sandwich/Räkor: 1 | Wraps/Kyckling Bacon: 1 | Wraps/Kyckling Curry: 2 | Wraps/Sweet Chili: 1 | XL Frallor/Grovfralla Kalkon & Färskost: 2 | XL Frallor/Ost & Skinka: 2 | XL Frallor/Ost: 2
Stockholm Väst,Coop  SVANDAMMSPLAN,Sunday,42,33~59,23,Baguette/Kyckling Curry: 1 | Baguette/Ost & Skinka: 2 | Baguette/Salami & Brieost: 2 | Baguette/Skagen: 1 | Fralla/Ost & Skinka: 2 | Fralla/Ost: 2 | Grönsallad/Caesarsallad: 1 | Hönökaka/Ost & Salami: 2 | Hönökaka/Ost & Skinka: 2 | Hönökaka/Ost: 2 | Pastasallad/Kyckling & Salladsost: 3 | Pastasallad/Kyckling mangocurry: 3 | Pastasallad/Ost & Skinka: 1 | Pastasallad/Räkor: 2 | Sandwich/Bacon & Äggröra: 1 | Sandwich/Clubsandwich: 2 | Sandwich/Kyckling Curry: 1 | Sandwich/Räkor: 1 | Sandwich/Ägg & Avocadokräm: 1 | Wraps/Caesar Kyckling: 3 | Wraps/Kyckling Bacon: 3 | Wraps/Kyckling Curry: 3 | Wraps/Sweet Chili: 1
Stockholm Väst,Coop Folkparken,Sunday,54,44~73,23,Baguette/Kyckling Curry: 1 | Baguette/Ost & Skinka: 3 | Baguette/Salami & Brieost: 3 | Baguette/Skagen: 2 | Fralla/Ost & Skinka: 4 | Fralla/Ost: 2 | Hönökaka/Ost & Skinka: 2 | Hönökaka/Ost: 1 | Pastasallad/Hawai Kyckling avocado: 2 | Pastasallad/Italiensk kyckling: 2 | Pastasallad/Kyckling & Salladsost: 4 | Pastasallad/Kyckling mangocurry: 5 | Pastasallad/Ost & Skinka: 1 | Pastasallad/Räkor: 3 | Sandwich/Bacon & Äggröra: 1 | Sandwich/Clubsandwich: 1 | Sandwich/Kyckling Curry: 1 | Sandwich/Räkor: 1 | Sandwich/Ägg & Avocadokräm: 1 | Wraps/Caesar Kyckling: 4 | Wraps/Kyckling Bacon: 4 | Wraps/Kyckling Curry: 4 | Wraps/Sweet Chili: 2
Stockholm Väst,Coop Kristineberg,Sunday,83,65~102,24,Baguette/Kyckling Curry: 2 | Baguette/Ost & Skinka: 3 | Baguette/Salami & Brieost: 3 | Baguette/Skagen: 3 | Fralla/Ost & Skinka: 5 | Fralla/Ost: 3 | Grönsallad/Caesarsallad: 3 | Hönökaka/Ost & Salami: 2 | Hönökaka/Ost & Skinka: 2 | Hönökaka/Ost: 2 | Pastasallad/Kyckling & Salladsost: 7 | Pastasallad/Kyckling mangocurry: 7 | Pastasallad/Ost & Skinka: 2 | Pastasallad/Räkor: 5 | Sandwich/Bacon & Äggröra: 3 | Sandwich/Clubsandwich: 2 | Sandwich/Kyckling Curry: 2 | Sandwich/Ägg & Avocadokräm: 1 | Wraps/Caesar Kyckling: 7 | Wraps/Kyckling Bacon: 6 | Wraps/Kyckling Curry: 7 | Wraps/Sweet Chili: 4 | XL Frallor/Ost & Skinka: 1 | XL Frallor/Ost: 1
Stockholm Väst,Coop Storsjövägen,Sunday,34,24~46,16,Baguette/Kyckling Curry: 1 | Baguette/Ost & Skinka: 2 | Baguette/Salami & Brieost: 2 | Fralla/Ost & Skinka: 2 | Fralla/Ost: 1 | Grönsallad/Caesarsallad: 1 | Hönökaka/Ost & Skinka: 1 | Hönökaka/Ost: 1 | Pastasallad/Kyckling & Salladsost: 4 | Pastasallad/Kyckling mangocurry: 5 | Pastasallad/Ost & Skinka: 1 | Pastasallad/Räkor: 3 | Wraps/Caesar Kyckling: 3 | Wraps/Kyckling Bacon: 3 | Wraps/Kyckling Curry: 3 | Wraps/Sweet Chili: 1
Stockholm Väst,Coop Västertorp,Sunday,54,37~68,26,Baguette/Kyckling Curry: 1 | Baguette/Ost & Skinka: 2 | Baguette/Salami & Brieost: 2 | Baguette/Skagen: 2 | Fralla/Ost & Skinka: 2 | Fralla/Ost: 2 | Grönsallad/Caesarsallad: 2 | Hönökaka/Ost & Salami: 1 | Hönökaka/Ost & Skinka: 1 | Hönökaka/Ost: 1 | Pastasallad/Falafel: 1 | Pastasallad/Kyckling & Salladsost: 5 | Pastasallad/Kyckling mangocurry: 5 | Pastasallad/Ost & Skinka: 1 | Pastasallad/Räkor: 3 | Sandwich/Bacon & Äggröra: 2 | Sandwich/Clubsandwich: 1 | Sandwich/Kyckling Curry: 1 | Sandwich/Räkor: 2 | Sandwich/Ägg & Avocadokräm: 1 | Wraps/Caesar Kyckling: 4 | Wraps/Kyckling Bacon: 4 | Wraps/Kyckling Curry: 4 | Wraps/Sweet Chili: 2 | XL Frallor/Grovfralla Kalkon & Färskost: 1 | XL Frallor/Ost & Skinka: 1
Stockholm Väst,Coop rönninge,Sunday,75,57~95,25,Baguette/Kyckling Curry: 3 | Baguette/Ost & Skinka: 2 | Baguette/Salami & Brieost: 3 | Baguette/Skagen: 3 | Fralla/Ost & Skinka: 5 | Fralla/Ost: 4 | Grönsallad/Caesarsallad: 2 | Hönökaka/Ost & Salami: 1 | Hönökaka/Ost & Skinka: 2 | Hönökaka/Ost: 1 | Pastasallad/Hawai Kyckling avocado: 2 | Pastasallad/Italiensk kyckling: 2 | Pastasallad/Kyckling & Salladsost: 5 | Pastasallad/Kyckling mangocurry: 6 | Pastasallad/Ost & Skinka: 2 | Pastasallad/Räkor: 4 | Sandwich/Clubsandwich: 1 | Sandwich/Kyckling Curry: 1 | Sandwich/Räkor: 2 | Sandwich/Ägg & Avocadokräm: 1 | Wraps/Caesar Kyckling: 6 | Wraps/Kyckling Bacon: 5 | Wraps/Kyckling Curry: 6 | Wraps/Sweet Chili: 4 | XL Frallor/Grovfralla Kalkon & Färskost: 2
Stockholm Väst,Coop Älvsjötorg,Sunday,113,90~142,27,Baguette/Kyckling Curry: 4 | Baguette/Ost & Skinka: 5 | Baguette/Salami & Brieost: 5 | Baguette/Skagen: 4 | Fralla/Ost & Skinka: 6 | Fralla/Ost: 5 | Grönsallad/Caesarsallad: 3 | Hönökaka/Ost & Salami: 4 | Hönökaka/Ost & Skinka: 4 | Hönökaka/Ost: 4 | Pastasallad/Falafel: 5 | Pastasallad/Kyckling & Salladsost: 7 | Pastasallad/Kyckling mangocurry: 7 | Pastasallad/Ost & Skinka: 3 | Pastasallad/Räkor: 6 | Sandwich/Bacon & Äggröra: 3 | Sandwich/Clubsandwich: 2 | Sandwich/Kyckling Curry: 2 | Sandwich/Räkor: 2 | Sandwich/Ägg & Avocadokräm: 2 | Wraps/Caesar Kyckling: 6 | Wraps/Kyckling Bacon: 6 | Wraps/Kyckling Curry: 6 | Wraps/Sweet Chili: 3 | XL Frallor/Grovfralla Kalkon & Färskost: 3 | XL Frallor/Ost & Skinka: 3 | XL Frallor/Ost: 3
Stockholm Väst,ICA Essingen,Sunday,64,49~80,25,Baguette/Kyckling Curry: 1 | Baguette/Ost & Skinka: 2 | Baguette/Salami & Brieost: 2 | Baguette/Skagen: 2 | Fralla/Ost & Skinka: 4 | Fralla/Ost: 3 | Grönsallad/Caesarsallad: 2 | Hönökaka/Ost & Salami: 1 | Hönökaka/Ost & Skinka: 2 | Hönökaka/Ost: 1 | Pastasallad/Kyckling & Salladsost: 6 | Pastasallad/Kyckling mangocurry: 6 | Pastasallad/Ost & Skinka: 2 | Pastasallad/Räkor: 4 | Sandwich/Bacon & Äggröra: 2 | Sandwich/Clubsandwich: 2 | Sandwich/Kyckling Curry: 1 | Sandwich/Räkor: 2 | Sandwich/Ägg & Avocadokräm: 1 | Wraps/Caesar Kyckling: 5 | Wraps/Kyckling Bacon: 4 | Wraps/Kyckling Curry: 5 | Wraps/Sweet Chili: 2 | XL Frallor/Grovfralla Kalkon & Färskost: 1 | XL Frallor/Ost & Skinka: 1
Stockholm Väst,ICA Nära Lindholmen,Sunday,66,57~100,22,Baguette/Kyckling Curry: 2 | Baguette/Ost & Skinka: 2 | Baguette/Salami & Brieost: 2 | Baguette/Skagen: 2 | Fralla/Ost & Skinka: 3 | Fralla/Ost: 2 | Grönsallad/Caesarsallad: 4 | Hönökaka/Ost & Salami: 2 | Hönökaka/Ost & Skinka: 2 | Hönökaka/Ost: 2 | Pastasallad/Kyckling & Salladsost: 5 | Pastasallad/Kyckling mangocurry: 5 | Pastasallad/Ost & Skinka: 4 | Pastasallad/Räkor: 6 | Sandwich/Bacon & Äggröra: 1 | Sandwich/Clubsandwich: 2 | Sandwich/Kyckling Curry: 2 | Sandwich/Räkor: 2 | Wraps/Caesar Kyckling: 4 | Wraps/Kyckling Bacon: 4 | Wraps/Kyckling Curry: 4 | Wraps/Sweet Chili: 4
Stockholm Väst,ICA Nära Årsta,Sunday,45,34~63,24,Baguette/Kyckling Curry: 1 | Baguette/Ost & Skinka: 1 | Baguette/Salami & Brieost: 1 | Baguette/Skagen: 1 | Fralla/Ost & Skinka: 3 | Fralla/Ost: 2 | Grönsallad/Caesarsallad: 2 | Hönökaka/Ost & Salami: 1 | Hönökaka/Ost & Skinka: 1 | Hönökaka/Ost: 1 | Pastasallad/Hawai Kyckling avocado: 2 | Pastasallad/Italiensk kyckling: 1 | Pastasallad/Kyckling & Salladsost: 4 | Pastasallad/Kyckling mangocurry: 5 | Pastasallad/Ost & Skinka: 2 | Pastasallad/Räkor: 3 | Sandwich/Clubsandwich: 1 | Sandwich/Kyckling Curry: 1 | Sandwich/Ägg & Avocadokräm: 1 | Wraps/Caesar Kyckling: 3 | Wraps/Kyckling Bacon: 3 | Wraps/Kyckling Curry: 3 | Wraps/Sweet Chili: 1 | XL Frallor/Grovfralla Kalkon & Färskost: 1
Stockholm Väst,ICA Stormarknad Botkyrka,Sunday,153,127~194,32,Baguette/Kyckling Curry: 5 | Baguette/Ost & Skinka: 7 | Baguette/Salami & Brieost: 6 | Baguette/Skagen: 7 | Blandstubbe/Blandstubbe: 2 | Fralla/Ost & Skinka: 6 | Fralla/Ost: 6 | Grönsallad/Caesarsallad: 5 | Hönökaka/Ost & Salami: 1 | Hönökaka/Ost & Skinka: 4 | Hönökaka/Ost: 1 | Pastasallad/Hawai Kyckling avocado: 4 | Pastasallad/Kyckling & Salladsost: 9 | Pastasallad/Kyckling mangocurry: 12 | Pastasallad/Ost & Skinka: 6 | Pastasallad/Räkor: 8 | Räkmacka Liten/Räkmacka liten: 2 | Räkstubbe/Räkstubbe: 5 | Sandwich/Bacon & Äggröra: 2 | Sandwich/Clubsandwich: 3 | Sandwich/Kyckling Curry: 2 | Sandwich/Räkor: 3 | Sandwich/Ägg & Avocadokräm: 3 | Stubbe/Ost & Skinkstubbe: 1 | Stubbe/Rostbiffstubbe: 1 | Wraps/Caesar Kyckling: 9 | Wraps/Kyckling Bacon: 9 | Wraps/Kyckling Curry: 10 | Wraps/Sweet Chili: 5 | XL Frallor/Grovfralla Kalkon & Färskost: 3 | XL Frallor/Ost & Skinka: 3 | XL Frallor/Ost: 3
Stockholm Väst,ICA Supermarket Vårberg c,Sunday,68,55~92,22,Baguette/Kyckling Curry: 1 | Baguette/Ost & Skinka: 3 | Baguette/Salami & Brieost: 2 | Baguette/Skagen: 2 | Fralla/Ost & Skinka: 3 | Fralla/Ost: 3 | Grönsallad/Caesarsallad: 3 | Hönökaka/Ost & Salami: 2 | Hönökaka/Ost & Skinka: 1 | Hönökaka/Ost: 1 | Pastasallad/Hawai Kyckling avocado: 3 | Pastasallad/Kyckling & Salladsost: 6 | Pastasallad/Kyckling mangocurry: 7 | Pastasallad/Räkor: 5 | Sandwich/Clubsandwich: 2 | Sandwich/Kyckling Curry: 1 | Sandwich/Ägg & Avocadokräm: 2 | Wraps/Caesar Kyckling: 5 | Wraps/Kyckling Bacon: 6 | Wraps/Kyckling Curry: 6 | Wraps/Sweet Chili: 3 | XL Frallor/Grovfralla Kalkon & Färskost: 1
Stockholm Väst,ICA Supermarket solbo,Sunday,56,39~68,24,Baguette/Kyckling Curry: 1 | Baguette/Ost & Skinka: 2 | Baguette/Salami & Brieost: 2 | Baguette/Skagen: 2 | Fralla/Ost & Skinka: 3 | Fralla/Ost: 2 | Grönsallad/Caesarsallad: 2 | Hönökaka/Ost & Skinka: 2 | Hönökaka/Ost: 2 | Pastasallad/Asian Surf & Turf-Nudelsallad: 1 | Pastasallad/Havana Sweetchili kyckling: 1 | Pastasallad/Hawai Kyckling avocado: 2 | Pastasallad/Italiensk kyckling: 2 | Pastasallad/Kyckling & Salladsost: 6 | Pastasallad/Kyckling mangocurry: 6 | Pastasallad/Ost & Skinka: 2 | Pastasallad/Räkor: 4 | Sandwich/Kyckling Curry: 1 | Sandwich/Räkor: 1 | Sandwich/Ägg & Avocadokräm: 1 | Wraps/Caesar Kyckling: 3 | Wraps/Kyckling Bacon: 3 | Wraps/Kyckling Curry: 3 | Wraps/Sweet Chili: 2
Stockholm Väst,ICA nära Vårby gård,Sunday,58,42~72,21,Baguette/Kyckling Curry: 2 | Baguette/Ost & Skinka: 2 | Baguette/Salami & Brieost: 2 | Baguette/Skagen: 2 | Fralla/Ost & Skinka: 3 | Fralla/Ost: 2 | Grönsallad/Caesarsallad: 2 | Hönökaka/Ost & Skinka: 1 | Hönökaka/Ost: 1 | Pastasallad/Italiensk kyckling: 2 | Pastasallad/Kyckling & Salladsost: 5 | Pastasallad/Kyckling mangocurry: 7 | Pastasallad/Räkor: 5 | Sandwich/Kyckling Curry: 1 | Sandwich/Räkor: 2 | Sandwich/Ägg & Avocadokräm: 1 | Wraps/Caesar Kyckling: 5 | Wraps/Kyckling Bacon: 3 | Wraps/Kyckling Curry: 5 | Wraps/Sweet Chili: 3 | XL Frallor/Grovfralla Kalkon & Färskost: 2
Stockholm Väst,Supergrossen Hallunda,Sunday,24,14~32,17,Baguette/Kyckling Curry: 1 | Baguette/Salami & Brieost: 1 | Baguette/Skagen: 1 | Fralla/Ost & Skinka: 1 | Fralla/Ost: 1 | Grönsallad/Caesarsallad: 1 | Hönökaka/Ost: 1 | Pastasallad/Kyckling & Salladsost: 2 | Pastasallad/Kyckling mangocurry: 3 | Pastasallad/Räkor: 2 | Sandwich/Bacon & Äggröra: 1 | Sandwich/Kyckling Curry: 1 | Sandwich/Ägg & Avocadokräm: 1 | Wraps/Caesar Kyckling: 2 | Wraps/Kyckling Bacon: 2 | Wraps/Kyckling Curry: 2 | Wraps/Sweet Chili: 1
Stockholm Väst,Vivo ellbe,Sunday,81,64~104,28,Baguette/Kyckling Curry: 3 | Baguette/Ost & Skinka: 3 | Baguette/Salami & Brieost: 3 | Baguette/Skagen: 3 | Fralla/Ost & Skinka: 4 | Fralla/Ost: 3 | Grönsallad/Caesarsallad: 2 | Hönökaka/Ost & Salami: 2 | Hönökaka/Ost & Skinka: 2 | Hönökaka/Ost: 2 | Pastasallad/Hawai Kyckling avocado: 2 | Pastasallad/Italiensk kyckling: 2 | Pastasallad/Kyckling & Salladsost: 6 | Pastasallad/Kyckling mangocurry: 7 | Pastasallad/Ost & Skinka: 3 | Pastasallad/Räkor: 5 | Räkmacka Liten/Räkmacka liten: 1 | Räkstubbe/Räkstubbe: 1 | Sandwich/Bacon & Äggröra: 2 | Sandwich/Clubsandwich: 2 | Sandwich/Kyckling Curry: 2 | Sandwich/Räkor: 2 | Sandwich/Ägg & Avocadokräm: 2 | Wraps/Caesar Kyckling: 4 | Wraps/Kyckling Bacon: 4 | Wraps/Kyckling Curry: 4 | Wraps/Sweet Chili: 3 | XL Frallor/Grovfralla Kalkon & Färskost: 2
Stockholm Väst,Coop  SVANDAMMSPLAN,Tuesday,42,33~59,23,Baguette/Kyckling Curry: 1 | Baguette/Ost & Skinka: 2 | Baguette/Salami & Brieost: 2 | Baguette/Skagen: 1 | Fralla/Ost & Skinka: 2 | Fralla/Ost: 2 | Grönsallad/Caesarsallad: 1 | Hönökaka/Ost & Salami: 2 | Hönökaka/Ost & Skinka: 2 | Hönökaka/Ost: 2 | Pastasallad/Kyckling & Salladsost: 3 | Pastasallad/Kyckling mangocurry: 3 | Pastasallad/Ost & Skinka: 1 | Pastasallad/Räkor: 2 | Sandwich/Bacon & Äggröra: 1 | Sandwich/Clubsandwich: 2 | Sandwich/Kyckling Curry: 1 | Sandwich/Räkor: 1 | Sandwich/Ägg & Avocadokräm: 1 | Wraps/Caesar Kyckling: 3 | Wraps/Kyckling Bacon: 3 | Wraps/Kyckling Curry: 3 | Wraps/Sweet Chili: 1
Stockholm Väst,Coop Folkparken,Tuesday,54,44~73,23,Baguette/Kyckling Curry: 1 | Baguette/Ost & Skinka: 3 | Baguette/Salami & Brieost: 3 | Baguette/Skagen: 2 | Fralla/Ost & Skinka: 4 | Fralla/Ost: 2 | Hönökaka/Ost & Skinka: 2 | Hönökaka/Ost: 1 | Pastasallad/Hawai Kyckling avocado: 2 | Pastasallad/Italiensk kyckling: 2 | Pastasallad/Kyckling & Salladsost: 4 | Pastasallad/Kyckling mangocurry: 5 | Pastasallad/Ost & Skinka: 1 | Pastasallad/Räkor: 3 | Sandwich/Bacon & Äggröra: 1 | Sandwich/Clubsandwich: 1 | Sandwich/Kyckling Curry: 1 | Sandwich/Räkor: 1 | Sandwich/Ägg & Avocadokräm: 1 | Wraps/Caesar Kyckling: 4 | Wraps/Kyckling Bacon: 4 | Wraps/Kyckling Curry: 4 | Wraps/Sweet Chili: 2
Stockholm Väst,Coop Kristineberg,Tuesday,83,65~102,24,Baguette/Kyckling Curry: 2 | Baguette/Ost & Skinka: 3 | Baguette/Salami & Brieost: 3 | Baguette/Skagen: 3 | Fralla/Ost & Skinka: 5 | Fralla/Ost: 3 | Grönsallad/Caesarsallad: 3 | Hönökaka/Ost & Salami: 2 | Hönökaka/Ost & Skinka: 2 | Hönökaka/Ost: 2 | Pastasallad/Kyckling & Salladsost: 7 | Pastasallad/Kyckling mangocurry: 7 | Pastasallad/Ost & Skinka: 2 | Pastasallad/Räkor: 5 | Sandwich/Bacon & Äggröra: 3 | Sandwich/Clubsandwich: 2 | Sandwich/Kyckling Curry: 2 | Sandwich/Ägg & Avocadokräm: 1 | Wraps/Caesar Kyckling: 7 | Wraps/Kyckling Bacon: 6 | Wraps/Kyckling Curry: 7 | Wraps/Sweet Chili: 4 | XL Frallor/Ost & Skinka: 1 | XL Frallor/Ost: 1
Stockholm Väst,Coop Storsjövägen,Tuesday,34,24~46,16,Baguette/Kyckling Curry: 1 | Baguette/Ost & Skinka: 2 | Baguette/Salami & Brieost: 2 | Fralla/Ost & Skinka: 2 | Fralla/Ost: 1 | Grönsallad/Caesarsallad: 1 | Hönökaka/Ost & Skinka: 1 | Hönökaka/Ost: 1 | Pastasallad/Kyckling & Salladsost: 4 | Pastasallad/Kyckling mangocurry: 5 | Pastasallad/Ost & Skinka: 1 | Pastasallad/Räkor: 3 | Wraps/Caesar Kyckling: 3 | Wraps/Kyckling Bacon: 3 | Wraps/Kyckling Curry: 3 | Wraps/Sweet Chili: 1
Stockholm Väst,Coop Västertorp,Tuesday,54,37~68,26,Baguette/Kyckling Curry: 1 | Baguette/Ost & Skinka: 2 | Baguette/Salami & Brieost: 2 | Baguette/Skagen: 2 | Fralla/Ost & Skinka: 2 | Fralla/Ost: 2 | Grönsallad/Caesarsallad: 2 | Hönökaka/Ost & Salami: 1 | Hönökaka/Ost & Skinka: 1 | Hönökaka/Ost: 1 | Pastasallad/Falafel: 1 | Pastasallad/Kyckling & Salladsost: 5 | Pastasallad/Kyckling mangocurry: 5 | Pastasallad/Ost & Skinka: 1 | Pastasallad/Räkor: 3 | Sandwich/Bacon & Äggröra: 2 | Sandwich/Clubsandwich: 1 | Sandwich/Kyckling Curry: 1 | Sandwich/Räkor: 2 | Sandwich/Ägg & Avocadokräm: 1 | Wraps/Caesar Kyckling: 4 | Wraps/Kyckling Bacon: 4 | Wraps/Kyckling Curry: 4 | Wraps/Sweet Chili: 2 | XL Frallor/Grovfralla Kalkon & Färskost: 1 | XL Frallor/Ost & Skinka: 1
Stockholm Väst,Coop rönninge,Tuesday,75,57~95,25,Baguette/Kyckling Curry: 3 | Baguette/Ost & Skinka: 2 | Baguette/Salami & Brieost: 3 | Baguette/Skagen: 3 | Fralla/Ost & Skinka: 5 | Fralla/Ost: 4 | Grönsallad/Caesarsallad: 2 | Hönökaka/Ost & Salami: 1 | Hönökaka/Ost & Skinka: 2 | Hönökaka/Ost: 1 | Pastasallad/Hawai Kyckling avocado: 2 | Pastasallad/Italiensk kyckling: 2 | Pastasallad/Kyckling & Salladsost: 5 | Pastasallad/Kyckling mangocurry: 6 | Pastasallad/Ost & Skinka: 2 | Pastasallad/Räkor: 4 | Sandwich/Clubsandwich: 1 | Sandwich/Kyckling Curry: 1 | Sandwich/Räkor: 2 | Sandwich/Ägg & Avocadokräm: 1 | Wraps/Caesar Kyckling: 6 | Wraps/Kyckling Bacon: 5 | Wraps/Kyckling Curry: 6 | Wraps/Sweet Chili: 4 | XL Frallor/Grovfralla Kalkon & Färskost: 2
Stockholm Väst,Coop Älvsjötorg,Tuesday,113,90~142,27,Baguette/Kyckling Curry: 4 | Baguette/Ost & Skinka: 5 | Baguette/Salami & Brieost: 5 | Baguette/Skagen: 4 | Fralla/Ost & Skinka: 6 | Fralla/Ost: 5 | Grönsallad/Caesarsallad: 3 | Hönökaka/Ost & Salami: 4 | Hönökaka/Ost & Skinka: 4 | Hönökaka/Ost: 4 | Pastasallad/Falafel: 5 | Pastasallad/Kyckling & Salladsost: 7 | Pastasallad/Kyckling mangocurry: 7 | Pastasallad/Ost & Skinka: 3 | Pastasallad/Räkor: 6 | Sandwich/Bacon & Äggröra: 3 | Sandwich/Clubsandwich: 2 | Sandwich/Kyckling Curry: 2 | Sandwich/Räkor: 2 | Sandwich/Ägg & Avocadokräm: 2 | Wraps/Caesar Kyckling: 6 | Wraps/Kyckling Bacon: 6 | Wraps/Kyckling Curry: 6 | Wraps/Sweet Chili: 3 | XL Frallor/Grovfralla Kalkon & Färskost: 3 | XL Frallor/Ost & Skinka: 3 | XL Frallor/Ost: 3
Stockholm Väst,ICA Essingen,Tuesday,64,49~80,25,Baguette/Kyckling Curry: 1 | Baguette/Ost & Skinka: 2 | Baguette/Salami & Brieost: 2 | Baguette/Skagen: 2 | Fralla/Ost & Skinka: 4 | Fralla/Ost: 3 | Grönsallad/Caesarsallad: 2 | Hönökaka/Ost & Salami: 1 | Hönökaka/Ost & Skinka: 2 | Hönökaka/Ost: 1 | Pastasallad/Kyckling & Salladsost: 6 | Pastasallad/Kyckling mangocurry: 6 | Pastasallad/Ost & Skinka: 2 | Pastasallad/Räkor: 4 | Sandwich/Bacon & Äggröra: 2 | Sandwich/Clubsandwich: 2 | Sandwich/Kyckling Curry: 1 | Sandwich/Räkor: 2 | Sandwich/Ägg & Avocadokräm: 1 | Wraps/Caesar Kyckling: 5 | Wraps/Kyckling Bacon: 4 | Wraps/Kyckling Curry: 5 | Wraps/Sweet Chili: 2 | XL Frallor/Grovfralla Kalkon & Färskost: 1 | XL Frallor/Ost & Skinka: 1
Stockholm Väst,ICA Nära Årsta,Tuesday,45,34~63,24,Baguette/Kyckling Curry: 1 | Baguette/Ost & Skinka: 1 | Baguette/Salami & Brieost: 1 | Baguette/Skagen: 1 | Fralla/Ost & Skinka: 3 | Fralla/Ost: 2 | Grönsallad/Caesarsallad: 2 | Hönökaka/Ost & Salami: 1 | Hönökaka/Ost & Skinka: 1 | Hönökaka/Ost: 1 | Pastasallad/Hawai Kyckling avocado: 2 | Pastasallad/Italiensk kyckling: 1 | Pastasallad/Kyckling & Salladsost: 4 | Pastasallad/Kyckling mangocurry: 5 | Pastasallad/Ost & Skinka: 2 | Pastasallad/Räkor: 3 | Sandwich/Clubsandwich: 1 | Sandwich/Kyckling Curry: 1 | Sandwich/Ägg & Avocadokräm: 1 | Wraps/Caesar Kyckling: 3 | Wraps/Kyckling Bacon: 3 | Wraps/Kyckling Curry: 3 | Wraps/Sweet Chili: 1 | XL Frallor/Grovfralla Kalkon & Färskost: 1
Stockholm Väst,ICA Stormarknad Botkyrka,Tuesday,153,127~194,32,Baguette/Kyckling Curry: 5 | Baguette/Ost & Skinka: 7 | Baguette/Salami & Brieost: 6 | Baguette/Skagen: 7 | Blandstubbe/Blandstubbe: 2 | Fralla/Ost & Skinka: 6 | Fralla/Ost: 6 | Grönsallad/Caesarsallad: 5 | Hönökaka/Ost & Salami: 1 | Hönökaka/Ost & Skinka: 4 | Hönökaka/Ost: 1 | Pastasallad/Hawai Kyckling avocado: 4 | Pastasallad/Kyckling & Salladsost: 9 | Pastasallad/Kyckling mangocurry: 12 | Pastasallad/Ost & Skinka: 6 | Pastasallad/Räkor: 8 | Räkmacka Liten/Räkmacka liten: 2 | Räkstubbe/Räkstubbe: 5 | Sandwich/Bacon & Äggröra: 2 | Sandwich/Clubsandwich: 3 | Sandwich/Kyckling Curry: 2 | Sandwich/Räkor: 3 | Sandwich/Ägg & Avocadokräm: 3 | Stubbe/Ost & Skinkstubbe: 1 | Stubbe/Rostbiffstubbe: 1 | Wraps/Caesar Kyckling: 9 | Wraps/Kyckling Bacon: 9 | Wraps/Kyckling Curry: 10 | Wraps/Sweet Chili: 5 | XL Frallor/Grovfralla Kalkon & Färskost: 3 | XL Frallor/Ost & Skinka: 3 | XL Frallor/Ost: 3
Stockholm Väst,ICA Supermarket Vårberg c,Tuesday,68,55~92,22,Baguette/Kyckling Curry: 1 | Baguette/Ost & Skinka: 3 | Baguette/Salami & Brieost: 2 | Baguette/Skagen: 2 | Fralla/Ost & Skinka: 3 | Fralla/Ost: 3 | Grönsallad/Caesarsallad: 3 | Hönökaka/Ost & Salami: 2 | Hönökaka/Ost & Skinka: 1 | Hönökaka/Ost: 1 | Pastasallad/Hawai Kyckling avocado: 3 | Pastasallad/Kyckling & Salladsost: 6 | Pastasallad/Kyckling mangocurry: 7 | Pastasallad/Räkor: 5 | Sandwich/Clubsandwich: 2 | Sandwich/Kyckling Curry: 1 | Sandwich/Ägg & Avocadokräm: 2 | Wraps/Caesar Kyckling: 5 | Wraps/Kyckling Bacon: 6 | Wraps/Kyckling Curry: 6 | Wraps/Sweet Chili: 3 | XL Frallor/Grovfralla Kalkon & Färskost: 1
Stockholm Väst,ICA Supermarket solbo,Tuesday,56,39~68,24,Baguette/Kyckling Curry: 1 | Baguette/Ost & Skinka: 2 | Baguette/Salami & Brieost: 2 | Baguette/Skagen: 2 | Fralla/Ost & Skinka: 3 | Fralla/Ost: 2 | Grönsallad/Caesarsallad: 2 | Hönökaka/Ost & Skinka: 2 | Hönökaka/Ost: 2 | Pastasallad/Asian Surf & Turf-Nudelsallad: 1 | Pastasallad/Havana Sweetchili kyckling: 1 | Pastasallad/Hawai Kyckling avocado: 2 | Pastasallad/Italiensk kyckling: 2 | Pastasallad/Kyckling & Salladsost: 6 | Pastasallad/Kyckling mangocurry: 6 | Pastasallad/Ost & Skinka: 2 | Pastasallad/Räkor: 4 | Sandwich/Kyckling Curry: 1 | Sandwich/Räkor: 1 | Sandwich/Ägg & Avocadokräm: 1 | Wraps/Caesar Kyckling: 3 | Wraps/Kyckling Bacon: 3 | Wraps/Kyckling Curry: 3 | Wraps/Sweet Chili: 2
Stockholm Väst,ICA nära Vårby gård,Tuesday,58,42~72,21,Baguette/Kyckling Curry: 2 | Baguette/Ost & Skinka: 2 | Baguette/Salami & Brieost: 2 | Baguette/Skagen: 2 | Fralla/Ost & Skinka: 3 | Fralla/Ost: 2 | Grönsallad/Caesarsallad: 2 | Hönökaka/Ost & Skinka: 1 | Hönökaka/Ost: 1 | Pastasallad/Italiensk kyckling: 2 | Pastasallad/Kyckling & Salladsost: 5 | Pastasallad/Kyckling mangocurry: 7 | Pastasallad/Räkor: 5 | Sandwich/Kyckling Curry: 1 | Sandwich/Räkor: 2 | Sandwich/Ägg & Avocadokräm: 1 | Wraps/Caesar Kyckling: 5 | Wraps/Kyckling Bacon: 3 | Wraps/Kyckling Curry: 5 | Wraps/Sweet Chili: 3 | XL Frallor/Grovfralla Kalkon & Färskost: 2
Stockholm Väst,Prisma Skärholmen,Tuesday,33,21~57,12,Baguette/Kyckling Curry: 2 | Baguette/Skagen: 2 | Fralla/Ost: 2 | Pastasallad/Falafel: 2 | Pastasallad/Kyckling & Salladsost: 4 | Pastasallad/Kyckling kebab: 4 | Pastasallad/Kyckling mangocurry: 5 | Pastasallad/Räkor: 4 | Sandwich/Bacon & Äggröra: 2 | Sandwich/Kyckling Curry: 2 | Sandwich/Räkor: 2 | Sandwich/Ägg & Avocadokräm: 2
Stockholm Väst,Supergrossen Hallunda,Tuesday,24,14~32,17,Baguette/Kyckling Curry: 1 | Baguette/Salami & Brieost: 1 | Baguette/Skagen: 1 | Fralla/Ost & Skinka: 1 | Fralla/Ost: 1 | Grönsallad/Caesarsallad: 1 | Hönökaka/Ost: 1 | Pastasallad/Kyckling & Salladsost: 2 | Pastasallad/Kyckling mangocurry: 3 | Pastasallad/Räkor: 2 | Sandwich/Bacon & Äggröra: 1 | Sandwich/Kyckling Curry: 1 | Sandwich/Ägg & Avocadokräm: 1 | Wraps/Caesar Kyckling: 2 | Wraps/Kyckling Bacon: 2 | Wraps/Kyckling Curry: 2 | Wraps/Sweet Chili: 1
Stockholm Väst,Vivo ellbe,Tuesday,81,64~104,28,Baguette/Kyckling Curry: 3 | Baguette/Ost & Skinka: 3 | Baguette/Salami & Brieost: 3 | Baguette/Skagen: 3 | Fralla/Ost & Skinka: 4 | Fralla/Ost: 3 | Grönsallad/Caesarsallad: 2 | Hönökaka/Ost & Salami: 2 | Hönökaka/Ost & Skinka: 2 | Hönökaka/Ost: 2 | Pastasallad/Hawai Kyckling avocado: 2 | Pastasallad/Italiensk kyckling: 2 | Pastasallad/Kyckling & Salladsost: 6 | Pastasallad/Kyckling mangocurry: 7 | Pastasallad/Ost & Skinka: 3 | Pastasallad/Räkor: 5 | Räkmacka Liten/Räkmacka liten: 1 | Räkstubbe/Räkstubbe: 1 | Sandwich/Bacon & Äggröra: 2 | Sandwich/Clubsandwich: 2 | Sandwich/Kyckling Curry: 2 | Sandwich/Räkor: 2 | Sandwich/Ägg & Avocadokräm: 2 | Wraps/Caesar Kyckling: 4 | Wraps/Kyckling Bacon: 4 | Wraps/Kyckling Curry: 4 | Wraps/Sweet Chili: 3 | XL Frallor/Grovfralla Kalkon & Färskost: 2
Stockholm Väst,Coop  SVANDAMMSPLAN,Thursday,41,28~55,21,Baguette/Ost & Skinka: 1 | Baguette/Salami & Brieost: 1 | Baguette/Skagen: 2 | Fralla/Ost & Skinka: 3 | Fralla/Ost: 2 | Hönökaka/Ost & Salami: 2 | Hönökaka/Ost & Skinka: 2 | Hönökaka/Ost: 2 | Pastasallad/Kyckling & Salladsost: 2 | Pastasallad/Kyckling mangocurry: 4 | Pastasallad/Ost & Skinka: 2 | Pastasallad/Räkor: 1 | Sandwich/Bacon & Äggröra: 1 | Sandwich/Clubsandwich: 1 | Sandwich/Kyckling Curry: 1 | Sandwich/Räkor: 2 | Sandwich/Ägg & Avocadokräm: 1 | Wraps/Caesar Kyckling: 4 | Wraps/Kyckling Bacon: 2 | Wraps/Kyckling Curry: 3 | Wraps/Sweet Chili: 2
Stockholm Väst,Coop Folkparken,Thursday,51,37~67,22,Baguette/Kyckling Curry: 1 | Baguette/Ost & Skinka: 3 | Baguette/Salami & Brieost: 3 | Baguette/Skagen: 2 | Fralla/Ost & Skinka: 3 | Fralla/Ost: 2 | Hönökaka/Ost & Skinka: 1 | Hönökaka/Ost: 1 | Pastasallad/Hawai Kyckling avocado: 1 | Pastasallad/Italiensk kyckling: 1 | Pastasallad/Kyckling & Salladsost: 5 | Pastasallad/Kyckling mangocurry: 4 | Pastasallad/Ost & Skinka: 1 | Pastasallad/Räkor: 4 | Sandwich/Bacon & Äggröra: 1 | Sandwich/Clubsandwich: 2 | Sandwich/Kyckling Curry: 1 | Sandwich/Räkor: 1 | Wraps/Caesar Kyckling: 5 | Wraps/Kyckling Bacon: 3 | Wraps/Kyckling Curry: 4 | Wraps/Sweet Chili: 2
Stockholm Väst,Coop Kristineberg,Thursday,72,59~101,22,Baguette/Kyckling Curry: 1 | Baguette/Ost & Skinka: 3 | Baguette/Salami & Brieost: 2 | Baguette/Skagen: 2 | Fralla/Ost & Skinka: 4 | Fralla/Ost: 4 | Grönsallad/Caesarsallad: 4 | Hönökaka/Ost & Salami: 2 | Hönökaka/Ost & Skinka: 2 | Hönökaka/Ost: 1 | Pastasallad/Kyckling & Salladsost: 6 | Pastasallad/Kyckling mangocurry: 7 | Pastasallad/Ost & Skinka: 3 | Pastasallad/Räkor: 5 | Sandwich/Bacon & Äggröra: 2 | Sandwich/Clubsandwich: 1 | Sandwich/Kyckling Curry: 1 | Sandwich/Ägg & Avocadokräm: 1 | Wraps/Caesar Kyckling: 6 | Wraps/Kyckling Bacon: 6 | Wraps/Kyckling Curry: 6 | Wraps/Sweet Chili: 3
Stockholm Väst,Coop Storsjövägen,Thursday,29,23~40,15,Baguette/Ost & Skinka: 1 | Baguette/Salami & Brieost: 1 | Baguette/Skagen: 1 | Fralla/Ost & Skinka: 2 | Fralla/Ost: 1 | Grönsallad/Caesarsallad: 2 | Hönökaka/Ost: 1 | Pastasallad/Kyckling & Salladsost: 3 | Pastasallad/Kyckling mangocurry: 4 | Pastasallad/Ost & Skinka: 2 | Pastasallad/Räkor: 2 | Wraps/Caesar Kyckling: 2 | Wraps/Kyckling Bacon: 2 | Wraps/Kyckling Curry: 3 | Wraps/Sweet Chili: 2
Stockholm Väst,Coop Västertorp,Thursday,50,41~72,21,Baguette/Kyckling Curry: 1 | Baguette/Ost & Skinka: 1 | Baguette/Salami & Brieost: 1 | Baguette/Skagen: 1 | Fralla/Ost & Skinka: 3 | Fralla/Ost: 1 | Grönsallad/Caesarsallad: 1 | Hönökaka/Ost & Skinka: 2 | Hönökaka/Ost: 1 | Pastasallad/Kyckling & Salladsost: 5 | Pastasallad/Kyckling mangocurry: 6 | Pastasallad/Ost & Skinka: 2 | Pastasallad/Räkor: 3 | Sandwich/Bacon & Äggröra: 1 | Sandwich/Clubsandwich: 2 | Sandwich/Räkor: 1 | Wraps/Caesar Kyckling: 5 | Wraps/Kyckling Bacon: 4 | Wraps/Kyckling Curry: 5 | Wraps/Sweet Chili: 3 | XL Frallor/Ost: 1
Stockholm Väst,Coop rönninge,Thursday,69,58~95,23,Baguette/Kyckling Curry: 2 | Baguette/Ost & Skinka: 3 | Baguette/Salami & Brieost: 4 | Baguette/Skagen: 2 | Fralla/Ost & Skinka: 4 | Fralla/Ost: 3 | Grönsallad/Caesarsallad: 1 | Hönökaka/Ost & Skinka: 3 | Hönökaka/Ost: 1 | Pastasallad/Hawai Kyckling avocado: 1 | Pastasallad/Italiensk kyckling: 1 | Pastasallad/Kyckling & Salladsost: 5 | Pastasallad/Kyckling mangocurry: 6 | Pastasallad/Ost & Skinka: 2 | Pastasallad/Räkor: 4 | Sandwich/Clubsandwich: 2 | Sandwich/Kyckling Curry: 2 | Sandwich/Räkor: 1 | Wraps/Caesar Kyckling: 5 | Wraps/Kyckling Bacon: 6 | Wraps/Kyckling Curry: 7 | Wraps/Sweet Chili: 3 | XL Frallor/Grovfralla Kalkon & Färskost: 1
Stockholm Väst,Coop Älvsjötorg,Thursday,100,84~131,27,Baguette/Kyckling Curry: 4 | Baguette/Ost & Skinka: 4 | Baguette/Salami & Brieost: 5 | Baguette/Skagen: 3 | Fralla/Ost & Skinka: 5 | Fralla/Ost: 5 | Grönsallad/Caesarsallad: 2 | Hönökaka/Ost & Salami: 3 | Hönökaka/Ost & Skinka: 3 | Hönökaka/Ost: 3 | Pastasallad/Falafel: 4 | Pastasallad/Kyckling & Salladsost: 6 | Pastasallad/Kyckling mangocurry: 7 | Pastasallad/Ost & Skinka: 2 | Pastasallad/Räkor: 5 | Sandwich/Bacon & Äggröra: 2 | Sandwich/Clubsandwich: 2 | Sandwich/Kyckling Curry: 2 | Sandwich/Räkor: 1 | Sandwich/Ägg & Avocadokräm: 2 | Wraps/Caesar Kyckling: 7 | Wraps/Kyckling Bacon: 6 | Wraps/Kyckling Curry: 7 | Wraps/Sweet Chili: 4 | XL Frallor/Grovfralla Kalkon & Färskost: 2 | XL Frallor/Ost & Skinka: 2 | XL Frallor/Ost: 2
Stockholm Väst,ICA Essingen,Thursday,61,51~87,24,Baguette/Ost & Skinka: 1 | Baguette/Salami & Brieost: 2 | Baguette/Skagen: 2 | Fralla/Ost & Skinka: 5 | Fralla/Ost: 3 | Grönsallad/Caesarsallad: 1 | Hönökaka/Ost & Salami: 2 | Hönökaka/Ost & Skinka: 1 | Hönökaka/Ost: 2 | Pastasallad/Kyckling & Salladsost: 5 | Pastasallad/Kyckling mangocurry: 6 | Pastasallad/Ost & Skinka: 1 | Pastasallad/Räkor: 5 | Sandwich/Bacon & Äggröra: 2 | Sandwich/Clubsandwich: 1 | Sandwich/Kyckling Curry: 2 | Sandwich/Räkor: 1 | Sandwich/Ägg & Avocadokräm: 2 | Wraps/Caesar Kyckling: 5 | Wraps/Kyckling Bacon: 4 | Wraps/Kyckling Curry: 5 | Wraps/Sweet Chili: 1 | XL Frallor/Grovfralla Kalkon & Färskost: 1 | XL Frallor/Ost: 1
Stockholm Väst,ICA Nära Lindholmen,Thursday,75,53~94,22,Baguette/Kyckling Curry: 2 | Baguette/Ost & Skinka: 3 | Baguette/Salami & Brieost: 2 | Baguette/Skagen: 3 | Fralla/Ost & Skinka: 3 | Fralla/Ost: 3 | Grönsallad/Caesarsallad: 4 | Hönökaka/Ost & Salami: 3 | Hönökaka/Ost & Skinka: 3 | Hönökaka/Ost: 2 | Pastasallad/Kyckling & Salladsost: 5 | Pastasallad/Kyckling mangocurry: 5 | Pastasallad/Ost & Skinka: 3 | Pastasallad/Räkor: 5 | Sandwich/Bacon & Äggröra: 1 | Sandwich/Clubsandwich: 3 | Sandwich/Kyckling Curry: 2 | Sandwich/Räkor: 3 | Wraps/Caesar Kyckling: 5 | Wraps/Kyckling Bacon: 5 | Wraps/Kyckling Curry: 5 | Wraps/Sweet Chili: 5
Stockholm Väst,ICA Nära Årsta,Thursday,46,32~58,20,Baguette/Kyckling Curry: 1 | Baguette/Ost & Skinka: 2 | Baguette/Salami & Brieost: 2 | Baguette/Skagen: 2 | Fralla/Ost & Skinka: 4 | Fralla/Ost: 2 | Grönsallad/Caesarsallad: 1 | Pastasallad/Hawai Kyckling avocado: 1 | Pastasallad/Italiensk kyckling: 2 | Pastasallad/Kyckling & Salladsost: 5 | Pastasallad/Kyckling mangocurry: 6 | Pastasallad/Ost & Skinka: 1 | Pastasallad/Räkor: 4 | Sandwich/Clubsandwich: 1 | Sandwich/Ägg & Avocadokräm: 1 | Wraps/Caesar Kyckling: 3 | Wraps/Kyckling Bacon: 2 | Wraps/Kyckling Curry: 3 | Wraps/Sweet Chili: 2 | XL Frallor/Grovfralla Kalkon & Färskost: 1
Stockholm Väst,ICA Stormarknad Botkyrka,Thursday,157,121~195,32,Baguette/Kyckling Curry: 6 | Baguette/Ost & Skinka: 8 | Baguette/Salami & Brieost: 6 | Baguette/Skagen: 7 | Blandstubbe/Blandstubbe: 1 | Fralla/Ost & Skinka: 6 | Fralla/Ost: 5 | Grönsallad/Caesarsallad: 5 | Hönökaka/Ost & Salami: 2 | Hönökaka/Ost & Skinka: 4 | Hönökaka/Ost: 2 | Pastasallad/Hawai Kyckling avocado: 3 | Pastasallad/Kyckling & Salladsost: 10 | Pastasallad/Kyckling mangocurry: 11 | Pastasallad/Ost & Skinka: 6 | Pastasallad/Räkor: 7 | Räkmacka Liten/Räkmacka liten: 3 | Räkstubbe/Räkstubbe: 6 | Sandwich/Bacon & Äggröra: 3 | Sandwich/Clubsandwich: 2 | Sandwich/Kyckling Curry: 2 | Sandwich/Räkor: 2 | Sandwich/Ägg & Avocadokräm: 2 | Stubbe/Ost & Skinkstubbe: 1 | Stubbe/Rostbiffstubbe: 1 | Wraps/Caesar Kyckling: 10 | Wraps/Kyckling Bacon: 9 | Wraps/Kyckling Curry: 11 | Wraps/Sweet Chili: 6 | XL Frallor/Grovfralla Kalkon & Färskost: 4 | XL Frallor/Ost & Skinka: 4 | XL Frallor/Ost: 2
Stockholm Väst,ICA Supermarket Vårberg c,Thursday,72,57~87,22,Baguette/Kyckling Curry: 2 | Baguette/Ost & Skinka: 3 | Baguette/Salami & Brieost: 2 | Baguette/Skagen: 2 | Fralla/Ost & Skinka: 2 | Fralla/Ost: 4 | Grönsallad/Caesarsallad: 3 | Hönökaka/Ost & Salami: 2 | Hönökaka/Ost & Skinka: 2 | Hönökaka/Ost: 1 | Pastasallad/Hawai Kyckling avocado: 3 | Pastasallad/Kyckling & Salladsost: 7 | Pastasallad/Kyckling mangocurry: 7 | Pastasallad/Räkor: 6 | Sandwich/Clubsandwich: 1 | Sandwich/Kyckling Curry: 1 | Sandwich/Ägg & Avocadokräm: 1 | Wraps/Caesar Kyckling: 6 | Wraps/Kyckling Bacon: 6 | Wraps/Kyckling Curry: 6 | Wraps/Sweet Chili: 3 | XL Frallor/Grovfralla Kalkon & Färskost: 2
Stockholm Väst,ICA Supermarket solbo,Thursday,47,42~71,19,Baguette/Kyckling Curry: 2 | Baguette/Ost & Skinka: 1 | Baguette/Salami & Brieost: 2 | Baguette/Skagen: 2 | Fralla/Ost & Skinka: 3 | Fralla/Ost: 2 | Grönsallad/Caesarsallad: 3 | Hönökaka/Ost & Skinka: 1 | Hönökaka/Ost: 1 | Pastasallad/Hawai Kyckling avocado: 1 | Pastasallad/Italiensk kyckling: 1 | Pastasallad/Kyckling & Salladsost: 6 | Pastasallad/Kyckling mangocurry: 6 | Pastasallad/Ost & Skinka: 1 | Pastasallad/Räkor: 3 | Wraps/Caesar Kyckling: 4 | Wraps/Kyckling Bacon: 3 | Wraps/Kyckling Curry: 4 | Wraps/Sweet Chili: 1
Stockholm Väst,ICA nära Vårby gård,Thursday,51,47~77,20,Baguette/Kyckling Curry: 1 | Baguette/Ost & Skinka: 1 | Baguette/Salami & Brieost: 1 | Baguette/Skagen: 1 | Fralla/Ost & Skinka: 2 | Fralla/Ost: 2 | Grönsallad/Caesarsallad: 1 | Hönökaka/Ost & Skinka: 2 | Hönökaka/Ost: 2 | Pastasallad/Italiensk kyckling: 1 | Pastasallad/Kyckling & Salladsost: 6 | Pastasallad/Kyckling mangocurry: 7 | Pastasallad/Räkor: 4 | Sandwich/Räkor: 1 | Sandwich/Ägg & Avocadokräm: 2 | Wraps/Caesar Kyckling: 4 | Wraps/Kyckling Bacon: 4 | Wraps/Kyckling Curry: 5 | Wraps/Sweet Chili: 3 | XL Frallor/Grovfralla Kalkon & Färskost: 1
Stockholm Väst,Supergrossen Hallunda,Thursday,20,11~26,13,Baguette/Kyckling Curry: 2 | Baguette/Ost & Skinka: 1 | Fralla/Ost & Skinka: 1 | Fralla/Ost: 1 | Hönökaka/Ost & Skinka: 1 | Pastasallad/Kyckling & Salladsost: 3 | Pastasallad/Kyckling mangocurry: 3 | Pastasallad/Räkor: 1 | Wraps/Caesar Kyckling: 2 | Wraps/Kyckling Bacon: 1 | Wraps/Kyckling Curry: 2 | Wraps/Sweet Chili: 1 | XL Frallor/Ost: 1
Stockholm Väst,Vivo ellbe,Thursday,77,65~105,28,Baguette/Kyckling Curry: 2 | Baguette/Ost & Skinka: 3 | Baguette/Salami & Brieost: 4 | Baguette/Skagen: 3 | Fralla/Ost & Skinka: 4 | Fralla/Ost: 3 | Grönsallad/Caesarsallad: 2 | Hönökaka/Ost & Salami: 1 | Hönökaka/Ost & Skinka: 1 | Hönökaka/Ost: 2 | Pastasallad/Hawai Kyckling avocado: 2 | Pastasallad/Italiensk kyckling: 3 | Pastasallad/Kyckling & Salladsost: 5 | Pastasallad/Kyckling mangocurry: 6 | Pastasallad/Ost & Skinka: 2 | Pastasallad/Räkor: 5 | Räkmacka Liten/Räkmacka liten: 2 | Räkstubbe/Räkstubbe: 2 | Sandwich/Bacon & Äggröra: 2 | Sandwich/Clubsandwich: 2 | Sandwich/Kyckling Curry: 1 | Sandwich/Räkor: 2 | Sandwich/Ägg & Avocadokräm: 1 | Wraps/Caesar Kyckling: 5 | Wraps/Kyckling Bacon: 4 | Wraps/Kyckling Curry: 4 | Wraps/Sweet Chili: 3 | XL Frallor/Grovfralla Kalkon & Färskost: 1
Stockholm Xtra,Coop Bålsta,Sunday,65,52~83,19,Baguette/Kyckling Curry: 1 | Baguette/Ost & Skinka: 2 | Baguette/Salami & Brieost: 1 | Baguette/Skagen: 1 | Fralla/Ost & Skinka: 3 | Fralla/Ost: 2 | Grönsallad/Caesarsallad: 5 | Hönökaka/Ost & Skinka: 2 | Hönökaka/Ost: 2 | Pastasallad/Asian Surf & Turf-Nudelsallad: 3 | Pastasallad/Italiensk kyckling: 4 | Pastasallad/Kyckling & Salladsost: 7 | Pastasallad/Kyckling mangocurry: 7 | Pastasallad/Ost & Skinka: 5 | Pastasallad/Räkor: 7 | Wraps/Caesar Kyckling: 4 | Wraps/Kyckling Bacon: 3 | Wraps/Kyckling Curry: 4 | Wraps/Sweet Chili: 2
Stockholm Xtra,Coop Erik Dahlbersgatan,Sunday,62,43~79,27,Baguette/Kyckling Curry: 1 | Baguette/Ost & Skinka: 2 | Baguette/Salami & Brieost: 2 | Baguette/Skagen: 2 | Fralla/Ost & Skinka: 3 | Fralla/Ost: 3 | Grönsallad/Caesarsallad: 4 | Hönökaka/Ost & Salami: 2 | Hönökaka/Ost & Skinka: 2 | Hönökaka/Ost: 1 | Pastasallad/Asian Surf & Turf-Nudelsallad: 1 | Pastasallad/Italiensk kyckling: 1 | Pastasallad/Kyckling & Salladsost: 4 | Pastasallad/Kyckling mangocurry: 5 | Pastasallad/Ost & Skinka: 3 | Pastasallad/Räkor: 4 | Sandwich/Bacon & Äggröra: 1 | Sandwich/Clubsandwich: 2 | Sandwich/Kyckling Curry: 2 | Sandwich/Räkor: 1 | Wraps/Caesar Kyckling: 3 | Wraps/Kyckling Bacon: 3 | Wraps/Kyckling Curry: 3 | Wraps/Sweet Chili: 3 | XL Frallor/Grovfralla Kalkon & Färskost: 2 | XL Frallor/Ost & Skinka: 1 | XL Frallor/Ost: 1
Stockholm Xtra,Coop Garnisonen,Sunday,79,65~107,28,Baguette/Kyckling Curry: 2 | Baguette/Ost & Skinka: 2 | Baguette/Salami & Brieost: 2 | Baguette/Skagen: 2 | Fralla/Ost & Skinka: 5 | Fralla/Ost: 5 | Grönsallad/Caesarsallad: 2 | Hönökaka/Ost & Salami: 3 | Hönökaka/Ost & Skinka: 4 | Hönökaka/Ost: 4 | Pastasallad/Havana Sweetchili kyckling: 1 | Pastasallad/Hawai Kyckling avocado: 2 | Pastasallad/Italiensk kyckling: 2 | Pastasallad/Kyckling & Salladsost: 3 | Pastasallad/Kyckling mangocurry: 3 | Pastasallad/Ost & Skinka: 3 | Pastasallad/Räkor: 4 | Sandwich/Bacon & Äggröra: 1 | Sandwich/Clubsandwich: 1 | Sandwich/Kyckling Curry: 1 | Sandwich/Räkor: 1 | Wraps/Caesar Kyckling: 4 | Wraps/Kyckling Bacon: 5 | Wraps/Kyckling Curry: 4 | Wraps/Sweet Chili: 3 | XL Frallor/Grovfralla Kalkon & Färskost: 3 | XL Frallor/Ost & Skinka: 4 | XL Frallor/Ost: 3
Stockholm Xtra,Coop STORGATAN,Sunday,82,64~109,29,Baguette/Kyckling Curry: 2 | Baguette/Ost & Skinka: 2 | Baguette/Salami & Brieost: 2 | Baguette/Skagen: 2 | Fralla/Ost & Skinka: 4 | Fralla/Ost: 3 | Grönsallad/Caesarsallad: 3 | Hönökaka/Ost & Salami: 2 | Hönökaka/Ost & Skinka: 2 | Hönökaka/Ost: 2 | Pastasallad/Asian Surf & Turf-Nudelsallad: 2 | Pastasallad/Havana Sweetchili kyckling: 2 | Pastasallad/Hawai Kyckling avocado: 2 | Pastasallad/Italiensk kyckling: 3 | Pastasallad/Kyckling & Salladsost: 5 | Pastasallad/Kyckling mangocurry: 5 | Pastasallad/Ost & Skinka: 4 | Pastasallad/Räkor: 5 | Sandwich/Bacon & Äggröra: 3 | Sandwich/Clubsandwich: 3 | Sandwich/Kyckling Curry: 3 | Sandwich/Räkor: 3 | Wraps/Caesar Kyckling: 4 | Wraps/Kyckling Bacon: 4 | Wraps/Kyckling Curry: 4 | Wraps/Sweet Chili: 3 | XL Frallor/Grovfralla Kalkon & Färskost: 1 | XL Frallor/Ost & Skinka: 1 | XL Frallor/Ost: 1
Stockholm Xtra,Coop lindingö centrum,Sunday,139,113~174,31,Baguette/Kyckling Curry: 4 | Baguette/Ost & Skinka: 4 | Baguette/Salami & Brieost: 4 | Baguette/Skagen: 4 | Fralla/Ost & Skinka: 6 | Fralla/Ost: 6 | Grönsallad/Caesarsallad: 5 | Hönökaka/Ost & Salami: 5 | Hönökaka/Ost & Skinka: 6 | Hönökaka/Ost: 5 | Pastasallad/Asian Surf & Turf-Nudelsallad: 2 | Pastasallad/Havana Sweetchili kyckling: 3 | Pastasallad/Hawai Kyckling avocado: 3 | Pastasallad/Italiensk kyckling: 3 | Pastasallad/Kyckling & Salladsost: 4 | Pastasallad/Kyckling kebab: 3 | Pastasallad/Kyckling mangocurry: 5 | Pastasallad/Ost & Skinka: 4 | Pastasallad/Räkor: 5 | Sandwich/Bacon & Äggröra: 3 | Sandwich/Clubsandwich: 3 | Sandwich/Kyckling Curry: 3 | Sandwich/Räkor: 3 | Sandwich/Ägg & Avocadokräm: 2 | Wraps/Caesar Kyckling: 10 | Wraps/Kyckling Bacon: 10 | Wraps/Kyckling Curry: 10 | Wraps/Sweet Chili: 7 | XL Frallor/Grovfralla Kalkon & Färskost: 3 | XL Frallor/Ost & Skinka: 2 | XL Frallor/Ost: 2
Stockholm Xtra,ICA Dalastan,Sunday,49,37~75,24,Baguette/Kyckling Curry: 1 | Baguette/Salami & Brieost: 2 | Baguette/Skagen: 2 | Fralla/Ost & Skinka: 4 | Fralla/Ost: 3 | Grönsallad/Caesarsallad: 2 | Hönökaka/Ost & Salami: 2 | Hönökaka/Ost & Skinka: 2 | Hönökaka/Ost: 2 | Pastasallad/Hawai Kyckling avocado: 1 | Pastasallad/Italiensk kyckling: 2 | Pastasallad/Kyckling & Salladsost: 2 | Pastasallad/Kyckling mangocurry: 2 | Pastasallad/Ost & Skinka: 2 | Pastasallad/Räkor: 2 | Sandwich/Clubsandwich: 2 | Sandwich/Kyckling Curry: 2 | Sandwich/Räkor: 2 | Sandwich/Ägg & Avocadokräm: 2 | Wraps/Caesar Kyckling: 3 | Wraps/Kyckling Bacon: 2 | Wraps/Kyckling Curry: 2 | Wraps/Sweet Chili: 2 | XL Frallor/Grovfralla Kalkon & Färskost: 1
Stockholm Xtra,ICA Glädjen,Sunday,102,80~126,28,Baguette/Kyckling Curry: 3 | Baguette/Ost & Skinka: 3 | Baguette/Salami & Brieost: 3 | Baguette/Skagen: 3 | Fralla/Ost & Skinka: 5 | Fralla/Ost: 4 | Grönsallad/Caesarsallad: 4 | Hönökaka/Ost & Salami: 4 | Hönökaka/Ost & Skinka: 4 | Hönökaka/Ost: 4 | Pastasallad/Asian Surf & Turf-Nudelsallad: 2 | Pastasallad/Italiensk kyckling: 3 | Pastasallad/Kyckling & Salladsost: 6 | Pastasallad/Kyckling kebab: 3 | Pastasallad/Kyckling mangocurry: 6 | Pastasallad/Ost & Skinka: 5 | Pastasallad/Räkor: 5 | Räkmacka Liten/Räkmacka liten: 1 | Räkstubbe/Räkstubbe: 1 | Sandwich/Bacon & Äggröra: 2 | Sandwich/Clubsandwich: 2 | Sandwich/Kyckling Curry: 2 | Sandwich/Räkor: 2 | Sandwich/Ägg & Avocadokräm: 1 | Wraps/Caesar Kyckling: 6 | Wraps/Kyckling Bacon: 6 | Wraps/Kyckling Curry: 7 | Wraps/Sweet Chili: 5
Stockholm Xtra,ICA Myran Danderyd,Sunday,45,33~62,17,Baguette/Salami & Brieost: 2 | Baguette/Skagen: 2 | Fralla/Ost & Skinka: 2 | Fralla/Ost: 2 | Grönsallad/Caesarsallad: 3 | Hönökaka/Ost & Skinka: 4 | Hönökaka/Ost: 3 | Pastasallad/Kyckling & Salladsost: 3 | Pastasallad/Kyckling mangocurry: 3 | Pastasallad/Räkor: 3 | Räkmacka Liten/Räkmacka liten: 4 | Wraps/Caesar Kyckling: 3 | Wraps/Kyckling Bacon: 3 | Wraps/Sweet Chili: 2 | XL Frallor/Grovfralla Kalkon & Färskost: 2 | XL Frallor/Ost & Skinka: 2 | XL Frallor/Ost: 2
Stockholm Xtra,ICA Nära Gärdet,Sunday,95,80~125,30,Baguette/Kyckling Curry: 2 | Baguette/Ost & Skinka: 2 | Baguette/Salami & Brieost: 2 | Baguette/Skagen: 2 | Fralla/Ost & Skinka: 3 | Fralla/Ost: 3 | Grönsallad/Caesarsallad: 3 | Hönökaka/Ost & Salami: 4 | Hönökaka/Ost & Skinka: 5 | Hönökaka/Ost: 4 | Pastasallad/Asian Surf & Turf-Nudelsallad: 2 | Pastasallad/Havana Sweetchili kyckling: 2 | Pastasallad/Hawai Kyckling avocado: 3 | Pastasallad/Italiensk kyckling: 3 | Pastasallad/Kyckling & Salladsost: 4 | Pastasallad/Kyckling mangocurry: 5 | Pastasallad/Ost & Skinka: 3 | Pastasallad/Räkor: 4 | Räkmacka Liten/Räkmacka liten: 2 | Sandwich/Bacon & Äggröra: 3 | Sandwich/Clubsandwich: 2 | Sandwich/Kyckling Curry: 2 | Sandwich/Räkor: 2 | Wraps/Caesar Kyckling: 6 | Wraps/Kyckling Bacon: 5 | Wraps/Kyckling Curry: 6 | Wraps/Sweet Chili: 5 | XL Frallor/Grovfralla Kalkon & Färskost: 2 | XL Frallor/Ost & Skinka: 2 | XL Frallor/Ost: 2
Stockholm Xtra,ICA Rökubbsgatan,Sunday,72,55~94,31,Baguette/Kyckling Curry: 1 | Baguette/Ost & Skinka: 2 | Baguette/Salami & Brieost: 1 | Baguette/Skagen: 1 | Fralla/Ost & Skinka: 3 | Fralla/Ost: 3 | Grönsallad/Caesarsallad: 4 | Hönökaka/Ost & Salami: 2 | Hönökaka/Ost & Skinka: 2 | Hönökaka/Ost: 2 | Pastasallad/Asian Surf & Turf-Nudelsallad: 2 | Pastasallad/Havana Sweetchili kyckling: 2 | Pastasallad/Hawai Kyckling avocado: 2 | Pastasallad/Italiensk kyckling: 2 | Pastasallad/Kyckling & Salladsost: 4 | Pastasallad/Kyckling mangocurry: 4 | Pastasallad/Ost & Skinka: 3 | Pastasallad/Räkor: 4 | Räkmacka Liten/Räkmacka liten: 1 | Sandwich/Bacon & Äggröra: 2 | Sandwich/Clubsandwich: 2 | Sandwich/Kyckling Curry: 2 | Sandwich/Räkor: 2 | Sandwich/Ägg & Avocadokräm: 1 | Wraps/Caesar Kyckling: 4 | Wraps/Kyckling Bacon: 4 | Wraps/Kyckling Curry: 4 | Wraps/Sweet Chili: 3 | XL Frallor/Grovfralla Kalkon & Färskost: 1 | XL Frallor/Ost & Skinka: 1 | XL Frallor/Ost: 1
Stockholm Xtra,ICA Supermarket käppala,Sunday,170,138~210,30,Baguette/Kyckling Curry: 5 | Baguette/Ost & Skinka: 5 | Baguette/Salami & Brieost: 4 | Baguette/Skagen: 2 | Fralla/Ost & Skinka: 8 | Fralla/Ost: 15 | Grönsallad/Caesarsallad: 7 | Hönökaka/Ost & Salami: 2 | Hönökaka/Ost & Skinka: 1 | Hönökaka/Ost: 1 | Pastasallad/Asian Surf & Turf-Nudelsallad: 3 | Pastasallad/Falafel: 2 | Pastasallad/Italiensk kyckling: 4 | Pastasallad/Kyckling & Salladsost: 12 | Pastasallad/Kyckling kebab: 6 | Pastasallad/Kyckling mangocurry: 13 | Pastasallad/Ost & Skinka: 11 | Pastasallad/Räkor: 13 | Sandwich/Bacon & Äggröra: 3 | Sandwich/Clubsandwich: 4 | Sandwich/Kyckling Curry: 3 | Sandwich/Räkor: 3 | Sandwich/Ägg & Avocadokräm: 1 | Wraps/Caesar Kyckling: 7 | Wraps/Kyckling Bacon: 8 | Wraps/Kyckling Curry: 8 | Wraps/Sweet Chili: 6 | XL Frallor/Grovfralla Kalkon & Färskost: 6 | XL Frallor/Ost & Skinka: 2 | XL Frallor/Ost: 5
Stockholm Xtra,ICA kvantum Danderyd,Sunday,95,76~120,26,Baguette/Kyckling Curry: 2 | Baguette/Ost & Skinka: 2 | Baguette/Salami & Brieost: 3 | Baguette/Skagen: 3 | Fralla/Ost & Skinka: 6 | Fralla/Ost: 5 | Glutenfri Frallor/Glutenfri Ost(endast söndagsbeställning): 1 | Grönsallad/Caesarsallad: 4 | Hönökaka/Ost & Salami: 4 | Hönökaka/Ost: 4 | Pastasallad/Asian Surf & Turf-Nudelsallad: 2 | Pastasallad/Kyckling & Salladsost: 4 | Pastasallad/Kyckling mangocurry: 5 | Pastasallad/Ost & Skinka: 4 | Pastasallad/Räkor: 6 | Sandwich/Bacon & Äggröra: 2 | Sandwich/Clubsandwich: 3 | Sandwich/Kyckling Curry: 3 | Sandwich/Ägg & Avocadokräm: 2 | Wraps/Caesar Kyckling: 6 | Wraps/Kyckling Bacon: 6 | Wraps/Kyckling Curry: 6 | Wraps/Sweet Chili: 4 | XL Frallor/Grovfralla Kalkon & Färskost: 3 | XL Frallor/Ost & Skinka: 3 | XL Frallor/Ost: 2
Stockholm Xtra,ICA kvantum Lidingö,Sunday,53,44~65,10,Baguette/Kyckling Curry: 5 | Baguette/Ost & Skinka: 5 | Baguette/Salami & Brieost: 5 | Baguette/Skagen: 5 | Fralla/Ost & Skinka: 7 | Fralla/Ost: 7 | Pastasallad/Asian Surf & Turf-Nudelsallad: 4 | Pastasallad/Kyckling & Salladsost: 4 | Pastasallad/Kyckling mangocurry: 6 | Pastasallad/Ost & Skinka: 5
Stockholm Xtra,ICA kvantum Viksjö,Sunday,85,68~107,16,Grönsallad/Caesarsallad: 7 | Pastasallad/Asian Surf & Turf-Nudelsallad: 5 | Pastasallad/Italiensk kyckling: 5 | Pastasallad/Kyckling & Salladsost: 8 | Pastasallad/Kyckling mangocurry: 8 | Pastasallad/Ost & Skinka: 7 | Pastasallad/Räkor: 7 | Sandwich/Bacon & Äggröra: 2 | Sandwich/Clubsandwich: 3 | Sandwich/Kyckling Curry: 3 | Sandwich/Räkor: 3 | Sandwich/Ägg & Avocadokräm: 1 | Wraps/Caesar Kyckling: 7 | Wraps/Kyckling Bacon: 7 | Wraps/Kyckling Curry: 7 | Wraps/Sweet Chili: 5
Stockholm Xtra,ICA kvantum åkermyntan,Sunday,31,24~42,7,Fralla/Ost & Skinka: 6 | Fralla/Ost: 5 | Hönökaka/Ost & Skinka: 4 | Pastasallad/Asian Surf & Turf-Nudelsallad: 4 | Pastasallad/Italiensk kyckling: 4 | Pastasallad/Kyckling kebab: 4 | Pastasallad/Kyckling mangocurry: 4
Stockholm Xtra,Stora Coop Vinsta,Sunday,84,69~108,24,Baguette/Kyckling Curry: 3 | Baguette/Ost & Skinka: 4 | Baguette/Salami & Brieost: 4 | Baguette/Skagen: 4 | Fralla/Ost & Skinka: 4 | Fralla/Ost: 4 | Hönökaka/Ost & Salami: 1 | Hönökaka/Ost & Skinka: 2 | Hönökaka/Ost: 2 | Pastasallad/Asian Surf & Turf-Nudelsallad: 2 | Pastasallad/Italiensk kyckling: 2 | Pastasallad/Kyckling & Salladsost: 3 | Pastasallad/Kyckling mangocurry: 3 | Pastasallad/Ost & Skinka: 2 | Pastasallad/Räkor: 3 | Sandwich/Bacon & Äggröra: 3 | Sandwich/Clubsandwich: 3 | Sandwich/Kyckling Curry: 3 | Sandwich/Räkor: 3 | Sandwich/Ägg & Avocadokräm: 3 | Wraps/Caesar Kyckling: 7 | Wraps/Kyckling Bacon: 7 | Wraps/Kyckling Curry: 7 | Wraps/Sweet Chili: 5
Stockholm Xtra,The Coffice KTH,Sunday,42,33~55,13,Pastasallad/Falafel: 2 | Pastasallad/Kyckling & Salladsost: 3 | Pastasallad/Kyckling kebab: 2 | Pastasallad/Kyckling mangocurry: 3 | Pastasallad/Räkor: 3 | Sandwich/Bacon & Äggröra: 2 | Sandwich/Clubsandwich: 3 | Sandwich/Kyckling Curry: 2 | Sandwich/Räkor: 2 | Wraps/Caesar Kyckling: 5 | Wraps/Kyckling Bacon: 5 | Wraps/Kyckling Curry: 5 | Wraps/Sweet Chili: 5
Stockholm Xtra,Coop Bålsta,Tuesday,65,52~83,19,Baguette/Kyckling Curry: 1 | Baguette/Ost & Skinka: 2 | Baguette/Salami & Brieost: 1 | Baguette/Skagen: 1 | Fralla/Ost & Skinka: 3 | Fralla/Ost: 2 | Grönsallad/Caesarsallad: 5 | Hönökaka/Ost & Skinka: 2 | Hönökaka/Ost: 2 | Pastasallad/Asian Surf & Turf-Nudelsallad: 3 | Pastasallad/Italiensk kyckling: 4 | Pastasallad/Kyckling & Salladsost: 7 | Pastasallad/Kyckling mangocurry: 7 | Pastasallad/Ost & Skinka: 5 | Pastasallad/Räkor: 7 | Wraps/Caesar Kyckling: 4 | Wraps/Kyckling Bacon: 3 | Wraps/Kyckling Curry: 4 | Wraps/Sweet Chili: 2
Stockholm Xtra,Coop Erik Dahlbersgatan,Tuesday,62,43~79,27,Baguette/Kyckling Curry: 1 | Baguette/Ost & Skinka: 2 | Baguette/Salami & Brieost: 2 | Baguette/Skagen: 2 | Fralla/Ost & Skinka: 3 | Fralla/Ost: 3 | Grönsallad/Caesarsallad: 4 | Hönökaka/Ost & Salami: 2 | Hönökaka/Ost & Skinka: 2 | Hönökaka/Ost: 1 | Pastasallad/Asian Surf & Turf-Nudelsallad: 1 | Pastasallad/Italiensk kyckling: 1 | Pastasallad/Kyckling & Salladsost: 4 | Pastasallad/Kyckling mangocurry: 5 | Pastasallad/Ost & Skinka: 3 | Pastasallad/Räkor: 4 | Sandwich/Bacon & Äggröra: 1 | Sandwich/Clubsandwich: 2 | Sandwich/Kyckling Curry: 2 | Sandwich/Räkor: 1 | Wraps/Caesar Kyckling: 3 | Wraps/Kyckling Bacon: 3 | Wraps/Kyckling Curry: 3 | Wraps/Sweet Chili: 3 | XL Frallor/Grovfralla Kalkon & Färskost: 2 | XL Frallor/Ost & Skinka: 1 | XL Frallor/Ost: 1
Stockholm Xtra,Coop Garnisonen,Tuesday,79,65~107,28,Baguette/Kyckling Curry: 2 | Baguette/Ost & Skinka: 2 | Baguette/Salami & Brieost: 2 | Baguette/Skagen: 2 | Fralla/Ost & Skinka: 5 | Fralla/Ost: 5 | Grönsallad/Caesarsallad: 2 | Hönökaka/Ost & Salami: 3 | Hönökaka/Ost & Skinka: 4 | Hönökaka/Ost: 4 | Pastasallad/Havana Sweetchili kyckling: 1 | Pastasallad/Hawai Kyckling avocado: 2 | Pastasallad/Italiensk kyckling: 2 | Pastasallad/Kyckling & Salladsost: 3 | Pastasallad/Kyckling mangocurry: 3 | Pastasallad/Ost & Skinka: 3 | Pastasallad/Räkor: 4 | Sandwich/Bacon & Äggröra: 1 | Sandwich/Clubsandwich: 1 | Sandwich/Kyckling Curry: 1 | Sandwich/Räkor: 1 | Wraps/Caesar Kyckling: 4 | Wraps/Kyckling Bacon: 5 | Wraps/Kyckling Curry: 4 | Wraps/Sweet Chili: 3 | XL Frallor/Grovfralla Kalkon & Färskost: 3 | XL Frallor/Ost & Skinka: 4 | XL Frallor/Ost: 3
Stockholm Xtra,Coop STORGATAN,Tuesday,82,64~109,29,Baguette/Kyckling Curry: 2 | Baguette/Ost & Skinka: 2 | Baguette/Salami & Brieost: 2 | Baguette/Skagen: 2 | Fralla/Ost & Skinka: 4 | Fralla/Ost: 3 | Grönsallad/Caesarsallad: 3 | Hönökaka/Ost & Salami: 2 | Hönökaka/Ost & Skinka: 2 | Hönökaka/Ost: 2 | Pastasallad/Asian Surf & Turf-Nudelsallad: 2 | Pastasallad/Havana Sweetchili kyckling: 2 | Pastasallad/Hawai Kyckling avocado: 2 | Pastasallad/Italiensk kyckling: 3 | Pastasallad/Kyckling & Salladsost: 5 | Pastasallad/Kyckling mangocurry: 5 | Pastasallad/Ost & Skinka: 4 | Pastasallad/Räkor: 5 | Sandwich/Bacon & Äggröra: 3 | Sandwich/Clubsandwich: 3 | Sandwich/Kyckling Curry: 3 | Sandwich/Räkor: 3 | Wraps/Caesar Kyckling: 4 | Wraps/Kyckling Bacon: 4 | Wraps/Kyckling Curry: 4 | Wraps/Sweet Chili: 3 | XL Frallor/Grovfralla Kalkon & Färskost: 1 | XL Frallor/Ost & Skinka: 1 | XL Frallor/Ost: 1
Stockholm Xtra,Coop lindingö centrum,Tuesday,139,113~174,31,Baguette/Kyckling Curry: 4 | Baguette/Ost & Skinka: 4 | Baguette/Salami & Brieost: 4 | Baguette/Skagen: 4 | Fralla/Ost & Skinka: 6 | Fralla/Ost: 6 | Grönsallad/Caesarsallad: 5 | Hönökaka/Ost & Salami: 5 | Hönökaka/Ost & Skinka: 6 | Hönökaka/Ost: 5 | Pastasallad/Asian Surf & Turf-Nudelsallad: 2 | Pastasallad/Havana Sweetchili kyckling: 3 | Pastasallad/Hawai Kyckling avocado: 3 | Pastasallad/Italiensk kyckling: 3 | Pastasallad/Kyckling & Salladsost: 4 | Pastasallad/Kyckling kebab: 3 | Pastasallad/Kyckling mangocurry: 5 | Pastasallad/Ost & Skinka: 4 | Pastasallad/Räkor: 5 | Sandwich/Bacon & Äggröra: 3 | Sandwich/Clubsandwich: 3 | Sandwich/Kyckling Curry: 3 | Sandwich/Räkor: 3 | Sandwich/Ägg & Avocadokräm: 2 | Wraps/Caesar Kyckling: 10 | Wraps/Kyckling Bacon: 10 | Wraps/Kyckling Curry: 10 | Wraps/Sweet Chili: 7 | XL Frallor/Grovfralla Kalkon & Färskost: 3 | XL Frallor/Ost & Skinka: 2 | XL Frallor/Ost: 2
Stockholm Xtra,ICA Glädjen,Tuesday,102,80~126,28,Baguette/Kyckling Curry: 3 | Baguette/Ost & Skinka: 3 | Baguette/Salami & Brieost: 3 | Baguette/Skagen: 3 | Fralla/Ost & Skinka: 5 | Fralla/Ost: 4 | Grönsallad/Caesarsallad: 4 | Hönökaka/Ost & Salami: 4 | Hönökaka/Ost & Skinka: 4 | Hönökaka/Ost: 4 | Pastasallad/Asian Surf & Turf-Nudelsallad: 2 | Pastasallad/Italiensk kyckling: 3 | Pastasallad/Kyckling & Salladsost: 6 | Pastasallad/Kyckling kebab: 3 | Pastasallad/Kyckling mangocurry: 6 | Pastasallad/Ost & Skinka: 5 | Pastasallad/Räkor: 5 | Räkmacka Liten/Räkmacka liten: 1 | Räkstubbe/Räkstubbe: 1 | Sandwich/Bacon & Äggröra: 2 | Sandwich/Clubsandwich: 2 | Sandwich/Kyckling Curry: 2 | Sandwich/Räkor: 2 | Sandwich/Ägg & Avocadokräm: 1 | Wraps/Caesar Kyckling: 6 | Wraps/Kyckling Bacon: 6 | Wraps/Kyckling Curry: 7 | Wraps/Sweet Chili: 5
Stockholm Xtra,ICA Nära Gärdet,Tuesday,95,80~125,30,Baguette/Kyckling Curry: 2 | Baguette/Ost & Skinka: 2 | Baguette/Salami & Brieost: 2 | Baguette/Skagen: 2 | Fralla/Ost & Skinka: 3 | Fralla/Ost: 3 | Grönsallad/Caesarsallad: 3 | Hönökaka/Ost & Salami: 4 | Hönökaka/Ost & Skinka: 5 | Hönökaka/Ost: 4 | Pastasallad/Asian Surf & Turf-Nudelsallad: 2 | Pastasallad/Havana Sweetchili kyckling: 2 | Pastasallad/Hawai Kyckling avocado: 3 | Pastasallad/Italiensk kyckling: 3 | Pastasallad/Kyckling & Salladsost: 4 | Pastasallad/Kyckling mangocurry: 5 | Pastasallad/Ost & Skinka: 3 | Pastasallad/Räkor: 4 | Räkmacka Liten/Räkmacka liten: 2 | Sandwich/Bacon & Äggröra: 3 | Sandwich/Clubsandwich: 2 | Sandwich/Kyckling Curry: 2 | Sandwich/Räkor: 2 | Wraps/Caesar Kyckling: 6 | Wraps/Kyckling Bacon: 5 | Wraps/Kyckling Curry: 6 | Wraps/Sweet Chili: 5 | XL Frallor/Grovfralla Kalkon & Färskost: 2 | XL Frallor/Ost & Skinka: 2 | XL Frallor/Ost: 2
Stockholm Xtra,ICA Rökubbsgatan,Tuesday,72,55~94,31,Baguette/Kyckling Curry: 1 | Baguette/Ost & Skinka: 2 | Baguette/Salami & Brieost: 1 | Baguette/Skagen: 1 | Fralla/Ost & Skinka: 3 | Fralla/Ost: 3 | Grönsallad/Caesarsallad: 4 | Hönökaka/Ost & Salami: 2 | Hönökaka/Ost & Skinka: 2 | Hönökaka/Ost: 2 | Pastasallad/Asian Surf & Turf-Nudelsallad: 2 | Pastasallad/Havana Sweetchili kyckling: 2 | Pastasallad/Hawai Kyckling avocado: 2 | Pastasallad/Italiensk kyckling: 2 | Pastasallad/Kyckling & Salladsost: 4 | Pastasallad/Kyckling mangocurry: 4 | Pastasallad/Ost & Skinka: 3 | Pastasallad/Räkor: 4 | Räkmacka Liten/Räkmacka liten: 1 | Sandwich/Bacon & Äggröra: 2 | Sandwich/Clubsandwich: 2 | Sandwich/Kyckling Curry: 2 | Sandwich/Räkor: 2 | Sandwich/Ägg & Avocadokräm: 1 | Wraps/Caesar Kyckling: 4 | Wraps/Kyckling Bacon: 4 | Wraps/Kyckling Curry: 4 | Wraps/Sweet Chili: 3 | XL Frallor/Grovfralla Kalkon & Färskost: 1 | XL Frallor/Ost & Skinka: 1 | XL Frallor/Ost: 1
Stockholm Xtra,ICA Supermarket käppala,Tuesday,170,138~210,30,Baguette/Kyckling Curry: 5 | Baguette/Ost & Skinka: 5 | Baguette/Salami & Brieost: 4 | Baguette/Skagen: 2 | Fralla/Ost & Skinka: 8 | Fralla/Ost: 15 | Grönsallad/Caesarsallad: 7 | Hönökaka/Ost & Salami: 2 | Hönökaka/Ost & Skinka: 1 | Hönökaka/Ost: 1 | Pastasallad/Asian Surf & Turf-Nudelsallad: 3 | Pastasallad/Falafel: 2 | Pastasallad/Italiensk kyckling: 4 | Pastasallad/Kyckling & Salladsost: 12 | Pastasallad/Kyckling kebab: 6 | Pastasallad/Kyckling mangocurry: 13 | Pastasallad/Ost & Skinka: 11 | Pastasallad/Räkor: 13 | Sandwich/Bacon & Äggröra: 3 | Sandwich/Clubsandwich: 4 | Sandwich/Kyckling Curry: 3 | Sandwich/Räkor: 3 | Sandwich/Ägg & Avocadokräm: 1 | Wraps/Caesar Kyckling: 7 | Wraps/Kyckling Bacon: 8 | Wraps/Kyckling Curry: 8 | Wraps/Sweet Chili: 6 | XL Frallor/Grovfralla Kalkon & Färskost: 6 | XL Frallor/Ost & Skinka: 2 | XL Frallor/Ost: 5
Stockholm Xtra,ICA kvantum Danderyd,Tuesday,95,76~120,26,Baguette/Kyckling Curry: 2 | Baguette/Ost & Skinka: 2 | Baguette/Salami & Brieost: 3 | Baguette/Skagen: 3 | Fralla/Ost & Skinka: 6 | Fralla/Ost: 5 | Glutenfri Frallor/Glutenfri Ost(endast söndagsbeställning): 1 | Grönsallad/Caesarsallad: 4 | Hönökaka/Ost & Salami: 4 | Hönökaka/Ost: 4 | Pastasallad/Asian Surf & Turf-Nudelsallad: 2 | Pastasallad/Kyckling & Salladsost: 4 | Pastasallad/Kyckling mangocurry: 5 | Pastasallad/Ost & Skinka: 4 | Pastasallad/Räkor: 6 | Sandwich/Bacon & Äggröra: 2 | Sandwich/Clubsandwich: 3 | Sandwich/Kyckling Curry: 3 | Sandwich/Ägg & Avocadokräm: 2 | Wraps/Caesar Kyckling: 6 | Wraps/Kyckling Bacon: 6 | Wraps/Kyckling Curry: 6 | Wraps/Sweet Chili: 4 | XL Frallor/Grovfralla Kalkon & Färskost: 3 | XL Frallor/Ost & Skinka: 3 | XL Frallor/Ost: 2
Stockholm Xtra,ICA kvantum Lidingö,Tuesday,53,44~65,10,Baguette/Kyckling Curry: 5 | Baguette/Ost & Skinka: 5 | Baguette/Salami & Brieost: 5 | Baguette/Skagen: 5 | Fralla/Ost & Skinka: 7 | Fralla/Ost: 7 | Pastasallad/Asian Surf & Turf-Nudelsallad: 4 | Pastasallad/Kyckling & Salladsost: 4 | Pastasallad/Kyckling mangocurry: 6 | Pastasallad/Ost & Skinka: 5
Stockholm Xtra,ICA kvantum Viksjö,Tuesday,85,68~107,16,Grönsallad/Caesarsallad: 7 | Pastasallad/Asian Surf & Turf-Nudelsallad: 5 | Pastasallad/Italiensk kyckling: 5 | Pastasallad/Kyckling & Salladsost: 8 | Pastasallad/Kyckling mangocurry: 8 | Pastasallad/Ost & Skinka: 7 | Pastasallad/Räkor: 7 | Sandwich/Bacon & Äggröra: 2 | Sandwich/Clubsandwich: 3 | Sandwich/Kyckling Curry: 3 | Sandwich/Räkor: 3 | Sandwich/Ägg & Avocadokräm: 1 | Wraps/Caesar Kyckling: 7 | Wraps/Kyckling Bacon: 7 | Wraps/Kyckling Curry: 7 | Wraps/Sweet Chili: 5
Stockholm Xtra,Stora Coop Vinsta,Tuesday,84,69~108,24,Baguette/Kyckling Curry: 3 | Baguette/Ost & Skinka: 4 | Baguette/Salami & Brieost: 4 | Baguette/Skagen: 4 | Fralla/Ost & Skinka: 4 | Fralla/Ost: 4 | Hönökaka/Ost & Salami: 1 | Hönökaka/Ost & Skinka: 2 | Hönökaka/Ost: 2 | Pastasallad/Asian Surf & Turf-Nudelsallad: 2 | Pastasallad/Italiensk kyckling: 2 | Pastasallad/Kyckling & Salladsost: 3 | Pastasallad/Kyckling mangocurry: 3 | Pastasallad/Ost & Skinka: 2 | Pastasallad/Räkor: 3 | Sandwich/Bacon & Äggröra: 3 | Sandwich/Clubsandwich: 3 | Sandwich/Kyckling Curry: 3 | Sandwich/Räkor: 3 | Sandwich/Ägg & Avocadokräm: 3 | Wraps/Caesar Kyckling: 7 | Wraps/Kyckling Bacon: 7 | Wraps/Kyckling Curry: 7 | Wraps/Sweet Chili: 5
Stockholm Xtra,The Coffice KTH,Tuesday,42,34~59,13,Pastasallad/Falafel: 1 | Pastasallad/Kyckling & Salladsost: 3 | Pastasallad/Kyckling kebab: 2 | Pastasallad/Kyckling mangocurry: 3 | Pastasallad/Räkor: 3 | Sandwich/Bacon & Äggröra: 2 | Sandwich/Clubsandwich: 3 | Sandwich/Kyckling Curry: 3 | Sandwich/Räkor: 2 | Wraps/Caesar Kyckling: 5 | Wraps/Kyckling Bacon: 5 | Wraps/Kyckling Curry: 5 | Wraps/Sweet Chili: 5
Stockholm Xtra,Coop Bålsta,Thursday,61,50~81,19,Baguette/Kyckling Curry: 1 | Baguette/Ost & Skinka: 1 | Baguette/Salami & Brieost: 2 | Baguette/Skagen: 2 | Fralla/Ost & Skinka: 2 | Fralla/Ost: 1 | Grönsallad/Caesarsallad: 4 | Hönökaka/Ost & Skinka: 1 | Hönökaka/Ost: 1 | Pastasallad/Asian Surf & Turf-Nudelsallad: 2 | Pastasallad/Italiensk kyckling: 3 | Pastasallad/Kyckling & Salladsost: 6 | Pastasallad/Kyckling mangocurry: 7 | Pastasallad/Ost & Skinka: 6 | Pastasallad/Räkor: 7 | Wraps/Caesar Kyckling: 5 | Wraps/Kyckling Bacon: 4 | Wraps/Kyckling Curry: 4 | Wraps/Sweet Chili: 2
Stockholm Xtra,Coop Erik Dahlbersgatan,Thursday,55,52~83,25,Baguette/Kyckling Curry: 2 | Baguette/Ost & Skinka: 1 | Baguette/Salami & Brieost: 1 | Baguette/Skagen: 1 | Fralla/Ost & Skinka: 4 | Fralla/Ost: 3 | Grönsallad/Caesarsallad: 3 | Hönökaka/Ost & Salami: 1 | Hönökaka/Ost & Skinka: 1 | Hönökaka/Ost: 2 | Pastasallad/Kyckling & Salladsost: 4 | Pastasallad/Kyckling mangocurry: 4 | Pastasallad/Ost & Skinka: 3 | Pastasallad/Räkor: 3 | Sandwich/Bacon & Äggröra: 2 | Sandwich/Clubsandwich: 1 | Sandwich/Kyckling Curry: 1 | Sandwich/Räkor: 2 | Wraps/Caesar Kyckling: 4 | Wraps/Kyckling Bacon: 3 | Wraps/Kyckling Curry: 3 | Wraps/Sweet Chili: 3 | XL Frallor/Grovfralla Kalkon & Färskost: 1 | XL Frallor/Ost & Skinka: 1 | XL Frallor/Ost: 1
Stockholm Xtra,Coop Garnisonen,Thursday,77,58~96,28,Baguette/Kyckling Curry: 1 | Baguette/Ost & Skinka: 2 | Baguette/Salami & Brieost: 2 | Baguette/Skagen: 2 | Fralla/Ost & Skinka: 6 | Fralla/Ost: 4 | Grönsallad/Caesarsallad: 2 | Hönökaka/Ost & Salami: 4 | Hönökaka/Ost & Skinka: 3 | Hönökaka/Ost: 4 | Pastasallad/Havana Sweetchili kyckling: 1 | Pastasallad/Hawai Kyckling avocado: 2 | Pastasallad/Italiensk kyckling: 2 | Pastasallad/Kyckling & Salladsost: 4 | Pastasallad/Kyckling mangocurry: 4 | Pastasallad/Ost & Skinka: 2 | Pastasallad/Räkor: 3 | Sandwich/Bacon & Äggröra: 2 | Sandwich/Clubsandwich: 2 | Sandwich/Kyckling Curry: 1 | Sandwich/Räkor: 2 | Wraps/Caesar Kyckling: 4 | Wraps/Kyckling Bacon: 4 | Wraps/Kyckling Curry: 4 | Wraps/Sweet Chili: 3 | XL Frallor/Grovfralla Kalkon & Färskost: 2 | XL Frallor/Ost & Skinka: 3 | XL Frallor/Ost: 2
Stockholm Xtra,Coop STORGATAN,Thursday,73,57~94,27,Baguette/Kyckling Curry: 1 | Baguette/Ost & Skinka: 2 | Baguette/Salami & Brieost: 2 | Baguette/Skagen: 2 | Fralla/Ost & Skinka: 3 | Fralla/Ost: 2 | Grönsallad/Caesarsallad: 2 | Hönökaka/Ost & Salami: 2 | Hönökaka/Ost & Skinka: 3 | Hönökaka/Ost: 2 | Pastasallad/Asian Surf & Turf-Nudelsallad: 2 | Pastasallad/Havana Sweetchili kyckling: 2 | Pastasallad/Hawai Kyckling avocado: 3 | Pastasallad/Italiensk kyckling: 2 | Pastasallad/Kyckling & Salladsost: 5 | Pastasallad/Kyckling mangocurry: 6 | Pastasallad/Ost & Skinka: 3 | Pastasallad/Räkor: 5 | Sandwich/Bacon & Äggröra: 2 | Sandwich/Clubsandwich: 2 | Sandwich/Kyckling Curry: 2 | Sandwich/Räkor: 2 | Wraps/Caesar Kyckling: 4 | Wraps/Kyckling Bacon: 3 | Wraps/Kyckling Curry: 4 | Wraps/Sweet Chili: 4 | XL Frallor/Grovfralla Kalkon & Färskost: 1
Stockholm Xtra,Coop lindingö centrum,Thursday,132,106~171,31,Baguette/Kyckling Curry: 3 | Baguette/Ost & Skinka: 3 | Baguette/Salami & Brieost: 4 | Baguette/Skagen: 3 | Fralla/Ost & Skinka: 6 | Fralla/Ost: 6 | Grönsallad/Caesarsallad: 4 | Hönökaka/Ost & Salami: 6 | Hönökaka/Ost & Skinka: 5 | Hönökaka/Ost: 4 | Pastasallad/Asian Surf & Turf-Nudelsallad: 2 | Pastasallad/Havana Sweetchili kyckling: 2 | Pastasallad/Hawai Kyckling avocado: 3 | Pastasallad/Italiensk kyckling: 2 | Pastasallad/Kyckling & Salladsost: 5 | Pastasallad/Kyckling kebab: 3 | Pastasallad/Kyckling mangocurry: 4 | Pastasallad/Ost & Skinka: 4 | Pastasallad/Räkor: 4 | Sandwich/Bacon & Äggröra: 3 | Sandwich/Clubsandwich: 4 | Sandwich/Kyckling Curry: 4 | Sandwich/Räkor: 4 | Sandwich/Ägg & Avocadokräm: 2 | Wraps/Caesar Kyckling: 9 | Wraps/Kyckling Bacon: 9 | Wraps/Kyckling Curry: 9 | Wraps/Sweet Chili: 6 | XL Frallor/Grovfralla Kalkon & Färskost: 3 | XL Frallor/Ost & Skinka: 3 | XL Frallor/Ost: 3
Stockholm Xtra,ICA Dalastan,Thursday,53,37~76,27,Baguette/Kyckling Curry: 1 | Baguette/Ost & Skinka: 1 | Baguette/Salami & Brieost: 1 | Baguette/Skagen: 1 | Fralla/Ost & Skinka: 3 | Fralla/Ost: 3 | Grönsallad/Caesarsallad: 3 | Hönökaka/Ost & Salami: 2 | Hönökaka/Ost & Skinka: 2 | Hönökaka/Ost: 2 | Pastasallad/Hawai Kyckling avocado: 1 | Pastasallad/Italiensk kyckling: 1 | Pastasallad/Kyckling & Salladsost: 3 | Pastasallad/Kyckling mangocurry: 3 | Pastasallad/Ost & Skinka: 3 | Pastasallad/Räkor: 3 | Sandwich/Clubsandwich: 2 | Sandwich/Kyckling Curry: 2 | Sandwich/Räkor: 1 | Sandwich/Ägg & Avocadokräm: 1 | Wraps/Caesar Kyckling: 3 | Wraps/Kyckling Bacon: 3 | Wraps/Kyckling Curry: 3 | Wraps/Sweet Chili: 2 | XL Frallor/Grovfralla Kalkon & Färskost: 1 | XL Frallor/Ost & Skinka: 1 | XL Frallor/Ost: 1
Stockholm Xtra,ICA Glädjen,Thursday,96,81~129,26,Baguette/Kyckling Curry: 4 | Baguette/Ost & Skinka: 4 | Baguette/Salami & Brieost: 3 | Baguette/Skagen: 3 | Fralla/Ost & Skinka: 6 | Fralla/Ost: 3 | Grönsallad/Caesarsallad: 4 | Hönökaka/Ost & Salami: 5 | Hönökaka/Ost & Skinka: 5 | Hönökaka/Ost: 3 | Pastasallad/Asian Surf & Turf-Nudelsallad: 2 | Pastasallad/Italiensk kyckling: 3 | Pastasallad/Kyckling & Salladsost: 5 | Pastasallad/Kyckling kebab: 2 | Pastasallad/Kyckling mangocurry: 6 | Pastasallad/Ost & Skinka: 5 | Pastasallad/Räkor: 6 | Sandwich/Bacon & Äggröra: 1 | Sandwich/Clubsandwich: 1 | Sandwich/Kyckling Curry: 1 | Sandwich/Räkor: 1 | Sandwich/Ägg & Avocadokräm: 1 | Wraps/Caesar Kyckling: 5 | Wraps/Kyckling Bacon: 6 | Wraps/Kyckling Curry: 6 | Wraps/Sweet Chili: 5
Stockholm Xtra,ICA Myran Danderyd,Thursday,44,37~63,17,Baguette/Salami & Brieost: 2 | Baguette/Skagen: 2 | Fralla/Ost & Skinka: 3 | Fralla/Ost: 2 | Grönsallad/Caesarsallad: 3 | Hönökaka/Ost & Skinka: 3 | Hönökaka/Ost: 3 | Pastasallad/Kyckling & Salladsost: 3 | Pastasallad/Kyckling mangocurry: 3 | Pastasallad/Räkor: 3 | Räkmacka Liten/Räkmacka liten: 5 | Wraps/Caesar Kyckling: 3 | Wraps/Kyckling Bacon: 3 | Wraps/Sweet Chili: 3 | XL Frallor/Grovfralla Kalkon & Färskost: 1 | XL Frallor/Ost & Skinka: 1 | XL Frallor/Ost: 1
Stockholm Xtra,ICA Nära Gärdet,Thursday,95,69~121,30,Baguette/Kyckling Curry: 2 | Baguette/Ost & Skinka: 2 | Baguette/Salami & Brieost: 2 | Baguette/Skagen: 2 | Fralla/Ost & Skinka: 4 | Fralla/Ost: 3 | Grönsallad/Caesarsallad: 4 | Hönökaka/Ost & Salami: 3 | Hönökaka/Ost & Skinka: 6 | Hönökaka/Ost: 3 | Pastasallad/Asian Surf & Turf-Nudelsallad: 3 | Pastasallad/Havana Sweetchili kyckling: 2 | Pastasallad/Hawai Kyckling avocado: 3 | Pastasallad/Italiensk kyckling: 2 | Pastasallad/Kyckling & Salladsost: 4 | Pastasallad/Kyckling mangocurry: 5 | Pastasallad/Ost & Skinka: 4 | Pastasallad/Räkor: 3 | Räkmacka Liten/Räkmacka liten: 1 | Sandwich/Bacon & Äggröra: 4 | Sandwich/Clubsandwich: 3 | Sandwich/Kyckling Curry: 3 | Sandwich/Räkor: 2 | Wraps/Caesar Kyckling: 5 | Wraps/Kyckling Bacon: 6 | Wraps/Kyckling Curry: 5 | Wraps/Sweet Chili: 4 | XL Frallor/Grovfralla Kalkon & Färskost: 2 | XL Frallor/Ost & Skinka: 1 | XL Frallor/Ost: 2
Stockholm Xtra,ICA Rökubbsgatan,Thursday,68,58~93,29,Baguette/Kyckling Curry: 2 | Baguette/Ost & Skinka: 1 | Baguette/Salami & Brieost: 2 | Baguette/Skagen: 2 | Fralla/Ost & Skinka: 3 | Fralla/Ost: 3 | Grönsallad/Caesarsallad: 3 | Hönökaka/Ost & Salami: 2 | Hönökaka/Ost & Skinka: 2 | Hönökaka/Ost: 1 | Pastasallad/Asian Surf & Turf-Nudelsallad: 1 | Pastasallad/Havana Sweetchili kyckling: 1 | Pastasallad/Hawai Kyckling avocado: 1 | Pastasallad/Italiensk kyckling: 1 | Pastasallad/Kyckling & Salladsost: 3 | Pastasallad/Kyckling mangocurry: 5 | Pastasallad/Ost & Skinka: 4 | Pastasallad/Räkor: 3 | Sandwich/Bacon & Äggröra: 1 | Sandwich/Clubsandwich: 2 | Sandwich/Kyckling Curry: 2 | Sandwich/Räkor: 2 | Wraps/Caesar Kyckling: 5 | Wraps/Kyckling Bacon: 3 | Wraps/Kyckling Curry: 4 | Wraps/Sweet Chili: 3 | XL Frallor/Grovfralla Kalkon & Färskost: 2 | XL Frallor/Ost & Skinka: 2 | XL Frallor/Ost: 2
Stockholm Xtra,ICA Supermarket käppala,Thursday,166,140~203,29,Baguette/Kyckling Curry: 6 | Baguette/Ost & Skinka: 4 | Baguette/Salami & Brieost: 4 | Baguette/Skagen: 2 | Fralla/Ost & Skinka: 9 | Fralla/Ost: 14 | Grönsallad/Caesarsallad: 7 | Hönökaka/Ost & Salami: 1 | Hönökaka/Ost & Skinka: 2 | Hönökaka/Ost: 2 | Pastasallad/Asian Surf & Turf-Nudelsallad: 3 | Pastasallad/Falafel: 2 | Pastasallad/Italiensk kyckling: 3 | Pastasallad/Kyckling & Salladsost: 11 | Pastasallad/Kyckling kebab: 5 | Pastasallad/Kyckling mangocurry: 12 | Pastasallad/Ost & Skinka: 10 | Pastasallad/Räkor: 14 | Sandwich/Bacon & Äggröra: 3 | Sandwich/Clubsandwich: 3 | Sandwich/Kyckling Curry: 4 | Sandwich/Räkor: 2 | Wraps/Caesar Kyckling: 8 | Wraps/Kyckling Bacon: 7 | Wraps/Kyckling Curry: 9 | Wraps/Sweet Chili: 7 | XL Frallor/Grovfralla Kalkon & Färskost: 5 | XL Frallor/Ost & Skinka: 1 | XL Frallor/Ost: 6
Stockholm Xtra,ICA kvantum Danderyd,Thursday,86,72~114,26,Baguette/Kyckling Curry: 2 | Baguette/Ost & Skinka: 2 | Baguette/Salami & Brieost: 3 | Baguette/Skagen: 2 | Fralla/Ost & Skinka: 5 | Fralla/Ost: 5 | Glutenfri Frallor/Glutenfri Ost(endast söndagsbeställning): 1 | Grönsallad/Caesarsallad: 3 | Hönökaka/Ost & Salami: 4 | Hönökaka/Ost: 4 | Pastasallad/Asian Surf & Turf-Nudelsallad: 2 | Pastasallad/Kyckling & Salladsost: 3 | Pastasallad/Kyckling mangocurry: 5 | Pastasallad/Ost & Skinka: 4 | Pastasallad/Räkor: 5 | Sandwich/Bacon & Äggröra: 2 | Sandwich/Clubsandwich: 3 | Sandwich/Kyckling Curry: 2 | Sandwich/Ägg & Avocadokräm: 1 | Wraps/Caesar Kyckling: 6 | Wraps/Kyckling Bacon: 5 | Wraps/Kyckling Curry: 6 | Wraps/Sweet Chili: 5 | XL Frallor/Grovfralla Kalkon & Färskost: 2 | XL Frallor/Ost & Skinka: 2 | XL Frallor/Ost: 2
Stockholm Xtra,ICA kvantum Lidingö,Thursday,52,40~68,10,Baguette/Kyckling Curry: 4 | Baguette/Ost & Skinka: 5 | Baguette/Salami & Brieost: 5 | Baguette/Skagen: 4 | Fralla/Ost & Skinka: 7 | Fralla/Ost: 7 | Pastasallad/Asian Surf & Turf-Nudelsallad: 5 | Pastasallad/Kyckling & Salladsost: 4 | Pastasallad/Kyckling mangocurry: 6 | Pastasallad/Ost & Skinka: 5
Stockholm Xtra,ICA kvantum Viksjö,Thursday,83,68~101,15,Grönsallad/Caesarsallad: 8 | Pastasallad/Asian Surf & Turf-Nudelsallad: 5 | Pastasallad/Italiensk kyckling: 6 | Pastasallad/Kyckling & Salladsost: 7 | Pastasallad/Kyckling mangocurry: 9 | Pastasallad/Ost & Skinka: 7 | Pastasallad/Räkor: 8 | Sandwich/Bacon & Äggröra: 1 | Sandwich/Clubsandwich: 2 | Sandwich/Kyckling Curry: 2 | Sandwich/Räkor: 2 | Wraps/Caesar Kyckling: 7 | Wraps/Kyckling Bacon: 6 | Wraps/Kyckling Curry: 7 | Wraps/Sweet Chili: 6
Stockholm Xtra,ICA kvantum åkermyntan,Thursday,31,24~41,7,Fralla/Ost & Skinka: 5 | Fralla/Ost: 5 | Hönökaka/Ost & Skinka: 4 | Pastasallad/Asian Surf & Turf-Nudelsallad: 4 | Pastasallad/Italiensk kyckling: 5 | Pastasallad/Kyckling kebab: 3 | Pastasallad/Kyckling mangocurry: 5
Stockholm Xtra,Stora Coop Vinsta,Thursday,75,59~97,24,Baguette/Kyckling Curry: 4 | Baguette/Ost & Skinka: 3 | Baguette/Salami & Brieost: 3 | Baguette/Skagen: 3 | Fralla/Ost & Skinka: 5 | Fralla/Ost: 5 | Hönökaka/Ost & Salami: 1 | Hönökaka/Ost & Skinka: 2 | Hönökaka/Ost: 2 | Pastasallad/Asian Surf & Turf-Nudelsallad: 1 | Pastasallad/Italiensk kyckling: 2 | Pastasallad/Kyckling & Salladsost: 2 | Pastasallad/Kyckling mangocurry: 2 | Pastasallad/Ost & Skinka: 2 | Pastasallad/Räkor: 2 | Sandwich/Bacon & Äggröra: 4 | Sandwich/Clubsandwich: 2 | Sandwich/Kyckling Curry: 2 | Sandwich/Räkor: 2 | Sandwich/Ägg & Avocadokräm: 2 | Wraps/Caesar Kyckling: 6 | Wraps/Kyckling Bacon: 6 | Wraps/Kyckling Curry: 6 | Wraps/Sweet Chili: 6
Stockholm Östra,Coop Bagarmossen,Sunday,74,58~98,27,Baguette/Kyckling Curry: 2 | Baguette/Ost & Skinka: 2 | Baguette/Salami & Brieost: 3 | Baguette/Skagen: 4 | Fralla/Ost & Skinka: 5 | Fralla/Ost: 4 | Grönsallad/Caesarsallad: 1 | Hönökaka/Ost & Salami: 3 | Hönökaka/Ost & Skinka: 3 | Hönökaka/Ost: 3 | Pastasallad/Italiensk kyckling: 1 | Pastasallad/Kyckling & Salladsost: 3 | Pastasallad/Kyckling mangocurry: 4 | Pastasallad/Ost & Skinka: 3 | Pastasallad/Räkor: 3 | Räkmacka Liten/Räkmacka liten: 1 | Sandwich/Bacon & Äggröra: 1 | Sandwich/Clubsandwich: 1 | Sandwich/Kyckling Curry: 1 | Sandwich/Ägg & Avocadokräm: 1 | Wraps/Caesar Kyckling: 4 | Wraps/Kyckling Bacon: 5 | Wraps/Kyckling Curry: 6 | Wraps/Sweet Chili: 3 | XL Frallor/Grovfralla Kalkon & Färskost: 2 | XL Frallor/Ost & Skinka: 3 | XL Frallor/Ost: 2
Stockholm Östra,Coop Björkhagen,Sunday,53,37~73,21,Baguette/Kyckling Curry: 1 | Baguette/Ost & Skinka: 2 | Baguette/Salami & Brieost: 1 | Fralla/Ost & Skinka: 2 | Fralla/Ost: 3 | Hönökaka/Ost & Salami: 2 | Hönökaka/Ost & Skinka: 3 | Hönökaka/Ost: 2 | Pastasallad/Kyckling & Salladsost: 4 | Pastasallad/Kyckling mangocurry: 4 | Pastasallad/Ost & Skinka: 2 | Pastasallad/Räkor: 2 | Sandwich/Clubsandwich: 1 | Sandwich/Kyckling Curry: 1 | Wraps/Caesar Kyckling: 5 | Wraps/Kyckling Bacon: 4 | Wraps/Kyckling Curry: 6 | Wraps/Sweet Chili: 2 | XL Frallor/Grovfralla Kalkon & Färskost: 2 | XL Frallor/Ost & Skinka: 2 | XL Frallor/Ost: 2
Stockholm Östra,Coop Bondegatan,Sunday,64,49~82,21,Baguette/Kyckling Curry: 2 | Baguette/Ost & Skinka: 3 | Baguette/Salami & Brieost: 4 | Baguette/Skagen: 2 | Fralla/Ost & Skinka: 4 | Fralla/Ost: 3 | Grönsallad/Caesarsallad: 2 | Pastasallad/Falafel: 1 | Pastasallad/Kyckling & Salladsost: 5 | Pastasallad/Kyckling mangocurry: 6 | Pastasallad/Ost & Skinka: 4 | Pastasallad/Räkor: 5 | Sandwich/Bacon & Äggröra: 2 | Sandwich/Clubsandwich: 2 | Sandwich/Kyckling Curry: 1 | Sandwich/Räkor: 1 | Sandwich/Ägg & Avocadokräm: 1 | Wraps/Caesar Kyckling: 4 | Wraps/Kyckling Bacon: 5 | Wraps/Kyckling Curry: 5 | Wraps/Sweet Chili: 2
Stockholm Östra,Coop GUBBÄNGEN,Sunday,79,59~102,26,Baguette/Kyckling Curry: 2 | Baguette/Ost & Skinka: 1 | Baguette/Salami & Brieost: 2 | Baguette/Skagen: 3 | Fralla/Ost & Skinka: 4 | Fralla/Ost: 4 | Hönökaka/Ost & Salami: 2 | Hönökaka/Ost & Skinka: 3 | Hönökaka/Ost: 2 | Pastasallad/Falafel: 2 | Pastasallad/Kyckling & Salladsost: 6 | Pastasallad/Kyckling mangocurry: 7 | Pastasallad/Ost & Skinka: 2 | Pastasallad/Räkor: 5 | Sandwich/Bacon & Äggröra: 2 | Sandwich/Clubsandwich: 1 | Sandwich/Kyckling Curry: 1 | Sandwich/Räkor: 1 | Sandwich/Ägg & Avocadokräm: 1 | Wraps/Caesar Kyckling: 6 | Wraps/Kyckling Bacon: 5 | Wraps/Kyckling Curry: 6 | Wraps/Sweet Chili: 3 | XL Frallor/Grovfralla Kalkon & Färskost: 3 | XL Frallor/Ost & Skinka: 3 | XL Frallor/Ost: 2
Stockholm Östra,Coop Hammarby Sjöstad,Sunday,55,38~71,26,Baguette/Kyckling Curry: 1 | Baguette/Ost & Skinka: 2 | Baguette/Salami & Brieost: 2 | Baguette/Skagen: 1 | Fralla/Ost & Skinka: 3 | Fralla/Ost: 3 | Hönökaka/Ost & Salami: 3 | Hönökaka/Ost & Skinka: 2 | Hönökaka/Ost: 2 | Pastasallad/Asian Surf & Turf-Nudelsallad: 1 | Pastasallad/Kyckling & Salladsost: 3 | Pastasallad/Kyckling kebab: 1 | Pastasallad/Kyckling mangocurry: 4 | Pastasallad/Ost & Skinka: 2 | Pastasallad/Räkor: 3 | Sandwich/Bacon & Äggröra: 1 | Sandwich/Kyckling Curry: 1 | Sandwich/Räkor: 1 | Sandwich/Ägg & Avocadokräm: 1 | Wraps/Caesar Kyckling: 5 | Wraps/Kyckling Bacon: 4 | Wraps/Kyckling Curry: 4 | Wraps/Sweet Chili: 2 | XL Frallor/Grovfralla Kalkon & Färskost: 1 | XL Frallor/Ost & Skinka: 1 | XL Frallor/Ost: 1
Stockholm Östra,Coop Huddinge,Sunday,60,45~77,23,Baguette/Kyckling Curry: 2 | Baguette/Ost & Skinka: 2 | Baguette/Salami & Brieost: 3 | Baguette/Skagen: 3 | Fralla/Ost & Skinka: 4 | Fralla/Ost: 3 | Hönökaka/Ost & Salami: 2 | Hönökaka/Ost & Skinka: 3 | Hönökaka/Ost: 3 | Pastasallad/Italiensk kyckling: 2 | Pastasallad/Kyckling & Salladsost: 4 | Pastasallad/Kyckling mangocurry: 5 | Pastasallad/Ost & Skinka: 2 | Pastasallad/Räkor: 2 | Sandwich/Bacon & Äggröra: 2 | Sandwich/Clubsandwich: 1 | Sandwich/Kyckling Curry: 1 | Sandwich/Räkor: 1 | Sandwich/Ägg & Avocadokräm: 1 | Wraps/Caesar Kyckling: 3 | Wraps/Kyckling Bacon: 4 | Wraps/Kyckling Curry: 4 | Wraps/Sweet Chili: 3
Stockholm Östra,Coop HÖGDALEN,Sunday,54,37~68,24,Baguette/Kyckling Curry: 1 | Baguette/Salami & Brieost: 2 | Baguette/Skagen: 1 | Fralla/Ost & Skinka: 3 | Fralla/Ost: 2 | Hönökaka/Ost & Salami: 3 | Hönökaka/Ost & Skinka: 4 | Hönökaka/Ost: 2 | Pastasallad/Falafel: 1 | Pastasallad/Kyckling & Salladsost: 4 | Pastasallad/Kyckling kebab: 1 | Pastasallad/Kyckling mangocurry: 5 | Pastasallad/Ost & Skinka: 2 | Pastasallad/Räkor: 4 | Sandwich/Kyckling Curry: 1 | Sandwich/Räkor: 1 | Sandwich/Ägg & Avocadokräm: 1 | Wraps/Caesar Kyckling: 2 | Wraps/Kyckling Bacon: 4 | Wraps/Kyckling Curry: 4 | Wraps/Sweet Chili: 1 | XL Frallor/Grovfralla Kalkon & Färskost: 1 | XL Frallor/Ost & Skinka: 2 | XL Frallor/Ost: 2
Stockholm Östra,Coop Konsum vendelsömalm,Sunday,31,21~41,18,Baguette/Kyckling Curry: 1 | Baguette/Ost & Skinka: 1 | Baguette/Salami & Brieost: 2 | Baguette/Skagen: 2 | Fralla/Ost & Skinka: 2 | Fralla/Ost: 1 | Hönökaka/Ost & Skinka: 1 | Hönökaka/Ost: 1 | Pastasallad/Falafel: 1 | Pastasallad/Kyckling & Salladsost: 2 | Pastasallad/Kyckling mangocurry: 4 | Pastasallad/Ost & Skinka: 2 | Pastasallad/Räkor: 1 | Sandwich/Clubsandwich: 1 | Sandwich/Ägg & Avocadokräm: 2 | Wraps/Caesar Kyckling: 3 | Wraps/Kyckling Bacon: 2 | Wraps/Kyckling Curry: 2
Stockholm Östra,Coop Matboden,Sunday,36,26~46,9,Baguette/Ost & Skinka: 2 | Baguette/Salami & Brieost: 3 | Pastasallad/Kyckling mangocurry: 7 | Pastasallad/Ost & Skinka: 4 | Pastasallad/Räkor: 4 | Sandwich/Bacon & Äggröra: 2 | Sandwich/Ägg & Avocadokräm: 2 | Wraps/Caesar Kyckling: 6 | Wraps/Kyckling Bacon: 6
Stockholm Östra,Coop Sockenplan,Sunday,51,42~68,23,Baguette/Kyckling Curry: 2 | Baguette/Ost & Skinka: 1 | Baguette/Salami & Brieost: 1 | Baguette/Skagen: 1 | Fralla/Ost & Skinka: 4 | Fralla/Ost: 2 | Hönökaka/Ost & Salami: 1 | Hönökaka/Ost & Skinka: 2 | Hönökaka/Ost: 2 | Pastasallad/Kyckling & Salladsost: 4 | Pastasallad/Kyckling kebab: 1 | Pastasallad/Kyckling mangocurry: 4 | Pastasallad/Ost & Skinka: 2 | Pastasallad/Räkor: 2 | Sandwich/Clubsandwich: 2 | Sandwich/Kyckling Curry: 1 | Sandwich/Räkor: 1 | Sandwich/Ägg & Avocadokräm: 1 | Wraps/Caesar Kyckling: 4 | Wraps/Kyckling Bacon: 4 | Wraps/Kyckling Curry: 5 | Wraps/Sweet Chili: 3 | XL Frallor/Grovfralla Kalkon & Färskost: 1
Stockholm Östra,Coop Stuvsta,Sunday,72,58~92,23,Baguette/Kyckling Curry: 1 | Baguette/Ost & Skinka: 2 | Baguette/Salami & Brieost: 2 | Baguette/Skagen: 2 | Fralla/Ost & Skinka: 3 | Fralla/Ost: 3 | Grönsallad/Caesarsallad: 1 | Hönökaka/Ost & Salami: 2 | Hönökaka/Ost: 1 | Pastasallad/Falafel: 1 | Pastasallad/Kyckling & Salladsost: 7 | Pastasallad/Kyckling mangocurry: 7 | Pastasallad/Ost & Skinka: 6 | Pastasallad/Räkor: 7 | Sandwich/Bacon & Äggröra: 2 | Sandwich/Clubsandwich: 1 | Sandwich/Kyckling Curry: 1 | Sandwich/Räkor: 2 | Sandwich/Ägg & Avocadokräm: 1 | Wraps/Caesar Kyckling: 6 | Wraps/Kyckling Bacon: 5 | Wraps/Kyckling Curry: 6 | Wraps/Sweet Chili: 3
Stockholm Östra,Coop farsta strand,Sunday,106,84~134,27,Baguette/Kyckling Curry: 3 | Baguette/Ost & Skinka: 2 | Baguette/Salami & Brieost: 3 | Baguette/Skagen: 3 | Fralla/Ost & Skinka: 7 | Fralla/Ost: 7 | Grönsallad/Caesarsallad: 3 | Hönökaka/Ost & Salami: 4 | Hönökaka/Ost & Skinka: 5 | Hönökaka/Ost: 4 | Pastasallad/Asian Surf & Turf-Nudelsallad: 1 | Pastasallad/Falafel: 1 | Pastasallad/Italiensk kyckling: 1 | Pastasallad/Kyckling & Salladsost: 3 | Pastasallad/Kyckling kebab: 2 | Pastasallad/Kyckling mangocurry: 6 | Pastasallad/Ost & Skinka: 2 | Pastasallad/Räkor: 4 | Sandwich/Bacon & Äggröra: 4 | Sandwich/Clubsandwich: 4 | Sandwich/Kyckling Curry: 3 | Sandwich/Räkor: 4 | Sandwich/Ägg & Avocadokräm: 2 | Wraps/Caesar Kyckling: 7 | Wraps/Kyckling Bacon: 8 | Wraps/Kyckling Curry: 7 | Wraps/Sweet Chili: 6
Stockholm Östra,ICA Hagsätra,Sunday,77,58~101,29,Baguette/Kyckling Curry: 2 | Baguette/Ost & Skinka: 1 | Baguette/Salami & Brieost: 3 | Baguette/Skagen: 2 | Fralla/Ost & Skinka: 5 | Fralla/Ost: 3 | Grönsallad/Caesarsallad: 2 | Hönökaka/Ost & Skinka: 3 | Hönökaka/Ost: 3 | Pastasallad/Asian Surf & Turf-Nudelsallad: 1 | Pastasallad/Falafel: 2 | Pastasallad/Havana Sweetchili kyckling: 1 | Pastasallad/Hawai Kyckling avocado: 2 | Pastasallad/Italiensk kyckling: 1 | Pastasallad/Kyckling & Salladsost: 5 | Pastasallad/Kyckling kebab: 3 | Pastasallad/Kyckling mangocurry: 6 | Pastasallad/Ost & Skinka: 4 | Pastasallad/Räkor: 4 | Sandwich/Bacon & Äggröra: 1 | Sandwich/Clubsandwich: 1 | Sandwich/Räkor: 1 | Wraps/Caesar Kyckling: 3 | Wraps/Kyckling Bacon: 5 | Wraps/Kyckling Curry: 5 | Wraps/Sweet Chili: 2 | XL Frallor/Grovfralla Kalkon & Färskost: 1 | XL Frallor/Ost & Skinka: 2 | XL Frallor/Ost: 3
Stockholm Östra,ICA Nära Stuvsta,Sunday,32,28~44,13,Baguette/Salami & Brieost: 2 | Baguette/Skagen: 2 | Fralla/Ost & Skinka: 3 | Fralla/Ost: 2 | Pastasallad/Kyckling & Salladsost: 5 | Pastasallad/Kyckling mangocurry: 6 | Sandwich/Clubsandwich: 1 | Sandwich/Kyckling Curry: 3 | Sandwich/Ägg & Avocadokräm: 1 | Wraps/Kyckling Bacon: 3 | Wraps/Kyckling Curry: 2 | Wraps/Sweet Chili: 1 | XL Frallor/Grovfralla Kalkon & Färskost: 1
Stockholm Östra,ICA Supermarket Högdalen,Sunday,73,59~93,20,Baguette/Kyckling Curry: 2 | Baguette/Ost & Skinka: 1 | Baguette/Salami & Brieost: 2 | Baguette/Skagen: 2 | Fralla/Ost & Skinka: 4 | Fralla/Ost: 3 | Pastasallad/Falafel: 2 | Pastasallad/Kyckling & Salladsost: 5 | Pastasallad/Kyckling mangocurry: 6 | Pastasallad/Ost & Skinka: 4 | Pastasallad/Räkor: 5 | Sandwich/Bacon & Äggröra: 2 | Sandwich/Clubsandwich: 3 | Sandwich/Kyckling Curry: 3 | Sandwich/Räkor: 3 | Sandwich/Ägg & Avocadokräm: 3 | Wraps/Caesar Kyckling: 7 | Wraps/Kyckling Bacon: 7 | Wraps/Kyckling Curry: 7 | XL Frallor/Grovfralla Kalkon & Färskost: 2
Stockholm Östra,ICA Supermarket västerhaninge,Sunday,26,21~37,13,Baguette/Ost & Skinka: 1 | Baguette/Salami & Brieost: 2 | Fralla/Ost & Skinka: 3 | Fralla/Ost: 1 | Hönökaka/Ost: 1 | Pastasallad/Kyckling & Salladsost: 3 | Pastasallad/Kyckling mangocurry: 3 | Pastasallad/Räkor: 3 | Sandwich/Clubsandwich: 1 | Sandwich/Kyckling Curry: 1 | Sandwich/Ägg & Avocadokräm: 1 | Wraps/Caesar Kyckling: 3 | Wraps/Kyckling Curry: 3
Stockholm Östra,ICA supermarket bagarmossen,Sunday,53,39~71,25,Baguette/Kyckling Curry: 1 | Baguette/Ost & Skinka: 1 | Baguette/Salami & Brieost: 2 | Baguette/Skagen: 1 | Fralla/Ost & Skinka: 3 | Fralla/Ost: 3 | Hönökaka/Ost & Salami: 2 | Hönökaka/Ost & Skinka: 2 | Hönökaka/Ost: 2 | Pastasallad/Falafel: 1 | Pastasallad/Italiensk kyckling: 1 | Pastasallad/Kyckling & Salladsost: 3 | Pastasallad/Kyckling mangocurry: 5 | Pastasallad/Ost & Skinka: 3 | Pastasallad/Räkor: 4 | Sandwich/Bacon & Äggröra: 1 | Sandwich/Clubsandwich: 1 | Sandwich/Kyckling Curry: 1 | Sandwich/Räkor: 1 | Sandwich/Ägg & Avocadokräm: 1 | Wraps/Caesar Kyckling: 3 | Wraps/Kyckling Bacon: 4 | Wraps/Kyckling Curry: 3 | Wraps/Sweet Chili: 3 | XL Frallor/Grovfralla Kalkon & Färskost: 1
Stockholm Östra,Tempo finntorp,Sunday,68,50~102,16,Baguette/Kyckling Curry: 4 | Baguette/Ost & Skinka: 2 | Baguette/Salami & Brieost: 2 | Baguette/Skagen: 4 | Fralla/Ost & Skinka: 5 | Fralla/Ost: 5 | Pastasallad/Kyckling & Salladsost: 5 | Pastasallad/Kyckling mangocurry: 7 | Pastasallad/Räkor: 5 | Sandwich/Bacon & Äggröra: 2 | Sandwich/Kyckling Curry: 5 | Sandwich/Ägg & Avocadokräm: 2 | Wraps/Caesar Kyckling: 6 | Wraps/Kyckling Bacon: 3 | Wraps/Kyckling Curry: 8 | XL Frallor/Grovfralla Kalkon & Färskost: 3
Stockholm Östra,Coop Bagarmossen,Tuesday,74,58~98,27,Baguette/Kyckling Curry: 2 | Baguette/Ost & Skinka: 2 | Baguette/Salami & Brieost: 3 | Baguette/Skagen: 4 | Fralla/Ost & Skinka: 5 | Fralla/Ost: 4 | Grönsallad/Caesarsallad: 1 | Hönökaka/Ost & Salami: 3 | Hönökaka/Ost & Skinka: 3 | Hönökaka/Ost: 3 | Pastasallad/Italiensk kyckling: 1 | Pastasallad/Kyckling & Salladsost: 3 | Pastasallad/Kyckling mangocurry: 4 | Pastasallad/Ost & Skinka: 3 | Pastasallad/Räkor: 3 | Räkmacka Liten/Räkmacka liten: 1 | Sandwich/Bacon & Äggröra: 1 | Sandwich/Clubsandwich: 1 | Sandwich/Kyckling Curry: 1 | Sandwich/Ägg & Avocadokräm: 1 | Wraps/Caesar Kyckling: 4 | Wraps/Kyckling Bacon: 5 | Wraps/Kyckling Curry: 6 | Wraps/Sweet Chili: 3 | XL Frallor/Grovfralla Kalkon & Färskost: 2 | XL Frallor/Ost & Skinka: 3 | XL Frallor/Ost: 2
Stockholm Östra,Coop Björkhagen,Tuesday,49,39~76,21,Baguette/Kyckling Curry: 1 | Baguette/Ost & Skinka: 1 | Baguette/Salami & Brieost: 1 | Fralla/Ost & Skinka: 3 | Fralla/Ost: 3 | Hönökaka/Ost & Salami: 2 | Hönökaka/Ost & Skinka: 3 | Hönökaka/Ost: 1 | Pastasallad/Kyckling & Salladsost: 4 | Pastasallad/Kyckling mangocurry: 4 | Pastasallad/Ost & Skinka: 1 | Pastasallad/Räkor: 2 | Sandwich/Clubsandwich: 1 | Sandwich/Kyckling Curry: 1 | Wraps/Caesar Kyckling: 5 | Wraps/Kyckling Bacon: 5 | Wraps/Kyckling Curry: 5 | Wraps/Sweet Chili: 2 | XL Frallor/Grovfralla Kalkon & Färskost: 1 | XL Frallor/Ost & Skinka: 2 | XL Frallor/Ost: 1
Stockholm Östra,Coop Bondegatan,Tuesday,64,49~82,21,Baguette/Kyckling Curry: 2 | Baguette/Ost & Skinka: 3 | Baguette/Salami & Brieost: 4 | Baguette/Skagen: 2 | Fralla/Ost & Skinka: 4 | Fralla/Ost: 3 | Grönsallad/Caesarsallad: 2 | Pastasallad/Falafel: 1 | Pastasallad/Kyckling & Salladsost: 5 | Pastasallad/Kyckling mangocurry: 6 | Pastasallad/Ost & Skinka: 4 | Pastasallad/Räkor: 5 | Sandwich/Bacon & Äggröra: 2 | Sandwich/Clubsandwich: 2 | Sandwich/Kyckling Curry: 1 | Sandwich/Räkor: 1 | Sandwich/Ägg & Avocadokräm: 1 | Wraps/Caesar Kyckling: 4 | Wraps/Kyckling Bacon: 5 | Wraps/Kyckling Curry: 5 | Wraps/Sweet Chili: 2
Stockholm Östra,Coop GUBBÄNGEN,Tuesday,79,59~102,26,Baguette/Kyckling Curry: 2 | Baguette/Ost & Skinka: 1 | Baguette/Salami & Brieost: 2 | Baguette/Skagen: 3 | Fralla/Ost & Skinka: 4 | Fralla/Ost: 4 | Hönökaka/Ost & Salami: 2 | Hönökaka/Ost & Skinka: 3 | Hönökaka/Ost: 2 | Pastasallad/Falafel: 2 | Pastasallad/Kyckling & Salladsost: 6 | Pastasallad/Kyckling mangocurry: 7 | Pastasallad/Ost & Skinka: 2 | Pastasallad/Räkor: 5 | Sandwich/Bacon & Äggröra: 2 | Sandwich/Clubsandwich: 1 | Sandwich/Kyckling Curry: 1 | Sandwich/Räkor: 1 | Sandwich/Ägg & Avocadokräm: 1 | Wraps/Caesar Kyckling: 6 | Wraps/Kyckling Bacon: 5 | Wraps/Kyckling Curry: 6 | Wraps/Sweet Chili: 3 | XL Frallor/Grovfralla Kalkon & Färskost: 3 | XL Frallor/Ost & Skinka: 3 | XL Frallor/Ost: 2
Stockholm Östra,Coop Hammarby Sjöstad,Tuesday,55,38~71,26,Baguette/Kyckling Curry: 1 | Baguette/Ost & Skinka: 2 | Baguette/Salami & Brieost: 2 | Baguette/Skagen: 1 | Fralla/Ost & Skinka: 3 | Fralla/Ost: 3 | Hönökaka/Ost & Salami: 3 | Hönökaka/Ost & Skinka: 2 | Hönökaka/Ost: 2 | Pastasallad/Asian Surf & Turf-Nudelsallad: 1 | Pastasallad/Kyckling & Salladsost: 3 | Pastasallad/Kyckling kebab: 1 | Pastasallad/Kyckling mangocurry: 4 | Pastasallad/Ost & Skinka: 2 | Pastasallad/Räkor: 3 | Sandwich/Bacon & Äggröra: 1 | Sandwich/Kyckling Curry: 1 | Sandwich/Räkor: 1 | Sandwich/Ägg & Avocadokräm: 1 | Wraps/Caesar Kyckling: 5 | Wraps/Kyckling Bacon: 4 | Wraps/Kyckling Curry: 4 | Wraps/Sweet Chili: 2 | XL Frallor/Grovfralla Kalkon & Färskost: 1 | XL Frallor/Ost & Skinka: 1 | XL Frallor/Ost: 1
Stockholm Östra,Coop Huddinge,Tuesday,60,45~77,23,Baguette/Kyckling Curry: 2 | Baguette/Ost & Skinka: 2 | Baguette/Salami & Brieost: 3 | Baguette/Skagen: 3 | Fralla/Ost & Skinka: 4 | Fralla/Ost: 3 | Hönökaka/Ost & Salami: 2 | Hönökaka/Ost & Skinka: 3 | Hönökaka/Ost: 3 | Pastasallad/Italiensk kyckling: 2 | Pastasallad/Kyckling & Salladsost: 4 | Pastasallad/Kyckling mangocurry: 5 | Pastasallad/Ost & Skinka: 2 | Pastasallad/Räkor: 2 | Sandwich/Bacon & Äggröra: 2 | Sandwich/Clubsandwich: 1 | Sandwich/Kyckling Curry: 1 | Sandwich/Räkor: 1 | Sandwich/Ägg & Avocadokräm: 1 | Wraps/Caesar Kyckling: 3 | Wraps/Kyckling Bacon: 4 | Wraps/Kyckling Curry: 4 | Wraps/Sweet Chili: 3
Stockholm Östra,Coop HÖGDALEN,Tuesday,54,37~68,24,Baguette/Kyckling Curry: 1 | Baguette/Salami & Brieost: 2 | Baguette/Skagen: 1 | Fralla/Ost & Skinka: 3 | Fralla/Ost: 2 | Hönökaka/Ost & Salami: 3 | Hönökaka/Ost & Skinka: 4 | Hönökaka/Ost: 2 | Pastasallad/Falafel: 1 | Pastasallad/Kyckling & Salladsost: 4 | Pastasallad/Kyckling kebab: 1 | Pastasallad/Kyckling mangocurry: 5 | Pastasallad/Ost & Skinka: 2 | Pastasallad/Räkor: 4 | Sandwich/Kyckling Curry: 1 | Sandwich/Räkor: 1 | Sandwich/Ägg & Avocadokräm: 1 | Wraps/Caesar Kyckling: 2 | Wraps/Kyckling Bacon: 4 | Wraps/Kyckling Curry: 4 | Wraps/Sweet Chili: 1 | XL Frallor/Grovfralla Kalkon & Färskost: 1 | XL Frallor/Ost & Skinka: 2 | XL Frallor/Ost: 2
Stockholm Östra,Coop Konsum vendelsömalm,Tuesday,31,21~41,18,Baguette/Kyckling Curry: 1 | Baguette/Ost & Skinka: 1 | Baguette/Salami & Brieost: 2 | Baguette/Skagen: 2 | Fralla/Ost & Skinka: 2 | Fralla/Ost: 1 | Hönökaka/Ost & Skinka: 1 | Hönökaka/Ost: 1 | Pastasallad/Falafel: 1 | Pastasallad/Kyckling & Salladsost: 2 | Pastasallad/Kyckling mangocurry: 4 | Pastasallad/Ost & Skinka: 2 | Pastasallad/Räkor: 1 | Sandwich/Clubsandwich: 1 | Sandwich/Ägg & Avocadokräm: 2 | Wraps/Caesar Kyckling: 3 | Wraps/Kyckling Bacon: 2 | Wraps/Kyckling Curry: 2
Stockholm Östra,Coop Matboden,Tuesday,32,27~46,9,Baguette/Ost & Skinka: 2 | Baguette/Salami & Brieost: 3 | Pastasallad/Kyckling mangocurry: 7 | Pastasallad/Ost & Skinka: 4 | Pastasallad/Räkor: 3 | Sandwich/Bacon & Äggröra: 1 | Sandwich/Ägg & Avocadokräm: 1 | Wraps/Caesar Kyckling: 6 | Wraps/Kyckling Bacon: 5
Stockholm Östra,Coop Sockenplan,Tuesday,51,42~68,23,Baguette/Kyckling Curry: 2 | Baguette/Ost & Skinka: 1 | Baguette/Salami & Brieost: 1 | Baguette/Skagen: 1 | Fralla/Ost & Skinka: 4 | Fralla/Ost: 2 | Hönökaka/Ost & Salami: 1 | Hönökaka/Ost & Skinka: 2 | Hönökaka/Ost: 2 | Pastasallad/Kyckling & Salladsost: 4 | Pastasallad/Kyckling kebab: 1 | Pastasallad/Kyckling mangocurry: 4 | Pastasallad/Ost & Skinka: 2 | Pastasallad/Räkor: 2 | Sandwich/Clubsandwich: 2 | Sandwich/Kyckling Curry: 1 | Sandwich/Räkor: 1 | Sandwich/Ägg & Avocadokräm: 1 | Wraps/Caesar Kyckling: 4 | Wraps/Kyckling Bacon: 4 | Wraps/Kyckling Curry: 5 | Wraps/Sweet Chili: 3 | XL Frallor/Grovfralla Kalkon & Färskost: 1
Stockholm Östra,Coop Stuvsta,Tuesday,72,58~92,23,Baguette/Kyckling Curry: 1 | Baguette/Ost & Skinka: 2 | Baguette/Salami & Brieost: 2 | Baguette/Skagen: 2 | Fralla/Ost & Skinka: 3 | Fralla/Ost: 3 | Grönsallad/Caesarsallad: 1 | Hönökaka/Ost & Salami: 2 | Hönökaka/Ost: 1 | Pastasallad/Falafel: 1 | Pastasallad/Kyckling & Salladsost: 7 | Pastasallad/Kyckling mangocurry: 7 | Pastasallad/Ost & Skinka: 6 | Pastasallad/Räkor: 7 | Sandwich/Bacon & Äggröra: 2 | Sandwich/Clubsandwich: 1 | Sandwich/Kyckling Curry: 1 | Sandwich/Räkor: 2 | Sandwich/Ägg & Avocadokräm: 1 | Wraps/Caesar Kyckling: 6 | Wraps/Kyckling Bacon: 5 | Wraps/Kyckling Curry: 6 | Wraps/Sweet Chili: 3
Stockholm Östra,Coop farsta strand,Tuesday,106,84~134,27,Baguette/Kyckling Curry: 3 | Baguette/Ost & Skinka: 2 | Baguette/Salami & Brieost: 3 | Baguette/Skagen: 3 | Fralla/Ost & Skinka: 7 | Fralla/Ost: 7 | Grönsallad/Caesarsallad: 3 | Hönökaka/Ost & Salami: 4 | Hönökaka/Ost & Skinka: 5 | Hönökaka/Ost: 4 | Pastasallad/Asian Surf & Turf-Nudelsallad: 1 | Pastasallad/Falafel: 1 | Pastasallad/Italiensk kyckling: 1 | Pastasallad/Kyckling & Salladsost: 3 | Pastasallad/Kyckling kebab: 2 | Pastasallad/Kyckling mangocurry: 6 | Pastasallad/Ost & Skinka: 2 | Pastasallad/Räkor: 4 | Sandwich/Bacon & Äggröra: 4 | Sandwich/Clubsandwich: 4 | Sandwich/Kyckling Curry: 3 | Sandwich/Räkor: 4 | Sandwich/Ägg & Avocadokräm: 2 | Wraps/Caesar Kyckling: 7 | Wraps/Kyckling Bacon: 8 | Wraps/Kyckling Curry: 7 | Wraps/Sweet Chili: 6
Stockholm Östra,ICA Hagsätra,Tuesday,77,58~101,29,Baguette/Kyckling Curry: 2 | Baguette/Ost & Skinka: 1 | Baguette/Salami & Brieost: 3 | Baguette/Skagen: 2 | Fralla/Ost & Skinka: 5 | Fralla/Ost: 3 | Grönsallad/Caesarsallad: 2 | Hönökaka/Ost & Skinka: 3 | Hönökaka/Ost: 3 | Pastasallad/Asian Surf & Turf-Nudelsallad: 1 | Pastasallad/Falafel: 2 | Pastasallad/Havana Sweetchili kyckling: 1 | Pastasallad/Hawai Kyckling avocado: 2 | Pastasallad/Italiensk kyckling: 1 | Pastasallad/Kyckling & Salladsost: 5 | Pastasallad/Kyckling kebab: 3 | Pastasallad/Kyckling mangocurry: 6 | Pastasallad/Ost & Skinka: 4 | Pastasallad/Räkor: 4 | Sandwich/Bacon & Äggröra: 1 | Sandwich/Clubsandwich: 1 | Sandwich/Räkor: 1 | Wraps/Caesar Kyckling: 3 | Wraps/Kyckling Bacon: 5 | Wraps/Kyckling Curry: 5 | Wraps/Sweet Chili: 2 | XL Frallor/Grovfralla Kalkon & Färskost: 1 | XL Frallor/Ost & Skinka: 2 | XL Frallor/Ost: 3
Stockholm Östra,ICA Nära Stuvsta,Tuesday,32,28~44,13,Baguette/Salami & Brieost: 2 | Baguette/Skagen: 2 | Fralla/Ost & Skinka: 3 | Fralla/Ost: 2 | Pastasallad/Kyckling & Salladsost: 5 | Pastasallad/Kyckling mangocurry: 6 | Sandwich/Clubsandwich: 1 | Sandwich/Kyckling Curry: 3 | Sandwich/Ägg & Avocadokräm: 1 | Wraps/Kyckling Bacon: 3 | Wraps/Kyckling Curry: 2 | Wraps/Sweet Chili: 1 | XL Frallor/Grovfralla Kalkon & Färskost: 1
Stockholm Östra,ICA Supermarket Högdalen,Tuesday,73,59~93,20,Baguette/Kyckling Curry: 2 | Baguette/Ost & Skinka: 1 | Baguette/Salami & Brieost: 2 | Baguette/Skagen: 2 | Fralla/Ost & Skinka: 4 | Fralla/Ost: 3 | Pastasallad/Falafel: 2 | Pastasallad/Kyckling & Salladsost: 5 | Pastasallad/Kyckling mangocurry: 6 | Pastasallad/Ost & Skinka: 4 | Pastasallad/Räkor: 5 | Sandwich/Bacon & Äggröra: 2 | Sandwich/Clubsandwich: 3 | Sandwich/Kyckling Curry: 3 | Sandwich/Räkor: 3 | Sandwich/Ägg & Avocadokräm: 3 | Wraps/Caesar Kyckling: 7 | Wraps/Kyckling Bacon: 7 | Wraps/Kyckling Curry: 7 | XL Frallor/Grovfralla Kalkon & Färskost: 2
Stockholm Östra,ICA Supermarket västerhaninge,Tuesday,26,21~37,13,Baguette/Ost & Skinka: 1 | Baguette/Salami & Brieost: 2 | Fralla/Ost & Skinka: 3 | Fralla/Ost: 1 | Hönökaka/Ost: 1 | Pastasallad/Kyckling & Salladsost: 3 | Pastasallad/Kyckling mangocurry: 3 | Pastasallad/Räkor: 3 | Sandwich/Clubsandwich: 1 | Sandwich/Kyckling Curry: 1 | Sandwich/Ägg & Avocadokräm: 1 | Wraps/Caesar Kyckling: 3 | Wraps/Kyckling Curry: 3
Stockholm Östra,ICA supermarket bagarmossen,Tuesday,53,39~71,25,Baguette/Kyckling Curry: 1 | Baguette/Ost & Skinka: 1 | Baguette/Salami & Brieost: 2 | Baguette/Skagen: 1 | Fralla/Ost & Skinka: 3 | Fralla/Ost: 3 | Hönökaka/Ost & Salami: 2 | Hönökaka/Ost & Skinka: 2 | Hönökaka/Ost: 2 | Pastasallad/Falafel: 1 | Pastasallad/Italiensk kyckling: 1 | Pastasallad/Kyckling & Salladsost: 3 | Pastasallad/Kyckling mangocurry: 5 | Pastasallad/Ost & Skinka: 3 | Pastasallad/Räkor: 4 | Sandwich/Bacon & Äggröra: 1 | Sandwich/Clubsandwich: 1 | Sandwich/Kyckling Curry: 1 | Sandwich/Räkor: 1 | Sandwich/Ägg & Avocadokräm: 1 | Wraps/Caesar Kyckling: 3 | Wraps/Kyckling Bacon: 4 | Wraps/Kyckling Curry: 3 | Wraps/Sweet Chili: 3 | XL Frallor/Grovfralla Kalkon & Färskost: 1
Stockholm Östra,Coop Bagarmossen,Thursday,74,56~94,24,Baguette/Kyckling Curry: 2 | Baguette/Ost & Skinka: 2 | Baguette/Salami & Brieost: 4 | Baguette/Skagen: 3 | Fralla/Ost & Skinka: 6 | Fralla/Ost: 5 | Hönökaka/Ost & Salami: 3 | Hönökaka/Ost & Skinka: 3 | Hönökaka/Ost: 3 | Pastasallad/Kyckling & Salladsost: 3 | Pastasallad/Kyckling mangocurry: 4 | Pastasallad/Ost & Skinka: 3 | Pastasallad/Räkor: 4 | Sandwich/Bacon & Äggröra: 2 | Sandwich/Clubsandwich: 2 | Sandwich/Kyckling Curry: 1 | Sandwich/Ägg & Avocadokräm: 1 | Wraps/Caesar Kyckling: 5 | Wraps/Kyckling Bacon: 4 | Wraps/Kyckling Curry: 5 | Wraps/Sweet Chili: 3 | XL Frallor/Grovfralla Kalkon & Färskost: 1 | XL Frallor/Ost & Skinka: 2 | XL Frallor/Ost: 3
Stockholm Östra,Coop Bondegatan,Thursday,60,52~80,20,Baguette/Kyckling Curry: 1 | Baguette/Ost & Skinka: 3 | Baguette/Salami & Brieost: 3 | Baguette/Skagen: 2 | Fralla/Ost & Skinka: 4 | Fralla/Ost: 3 | Grönsallad/Caesarsallad: 1 | Pastasallad/Falafel: 2 | Pastasallad/Kyckling & Salladsost: 6 | Pastasallad/Kyckling mangocurry: 5 | Pastasallad/Ost & Skinka: 3 | Pastasallad/Räkor: 4 | Sandwich/Bacon & Äggröra: 1 | Sandwich/Clubsandwich: 1 | Sandwich/Kyckling Curry: 2 | Sandwich/Ägg & Avocadokräm: 2 | Wraps/Caesar Kyckling: 5 | Wraps/Kyckling Bacon: 6 | Wraps/Kyckling Curry: 4 | Wraps/Sweet Chili: 2
Stockholm Östra,Coop GUBBÄNGEN,Thursday,70,61~93,24,Baguette/Kyckling Curry: 1 | Baguette/Salami & Brieost: 2 | Baguette/Skagen: 2 | Fralla/Ost & Skinka: 4 | Fralla/Ost: 3 | Hönökaka/Ost & Salami: 2 | Hönökaka/Ost & Skinka: 2 | Hönökaka/Ost: 1 | Pastasallad/Falafel: 1 | Pastasallad/Kyckling & Salladsost: 7 | Pastasallad/Kyckling mangocurry: 7 | Pastasallad/Ost & Skinka: 1 | Pastasallad/Räkor: 6 | Sandwich/Bacon & Äggröra: 3 | Sandwich/Clubsandwich: 1 | Sandwich/Kyckling Curry: 1 | Sandwich/Ägg & Avocadokräm: 1 | Wraps/Caesar Kyckling: 6 | Wraps/Kyckling Bacon: 6 | Wraps/Kyckling Curry: 6 | Wraps/Sweet Chili: 2 | XL Frallor/Grovfralla Kalkon & Färskost: 2 | XL Frallor/Ost & Skinka: 2 | XL Frallor/Ost: 1
Stockholm Östra,Coop Hammarby Sjöstad,Thursday,50,42~68,20,Baguette/Kyckling Curry: 2 | Baguette/Ost & Skinka: 1 | Baguette/Salami & Brieost: 1 | Baguette/Skagen: 2 | Fralla/Ost & Skinka: 4 | Fralla/Ost: 4 | Hönökaka/Ost & Salami: 2 | Hönökaka/Ost & Skinka: 1 | Hönökaka/Ost: 2 | Pastasallad/Kyckling & Salladsost: 2 | Pastasallad/Kyckling mangocurry: 4 | Pastasallad/Ost & Skinka: 1 | Pastasallad/Räkor: 3 | Sandwich/Bacon & Äggröra: 2 | Wraps/Caesar Kyckling: 6 | Wraps/Kyckling Bacon: 5 | Wraps/Kyckling Curry: 3 | Wraps/Sweet Chili: 1 | XL Frallor/Ost & Skinka: 2 | XL Frallor/Ost: 2
Stockholm Östra,Coop Huddinge,Thursday,59,49~82,21,Baguette/Kyckling Curry: 1 | Baguette/Ost & Skinka: 3 | Baguette/Salami & Brieost: 3 | Baguette/Skagen: 3 | Fralla/Ost & Skinka: 5 | Fralla/Ost: 3 | Hönökaka/Ost & Salami: 3 | Hönökaka/Ost & Skinka: 4 | Hönökaka/Ost: 3 | Pastasallad/Italiensk kyckling: 1 | Pastasallad/Kyckling & Salladsost: 5 | Pastasallad/Kyckling mangocurry: 6 | Pastasallad/Ost & Skinka: 1 | Pastasallad/Räkor: 1 | Sandwich/Bacon & Äggröra: 1 | Sandwich/Räkor: 2 | Sandwich/Ägg & Avocadokräm: 1 | Wraps/Caesar Kyckling: 3 | Wraps/Kyckling Bacon: 3 | Wraps/Kyckling Curry: 5 | Wraps/Sweet Chili: 2
Stockholm Östra,Coop HÖGDALEN,Thursday,41,33~58,17,Baguette/Kyckling Curry: 1 | Baguette/Salami & Brieost: 1 | Fralla/Ost & Skinka: 4 | Fralla/Ost: 2 | Hönökaka/Ost & Salami: 2 | Hönökaka/Ost & Skinka: 3 | Hönökaka/Ost: 1 | Pastasallad/Kyckling & Salladsost: 3 | Pastasallad/Kyckling mangocurry: 4 | Pastasallad/Ost & Skinka: 1 | Pastasallad/Räkor: 3 | Wraps/Caesar Kyckling: 2 | Wraps/Kyckling Bacon: 3 | Wraps/Kyckling Curry: 3 | Wraps/Sweet Chili: 2 | XL Frallor/Ost & Skinka: 3 | XL Frallor/Ost: 3
Stockholm Östra,Coop Konsum vendelsömalm,Thursday,25,19~37,14,Baguette/Ost & Skinka: 1 | Baguette/Salami & Brieost: 2 | Baguette/Skagen: 1 | Fralla/Ost & Skinka: 2 | Fralla/Ost: 2 | Hönökaka/Ost & Skinka: 1 | Pastasallad/Kyckling & Salladsost: 1 | Pastasallad/Kyckling mangocurry: 3 | Pastasallad/Ost & Skinka: 3 | Pastasallad/Räkor: 1 | Sandwich/Ägg & Avocadokräm: 1 | Wraps/Caesar Kyckling: 3 | Wraps/Kyckling Bacon: 1 | Wraps/Kyckling Curry: 3
Stockholm Östra,Coop Sockenplan,Thursday,54,39~73,22,Baguette/Kyckling Curry: 1 | Baguette/Ost & Skinka: 2 | Baguette/Salami & Brieost: 2 | Baguette/Skagen: 2 | Fralla/Ost & Skinka: 4 | Fralla/Ost: 3 | Hönökaka/Ost & Salami: 2 | Hönökaka/Ost & Skinka: 1 | Hönökaka/Ost: 1 | Pastasallad/Kyckling & Salladsost: 5 | Pastasallad/Kyckling mangocurry: 5 | Pastasallad/Ost & Skinka: 1 | Pastasallad/Räkor: 1 | Sandwich/Clubsandwich: 2 | Sandwich/Kyckling Curry: 1 | Sandwich/Räkor: 2 | Sandwich/Ägg & Avocadokräm: 2 | Wraps/Caesar Kyckling: 5 | Wraps/Kyckling Bacon: 5 | Wraps/Kyckling Curry: 4 | Wraps/Sweet Chili: 2 | XL Frallor/Grovfralla Kalkon & Färskost: 1
Stockholm Östra,Coop Stuvsta,Thursday,72,58~97,23,Baguette/Kyckling Curry: 2 | Baguette/Ost & Skinka: 2 | Baguette/Salami & Brieost: 1 | Baguette/Skagen: 3 | Fralla/Ost & Skinka: 3 | Fralla/Ost: 2 | Grönsallad/Caesarsallad: 2 | Hönökaka/Ost & Salami: 1 | Hönökaka/Ost: 2 | Pastasallad/Falafel: 2 | Pastasallad/Kyckling & Salladsost: 6 | Pastasallad/Kyckling mangocurry: 8 | Pastasallad/Ost & Skinka: 6 | Pastasallad/Räkor: 6 | Sandwich/Bacon & Äggröra: 1 | Sandwich/Clubsandwich: 2 | Sandwich/Kyckling Curry: 2 | Sandwich/Räkor: 1 | Sandwich/Ägg & Avocadokräm: 2 | Wraps/Caesar Kyckling: 6 | Wraps/Kyckling Bacon: 4 | Wraps/Kyckling Curry: 5 | Wraps/Sweet Chili: 3
Stockholm Östra,Coop farsta strand,Thursday,99,82~128,26,Baguette/Kyckling Curry: 2 | Baguette/Ost & Skinka: 2 | Baguette/Salami & Brieost: 4 | Baguette/Skagen: 3 | Fralla/Ost & Skinka: 8 | Fralla/Ost: 6 | Grönsallad/Caesarsallad: 2 | Hönökaka/Ost & Salami: 4 | Hönökaka/Ost & Skinka: 4 | Hönökaka/Ost: 3 | Pastasallad/Asian Surf & Turf-Nudelsallad: 2 | Pastasallad/Italiensk kyckling: 2 | Pastasallad/Kyckling & Salladsost: 2 | Pastasallad/Kyckling kebab: 1 | Pastasallad/Kyckling mangocurry: 5 | Pastasallad/Ost & Skinka: 2 | Pastasallad/Räkor: 3 | Sandwich/Bacon & Äggröra: 3 | Sandwich/Clubsandwich: 4 | Sandwich/Kyckling Curry: 2 | Sandwich/Räkor: 3 | Sandwich/Ägg & Avocadokräm: 3 | Wraps/Caesar Kyckling: 8 | Wraps/Kyckling Bacon: 7 | Wraps/Kyckling Curry: 8 | Wraps/Sweet Chili: 6
Stockholm Östra,ICA Hagsätra,Thursday,67,54~93,27,Baguette/Kyckling Curry: 2 | Baguette/Ost & Skinka: 2 | Baguette/Salami & Brieost: 2 | Baguette/Skagen: 3 | Fralla/Ost & Skinka: 5 | Fralla/Ost: 3 | Grönsallad/Caesarsallad: 1 | Hönökaka/Ost & Skinka: 2 | Hönökaka/Ost: 2 | Pastasallad/Asian Surf & Turf-Nudelsallad: 1 | Pastasallad/Falafel: 1 | Pastasallad/Havana Sweetchili kyckling: 1 | Pastasallad/Hawai Kyckling avocado: 2 | Pastasallad/Italiensk kyckling: 1 | Pastasallad/Kyckling & Salladsost: 4 | Pastasallad/Kyckling kebab: 2 | Pastasallad/Kyckling mangocurry: 6 | Pastasallad/Ost & Skinka: 4 | Pastasallad/Räkor: 3 | Sandwich/Räkor: 2 | Wraps/Caesar Kyckling: 3 | Wraps/Kyckling Bacon: 4 | Wraps/Kyckling Curry: 5 | Wraps/Sweet Chili: 2 | XL Frallor/Grovfralla Kalkon & Färskost: 1 | XL Frallor/Ost & Skinka: 1 | XL Frallor/Ost: 2
Stockholm Östra,ICA Nära Stuvsta,Thursday,35,22~45,13,Baguette/Salami & Brieost: 2 | Baguette/Skagen: 2 | Fralla/Ost & Skinka: 4 | Fralla/Ost: 1 | Pastasallad/Kyckling & Salladsost: 5 | Pastasallad/Kyckling mangocurry: 6 | Sandwich/Clubsandwich: 1 | Sandwich/Kyckling Curry: 2 | Sandwich/Ägg & Avocadokräm: 2 | Wraps/Kyckling Bacon: 4 | Wraps/Kyckling Curry: 3 | Wraps/Sweet Chili: 1 | XL Frallor/Grovfralla Kalkon & Färskost: 2
Stockholm Östra,ICA Supermarket Högdalen,Thursday,72,58~94,20,Baguette/Kyckling Curry: 1 | Baguette/Ost & Skinka: 2 | Baguette/Salami & Brieost: 3 | Baguette/Skagen: 2 | Fralla/Ost & Skinka: 4 | Fralla/Ost: 4 | Pastasallad/Falafel: 1 | Pastasallad/Kyckling & Salladsost: 4 | Pastasallad/Kyckling mangocurry: 6 | Pastasallad/Ost & Skinka: 3 | Pastasallad/Räkor: 6 | Sandwich/Bacon & Äggröra: 1 | Sandwich/Clubsandwich: 3 | Sandwich/Kyckling Curry: 4 | Sandwich/Räkor: 2 | Sandwich/Ägg & Avocadokräm: 3 | Wraps/Caesar Kyckling: 8 | Wraps/Kyckling Bacon: 6 | Wraps/Kyckling Curry: 7 | XL Frallor/Grovfralla Kalkon & Färskost: 2
Stockholm Östra,ICA Supermarket västerhaninge,Thursday,29,17~36,11,Baguette/Ost & Skinka: 1 | Baguette/Salami & Brieost: 3 | Fralla/Ost & Skinka: 3 | Fralla/Ost: 2 | Pastasallad/Kyckling & Salladsost: 2 | Pastasallad/Kyckling mangocurry: 3 | Pastasallad/Räkor: 4 | Sandwich/Clubsandwich: 1 | Sandwich/Ägg & Avocadokräm: 2 | Wraps/Caesar Kyckling: 4 | Wraps/Kyckling Curry: 4
Stockholm Östra,ICA supermarket bagarmossen,Thursday,49,37~66,21,Baguette/Kyckling Curry: 2 | Baguette/Ost & Skinka: 1 | Baguette/Salami & Brieost: 1 | Fralla/Ost & Skinka: 3 | Fralla/Ost: 2 | Hönökaka/Ost & Salami: 1 | Hönökaka/Ost & Skinka: 1 | Hönökaka/Ost: 2 | Pastasallad/Italiensk kyckling: 1 | Pastasallad/Kyckling & Salladsost: 4 | Pastasallad/Kyckling mangocurry: 5 | Pastasallad/Ost & Skinka: 4 | Pastasallad/Räkor: 3 | Sandwich/Bacon & Äggröra: 1 | Sandwich/Clubsandwich: 2 | Sandwich/Kyckling Curry: 1 | Wraps/Caesar Kyckling: 4 | Wraps/Kyckling Bacon: 3 | Wraps/Kyckling Curry: 3 | Wraps/Sweet Chili: 3 | XL Frallor/Grovfralla Kalkon & Färskost: 2
Uppsala Rutt,Coop Almunge,Sunday,38,30~54,18,Baguette/Kyckling Curry: 3 | Baguette/Salami & Brieost: 4 | Baguette/Skagen: 4 | Fralla/Ost & Skinka: 3 | Grönsallad/Caesarsallad: 1 | Pastasallad/Asian Surf & Turf-Nudelsallad: 1 | Pastasallad/Kyckling & Salladsost: 3 | Pastasallad/Kyckling mangocurry: 2 | Pastasallad/Räkor: 2 | Sandwich/Bacon & Äggröra: 1 | Sandwich/Clubsandwich: 1 | Sandwich/Kyckling Curry: 1 | Sandwich/Räkor: 1 | Sandwich/Ägg & Avocadokräm: 1 | Wraps/Caesar Kyckling: 3 | Wraps/Kyckling Bacon: 3 | Wraps/Kyckling Curry: 2 | Wraps/Sweet Chili: 2
Uppsala Rutt,Coop Ekeby,Sunday,55,40~71,26,Baguette/Kyckling Curry: 2 | Baguette/Ost & Skinka: 2 | Baguette/Salami & Brieost: 2 | Baguette/Skagen: 3 | Fralla/Ost & Skinka: 2 | Fralla/Ost: 1 | Grönsallad/Caesarsallad: 1 | Hönökaka/Ost & Skinka: 1 | Hönökaka/Ost: 2 | Pastasallad/Falafel: 1 | Pastasallad/Kyckling & Salladsost: 3 | Pastasallad/Kyckling kebab: 1 | Pastasallad/Kyckling mangocurry: 4 | Pastasallad/Ost & Skinka: 2 | Pastasallad/Räkor: 4 | Sandwich/Bacon & Äggröra: 1 | Sandwich/Clubsandwich: 2 | Sandwich/Kyckling Curry: 2 | Sandwich/Räkor: 5 | Sandwich/Ägg & Avocadokräm: 2 | Wraps/Caesar Kyckling: 3 | Wraps/Kyckling Bacon: 2 | Wraps/Kyckling Curry: 3 | Wraps/Sweet Chili: 2 | XL Frallor/Grovfralla Kalkon & Färskost: 1 | XL Frallor/Ost & Skinka: 1
Uppsala Rutt,Coop Luthagen,Sunday,54,41~74,26,Baguette/Kyckling Curry: 2 | Baguette/Ost & Skinka: 1 | Baguette/Salami & Brieost: 2 | Baguette/Skagen: 2 | Fralla/Ost & Skinka: 3 | Fralla/Ost: 2 | Grönsallad/Caesarsallad: 1 | Hönökaka/Ost & Salami: 1 | Hönökaka/Ost & Skinka: 3 | Hönökaka/Ost: 2 | Pastasallad/Kyckling & Salladsost: 4 | Pastasallad/Kyckling mangocurry: 5 | Pastasallad/Ost & Skinka: 3 | Pastasallad/Räkor: 3 | Sandwich/Bacon & Äggröra: 1 | Sandwich/Clubsandwich: 1 | Sandwich/Kyckling Curry: 1 | Sandwich/Räkor: 2 | Sandwich/Ägg & Avocadokräm: 2 | Wraps/Caesar Kyckling: 2 | Wraps/Kyckling Bacon: 3 | Wraps/Kyckling Curry: 2 | Wraps/Sweet Chili: 3 | XL Frallor/Grovfralla Kalkon & Färskost: 1 | XL Frallor/Ost & Skinka: 1 | XL Frallor/Ost: 1
Uppsala Rutt,Coop Västertorg,Sunday,30,23~44,20,Baguette/Kyckling Curry: 1 | Baguette/Ost & Skinka: 1 | Baguette/Salami & Brieost: 1 | Baguette/Skagen: 2 | Fralla/Ost & Skinka: 1 | Fralla/Ost: 2 | Hönökaka/Ost & Salami: 1 | Hönökaka/Ost: 2 | Pastasallad/Kyckling & Salladsost: 2 | Pastasallad/Kyckling kebab: 2 | Pastasallad/Kyckling mangocurry: 3 | Pastasallad/Ost & Skinka: 1 | Pastasallad/Räkor: 1 | Sandwich/Clubsandwich: 1 | Sandwich/Kyckling Curry: 1 | Sandwich/Räkor: 1 | Wraps/Caesar Kyckling: 1 | Wraps/Kyckling Bacon: 2 | Wraps/Kyckling Curry: 2 | Wraps/Sweet Chili: 2
Uppsala Rutt,Dressinen,Sunday,39,31~52,5,Baguette/Kyckling Curry: 7 | Baguette/Ost & Skinka: 5 | Baguette/Skagen: 5 | Fralla/Ost & Skinka: 11 | Fralla/Ost: 11
Uppsala Rutt,Flogsta Närlivs,Sunday,19,3~51,16,Baguette/Kyckling Curry: 1 | Baguette/Skagen: 1 | Fralla/Ost & Skinka: 1 | Fralla/Ost: 2 | Pastasallad/Kyckling & Salladsost: 1 | Pastasallad/Kyckling kebab: 2 | Pastasallad/Räkor: 1 | Sandwich/Bacon & Äggröra: 1 | Sandwich/Clubsandwich: 1 | Sandwich/Kyckling Curry: 1 | Sandwich/Räkor: 1 | Sandwich/Ägg & Avocadokräm: 1 | Wraps/Caesar Kyckling: 1 | Wraps/Kyckling Bacon: 1 | Wraps/Kyckling Curry: 2 | Wraps/Sweet Chili: 1
Uppsala Rutt,Handlarn Uppsala,Sunday,9,0~27,9,Baguette/Kyckling Curry: 1 | Baguette/Skagen: 1 | Pastasallad/Kyckling & Salladsost: 1 | Pastasallad/Kyckling mangocurry: 1 | Sandwich/Clubsandwich: 1 | Sandwich/Räkor: 1 | Wraps/Caesar Kyckling: 1 | Wraps/Kyckling Curry: 1 | Wraps/Sweet Chili: 1
Uppsala Rutt,ICA Hörnan,Sunday,53,41~72,26,Baguette/Kyckling Curry: 2 | Baguette/Ost & Skinka: 1 | Baguette/Salami & Brieost: 2 | Baguette/Skagen: 2 | Fralla/Ost & Skinka: 2 | Fralla/Ost: 2 | Hönökaka/Ost & Salami: 1 | Hönökaka/Ost & Skinka: 2 | Hönökaka/Ost: 1 | Pastasallad/Kyckling & Salladsost: 4 | Pastasallad/Kyckling kebab: 1 | Pastasallad/Kyckling mangocurry: 6 | Pastasallad/Ost & Skinka: 2 | Pastasallad/Räkor: 2 | Sandwich/Bacon & Äggröra: 2 | Sandwich/Clubsandwich: 3 | Sandwich/Kyckling Curry: 2 | Sandwich/Räkor: 3 | Sandwich/Ägg & Avocadokräm: 1 | Wraps/Caesar Kyckling: 2 | Wraps/Kyckling Bacon: 3 | Wraps/Kyckling Curry: 3 | Wraps/Sweet Chili: 1 | XL Frallor/Grovfralla Kalkon & Färskost: 1 | XL Frallor/Ost & Skinka: 1 | XL Frallor/Ost: 1
Uppsala Rutt,ICA SAMköp,Sunday,72,55~94,27,Baguette/Kyckling Curry: 3 | Baguette/Ost & Skinka: 2 | Baguette/Salami & Brieost: 2 | Baguette/Skagen: 3 | Fralla/Ost & Skinka: 3 | Fralla/Ost: 3 | Grönsallad/Caesarsallad: 2 | Hönökaka/Ost & Salami: 1 | Hönökaka/Ost & Skinka: 2 | Hönökaka/Ost: 2 | Pastasallad/Kyckling & Salladsost: 5 | Pastasallad/Kyckling kebab: 3 | Pastasallad/Kyckling mangocurry: 5 | Pastasallad/Ost & Skinka: 5 | Pastasallad/Räkor: 5 | Sandwich/Bacon & Äggröra: 2 | Sandwich/Clubsandwich: 3 | Sandwich/Kyckling Curry: 3 | Sandwich/Räkor: 2 | Sandwich/Ägg & Avocadokräm: 1 | Wraps/Caesar Kyckling: 3 | Wraps/Kyckling Bacon: 4 | Wraps/Kyckling Curry: 3 | Wraps/Sweet Chili: 2 | XL Frallor/Grovfralla Kalkon & Färskost: 1 | XL Frallor/Ost & Skinka: 1 | XL Frallor/Ost: 1
Uppsala Rutt,ICA Sävja,Sunday,78,65~98,22,Baguette/Kyckling Curry: 1 | Baguette/Ost & Skinka: 2 | Baguette/Salami & Brieost: 2 | Baguette/Skagen: 2 | Fralla/Ost & Skinka: 6 | Fralla/Ost: 4 | Hönökaka/Ost & Salami: 2 | Hönökaka/Ost & Skinka: 3 | Hönökaka/Ost: 2 | Pastasallad/Kyckling & Salladsost: 7 | Pastasallad/Kyckling mangocurry: 9 | Pastasallad/Ost & Skinka: 5 | Pastasallad/Räkor: 7 | Sandwich/Bacon & Äggröra: 2 | Sandwich/Clubsandwich: 2 | Sandwich/Kyckling Curry: 2 | Sandwich/Räkor: 3 | Sandwich/Ägg & Avocadokräm: 2 | Wraps/Caesar Kyckling: 3 | Wraps/Kyckling Bacon: 4 | Wraps/Kyckling Curry: 4 | Wraps/Sweet Chili: 4
Uppsala Rutt,ICA Torgkassen,Sunday,56,48~66,9,Baguette/Kyckling Curry: 4 | Baguette/Skagen: 5 | Fralla/Ost & Skinka: 7 | Fralla/Ost: 7 | Hönökaka/Ost & Salami: 7 | Hönökaka/Ost: 7 | Pastasallad/Kyckling mangocurry: 11 | Räkmacka Liten/Räkmacka liten: 4 | Sandwich/Räkor: 4
Uppsala Rutt,ICA Vretgränd,Sunday,106,87~142,33,Baguette/Kyckling Curry: 2 | Baguette/Ost & Skinka: 2 | Baguette/Salami & Brieost: 2 | Baguette/Skagen: 3 | Fralla/Ost & Skinka: 7 | Fralla/Ost: 7 | Glutenfri Frallor/Glutenfri Ost & Skinka(endast söndagsbeställning): 1 | Glutenfri Frallor/Glutenfri Ost(endast söndagsbeställning): 1 | Hönökaka/Ost & Salami: 4 | Hönökaka/Ost & Skinka: 4 | Hönökaka/Ost: 4 | Pastasallad/Asian Surf & Turf-Nudelsallad: 2 | Pastasallad/Falafel: 1 | Pastasallad/Havana Sweetchili kyckling: 1 | Pastasallad/Hawai Kyckling avocado: 2 | Pastasallad/Italiensk kyckling: 2 | Pastasallad/Kyckling & Salladsost: 5 | Pastasallad/Kyckling kebab: 1 | Pastasallad/Kyckling mangocurry: 6 | Pastasallad/Ost & Skinka: 3 | Pastasallad/Räkor: 3 | Sandwich/Bacon & Äggröra: 2 | Sandwich/Clubsandwich: 3 | Sandwich/Kyckling Curry: 4 | Sandwich/Räkor: 2 | Sandwich/Ägg & Avocadokräm: 3 | Wraps/Caesar Kyckling: 5 | Wraps/Kyckling Bacon: 5 | Wraps/Kyckling Curry: 6 | Wraps/Sweet Chili: 4 | XL Frallor/Grovfralla Kalkon & Färskost: 2 | XL Frallor/Ost & Skinka: 4 | XL Frallor/Ost: 3
Uppsala Rutt,ICA nära Per-Erics livs,Sunday,42,32~56,21,Baguette/Kyckling Curry: 1 | Baguette/Ost & Skinka: 1 | Baguette/Salami & Brieost: 2 | Baguette/Skagen: 2 | Grönsallad/Caesarsallad: 1 | Hönökaka/Ost & Salami: 1 | Hönökaka/Ost & Skinka: 2 | Hönökaka/Ost: 1 | Pastasallad/Kyckling & Salladsost: 4 | Pastasallad/Kyckling mangocurry: 5 | Pastasallad/Ost & Skinka: 3 | Pastasallad/Räkor: 3 | Sandwich/Bacon & Äggröra: 3 | Sandwich/Clubsandwich: 2 | Sandwich/Kyckling Curry: 1 | Sandwich/Räkor: 1 | Sandwich/Ägg & Avocadokräm: 1 | Wraps/Caesar Kyckling: 2 | Wraps/Kyckling Bacon: 2 | Wraps/Kyckling Curry: 2 | Wraps/Sweet Chili: 2
Uppsala Rutt,ICA supermarket Heby,Sunday,133,107~168,33,Baguette/Kyckling Curry: 5 | Baguette/Ost & Skinka: 6 | Baguette/Salami & Brieost: 6 | Baguette/Skagen: 9 | Fralla/Ost & Skinka: 9 | Fralla/Ost: 4 | Grönsallad/Caesarsallad: 3 | Hönökaka/Ost & Salami: 1 | Hönökaka/Ost & Skinka: 1 | Hönökaka/Ost: 1 | Pastasallad/Asian Surf & Turf-Nudelsallad: 3 | Pastasallad/Havana Sweetchili kyckling: 3 | Pastasallad/Hawai Kyckling avocado: 4 | Pastasallad/Italiensk kyckling: 3 | Pastasallad/Kyckling & Salladsost: 7 | Pastasallad/Kyckling kebab: 3 | Pastasallad/Kyckling mangocurry: 8 | Pastasallad/Ost & Skinka: 6 | Pastasallad/Räkor: 5 | Räkmacka Liten/Räkmacka liten: 1 | Räkstubbe/Räkstubbe: 2 | Sandwich/Bacon & Äggröra: 4 | Sandwich/Clubsandwich: 3 | Sandwich/Kyckling Curry: 2 | Sandwich/Räkor: 3 | Sandwich/Ägg & Avocadokräm: 2 | Wraps/Caesar Kyckling: 5 | Wraps/Kyckling Bacon: 7 | Wraps/Kyckling Curry: 6 | Wraps/Sweet Chili: 4 | XL Frallor/Grovfralla Kalkon & Färskost: 2 | XL Frallor/Ost & Skinka: 3 | XL Frallor/Ost: 2
Uppsala Rutt,Myway Råbyvägen,Sunday,27,17~47,10,Baguette/Kyckling Curry: 2 | Baguette/Skagen: 5 | Fralla/Ost: 5 | Hönökaka/Ost: 5 | Sandwich/Bacon & Äggröra: 1 | Sandwich/Clubsandwich: 1 | Sandwich/Kyckling Curry: 2 | Sandwich/Räkor: 2 | Wraps/Kyckling Curry: 2 | Wraps/Sweet Chili: 2
Uppsala Rutt,Nelins,Sunday,82,67~107,27,Baguette/Kyckling Curry: 3 | Baguette/Ost & Skinka: 2 | Baguette/Salami & Brieost: 3 | Baguette/Skagen: 3 | Fralla/Ost & Skinka: 4 | Fralla/Ost: 3 | Grönsallad/Caesarsallad: 4 | Hönökaka/Ost & Salami: 1 | Hönökaka/Ost & Skinka: 3 | Hönökaka/Ost: 1 | Pastasallad/Falafel: 2 | Pastasallad/Kyckling & Salladsost: 5 | Pastasallad/Kyckling mangocurry: 7 | Pastasallad/Ost & Skinka: 5 | Pastasallad/Räkor: 5 | Sandwich/Bacon & Äggröra: 3 | Sandwich/Clubsandwich: 3 | Sandwich/Kyckling Curry: 3 | Sandwich/Räkor: 3 | Sandwich/Ägg & Avocadokräm: 1 | Wraps/Caesar Kyckling: 3 | Wraps/Kyckling Bacon: 5 | Wraps/Kyckling Curry: 4 | Wraps/Sweet Chili: 2 | XL Frallor/Grovfralla Kalkon & Färskost: 1 | XL Frallor/Ost & Skinka: 2 | XL Frallor/Ost: 1
Uppsala Rutt,Coop Almunge,Tuesday,38,30~54,18,Baguette/Kyckling Curry: 3 | Baguette/Salami & Brieost: 4 | Baguette/Skagen: 4 | Fralla/Ost & Skinka: 3 | Grönsallad/Caesarsallad: 1 | Pastasallad/Asian Surf & Turf-Nudelsallad: 1 | Pastasallad/Kyckling & Salladsost: 3 | Pastasallad/Kyckling mangocurry: 2 | Pastasallad/Räkor: 2 | Sandwich/Bacon & Äggröra: 1 | Sandwich/Clubsandwich: 1 | Sandwich/Kyckling Curry: 1 | Sandwich/Räkor: 1 | Sandwich/Ägg & Avocadokräm: 1 | Wraps/Caesar Kyckling: 3 | Wraps/Kyckling Bacon: 3 | Wraps/Kyckling Curry: 2 | Wraps/Sweet Chili: 2
Uppsala Rutt,Coop Ekeby,Tuesday,55,40~71,26,Baguette/Kyckling Curry: 2 | Baguette/Ost & Skinka: 2 | Baguette/Salami & Brieost: 2 | Baguette/Skagen: 3 | Fralla/Ost & Skinka: 2 | Fralla/Ost: 1 | Grönsallad/Caesarsallad: 1 | Hönökaka/Ost & Skinka: 1 | Hönökaka/Ost: 2 | Pastasallad/Falafel: 1 | Pastasallad/Kyckling & Salladsost: 3 | Pastasallad/Kyckling kebab: 1 | Pastasallad/Kyckling mangocurry: 4 | Pastasallad/Ost & Skinka: 2 | Pastasallad/Räkor: 4 | Sandwich/Bacon & Äggröra: 1 | Sandwich/Clubsandwich: 2 | Sandwich/Kyckling Curry: 2 | Sandwich/Räkor: 5 | Sandwich/Ägg & Avocadokräm: 2 | Wraps/Caesar Kyckling: 3 | Wraps/Kyckling Bacon: 2 | Wraps/Kyckling Curry: 3 | Wraps/Sweet Chili: 2 | XL Frallor/Grovfralla Kalkon & Färskost: 1 | XL Frallor/Ost & Skinka: 1
Uppsala Rutt,Coop Luthagen,Tuesday,54,41~74,26,Baguette/Kyckling Curry: 2 | Baguette/Ost & Skinka: 1 | Baguette/Salami & Brieost: 2 | Baguette/Skagen: 2 | Fralla/Ost & Skinka: 3 | Fralla/Ost: 2 | Grönsallad/Caesarsallad: 1 | Hönökaka/Ost & Salami: 1 | Hönökaka/Ost & Skinka: 3 | Hönökaka/Ost: 2 | Pastasallad/Kyckling & Salladsost: 4 | Pastasallad/Kyckling mangocurry: 5 | Pastasallad/Ost & Skinka: 3 | Pastasallad/Räkor: 3 | Sandwich/Bacon & Äggröra: 1 | Sandwich/Clubsandwich: 1 | Sandwich/Kyckling Curry: 1 | Sandwich/Räkor: 2 | Sandwich/Ägg & Avocadokräm: 2 | Wraps/Caesar Kyckling: 2 | Wraps/Kyckling Bacon: 3 | Wraps/Kyckling Curry: 2 | Wraps/Sweet Chili: 3 | XL Frallor/Grovfralla Kalkon & Färskost: 1 | XL Frallor/Ost & Skinka: 1 | XL Frallor/Ost: 1
Uppsala Rutt,Coop Västertorg,Tuesday,30,23~44,20,Baguette/Kyckling Curry: 1 | Baguette/Ost & Skinka: 1 | Baguette/Salami & Brieost: 1 | Baguette/Skagen: 2 | Fralla/Ost & Skinka: 1 | Fralla/Ost: 2 | Hönökaka/Ost & Salami: 1 | Hönökaka/Ost: 2 | Pastasallad/Kyckling & Salladsost: 2 | Pastasallad/Kyckling kebab: 2 | Pastasallad/Kyckling mangocurry: 3 | Pastasallad/Ost & Skinka: 1 | Pastasallad/Räkor: 1 | Sandwich/Clubsandwich: 1 | Sandwich/Kyckling Curry: 1 | Sandwich/Räkor: 1 | Wraps/Caesar Kyckling: 1 | Wraps/Kyckling Bacon: 2 | Wraps/Kyckling Curry: 2 | Wraps/Sweet Chili: 2
Uppsala Rutt,ICA Hörnan,Tuesday,53,41~72,26,Baguette/Kyckling Curry: 2 | Baguette/Ost & Skinka: 1 | Baguette/Salami & Brieost: 2 | Baguette/Skagen: 2 | Fralla/Ost & Skinka: 2 | Fralla/Ost: 2 | Hönökaka/Ost & Salami: 1 | Hönökaka/Ost & Skinka: 2 | Hönökaka/Ost: 1 | Pastasallad/Kyckling & Salladsost: 4 | Pastasallad/Kyckling kebab: 1 | Pastasallad/Kyckling mangocurry: 6 | Pastasallad/Ost & Skinka: 2 | Pastasallad/Räkor: 2 | Sandwich/Bacon & Äggröra: 2 | Sandwich/Clubsandwich: 3 | Sandwich/Kyckling Curry: 2 | Sandwich/Räkor: 3 | Sandwich/Ägg & Avocadokräm: 1 | Wraps/Caesar Kyckling: 2 | Wraps/Kyckling Bacon: 3 | Wraps/Kyckling Curry: 3 | Wraps/Sweet Chili: 1 | XL Frallor/Grovfralla Kalkon & Färskost: 1 | XL Frallor/Ost & Skinka: 1 | XL Frallor/Ost: 1
Uppsala Rutt,ICA SAMköp,Tuesday,72,55~94,27,Baguette/Kyckling Curry: 3 | Baguette/Ost & Skinka: 2 | Baguette/Salami & Brieost: 2 | Baguette/Skagen: 3 | Fralla/Ost & Skinka: 3 | Fralla/Ost: 3 | Grönsallad/Caesarsallad: 2 | Hönökaka/Ost & Salami: 1 | Hönökaka/Ost & Skinka: 2 | Hönökaka/Ost: 2 | Pastasallad/Kyckling & Salladsost: 5 | Pastasallad/Kyckling kebab: 3 | Pastasallad/Kyckling mangocurry: 5 | Pastasallad/Ost & Skinka: 5 | Pastasallad/Räkor: 5 | Sandwich/Bacon & Äggröra: 2 | Sandwich/Clubsandwich: 3 | Sandwich/Kyckling Curry: 3 | Sandwich/Räkor: 2 | Sandwich/Ägg & Avocadokräm: 1 | Wraps/Caesar Kyckling: 3 | Wraps/Kyckling Bacon: 4 | Wraps/Kyckling Curry: 3 | Wraps/Sweet Chili: 2 | XL Frallor/Grovfralla Kalkon & Färskost: 1 | XL Frallor/Ost & Skinka: 1 | XL Frallor/Ost: 1
Uppsala Rutt,ICA Sävja,Tuesday,78,65~98,22,Baguette/Kyckling Curry: 1 | Baguette/Ost & Skinka: 2 | Baguette/Salami & Brieost: 2 | Baguette/Skagen: 2 | Fralla/Ost & Skinka: 6 | Fralla/Ost: 4 | Hönökaka/Ost & Salami: 2 | Hönökaka/Ost & Skinka: 3 | Hönökaka/Ost: 2 | Pastasallad/Kyckling & Salladsost: 7 | Pastasallad/Kyckling mangocurry: 9 | Pastasallad/Ost & Skinka: 5 | Pastasallad/Räkor: 7 | Sandwich/Bacon & Äggröra: 2 | Sandwich/Clubsandwich: 2 | Sandwich/Kyckling Curry: 2 | Sandwich/Räkor: 3 | Sandwich/Ägg & Avocadokräm: 2 | Wraps/Caesar Kyckling: 3 | Wraps/Kyckling Bacon: 4 | Wraps/Kyckling Curry: 4 | Wraps/Sweet Chili: 4
Uppsala Rutt,ICA Torgkassen,Tuesday,56,48~66,9,Baguette/Kyckling Curry: 4 | Baguette/Skagen: 5 | Fralla/Ost & Skinka: 7 | Fralla/Ost: 7 | Hönökaka/Ost & Salami: 7 | Hönökaka/Ost: 7 | Pastasallad/Kyckling mangocurry: 11 | Räkmacka Liten/Räkmacka liten: 4 | Sandwich/Räkor: 4
Uppsala Rutt,ICA Vretgränd,Tuesday,106,87~142,33,Baguette/Kyckling Curry: 2 | Baguette/Ost & Skinka: 2 | Baguette/Salami & Brieost: 2 | Baguette/Skagen: 3 | Fralla/Ost & Skinka: 7 | Fralla/Ost: 7 | Glutenfri Frallor/Glutenfri Ost & Skinka(endast söndagsbeställning): 1 | Glutenfri Frallor/Glutenfri Ost(endast söndagsbeställning): 1 | Hönökaka/Ost & Salami: 4 | Hönökaka/Ost & Skinka: 4 | Hönökaka/Ost: 4 | Pastasallad/Asian Surf & Turf-Nudelsallad: 2 | Pastasallad/Falafel: 1 | Pastasallad/Havana Sweetchili kyckling: 1 | Pastasallad/Hawai Kyckling avocado: 2 | Pastasallad/Italiensk kyckling: 2 | Pastasallad/Kyckling & Salladsost: 5 | Pastasallad/Kyckling kebab: 1 | Pastasallad/Kyckling mangocurry: 6 | Pastasallad/Ost & Skinka: 3 | Pastasallad/Räkor: 3 | Sandwich/Bacon & Äggröra: 2 | Sandwich/Clubsandwich: 3 | Sandwich/Kyckling Curry: 4 | Sandwich/Räkor: 2 | Sandwich/Ägg & Avocadokräm: 3 | Wraps/Caesar Kyckling: 5 | Wraps/Kyckling Bacon: 5 | Wraps/Kyckling Curry: 6 | Wraps/Sweet Chili: 4 | XL Frallor/Grovfralla Kalkon & Färskost: 2 | XL Frallor/Ost & Skinka: 4 | XL Frallor/Ost: 3
Uppsala Rutt,ICA nära Per-Erics livs,Tuesday,42,32~56,21,Baguette/Kyckling Curry: 1 | Baguette/Ost & Skinka: 1 | Baguette/Salami & Brieost: 2 | Baguette/Skagen: 2 | Grönsallad/Caesarsallad: 1 | Hönökaka/Ost & Salami: 1 | Hönökaka/Ost & Skinka: 2 | Hönökaka/Ost: 1 | Pastasallad/Kyckling & Salladsost: 4 | Pastasallad/Kyckling mangocurry: 5 | Pastasallad/Ost & Skinka: 3 | Pastasallad/Räkor: 3 | Sandwich/Bacon & Äggröra: 3 | Sandwich/Clubsandwich: 2 | Sandwich/Kyckling Curry: 1 | Sandwich/Räkor: 1 | Sandwich/Ägg & Avocadokräm: 1 | Wraps/Caesar Kyckling: 2 | Wraps/Kyckling Bacon: 2 | Wraps/Kyckling Curry: 2 | Wraps/Sweet Chili: 2
Uppsala Rutt,ICA supermarket Heby,Tuesday,133,107~168,33,Baguette/Kyckling Curry: 5 | Baguette/Ost & Skinka: 6 | Baguette/Salami & Brieost: 6 | Baguette/Skagen: 9 | Fralla/Ost & Skinka: 9 | Fralla/Ost: 4 | Grönsallad/Caesarsallad: 3 | Hönökaka/Ost & Salami: 1 | Hönökaka/Ost & Skinka: 1 | Hönökaka/Ost: 1 | Pastasallad/Asian Surf & Turf-Nudelsallad: 3 | Pastasallad/Havana Sweetchili kyckling: 3 | Pastasallad/Hawai Kyckling avocado: 4 | Pastasallad/Italiensk kyckling: 3 | Pastasallad/Kyckling & Salladsost: 7 | Pastasallad/Kyckling kebab: 3 | Pastasallad/Kyckling mangocurry: 8 | Pastasallad/Ost & Skinka: 6 | Pastasallad/Räkor: 5 | Räkmacka Liten/Räkmacka liten: 1 | Räkstubbe/Räkstubbe: 2 | Sandwich/Bacon & Äggröra: 4 | Sandwich/Clubsandwich: 3 | Sandwich/Kyckling Curry: 2 | Sandwich/Räkor: 3 | Sandwich/Ägg & Avocadokräm: 2 | Wraps/Caesar Kyckling: 5 | Wraps/Kyckling Bacon: 7 | Wraps/Kyckling Curry: 6 | Wraps/Sweet Chili: 4 | XL Frallor/Grovfralla Kalkon & Färskost: 2 | XL Frallor/Ost & Skinka: 3 | XL Frallor/Ost: 2
Uppsala Rutt,Nelins,Tuesday,82,67~107,27,Baguette/Kyckling Curry: 3 | Baguette/Ost & Skinka: 2 | Baguette/Salami & Brieost: 3 | Baguette/Skagen: 3 | Fralla/Ost & Skinka: 4 | Fralla/Ost: 3 | Grönsallad/Caesarsallad: 4 | Hönökaka/Ost & Salami: 1 | Hönökaka/Ost & Skinka: 3 | Hönökaka/Ost: 1 | Pastasallad/Falafel: 2 | Pastasallad/Kyckling & Salladsost: 5 | Pastasallad/Kyckling mangocurry: 7 | Pastasallad/Ost & Skinka: 5 | Pastasallad/Räkor: 5 | Sandwich/Bacon & Äggröra: 3 | Sandwich/Clubsandwich: 3 | Sandwich/Kyckling Curry: 3 | Sandwich/Räkor: 3 | Sandwich/Ägg & Avocadokräm: 1 | Wraps/Caesar Kyckling: 3 | Wraps/Kyckling Bacon: 5 | Wraps/Kyckling Curry: 4 | Wraps/Sweet Chili: 2 | XL Frallor/Grovfralla Kalkon & Färskost: 1 | XL Frallor/Ost & Skinka: 2 | XL Frallor/Ost: 1
Uppsala Rutt,Coop Almunge,Thursday,36,24~44,16,Baguette/Kyckling Curry: 3 | Baguette/Salami & Brieost: 3 | Baguette/Skagen: 3 | Fralla/Ost & Skinka: 4 | Grönsallad/Caesarsallad: 2 | Pastasallad/Asian Surf & Turf-Nudelsallad: 1 | Pastasallad/Kyckling & Salladsost: 2 | Pastasallad/Kyckling mangocurry: 2 | Pastasallad/Räkor: 3 | Sandwich/Clubsandwich: 2 | Sandwich/Kyckling Curry: 1 | Sandwich/Räkor: 1 | Wraps/Caesar Kyckling: 2 | Wraps/Kyckling Bacon: 3 | Wraps/Kyckling Curry: 2 | Wraps/Sweet Chili: 2
Uppsala Rutt,Coop Ekeby,Thursday,46,38~66,22,Baguette/Kyckling Curry: 1 | Baguette/Ost & Skinka: 1 | Baguette/Salami & Brieost: 1 | Baguette/Skagen: 4 | Fralla/Ost & Skinka: 2 | Fralla/Ost: 2 | Grönsallad/Caesarsallad: 2 | Hönökaka/Ost & Skinka: 1 | Hönökaka/Ost: 1 | Pastasallad/Kyckling & Salladsost: 4 | Pastasallad/Kyckling mangocurry: 4 | Pastasallad/Ost & Skinka: 1 | Pastasallad/Räkor: 3 | Sandwich/Clubsandwich: 2 | Sandwich/Kyckling Curry: 1 | Sandwich/Räkor: 4 | Sandwich/Ägg & Avocadokräm: 2 | Wraps/Caesar Kyckling: 2 | Wraps/Kyckling Bacon: 2 | Wraps/Kyckling Curry: 2 | Wraps/Sweet Chili: 2 | XL Frallor/Ost & Skinka: 2
Uppsala Rutt,Coop Luthagen,Thursday,50,37~66,23,Baguette/Kyckling Curry: 2 | Baguette/Ost & Skinka: 2 | Baguette/Salami & Brieost: 2 | Baguette/Skagen: 3 | Fralla/Ost & Skinka: 2 | Fralla/Ost: 1 | Grönsallad/Caesarsallad: 1 | Hönökaka/Ost & Salami: 2 | Hönökaka/Ost & Skinka: 3 | Hönökaka/Ost: 2 | Pastasallad/Kyckling & Salladsost: 4 | Pastasallad/Kyckling mangocurry: 5 | Pastasallad/Ost & Skinka: 4 | Pastasallad/Räkor: 2 | Sandwich/Bacon & Äggröra: 2 | Sandwich/Clubsandwich: 1 | Sandwich/Kyckling Curry: 1 | Sandwich/Räkor: 2 | Sandwich/Ägg & Avocadokräm: 1 | Wraps/Caesar Kyckling: 2 | Wraps/Kyckling Bacon: 2 | Wraps/Kyckling Curry: 1 | Wraps/Sweet Chili: 3
Uppsala Rutt,Coop Västertorg,Thursday,28,19~37,18,Baguette/Kyckling Curry: 2 | Baguette/Salami & Brieost: 1 | Baguette/Skagen: 2 | Fralla/Ost & Skinka: 2 | Fralla/Ost: 1 | Hönökaka/Ost: 1 | Pastasallad/Kyckling & Salladsost: 2 | Pastasallad/Kyckling kebab: 2 | Pastasallad/Kyckling mangocurry: 2 | Pastasallad/Ost & Skinka: 2 | Pastasallad/Räkor: 1 | Sandwich/Clubsandwich: 1 | Sandwich/Kyckling Curry: 1 | Sandwich/Räkor: 2 | Wraps/Caesar Kyckling: 2 | Wraps/Kyckling Bacon: 2 | Wraps/Kyckling Curry: 1 | Wraps/Sweet Chili: 1
Uppsala Rutt,ICA Hörnan,Thursday,51,37~68,23,Baguette/Kyckling Curry: 2 | Baguette/Ost & Skinka: 2 | Baguette/Salami & Brieost: 1 | Baguette/Skagen: 3 | Fralla/Ost & Skinka: 2 | Fralla/Ost: 1 | Hönökaka/Ost & Salami: 2 | Hönökaka/Ost & Skinka: 1 | Hönökaka/Ost: 2 | Pastasallad/Kyckling & Salladsost: 4 | Pastasallad/Kyckling mangocurry: 6 | Pastasallad/Ost & Skinka: 2 | Pastasallad/Räkor: 3 | Sandwich/Bacon & Äggröra: 2 | Sandwich/Clubsandwich: 3 | Sandwich/Kyckling Curry: 2 | Sandwich/Räkor: 2 | Sandwich/Ägg & Avocadokräm: 1 | Wraps/Caesar Kyckling: 1 | Wraps/Kyckling Bacon: 2 | Wraps/Kyckling Curry: 4 | Wraps/Sweet Chili: 2 | XL Frallor/Ost: 1
Uppsala Rutt,ICA SAMköp,Thursday,68,53~91,24,Baguette/Kyckling Curry: 4 | Baguette/Ost & Skinka: 2 | Baguette/Salami & Brieost: 1 | Baguette/Skagen: 4 | Fralla/Ost & Skinka: 2 | Fralla/Ost: 2 | Grönsallad/Caesarsallad: 1 | Hönökaka/Ost & Skinka: 1 | Hönökaka/Ost: 1 | Pastasallad/Kyckling & Salladsost: 6 | Pastasallad/Kyckling kebab: 2 | Pastasallad/Kyckling mangocurry: 4 | Pastasallad/Ost & Skinka: 5 | Pastasallad/Räkor: 6 | Sandwich/Bacon & Äggröra: 2 | Sandwich/Clubsandwich: 4 | Sandwich/Kyckling Curry: 4 | Sandwich/Räkor: 3 | Sandwich/Ägg & Avocadokräm: 2 | Wraps/Caesar Kyckling: 3 | Wraps/Kyckling Bacon: 3 | Wraps/Kyckling Curry: 3 | Wraps/Sweet Chili: 2 | XL Frallor/Ost & Skinka: 1
Uppsala Rutt,ICA Sävja,Thursday,73,56~98,22,Baguette/Kyckling Curry: 2 | Baguette/Ost & Skinka: 2 | Baguette/Salami & Brieost: 3 | Baguette/Skagen: 2 | Fralla/Ost & Skinka: 5 | Fralla/Ost: 5 | Hönökaka/Ost & Salami: 2 | Hönökaka/Ost & Skinka: 2 | Hönökaka/Ost: 3 | Pastasallad/Kyckling & Salladsost: 6 | Pastasallad/Kyckling mangocurry: 8 | Pastasallad/Ost & Skinka: 4 | Pastasallad/Räkor: 7 | Sandwich/Bacon & Äggröra: 1 | Sandwich/Clubsandwich: 1 | Sandwich/Kyckling Curry: 1 | Sandwich/Räkor: 2 | Sandwich/Ägg & Avocadokräm: 2 | Wraps/Caesar Kyckling: 2 | Wraps/Kyckling Bacon: 5 | Wraps/Kyckling Curry: 5 | Wraps/Sweet Chili: 3
Uppsala Rutt,ICA Torgkassen,Thursday,52,42~67,9,Baguette/Kyckling Curry: 5 | Baguette/Skagen: 4 | Fralla/Ost & Skinka: 6 | Fralla/Ost: 6 | Hönökaka/Ost & Salami: 6 | Hönökaka/Ost: 6 | Pastasallad/Kyckling mangocurry: 11 | Räkmacka Liten/Räkmacka liten: 3 | Sandwich/Räkor: 5
Uppsala Rutt,ICA Vretgränd,Thursday,109,81~133,32,Baguette/Kyckling Curry: 2 | Baguette/Ost & Skinka: 2 | Baguette/Salami & Brieost: 2 | Baguette/Skagen: 2 | Fralla/Ost & Skinka: 8 | Fralla/Ost: 7 | Glutenfri Frallor/Glutenfri Ost & Skinka(endast söndagsbeställning): 2 | Hönökaka/Ost & Salami: 3 | Hönökaka/Ost & Skinka: 4 | Hönökaka/Ost: 3 | Pastasallad/Asian Surf & Turf-Nudelsallad: 1 | Pastasallad/Falafel: 2 | Pastasallad/Havana Sweetchili kyckling: 1 | Pastasallad/Hawai Kyckling avocado: 3 | Pastasallad/Italiensk kyckling: 3 | Pastasallad/Kyckling & Salladsost: 6 | Pastasallad/Kyckling kebab: 2 | Pastasallad/Kyckling mangocurry: 7 | Pastasallad/Ost & Skinka: 4 | Pastasallad/Räkor: 4 | Sandwich/Bacon & Äggröra: 2 | Sandwich/Clubsandwich: 3 | Sandwich/Kyckling Curry: 3 | Sandwich/Räkor: 3 | Sandwich/Ägg & Avocadokräm: 2 | Wraps/Caesar Kyckling: 6 | Wraps/Kyckling Bacon: 5 | Wraps/Kyckling Curry: 5 | Wraps/Sweet Chili: 3 | XL Frallor/Grovfralla Kalkon & Färskost: 3 | XL Frallor/Ost & Skinka: 4 | XL Frallor/Ost: 2
Uppsala Rutt,ICA nära Per-Erics livs,Thursday,38,28~58,20,Baguette/Kyckling Curry: 1 | Baguette/Ost & Skinka: 1 | Baguette/Salami & Brieost: 1 | Baguette/Skagen: 1 | Grönsallad/Caesarsallad: 1 | Hönökaka/Ost & Salami: 1 | Hönökaka/Ost & Skinka: 1 | Pastasallad/Kyckling & Salladsost: 5 | Pastasallad/Kyckling mangocurry: 4 | Pastasallad/Ost & Skinka: 3 | Pastasallad/Räkor: 3 | Sandwich/Bacon & Äggröra: 4 | Sandwich/Clubsandwich: 1 | Sandwich/Kyckling Curry: 1 | Sandwich/Räkor: 1 | Sandwich/Ägg & Avocadokräm: 1 | Wraps/Caesar Kyckling: 3 | Wraps/Kyckling Bacon: 1 | Wraps/Kyckling Curry: 3 | Wraps/Sweet Chili: 1
Uppsala Rutt,ICA supermarket Heby,Thursday,138,113~175,32,Baguette/Kyckling Curry: 5 | Baguette/Ost & Skinka: 6 | Baguette/Salami & Brieost: 7 | Baguette/Skagen: 9 | Fralla/Ost & Skinka: 10 | Fralla/Ost: 4 | Grönsallad/Caesarsallad: 4 | Hönökaka/Ost & Salami: 2 | Hönökaka/Ost & Skinka: 2 | Hönökaka/Ost: 1 | Pastasallad/Asian Surf & Turf-Nudelsallad: 4 | Pastasallad/Havana Sweetchili kyckling: 4 | Pastasallad/Hawai Kyckling avocado: 3 | Pastasallad/Italiensk kyckling: 3 | Pastasallad/Kyckling & Salladsost: 7 | Pastasallad/Kyckling kebab: 3 | Pastasallad/Kyckling mangocurry: 9 | Pastasallad/Ost & Skinka: 7 | Pastasallad/Räkor: 6 | Räkstubbe/Räkstubbe: 1 | Sandwich/Bacon & Äggröra: 3 | Sandwich/Clubsandwich: 3 | Sandwich/Kyckling Curry: 1 | Sandwich/Räkor: 4 | Sandwich/Ägg & Avocadokräm: 1 | Wraps/Caesar Kyckling: 5 | Wraps/Kyckling Bacon: 8 | Wraps/Kyckling Curry: 6 | Wraps/Sweet Chili: 5 | XL Frallor/Grovfralla Kalkon & Färskost: 1 | XL Frallor/Ost & Skinka: 3 | XL Frallor/Ost: 1
Uppsala Rutt,Nelins,Thursday,79,57~105,26,Baguette/Kyckling Curry: 2 | Baguette/Ost & Skinka: 2 | Baguette/Salami & Brieost: 4 | Baguette/Skagen: 4 | Fralla/Ost & Skinka: 4 | Fralla/Ost: 3 | Grönsallad/Caesarsallad: 3 | Hönökaka/Ost & Salami: 2 | Hönökaka/Ost & Skinka: 2 | Hönökaka/Ost: 1 | Pastasallad/Falafel: 1 | Pastasallad/Kyckling & Salladsost: 4 | Pastasallad/Kyckling mangocurry: 7 | Pastasallad/Ost & Skinka: 4 | Pastasallad/Räkor: 4 | Sandwich/Bacon & Äggröra: 2 | Sandwich/Clubsandwich: 4 | Sandwich/Kyckling Curry: 4 | Sandwich/Räkor: 4 | Sandwich/Ägg & Avocadokräm: 2 | Wraps/Caesar Kyckling: 3 | Wraps/Kyckling Bacon: 4 | Wraps/Kyckling Curry: 5 | Wraps/Sweet Chili: 2 | XL Frallor/Ost & Skinka: 1 | XL Frallor/Ost: 1
Västerås,Coop Karlfeldtsplatsen,Sunday,37,28~53,22,Baguette/Kyckling Curry: 1 | Baguette/Ost & Skinka: 1 | Baguette/Salami & Brieost: 1 | Baguette/Skagen: 1 | Fralla/Ost & Skinka: 2 | Fralla/Ost: 2 | Hönökaka/Ost & Salami: 1 | Hönökaka/Ost & Skinka: 1 | Hönökaka/Ost: 1 | Pastasallad/Kyckling & Salladsost: 3 | Pastasallad/Kyckling mangocurry: 5 | Pastasallad/Ost & Skinka: 2 | Pastasallad/Räkor: 2 | Sandwich/Bacon & Äggröra: 1 | Sandwich/Clubsandwich: 2 | Sandwich/Kyckling Curry: 1 | Sandwich/Räkor: 1 | Sandwich/Ägg & Avocadokräm: 1 | Wraps/Caesar Kyckling: 1 | Wraps/Kyckling Bacon: 2 | Wraps/Kyckling Curry: 3 | Wraps/Sweet Chili: 2
Västerås,Coop Pilgatan,Sunday,76,61~94,20,Baguette/Kyckling Curry: 2 | Baguette/Ost & Skinka: 3 | Baguette/Salami & Brieost: 3 | Baguette/Skagen: 2 | Fralla/Ost & Skinka: 6 | Fralla/Ost: 5 | Hönökaka/Ost: 7 | Pastasallad/Kyckling & Salladsost: 7 | Pastasallad/Kyckling mangocurry: 7 | Pastasallad/Ost & Skinka: 6 | Pastasallad/Räkor: 7 | Sandwich/Bacon & Äggröra: 2 | Sandwich/Clubsandwich: 1 | Sandwich/Kyckling Curry: 1 | Sandwich/Räkor: 2 | Sandwich/Ägg & Avocadokräm: 1 | Wraps/Caesar Kyckling: 3 | Wraps/Kyckling Bacon: 4 | Wraps/Kyckling Curry: 4 | Wraps/Sweet Chili: 3
Västerås,Coop Stjärnan,Sunday,65,46~82,26,Baguette/Kyckling Curry: 3 | Baguette/Ost & Skinka: 2 | Baguette/Salami & Brieost: 3 | Baguette/Skagen: 3 | Fralla/Ost & Skinka: 3 | Fralla/Ost: 2 | Grönsallad/Caesarsallad: 2 | Hönökaka/Ost & Salami: 2 | Hönökaka/Ost & Skinka: 2 | Hönökaka/Ost: 1 | Pastasallad/Kyckling & Salladsost: 3 | Pastasallad/Kyckling kebab: 1 | Pastasallad/Kyckling mangocurry: 6 | Pastasallad/Ost & Skinka: 4 | Pastasallad/Räkor: 4 | Sandwich/Bacon & Äggröra: 2 | Sandwich/Clubsandwich: 2 | Sandwich/Kyckling Curry: 1 | Sandwich/Räkor: 2 | Sandwich/Ägg & Avocadokräm: 1 | Wraps/Caesar Kyckling: 3 | Wraps/Kyckling Bacon: 3 | Wraps/Kyckling Curry: 4 | Wraps/Sweet Chili: 4 | XL Frallor/Grovfralla Kalkon & Färskost: 1 | XL Frallor/Ost & Skinka: 1
Västerås,Coop Västerås City(PUNKT),Sunday,71,50~92,28,Baguette/Kyckling Curry: 2 | Baguette/Ost & Skinka: 2 | Baguette/Salami & Brieost: 3 | Baguette/Skagen: 4 | Fralla/Ost & Skinka: 7 | Fralla/Ost: 7 | Grönsallad/Caesarsallad: 1 | Hönökaka/Ost & Salami: 3 | Hönökaka/Ost & Skinka: 3 | Hönökaka/Ost: 4 | Pastasallad/Asian Surf & Turf-Nudelsallad: 1 | Pastasallad/Havana Sweetchili kyckling: 1 | Pastasallad/Hawai Kyckling avocado: 1 | Pastasallad/Italiensk kyckling: 1 | Pastasallad/Kyckling & Salladsost: 3 | Pastasallad/Kyckling kebab: 1 | Pastasallad/Kyckling mangocurry: 3 | Pastasallad/Ost & Skinka: 3 | Pastasallad/Räkor: 3 | Sandwich/Bacon & Äggröra: 1 | Sandwich/Clubsandwich: 2 | Sandwich/Kyckling Curry: 1 | Sandwich/Räkor: 1 | Sandwich/Ägg & Avocadokräm: 1 | Wraps/Caesar Kyckling: 2 | Wraps/Kyckling Bacon: 3 | Wraps/Kyckling Curry: 4 | Wraps/Sweet Chili: 3
Västerås,Hemköp City Västerås,Sunday,38,29~52,16,Baguette/Kyckling Curry: 1 | Baguette/Ost & Skinka: 1 | Baguette/Salami & Brieost: 1 | Baguette/Skagen: 1 | Fralla/Ost & Skinka: 5 | Fralla/Ost: 3 | Pastasallad/Kyckling & Salladsost: 2 | Pastasallad/Kyckling mangocurry: 5 | Pastasallad/Räkor: 2 | Sandwich/Bacon & Äggröra: 1 | Sandwich/Clubsandwich: 1 | Sandwich/Kyckling Curry: 1 | Sandwich/Räkor: 1 | Wraps/Kyckling Bacon: 4 | Wraps/Kyckling Curry: 4 | Wraps/Sweet Chili: 5
Västerås,Hemköp Malmaberg,Sunday,92,74~121,29,Baguette/Kyckling Curry: 3 | Baguette/Ost & Skinka: 3 | Baguette/Salami & Brieost: 4 | Baguette/Skagen: 2 | Fralla/Ost & Skinka: 7 | Fralla/Ost: 4 | Grönsallad/Caesarsallad: 2 | Hönökaka/Ost & Salami: 2 | Hönökaka/Ost & Skinka: 4 | Hönökaka/Ost: 3 | Pastasallad/Asian Surf & Turf-Nudelsallad: 1 | Pastasallad/Havana Sweetchili kyckling: 1 | Pastasallad/Hawai Kyckling avocado: 1 | Pastasallad/Italiensk kyckling: 1 | Pastasallad/Kyckling & Salladsost: 7 | Pastasallad/Kyckling mangocurry: 8 | Pastasallad/Ost & Skinka: 6 | Pastasallad/Räkor: 6 | Sandwich/Bacon & Äggröra: 2 | Sandwich/Clubsandwich: 2 | Sandwich/Kyckling Curry: 2 | Sandwich/Räkor: 2 | Sandwich/Ägg & Avocadokräm: 1 | Wraps/Caesar Kyckling: 4 | Wraps/Kyckling Bacon: 5 | Wraps/Kyckling Curry: 4 | Wraps/Sweet Chili: 3 | XL Frallor/Grovfralla Kalkon & Färskost: 1 | XL Frallor/Ost & Skinka: 1
Västerås,ICA Ettan,Sunday,69,51~88,29,Baguette/Kyckling Curry: 2 | Baguette/Ost & Skinka: 2 | Baguette/Salami & Brieost: 3 | Baguette/Skagen: 2 | Fralla/Ost & Skinka: 3 | Fralla/Ost: 2 | Grönsallad/Caesarsallad: 1 | Hönökaka/Ost & Salami: 1 | Hönökaka/Ost & Skinka: 2 | Hönökaka/Ost: 1 | Pastasallad/Asian Surf & Turf-Nudelsallad: 1 | Pastasallad/Hawai Kyckling avocado: 1 | Pastasallad/Italiensk kyckling: 1 | Pastasallad/Kyckling & Salladsost: 6 | Pastasallad/Kyckling kebab: 1 | Pastasallad/Kyckling mangocurry: 6 | Pastasallad/Ost & Skinka: 4 | Pastasallad/Räkor: 3 | Sandwich/Bacon & Äggröra: 1 | Sandwich/Clubsandwich: 2 | Sandwich/Kyckling Curry: 1 | Sandwich/Räkor: 1 | Sandwich/Ägg & Avocadokräm: 1 | Wraps/Caesar Kyckling: 4 | Wraps/Kyckling Bacon: 5 | Wraps/Kyckling Curry: 6 | Wraps/Sweet Chili: 4 | XL Frallor/Grovfralla Kalkon & Färskost: 1 | XL Frallor/Ost & Skinka: 1
Västerås,ICA Grytan,Sunday,98,83~122,17,Baguette/Kyckling Curry: 4 | Baguette/Salami & Brieost: 7 | Baguette/Skagen: 3 | Fralla/Ost & Skinka: 12 | Fralla/Ost: 7 | Grönsallad/Caesarsallad: 3 | Hönökaka/Ost & Salami: 2 | Hönökaka/Ost & Skinka: 4 | Hönökaka/Ost: 2 | Pastasallad/Kyckling & Salladsost: 10 | Pastasallad/Kyckling kebab: 3 | Pastasallad/Kyckling mangocurry: 15 | Pastasallad/Ost & Skinka: 8 | Pastasallad/Räkor: 7 | Wraps/Caesar Kyckling: 4 | Wraps/Kyckling Bacon: 3 | Wraps/Kyckling Curry: 4
Västerås,ICA Hökåsen,Sunday,39,32~55,15,Baguette/Kyckling Curry: 2 | Baguette/Ost & Skinka: 1 | Baguette/Salami & Brieost: 2 | Baguette/Skagen: 2 | Pastasallad/Kyckling & Salladsost: 6 | Pastasallad/Kyckling mangocurry: 7 | Pastasallad/Räkor: 4 | Sandwich/Bacon & Äggröra: 1 | Sandwich/Clubsandwich: 1 | Sandwich/Kyckling Curry: 1 | Sandwich/Räkor: 1 | Wraps/Caesar Kyckling: 2 | Wraps/Kyckling Bacon: 3 | Wraps/Kyckling Curry: 3 | Wraps/Sweet Chili: 3
Västerås,ICA Råby,Sunday,41,30~56,21,Baguette/Kyckling Curry: 1 | Baguette/Ost & Skinka: 1 | Baguette/Salami & Brieost: 1 | Baguette/Skagen: 2 | Fralla/Ost & Skinka: 3 | Fralla/Ost: 3 | Hönökaka/Ost & Salami: 1 | Hönökaka/Ost & Skinka: 2 | Hönökaka/Ost: 1 | Pastasallad/Kyckling & Salladsost: 4 | Pastasallad/Kyckling mangocurry: 5 | Pastasallad/Ost & Skinka: 3 | Pastasallad/Räkor: 2 | Sandwich/Bacon & Äggröra: 1 | Sandwich/Clubsandwich: 2 | Sandwich/Kyckling Curry: 1 | Sandwich/Räkor: 1 | Wraps/Caesar Kyckling: 2 | Wraps/Kyckling Bacon: 1 | Wraps/Kyckling Curry: 2 | Wraps/Sweet Chili: 2
Västerås,ICA SKiljebo,Sunday,58,44~76,22,Baguette/Kyckling Curry: 2 | Baguette/Ost & Skinka: 1 | Baguette/Salami & Brieost: 2 | Baguette/Skagen: 2 | Fralla/Ost & Skinka: 4 | Fralla/Ost: 3 | Grönsallad/Caesarsallad: 3 | Hönökaka/Ost & Salami: 1 | Hönökaka/Ost & Skinka: 1 | Hönökaka/Ost: 2 | Pastasallad/Kyckling & Salladsost: 5 | Pastasallad/Kyckling mangocurry: 6 | Pastasallad/Ost & Skinka: 4 | Pastasallad/Räkor: 5 | Sandwich/Bacon & Äggröra: 1 | Sandwich/Clubsandwich: 1 | Sandwich/Kyckling Curry: 1 | Sandwich/Räkor: 1 | Wraps/Caesar Kyckling: 3 | Wraps/Kyckling Bacon: 4 | Wraps/Kyckling Curry: 4 | Wraps/Sweet Chili: 2
Västerås,ICA Viksäng,Sunday,67,49~86,25,Baguette/Kyckling Curry: 2 | Baguette/Ost & Skinka: 2 | Baguette/Salami & Brieost: 2 | Baguette/Skagen: 2 | Fralla/Ost & Skinka: 3 | Fralla/Ost: 3 | Grönsallad/Caesarsallad: 2 | Hönökaka/Ost & Salami: 1 | Hönökaka/Ost & Skinka: 2 | Hönökaka/Ost: 2 | Pastasallad/Kyckling & Salladsost: 6 | Pastasallad/Kyckling kebab: 2 | Pastasallad/Kyckling mangocurry: 7 | Pastasallad/Ost & Skinka: 5 | Pastasallad/Räkor: 5 | Sandwich/Bacon & Äggröra: 1 | Sandwich/Clubsandwich: 1 | Sandwich/Kyckling Curry: 1 | Sandwich/Räkor: 2 | Sandwich/Ägg & Avocadokräm: 1 | Wraps/Caesar Kyckling: 3 | Wraps/Kyckling Bacon: 3 | Wraps/Kyckling Curry: 4 | Wraps/Sweet Chili: 4 | XL Frallor/Grovfralla Kalkon & Färskost: 1
Västerås,ICA Väst,Sunday,137,113~172,28,Baguette/Kyckling Curry: 5 | Baguette/Ost & Skinka: 5 | Baguette/Salami & Brieost: 7 | Baguette/Skagen: 5 | Fralla/Ost & Skinka: 6 | Fralla/Ost: 6 | Grönsallad/Caesarsallad: 3 | Hönökaka/Ost & Salami: 3 | Hönökaka/Ost & Skinka: 3 | Hönökaka/Ost: 3 | Pastasallad/Kyckling & Salladsost: 12 | Pastasallad/Kyckling kebab: 2 | Pastasallad/Kyckling mangocurry: 15 | Pastasallad/Ost & Skinka: 7 | Pastasallad/Räkor: 7 | Räkbomb/Räkbomb (Ej beställ): 4 | Räkmacka Handskalade räkor/Räkmacka Handskalade Räkor: 2 | Sandwich/Bacon & Äggröra: 3 | Sandwich/Clubsandwich: 3 | Sandwich/Kyckling Curry: 2 | Sandwich/Räkor: 2 | Sandwich/Ägg & Avocadokräm: 2 | Wraps/Caesar Kyckling: 7 | Wraps/Kyckling Bacon: 7 | Wraps/Kyckling Curry: 7 | Wraps/Sweet Chili: 6 | XL Frallor/Grovfralla Kalkon & Färskost: 2 | XL Frallor/Ost & Skinka: 1
Västerås,Stora Coop Enköping,Sunday,155,126~193,24,Baguette/Kyckling Curry: 6 | Baguette/Ost & Skinka: 6 | Baguette/Salami & Brieost: 8 | Baguette/Skagen: 7 | Fralla/Ost & Skinka: 11 | Fralla/Ost: 7 | Grönsallad/Caesarsallad: 3 | Hönökaka/Ost & Salami: 3 | Hönökaka/Ost & Skinka: 4 | Hönökaka/Ost: 3 | Pastasallad/Kyckling & Salladsost: 11 | Pastasallad/Kyckling kebab: 2 | Pastasallad/Kyckling mangocurry: 13 | Pastasallad/Ost & Skinka: 7 | Pastasallad/Räkor: 8 | Sandwich/Bacon & Äggröra: 3 | Sandwich/Clubsandwich: 3 | Sandwich/Kyckling Curry: 3 | Sandwich/Räkor: 3 | Sandwich/Ägg & Avocadokräm: 2 | Wraps/Caesar Kyckling: 10 | Wraps/Kyckling Bacon: 13 | Wraps/Kyckling Curry: 10 | Wraps/Sweet Chili: 9
Västerås,Tempo Fjärdhundra,Sunday,41,31~66,23,Baguette/Kyckling Curry: 2 | Baguette/Ost & Skinka: 2 | Baguette/Salami & Brieost: 2 | Baguette/Skagen: 2 | Fralla/Ost & Skinka: 2 | Fralla/Ost: 1 | Hönökaka/Ost & Salami: 1 | Hönökaka/Ost & Skinka: 1 | Hönökaka/Ost: 1 | Pastasallad/Kyckling & Salladsost: 2 | Pastasallad/Kyckling mangocurry: 3 | Pastasallad/Ost & Skinka: 2 | Pastasallad/Räkor: 2 | Räkbomb/Räkbomb (Ej beställ): 1 | Sandwich/Bacon & Äggröra: 2 | Sandwich/Clubsandwich: 2 | Sandwich/Kyckling Curry: 2 | Sandwich/Räkor: 2 | Sandwich/Ägg & Avocadokräm: 1 | Wraps/Caesar Kyckling: 2 | Wraps/Kyckling Bacon: 2 | Wraps/Kyckling Curry: 2 | Wraps/Sweet Chili: 2
Västerås,X-tra Stengatan,Sunday,35,23~46,22,Baguette/Kyckling Curry: 2 | Baguette/Ost & Skinka: 1 | Baguette/Salami & Brieost: 1 | Baguette/Skagen: 2 | Fralla/Ost & Skinka: 2 | Fralla/Ost: 1 | Grönsallad/Caesarsallad: 1 | Hönökaka/Ost & Salami: 1 | Hönökaka/Ost & Skinka: 1 | Pastasallad/Kyckling & Salladsost: 2 | Pastasallad/Kyckling mangocurry: 3 | Pastasallad/Ost & Skinka: 1 | Pastasallad/Räkor: 2 | Sandwich/Bacon & Äggröra: 2 | Sandwich/Clubsandwich: 2 | Sandwich/Kyckling Curry: 1 | Sandwich/Räkor: 2 | Sandwich/Ägg & Avocadokräm: 1 | Wraps/Caesar Kyckling: 2 | Wraps/Kyckling Bacon: 2 | Wraps/Kyckling Curry: 2 | Wraps/Sweet Chili: 1
Västerås,X-tra viksäng,Sunday,33,16~52,22,Baguette/Kyckling Curry: 2 | Baguette/Ost & Skinka: 1 | Baguette/Salami & Brieost: 1 | Baguette/Skagen: 2 | Fralla/Ost & Skinka: 2 | Fralla/Ost: 1 | Hönökaka/Ost & Salami: 1 | Hönökaka/Ost & Skinka: 1 | Hönökaka/Ost: 1 | Pastasallad/Kyckling & Salladsost: 2 | Pastasallad/Kyckling mangocurry: 2 | Pastasallad/Ost & Skinka: 3 | Pastasallad/Räkor: 2 | Räkbomb/Räkbomb (Ej beställ): 1 | Sandwich/Bacon & Äggröra: 1 | Sandwich/Clubsandwich: 1 | Sandwich/Kyckling Curry: 1 | Sandwich/Räkor: 1 | Wraps/Caesar Kyckling: 1 | Wraps/Kyckling Bacon: 2 | Wraps/Kyckling Curry: 2 | Wraps/Sweet Chili: 2
Västerås,Xtra Surahammar,Sunday,33,29~50,14,Baguette/Kyckling Curry: 2 | Baguette/Ost & Skinka: 2 | Baguette/Salami & Brieost: 2 | Baguette/Skagen: 2 | Fralla/Ost & Skinka: 2 | Fralla/Ost: 2 | Pastasallad/Kyckling & Salladsost: 4 | Pastasallad/Kyckling mangocurry: 4 | Pastasallad/Ost & Skinka: 2 | Pastasallad/Räkor: 2 | Wraps/Caesar Kyckling: 2 | Wraps/Kyckling Bacon: 3 | Wraps/Kyckling Curry: 2 | Wraps/Sweet Chili: 2
Västerås,Coop Karlfeldtsplatsen,Tuesday,37,28~53,22,Baguette/Kyckling Curry: 1 | Baguette/Ost & Skinka: 1 | Baguette/Salami & Brieost: 1 | Baguette/Skagen: 1 | Fralla/Ost & Skinka: 2 | Fralla/Ost: 2 | Hönökaka/Ost & Salami: 1 | Hönökaka/Ost & Skinka: 1 | Hönökaka/Ost: 1 | Pastasallad/Kyckling & Salladsost: 3 | Pastasallad/Kyckling mangocurry: 5 | Pastasallad/Ost & Skinka: 2 | Pastasallad/Räkor: 2 | Sandwich/Bacon & Äggröra: 1 | Sandwich/Clubsandwich: 2 | Sandwich/Kyckling Curry: 1 | Sandwich/Räkor: 1 | Sandwich/Ägg & Avocadokräm: 1 | Wraps/Caesar Kyckling: 1 | Wraps/Kyckling Bacon: 2 | Wraps/Kyckling Curry: 3 | Wraps/Sweet Chili: 2
Västerås,Coop Pilgatan,Tuesday,76,61~94,20,Baguette/Kyckling Curry: 2 | Baguette/Ost & Skinka: 3 | Baguette/Salami & Brieost: 3 | Baguette/Skagen: 2 | Fralla/Ost & Skinka: 6 | Fralla/Ost: 5 | Hönökaka/Ost: 7 | Pastasallad/Kyckling & Salladsost: 7 | Pastasallad/Kyckling mangocurry: 7 | Pastasallad/Ost & Skinka: 6 | Pastasallad/Räkor: 7 | Sandwich/Bacon & Äggröra: 2 | Sandwich/Clubsandwich: 1 | Sandwich/Kyckling Curry: 1 | Sandwich/Räkor: 2 | Sandwich/Ägg & Avocadokräm: 1 | Wraps/Caesar Kyckling: 3 | Wraps/Kyckling Bacon: 4 | Wraps/Kyckling Curry: 4 | Wraps/Sweet Chili: 3
Västerås,Coop Stjärnan,Tuesday,65,46~82,26,Baguette/Kyckling Curry: 3 | Baguette/Ost & Skinka: 2 | Baguette/Salami & Brieost: 3 | Baguette/Skagen: 3 | Fralla/Ost & Skinka: 3 | Fralla/Ost: 2 | Grönsallad/Caesarsallad: 2 | Hönökaka/Ost & Salami: 2 | Hönökaka/Ost & Skinka: 2 | Hönökaka/Ost: 1 | Pastasallad/Kyckling & Salladsost: 3 | Pastasallad/Kyckling kebab: 1 | Pastasallad/Kyckling mangocurry: 6 | Pastasallad/Ost & Skinka: 4 | Pastasallad/Räkor: 4 | Sandwich/Bacon & Äggröra: 2 | Sandwich/Clubsandwich: 2 | Sandwich/Kyckling Curry: 1 | Sandwich/Räkor: 2 | Sandwich/Ägg & Avocadokräm: 1 | Wraps/Caesar Kyckling: 3 | Wraps/Kyckling Bacon: 3 | Wraps/Kyckling Curry: 4 | Wraps/Sweet Chili: 4 | XL Frallor/Grovfralla Kalkon & Färskost: 1 | XL Frallor/Ost & Skinka: 1
Västerås,Coop Västerås City(PUNKT),Tuesday,71,50~92,28,Baguette/Kyckling Curry: 2 | Baguette/Ost & Skinka: 2 | Baguette/Salami & Brieost: 3 | Baguette/Skagen: 4 | Fralla/Ost & Skinka: 7 | Fralla/Ost: 7 | Grönsallad/Caesarsallad: 1 | Hönökaka/Ost & Salami: 3 | Hönökaka/Ost & Skinka: 3 | Hönökaka/Ost: 4 | Pastasallad/Asian Surf & Turf-Nudelsallad: 1 | Pastasallad/Havana Sweetchili kyckling: 1 | Pastasallad/Hawai Kyckling avocado: 1 | Pastasallad/Italiensk kyckling: 1 | Pastasallad/Kyckling & Salladsost: 3 | Pastasallad/Kyckling kebab: 1 | Pastasallad/Kyckling mangocurry: 3 | Pastasallad/Ost & Skinka: 3 | Pastasallad/Räkor: 3 | Sandwich/Bacon & Äggröra: 1 | Sandwich/Clubsandwich: 2 | Sandwich/Kyckling Curry: 1 | Sandwich/Räkor: 1 | Sandwich/Ägg & Avocadokräm: 1 | Wraps/Caesar Kyckling: 2 | Wraps/Kyckling Bacon: 3 | Wraps/Kyckling Curry: 4 | Wraps/Sweet Chili: 3
Västerås,Hemköp City Västerås,Tuesday,38,29~52,16,Baguette/Kyckling Curry: 1 | Baguette/Ost & Skinka: 1 | Baguette/Salami & Brieost: 1 | Baguette/Skagen: 1 | Fralla/Ost & Skinka: 5 | Fralla/Ost: 3 | Pastasallad/Kyckling & Salladsost: 2 | Pastasallad/Kyckling mangocurry: 5 | Pastasallad/Räkor: 2 | Sandwich/Bacon & Äggröra: 1 | Sandwich/Clubsandwich: 1 | Sandwich/Kyckling Curry: 1 | Sandwich/Räkor: 1 | Wraps/Kyckling Bacon: 4 | Wraps/Kyckling Curry: 4 | Wraps/Sweet Chili: 5
Västerås,Hemköp Malmaberg,Tuesday,92,74~121,29,Baguette/Kyckling Curry: 3 | Baguette/Ost & Skinka: 3 | Baguette/Salami & Brieost: 4 | Baguette/Skagen: 2 | Fralla/Ost & Skinka: 7 | Fralla/Ost: 4 | Grönsallad/Caesarsallad: 2 | Hönökaka/Ost & Salami: 2 | Hönökaka/Ost & Skinka: 4 | Hönökaka/Ost: 3 | Pastasallad/Asian Surf & Turf-Nudelsallad: 1 | Pastasallad/Havana Sweetchili kyckling: 1 | Pastasallad/Hawai Kyckling avocado: 1 | Pastasallad/Italiensk kyckling: 1 | Pastasallad/Kyckling & Salladsost: 7 | Pastasallad/Kyckling mangocurry: 8 | Pastasallad/Ost & Skinka: 6 | Pastasallad/Räkor: 6 | Sandwich/Bacon & Äggröra: 2 | Sandwich/Clubsandwich: 2 | Sandwich/Kyckling Curry: 2 | Sandwich/Räkor: 2 | Sandwich/Ägg & Avocadokräm: 1 | Wraps/Caesar Kyckling: 4 | Wraps/Kyckling Bacon: 5 | Wraps/Kyckling Curry: 4 | Wraps/Sweet Chili: 3 | XL Frallor/Grovfralla Kalkon & Färskost: 1 | XL Frallor/Ost & Skinka: 1
Västerås,ICA Ettan,Tuesday,69,51~88,29,Baguette/Kyckling Curry: 2 | Baguette/Ost & Skinka: 2 | Baguette/Salami & Brieost: 3 | Baguette/Skagen: 2 | Fralla/Ost & Skinka: 3 | Fralla/Ost: 2 | Grönsallad/Caesarsallad: 1 | Hönökaka/Ost & Salami: 1 | Hönökaka/Ost & Skinka: 2 | Hönökaka/Ost: 1 | Pastasallad/Asian Surf & Turf-Nudelsallad: 1 | Pastasallad/Hawai Kyckling avocado: 1 | Pastasallad/Italiensk kyckling: 1 | Pastasallad/Kyckling & Salladsost: 6 | Pastasallad/Kyckling kebab: 1 | Pastasallad/Kyckling mangocurry: 6 | Pastasallad/Ost & Skinka: 4 | Pastasallad/Räkor: 3 | Sandwich/Bacon & Äggröra: 1 | Sandwich/Clubsandwich: 2 | Sandwich/Kyckling Curry: 1 | Sandwich/Räkor: 1 | Sandwich/Ägg & Avocadokräm: 1 | Wraps/Caesar Kyckling: 4 | Wraps/Kyckling Bacon: 5 | Wraps/Kyckling Curry: 6 | Wraps/Sweet Chili: 4 | XL Frallor/Grovfralla Kalkon & Färskost: 1 | XL Frallor/Ost & Skinka: 1
Västerås,ICA Grytan,Tuesday,98,83~122,17,Baguette/Kyckling Curry: 4 | Baguette/Salami & Brieost: 7 | Baguette/Skagen: 3 | Fralla/Ost & Skinka: 12 | Fralla/Ost: 7 | Grönsallad/Caesarsallad: 3 | Hönökaka/Ost & Salami: 2 | Hönökaka/Ost & Skinka: 4 | Hönökaka/Ost: 2 | Pastasallad/Kyckling & Salladsost: 10 | Pastasallad/Kyckling kebab: 3 | Pastasallad/Kyckling mangocurry: 15 | Pastasallad/Ost & Skinka: 8 | Pastasallad/Räkor: 7 | Wraps/Caesar Kyckling: 4 | Wraps/Kyckling Bacon: 3 | Wraps/Kyckling Curry: 4
Västerås,ICA Hökåsen,Tuesday,39,32~55,15,Baguette/Kyckling Curry: 2 | Baguette/Ost & Skinka: 1 | Baguette/Salami & Brieost: 2 | Baguette/Skagen: 2 | Pastasallad/Kyckling & Salladsost: 6 | Pastasallad/Kyckling mangocurry: 7 | Pastasallad/Räkor: 4 | Sandwich/Bacon & Äggröra: 1 | Sandwich/Clubsandwich: 1 | Sandwich/Kyckling Curry: 1 | Sandwich/Räkor: 1 | Wraps/Caesar Kyckling: 2 | Wraps/Kyckling Bacon: 3 | Wraps/Kyckling Curry: 3 | Wraps/Sweet Chili: 3
Västerås,ICA Råby,Tuesday,41,30~56,21,Baguette/Kyckling Curry: 1 | Baguette/Ost & Skinka: 1 | Baguette/Salami & Brieost: 1 | Baguette/Skagen: 2 | Fralla/Ost & Skinka: 3 | Fralla/Ost: 3 | Hönökaka/Ost & Salami: 1 | Hönökaka/Ost & Skinka: 2 | Hönökaka/Ost: 1 | Pastasallad/Kyckling & Salladsost: 4 | Pastasallad/Kyckling mangocurry: 5 | Pastasallad/Ost & Skinka: 3 | Pastasallad/Räkor: 2 | Sandwich/Bacon & Äggröra: 1 | Sandwich/Clubsandwich: 2 | Sandwich/Kyckling Curry: 1 | Sandwich/Räkor: 1 | Wraps/Caesar Kyckling: 2 | Wraps/Kyckling Bacon: 1 | Wraps/Kyckling Curry: 2 | Wraps/Sweet Chili: 2
Västerås,ICA SKiljebo,Tuesday,58,44~76,22,Baguette/Kyckling Curry: 2 | Baguette/Ost & Skinka: 1 | Baguette/Salami & Brieost: 2 | Baguette/Skagen: 2 | Fralla/Ost & Skinka: 4 | Fralla/Ost: 3 | Grönsallad/Caesarsallad: 3 | Hönökaka/Ost & Salami: 1 | Hönökaka/Ost & Skinka: 1 | Hönökaka/Ost: 2 | Pastasallad/Kyckling & Salladsost: 5 | Pastasallad/Kyckling mangocurry: 6 | Pastasallad/Ost & Skinka: 4 | Pastasallad/Räkor: 5 | Sandwich/Bacon & Äggröra: 1 | Sandwich/Clubsandwich: 1 | Sandwich/Kyckling Curry: 1 | Sandwich/Räkor: 1 | Wraps/Caesar Kyckling: 3 | Wraps/Kyckling Bacon: 4 | Wraps/Kyckling Curry: 4 | Wraps/Sweet Chili: 2
Västerås,ICA Viksäng,Tuesday,67,49~86,25,Baguette/Kyckling Curry: 2 | Baguette/Ost & Skinka: 2 | Baguette/Salami & Brieost: 2 | Baguette/Skagen: 2 | Fralla/Ost & Skinka: 3 | Fralla/Ost: 3 | Grönsallad/Caesarsallad: 2 | Hönökaka/Ost & Salami: 1 | Hönökaka/Ost & Skinka: 2 | Hönökaka/Ost: 2 | Pastasallad/Kyckling & Salladsost: 6 | Pastasallad/Kyckling kebab: 2 | Pastasallad/Kyckling mangocurry: 7 | Pastasallad/Ost & Skinka: 5 | Pastasallad/Räkor: 5 | Sandwich/Bacon & Äggröra: 1 | Sandwich/Clubsandwich: 1 | Sandwich/Kyckling Curry: 1 | Sandwich/Räkor: 2 | Sandwich/Ägg & Avocadokräm: 1 | Wraps/Caesar Kyckling: 3 | Wraps/Kyckling Bacon: 3 | Wraps/Kyckling Curry: 4 | Wraps/Sweet Chili: 4 | XL Frallor/Grovfralla Kalkon & Färskost: 1
Västerås,ICA Väst,Tuesday,137,113~172,28,Baguette/Kyckling Curry: 5 | Baguette/Ost & Skinka: 5 | Baguette/Salami & Brieost: 7 | Baguette/Skagen: 5 | Fralla/Ost & Skinka: 6 | Fralla/Ost: 6 | Grönsallad/Caesarsallad: 3 | Hönökaka/Ost & Salami: 3 | Hönökaka/Ost & Skinka: 3 | Hönökaka/Ost: 3 | Pastasallad/Kyckling & Salladsost: 12 | Pastasallad/Kyckling kebab: 2 | Pastasallad/Kyckling mangocurry: 15 | Pastasallad/Ost & Skinka: 7 | Pastasallad/Räkor: 7 | Räkbomb/Räkbomb (Ej beställ): 4 | Räkmacka Handskalade räkor/Räkmacka Handskalade Räkor: 2 | Sandwich/Bacon & Äggröra: 3 | Sandwich/Clubsandwich: 3 | Sandwich/Kyckling Curry: 2 | Sandwich/Räkor: 2 | Sandwich/Ägg & Avocadokräm: 2 | Wraps/Caesar Kyckling: 7 | Wraps/Kyckling Bacon: 7 | Wraps/Kyckling Curry: 7 | Wraps/Sweet Chili: 6 | XL Frallor/Grovfralla Kalkon & Färskost: 2 | XL Frallor/Ost & Skinka: 1
Västerås,Stora Coop Enköping,Tuesday,155,126~193,24,Baguette/Kyckling Curry: 6 | Baguette/Ost & Skinka: 6 | Baguette/Salami & Brieost: 8 | Baguette/Skagen: 7 | Fralla/Ost & Skinka: 11 | Fralla/Ost: 7 | Grönsallad/Caesarsallad: 3 | Hönökaka/Ost & Salami: 3 | Hönökaka/Ost & Skinka: 4 | Hönökaka/Ost: 3 | Pastasallad/Kyckling & Salladsost: 11 | Pastasallad/Kyckling kebab: 2 | Pastasallad/Kyckling mangocurry: 13 | Pastasallad/Ost & Skinka: 7 | Pastasallad/Räkor: 8 | Sandwich/Bacon & Äggröra: 3 | Sandwich/Clubsandwich: 3 | Sandwich/Kyckling Curry: 3 | Sandwich/Räkor: 3 | Sandwich/Ägg & Avocadokräm: 2 | Wraps/Caesar Kyckling: 10 | Wraps/Kyckling Bacon: 13 | Wraps/Kyckling Curry: 10 | Wraps/Sweet Chili: 9
Västerås,Tempo Fjärdhundra,Tuesday,43,30~64,23,Baguette/Kyckling Curry: 2 | Baguette/Ost & Skinka: 2 | Baguette/Salami & Brieost: 2 | Baguette/Skagen: 1 | Fralla/Ost & Skinka: 1 | Fralla/Ost: 1 | Hönökaka/Ost & Salami: 1 | Hönökaka/Ost & Skinka: 1 | Hönökaka/Ost: 1 | Pastasallad/Kyckling & Salladsost: 3 | Pastasallad/Kyckling mangocurry: 3 | Pastasallad/Ost & Skinka: 3 | Pastasallad/Räkor: 3 | Räkbomb/Räkbomb (Ej beställ): 1 | Sandwich/Bacon & Äggröra: 1 | Sandwich/Clubsandwich: 2 | Sandwich/Kyckling Curry: 2 | Sandwich/Räkor: 2 | Sandwich/Ägg & Avocadokräm: 1 | Wraps/Caesar Kyckling: 2 | Wraps/Kyckling Bacon: 3 | Wraps/Kyckling Curry: 3 | Wraps/Sweet Chili: 2
Västerås,X-tra Stengatan,Tuesday,35,23~46,22,Baguette/Kyckling Curry: 2 | Baguette/Ost & Skinka: 1 | Baguette/Salami & Brieost: 1 | Baguette/Skagen: 2 | Fralla/Ost & Skinka: 2 | Fralla/Ost: 1 | Grönsallad/Caesarsallad: 1 | Hönökaka/Ost & Salami: 1 | Hönökaka/Ost & Skinka: 1 | Pastasallad/Kyckling & Salladsost: 2 | Pastasallad/Kyckling mangocurry: 3 | Pastasallad/Ost & Skinka: 1 | Pastasallad/Räkor: 2 | Sandwich/Bacon & Äggröra: 2 | Sandwich/Clubsandwich: 2 | Sandwich/Kyckling Curry: 1 | Sandwich/Räkor: 2 | Sandwich/Ägg & Avocadokräm: 1 | Wraps/Caesar Kyckling: 2 | Wraps/Kyckling Bacon: 2 | Wraps/Kyckling Curry: 2 | Wraps/Sweet Chili: 1
Västerås,Coop Karlfeldtsplatsen,Thursday,38,27~52,23,Baguette/Kyckling Curry: 1 | Baguette/Ost & Skinka: 1 | Baguette/Salami & Brieost: 2 | Baguette/Skagen: 2 | Fralla/Ost & Skinka: 2 | Fralla/Ost: 1 | Hönökaka/Ost & Salami: 2 | Hönökaka/Ost & Skinka: 2 | Hönökaka/Ost: 2 | Pastasallad/Kyckling & Salladsost: 3 | Pastasallad/Kyckling mangocurry: 4 | Pastasallad/Ost & Skinka: 2 | Pastasallad/Räkor: 1 | Sandwich/Bacon & Äggröra: 1 | Sandwich/Clubsandwich: 1 | Sandwich/Kyckling Curry: 2 | Sandwich/Räkor: 2 | Wraps/Caesar Kyckling: 1 | Wraps/Kyckling Bacon: 1 | Wraps/Kyckling Curry: 2 | Wraps/Sweet Chili: 1 | XL Frallor/Grovfralla Kalkon & Färskost: 1 | XL Frallor/Ost & Skinka: 1
Västerås,Coop Pilgatan,Thursday,73,61~96,19,Baguette/Kyckling Curry: 2 | Baguette/Ost & Skinka: 3 | Baguette/Salami & Brieost: 3 | Baguette/Skagen: 1 | Fralla/Ost & Skinka: 6 | Fralla/Ost: 6 | Hönökaka/Ost: 6 | Pastasallad/Kyckling & Salladsost: 6 | Pastasallad/Kyckling mangocurry: 8 | Pastasallad/Ost & Skinka: 5 | Pastasallad/Räkor: 6 | Sandwich/Bacon & Äggröra: 1 | Sandwich/Clubsandwich: 2 | Sandwich/Kyckling Curry: 2 | Sandwich/Räkor: 1 | Wraps/Caesar Kyckling: 3 | Wraps/Kyckling Bacon: 3 | Wraps/Kyckling Curry: 5 | Wraps/Sweet Chili: 4
Västerås,Coop Stjärnan,Thursday,53,47~79,24,Baguette/Kyckling Curry: 2 | Baguette/Ost & Skinka: 1 | Baguette/Salami & Brieost: 4 | Baguette/Skagen: 3 | Fralla/Ost & Skinka: 2 | Fralla/Ost: 3 | Grönsallad/Caesarsallad: 1 | Hönökaka/Ost & Salami: 1 | Hönökaka/Ost & Skinka: 1 | Hönökaka/Ost: 1 | Pastasallad/Kyckling & Salladsost: 4 | Pastasallad/Kyckling kebab: 1 | Pastasallad/Kyckling mangocurry: 5 | Pastasallad/Ost & Skinka: 3 | Pastasallad/Räkor: 3 | Sandwich/Bacon & Äggröra: 1 | Sandwich/Clubsandwich: 2 | Sandwich/Kyckling Curry: 2 | Sandwich/Räkor: 1 | Wraps/Caesar Kyckling: 2 | Wraps/Kyckling Bacon: 2 | Wraps/Kyckling Curry: 3 | Wraps/Sweet Chili: 4 | XL Frallor/Ost: 1
Västerås,Coop Västerås City(PUNKT),Thursday,58,49~77,22,Baguette/Kyckling Curry: 1 | Baguette/Ost & Skinka: 2 | Baguette/Salami & Brieost: 2 | Baguette/Skagen: 3 | Fralla/Ost & Skinka: 8 | Fralla/Ost: 6 | Hönökaka/Ost & Salami: 2 | Hönökaka/Ost & Skinka: 2 | Hönökaka/Ost: 4 | Pastasallad/Hawai Kyckling avocado: 1 | Pastasallad/Italiensk kyckling: 1 | Pastasallad/Kyckling & Salladsost: 3 | Pastasallad/Kyckling mangocurry: 2 | Pastasallad/Ost & Skinka: 2 | Pastasallad/Räkor: 3 | Sandwich/Bacon & Äggröra: 2 | Sandwich/Clubsandwich: 1 | Sandwich/Räkor: 2 | Wraps/Caesar Kyckling: 2 | Wraps/Kyckling Bacon: 4 | Wraps/Kyckling Curry: 3 | Wraps/Sweet Chili: 2
Västerås,Hemköp City Västerås,Thursday,36,25~44,13,Baguette/Kyckling Curry: 1 | Baguette/Ost & Skinka: 2 | Baguette/Salami & Brieost: 1 | Baguette/Skagen: 1 | Fralla/Ost & Skinka: 6 | Fralla/Ost: 4 | Pastasallad/Kyckling & Salladsost: 3 | Pastasallad/Kyckling mangocurry: 4 | Pastasallad/Räkor: 1 | Sandwich/Clubsandwich: 1 | Wraps/Kyckling Bacon: 3 | Wraps/Kyckling Curry: 3 | Wraps/Sweet Chili: 6
Västerås,Hemköp Malmaberg,Thursday,91,73~110,27,Baguette/Kyckling Curry: 3 | Baguette/Ost & Skinka: 3 | Baguette/Salami & Brieost: 5 | Baguette/Skagen: 1 | Fralla/Ost & Skinka: 6 | Fralla/Ost: 5 | Grönsallad/Caesarsallad: 2 | Hönökaka/Ost & Salami: 2 | Hönökaka/Ost & Skinka: 4 | Hönökaka/Ost: 2 | Pastasallad/Hawai Kyckling avocado: 2 | Pastasallad/Italiensk kyckling: 2 | Pastasallad/Kyckling & Salladsost: 8 | Pastasallad/Kyckling mangocurry: 7 | Pastasallad/Ost & Skinka: 7 | Pastasallad/Räkor: 7 | Sandwich/Bacon & Äggröra: 2 | Sandwich/Clubsandwich: 2 | Sandwich/Kyckling Curry: 2 | Sandwich/Räkor: 1 | Sandwich/Ägg & Avocadokräm: 1 | Wraps/Caesar Kyckling: 3 | Wraps/Kyckling Bacon: 6 | Wraps/Kyckling Curry: 3 | Wraps/Sweet Chili: 2 | XL Frallor/Grovfralla Kalkon & Färskost: 2 | XL Frallor/Ost & Skinka: 1
Västerås,ICA Ettan,Thursday,62,47~82,23,Baguette/Kyckling Curry: 2 | Baguette/Ost & Skinka: 2 | Baguette/Salami & Brieost: 2 | Baguette/Skagen: 1 | Fralla/Ost & Skinka: 2 | Fralla/Ost: 1 | Grönsallad/Caesarsallad: 2 | Hönökaka/Ost & Skinka: 1 | Pastasallad/Havana Sweetchili kyckling: 1 | Pastasallad/Italiensk kyckling: 1 | Pastasallad/Kyckling & Salladsost: 6 | Pastasallad/Kyckling mangocurry: 7 | Pastasallad/Ost & Skinka: 3 | Pastasallad/Räkor: 4 | Sandwich/Bacon & Äggröra: 1 | Sandwich/Clubsandwich: 1 | Sandwich/Kyckling Curry: 2 | Sandwich/Räkor: 2 | Sandwich/Ägg & Avocadokräm: 1 | Wraps/Caesar Kyckling: 5 | Wraps/Kyckling Bacon: 4 | Wraps/Kyckling Curry: 6 | Wraps/Sweet Chili: 5
Västerås,ICA Grytan,Thursday,100,78~121,17,Baguette/Kyckling Curry: 3 | Baguette/Salami & Brieost: 7 | Baguette/Skagen: 4 | Fralla/Ost & Skinka: 12 | Fralla/Ost: 8 | Grönsallad/Caesarsallad: 4 | Hönökaka/Ost & Salami: 2 | Hönökaka/Ost & Skinka: 3 | Hönökaka/Ost: 2 | Pastasallad/Kyckling & Salladsost: 11 | Pastasallad/Kyckling kebab: 2 | Pastasallad/Kyckling mangocurry: 16 | Pastasallad/Ost & Skinka: 7 | Pastasallad/Räkor: 8 | Wraps/Caesar Kyckling: 3 | Wraps/Kyckling Bacon: 4 | Wraps/Kyckling Curry: 4
Västerås,ICA Hökåsen,Thursday,39,29~46,15,Baguette/Kyckling Curry: 1 | Baguette/Ost & Skinka: 2 | Baguette/Salami & Brieost: 2 | Baguette/Skagen: 2 | Pastasallad/Kyckling & Salladsost: 7 | Pastasallad/Kyckling mangocurry: 7 | Pastasallad/Räkor: 3 | Sandwich/Bacon & Äggröra: 1 | Sandwich/Clubsandwich: 2 | Sandwich/Kyckling Curry: 1 | Sandwich/Räkor: 1 | Wraps/Caesar Kyckling: 2 | Wraps/Kyckling Bacon: 3 | Wraps/Kyckling Curry: 2 | Wraps/Sweet Chili: 3
Västerås,ICA Råby,Thursday,36,28~48,18,Baguette/Skagen: 1 | Fralla/Ost & Skinka: 2 | Fralla/Ost: 2 | Hönökaka/Ost & Salami: 2 | Hönökaka/Ost & Skinka: 1 | Hönökaka/Ost: 2 | Pastasallad/Kyckling & Salladsost: 5 | Pastasallad/Kyckling mangocurry: 6 | Pastasallad/Ost & Skinka: 2 | Pastasallad/Räkor: 2 | Sandwich/Bacon & Äggröra: 1 | Sandwich/Clubsandwich: 1 | Sandwich/Kyckling Curry: 1 | Sandwich/Räkor: 1 | Wraps/Caesar Kyckling: 1 | Wraps/Kyckling Bacon: 2 | Wraps/Kyckling Curry: 2 | Wraps/Sweet Chili: 2
Västerås,ICA SKiljebo,Thursday,55,46~72,20,Baguette/Kyckling Curry: 1 | Baguette/Ost & Skinka: 1 | Baguette/Salami & Brieost: 1 | Baguette/Skagen: 1 | Fralla/Ost & Skinka: 5 | Fralla/Ost: 3 | Grönsallad/Caesarsallad: 2 | Hönökaka/Ost & Salami: 1 | Hönökaka/Ost & Skinka: 2 | Hönökaka/Ost: 1 | Pastasallad/Kyckling & Salladsost: 6 | Pastasallad/Kyckling mangocurry: 7 | Pastasallad/Ost & Skinka: 5 | Pastasallad/Räkor: 5 | Sandwich/Clubsandwich: 1 | Sandwich/Kyckling Curry: 1 | Wraps/Caesar Kyckling: 3 | Wraps/Kyckling Bacon: 4 | Wraps/Kyckling Curry: 3 | Wraps/Sweet Chili: 2
Västerås,ICA Viksäng,Thursday,63,54~85,23,Baguette/Kyckling Curry: 1 | Baguette/Ost & Skinka: 1 | Baguette/Salami & Brieost: 1 | Baguette/Skagen: 3 | Fralla/Ost & Skinka: 4 | Fralla/Ost: 3 | Grönsallad/Caesarsallad: 2 | Hönökaka/Ost & Salami: 2 | Hönökaka/Ost & Skinka: 2 | Hönökaka/Ost: 1 | Pastasallad/Kyckling & Salladsost: 7 | Pastasallad/Kyckling kebab: 1 | Pastasallad/Kyckling mangocurry: 8 | Pastasallad/Ost & Skinka: 4 | Pastasallad/Räkor: 6 | Sandwich/Clubsandwich: 2 | Sandwich/Kyckling Curry: 2 | Sandwich/Räkor: 1 | Wraps/Caesar Kyckling: 2 | Wraps/Kyckling Bacon: 3 | Wraps/Kyckling Curry: 3 | Wraps/Sweet Chili: 3 | XL Frallor/Ost & Skinka: 1
Västerås,ICA Väst,Thursday,137,108~172,28,Baguette/Kyckling Curry: 5 | Baguette/Ost & Skinka: 4 | Baguette/Salami & Brieost: 8 | Baguette/Skagen: 4 | Fralla/Ost & Skinka: 7 | Fralla/Ost: 6 | Grönsallad/Caesarsallad: 3 | Hönökaka/Ost & Salami: 2 | Hönökaka/Ost & Skinka: 4 | Hönökaka/Ost: 3 | Pastasallad/Kyckling & Salladsost: 12 | Pastasallad/Kyckling kebab: 2 | Pastasallad/Kyckling mangocurry: 15 | Pastasallad/Ost & Skinka: 8 | Pastasallad/Räkor: 7 | Räkbomb/Räkbomb (Ej beställ): 3 | Räkmacka Handskalade räkor/Räkmacka Handskalade Räkor: 2 | Sandwich/Bacon & Äggröra: 3 | Sandwich/Clubsandwich: 3 | Sandwich/Kyckling Curry: 3 | Sandwich/Räkor: 3 | Sandwich/Ägg & Avocadokräm: 1 | Wraps/Caesar Kyckling: 6 | Wraps/Kyckling Bacon: 7 | Wraps/Kyckling Curry: 7 | Wraps/Sweet Chili: 6 | XL Frallor/Grovfralla Kalkon & Färskost: 1 | XL Frallor/Ost & Skinka: 2
Västerås,Stora Coop Enköping,Thursday,156,130~188,24,Baguette/Kyckling Curry: 7 | Baguette/Ost & Skinka: 6 | Baguette/Salami & Brieost: 7 | Baguette/Skagen: 7 | Fralla/Ost & Skinka: 12 | Fralla/Ost: 8 | Grönsallad/Caesarsallad: 4 | Hönökaka/Ost & Salami: 3 | Hönökaka/Ost & Skinka: 3 | Hönökaka/Ost: 3 | Pastasallad/Kyckling & Salladsost: 12 | Pastasallad/Kyckling kebab: 3 | Pastasallad/Kyckling mangocurry: 14 | Pastasallad/Ost & Skinka: 8 | Pastasallad/Räkor: 7 | Sandwich/Bacon & Äggröra: 2 | Sandwich/Clubsandwich: 2 | Sandwich/Kyckling Curry: 2 | Sandwich/Räkor: 2 | Sandwich/Ägg & Avocadokräm: 2 | Wraps/Caesar Kyckling: 10 | Wraps/Kyckling Bacon: 12 | Wraps/Kyckling Curry: 10 | Wraps/Sweet Chili: 10
Västerås,X-tra Stengatan,Thursday,32,26~50,22,Baguette/Kyckling Curry: 1 | Baguette/Ost & Skinka: 1 | Baguette/Salami & Brieost: 2 | Baguette/Skagen: 1 | Fralla/Ost & Skinka: 1 | Fralla/Ost: 2 | Hönökaka/Ost & Skinka: 2 | Hönökaka/Ost: 1 | Pastasallad/Kyckling & Salladsost: 3 | Pastasallad/Kyckling kebab: 1 | Pastasallad/Kyckling mangocurry: 2 | Pastasallad/Ost & Skinka: 2 | Pastasallad/Räkor: 1 | Sandwich/Bacon & Äggröra: 1 | Sandwich/Clubsandwich: 1 | Sandwich/Kyckling Curry: 1 | Sandwich/Räkor: 1 | Wraps/Caesar Kyckling: 1 | Wraps/Kyckling Bacon: 2 | Wraps/Kyckling Curry: 2 | Wraps/Sweet Chili: 2 | XL Frallor/Grovfralla Kalkon & Färskost: 1
Västerås,X-tra viksäng,Thursday,30,25~55,22,Baguette/Kyckling Curry: 2 | Baguette/Ost & Skinka: 1 | Baguette/Salami & Brieost: 1 | Baguette/Skagen: 1 | Fralla/Ost & Skinka: 1 | Fralla/Ost: 1 | Hönökaka/Ost & Salami: 1 | Hönökaka/Ost & Skinka: 1 | Hönökaka/Ost: 1 | Pastasallad/Kyckling & Salladsost: 2 | Pastasallad/Kyckling mangocurry: 3 | Pastasallad/Ost & Skinka: 3 | Pastasallad/Räkor: 1 | Räkbomb/Räkbomb (Ej beställ): 1 | Sandwich/Bacon & Äggröra: 1 | Sandwich/Clubsandwich: 1 | Sandwich/Kyckling Curry: 1 | Sandwich/Räkor: 1 | Wraps/Caesar Kyckling: 1 | Wraps/Kyckling Bacon: 2 | Wraps/Kyckling Curry: 1 | Wraps/Sweet Chili: 2
Västerås,Xtra Surahammar,Thursday,34,22~47,14,Baguette/Kyckling Curry: 2 | Baguette/Ost & Skinka: 2 | Baguette/Salami & Brieost: 2 | Baguette/Skagen: 2 | Fralla/Ost & Skinka: 2 | Fralla/Ost: 1 | Pastasallad/Kyckling & Salladsost: 4 | Pastasallad/Kyckling mangocurry: 4 | Pastasallad/Ost & Skinka: 3 | Pastasallad/Räkor: 3 | Wraps/Caesar Kyckling: 2 | Wraps/Kyckling Bacon: 3 | Wraps/Kyckling Curry: 2 | Wraps/Sweet Chili: 2
