tree
version=v4
num_class=1
num_tree_per_iteration=1
label_index=0
max_feature_idx=50
objective=tweedie
feature_names=week month week_sin week_cos is_december is_summer is_swedish_vacation is_back_to_school is_holiday_week n_holidays is_high_impact_holiday is_pre_holiday_week is_post_holiday_week lag_1w lag_2w rolling_mean_4w rolling_mean_12w rolling_std_4w rolling_median_4w rolling_max_4w trend_4w yoy_same_week rolling_return_rate_4w censored_ratio_4w store_avg_weekly store_std_weekly store_product_share product_avg_weekly product_n_stores category_season_avg namn_te product_id_te typ_te season_winter season_spring season_summer season_autumn recent_zero_count weeks_since_nonzero active_ratio_8w nonzero_mean_4w demand_cv_4w temp_mean precip_total wind_max is_rainy_week is_snowy_week temp_anomaly bad_weather temp_mean_lag1w precip_total_lag1w
feature_infos=-1:19:16:21:23:20:18:17:14:22:32:10:40:36:30:11:3:13:46:7:9:33:5:41:12:37:2:48:42:44:1:4:43:29:24:31:47:8:50:34:38:6:39:35:27:0:49:28:15:26:45:25 -1:4:3:5:2:8:9:7:0:1:10:6:11 [-1:1] [-1:0.99270887409805397] [0:1] [0:1] [0:1] [0:1] none [1:2] none none none [0:155] [0:155] [0:137.25] [0:127.125] [0:40.990852638119158] [0:137.5] [0:155] [-26.800000000000004:23.100000000000009] [0:155] [0:0.5] [0:1] [0:69.320261437908499] [0:37.750087604805479] [0:0.34622248661511001] [0.41176470588235292:16.397058823529413] [1:151] [0:12.846153846153848] [0.052172453503482201:67.24050314214368] [0.79633512167823561:13.488613475395516] [0.88142569404972193:9.7187410081910954] [0:1] [0:1] [0:1] [0:1] [0:4] [1:12] [0:1] [0:143.33333333333334] [0:2.0000000000000817] [-10.328571428571427:21.928571428571427] [0:74.100000000000009] [13.5:42] [0:1] [0:1] [-6.601661922136242:6.6868820416182189] [0:3] [-10.328571428571427:21.928571428571427] [0:74.100000000000009]
tree_sizes=6521 6829 6858 6839 6857 6836 6861 6837 6838 6869 6868 6851 6891 6907 6886 6875 6861 6916 6924 6890 6936 6934 6943 6905 6961 6958 6947 6940 6947 6942 6926 6958 6963 6985 6964 6958 6978 6974 6946 6972 6939 6970 6962 6953 6977 6980 6947 6983 6997 6959 6974 6966 6979 6942 6962 7002 6961 6949 6965 6941 6959 6978 6967 7008 6989

Tree=0
num_leaves=63
num_cat=10
split_feature=15 15 15 15 15 15 38 15 15 13 0 25 0 20 17 0 15 0 0 15 13 42 0 15 13 47 0 15 0 13 26 25 15 15 15 15 47 13 15 0 15 26 26 20 20 13 17 15 47 13 22 17 0 42 26 25 28 25 24 43 15 47
split_gain=791986 158453 136935 42956.9 17652.6 16959.2 8700.79 6993.84 6002.13 4869.59 3119.36 3589.34 2866.53 2475.52 2271.22 2178.88 1991.28 1755.78 1454.19 1439.36 1278.13 1097.03 1063.76 975.751 933.602 950.017 824.867 726.035 685.059 500.376 499.96 484.512 482.533 478.537 470.768 461.704 446.278 508.526 435.952 422.091 419.84 412.819 399.933 393.738 371.977 357.386 352.698 339.58 328.908 427.474 318.781 306.623 286.754 523.402 499.963 395.152 281.863 258.411 228.613 226.999 213.165 208.35
threshold=6.5625000000000009 24.562500000000004 1.6875000000000002 11.562500000000002 4.0625000000000009 50.062500000000007 2.5000000000000004 16.062500000000004 8.5625000000000018 4.5000000000000009 0 6.1439125745712087 1 0.80000000000000182 4.4347115652166957 2 2.5625000000000004 3 4 35.375000000000007 5.5000000000000009 4.6071428571428585 5 74.562500000000014 7.5000000000000009 -2.7415804409517581 6 9.8125000000000018 7 8.5000000000000018 0.06508262385547052 5.1984264468287211 5.0625000000000009 18.562500000000004 13.812500000000002 20.562500000000004 -2.7415804409517581 8.5000000000000018 14.062500000000002 8 3.4375000000000004 0.040494051572754305 0.056194741756190957 0.30000000000000021 4.0000000000000044 1.5000000000000002 3.8297084310253529 5.4375000000000009 -2.7415804409517581 11.500000000000002 0.12499999999999996 2.943920288775951 9 14.407142857142858 0.022934691305066802 3.143669503351028 134.00000000000003 8.6946318564515845 44.051470588235304 14.550000000000002 5.6875000000000009 -2.7415804409517581
decision_type=2 2 2 2 2 2 2 2 2 2 1 2 1 2 2 1 2 1 1 2 2 2 1 2 2 2 1 2 1 2 2 2 2 2 2 2 2 2 2 1 2 2 2 2 2 2 2 2 2 2 2 2 1 2 2 2 2 2 2 2 2 2
left_child=2 3 6 8 9 19 13 18 15 16 11 31 24 45 51 36 43 48 38 -3 47 30 33 -7 25 -6 -18 -19 42 -17 57 -8 -27 -9 -20 -24 -2 -38 61 41 -28 -16 -15 -4 -26 -1 60 -14 -10 -50 52 -11 53 -12 -55 -56 -33 -13 -54 -60 -22 -5
right_child=1 5 4 7 12 23 10 22 17 14 50 21 20 28 39 29 26 27 34 -21 46 -23 35 -25 44 32 40 -29 -30 -31 -32 56 -34 -35 -36 -37 37 -39 -40 -41 -42 -43 -44 -45 -46 -47 -48 -49 49 -51 -52 -53 58 54 55 -57 -58 -59 59 -61 -62 -63
leaf_value=1.5194459737537058 1.6224975576488672 1.7017196457368442 1.530921574456146 1.662609845124956 1.5972455999470079 1.7752887800007007 1.5143631137198899 1.6660763015991331 1.641871930672349 1.5574177778861031 1.5058227496701178 1.5107159687838287 1.5553944278009406 1.5714895371438016 1.592455320851319 1.5816158121313997 1.568453291088743 1.5995796984580704 1.6255105221340314 1.7400062636505353 1.5651433414959848 1.6552866854558959 1.6531196515433453 1.8056299656404984 1.591105495959704 1.5664849810220201 1.5411706607866718 1.6132924548083336 1.5491944504179369 1.5943265859938203 1.6411684120258903 1.5266882119482701 1.5787408636958331 1.6841148132374242 1.6376298235556197 1.6699970206416501 1.5950142595858705 1.609673706619771 1.6560033009492008 1.5980041371104077 1.5484701825917377 1.6745763571051546 1.6420176891357372 1.5401843982128742 1.6290733869012037 1.5292860626496214 1.5932044537938703 1.5649262547372189 1.6167877165267777 1.6297068035781215 1.5156337154549411 1.5733286615422593 1.5021784657111446 1.5110020621612898 1.5330864775896968 1.6089536743839874 1.590795776977624 1.594452053784658 1.5119644995279384 1.6244556371704608 1.5734510872814957 1.6399428919835717
leaf_weight=31012.811981678009 2846.1170735359192 8471.5559253692627 42829.554200410843 1110.3835253715515 4456.0359988212585 3957.7901935577393 4769.7755272388458 6943.855813741684 2216.8260991573334 16745.450788736343 39342.774166584015 308.25919818878174 34839.394104242325 553.90582871437073 229.59385991096497 27782.978135347366 3713.540766954422 17896.97304391861 20646.966939926147 3488.9321365356445 14446.916441917419 696.509202003479 15583.805864572525 8619.3462181091309 7281.2690749168396 16073.212562561035 45163.25994348526 21019.168481111526 5500.3686707019806 10743.532654762268 149.68609237670898 335.42664933204651 16056.993501663208 8016.6297824382782 13196.401812553406 5542.5558021068573 13318.323396682739 10674.316102027893 8294.073454618454 1476.3765547275543 34958.869979858398 465.35636496543884 315.02928018569946 15690.078835010529 708.07496905326843 13172.100043296814 1664.7958672046661 12766.96199798584 16618.476323843002 10485.576095581055 5074.9761347770691 3695.3354847431183 225119.32356119156 938.88757467269897 383.21699380874634 309.18507719039917 348.658207654953 130.33334374427795 108.48384523391724 74.957794189453125 16595.930755615234 13762.739949226379
leaf_count=9229 395 654 12355 104 892 186 1431 645 237 4434 12115 94 9359 128 47 6614 938 3529 2635 213 3755 80 1557 301 1547 4107 12656 3281 1473 2244 17 98 3842 671 1466 502 2786 1858 819 281 9570 45 46 4394 101 3809 337 3304 2500 1303 1524 884 70117 286 110 56 66 26 32 14 4164 1517
internal_value=1.56 1.63486 1.52959 1.6218 1.55464 1.75556 1.5075 1.64787 1.60363 1.54391 1.50403 1.53775 1.56882 1.52658 1.56546 1.5928 1.54048 1.614 1.63697 1.7129 1.56318 1.61287 1.6651 1.7961 1.57899 1.57561 1.54542 1.60698 1.55572 1.58515 1.56257 1.52001 1.57261 1.67567 1.63022 1.65751 1.60375 1.60154 1.64675 1.61407 1.54436 1.6463 1.59671 1.5334 1.59448 1.52238 1.57079 1.55795 1.62329 1.62179 1.50319 1.56029 1.50295 1.50699 1.53475 1.56698 1.55937 1.53563 1.50223 1.55806 1.56959 1.64164
internal_weight=869739 251237 618502 226700 289857 24537.6 328645 93097.4 133602 164967 278090 6738.65 124890 50554.2 22612.1 65365.3 142355 68237 57010.6 11960.5 80314 1284.79 36086.8 12577.1 44575.6 36586.2 83835.7 38916.1 6369.3 38526.5 588.279 5453.86 32130.2 14960.5 33843.4 21126.4 26838.8 23992.6 23167.2 2171.33 80122.1 694.95 868.935 58519.6 7989.34 44184.9 32707.6 47606.4 29320.9 27104.1 271352 20440.8 266277 40974.1 1631.29 692.402 684.085 438.593 225303 183.442 31042.8 14873.1
internal_count=213780 36017 177763 34663 77012 1354 100751 9916 24747 45604 86066 1812 31408 14685 5691 13897 39913 10850 6541 867 20919 217 3375 487 10489 8841 23164 6810 1647 8858 137 1595 7949 1316 4101 2059 5039 4644 2440 373 22226 92 174 16749 1648 13038 8256 12663 4040 3803 84254 5318 82730 12567 452 166 164 120 70163 46 7919 1621
cat_boundaries=0 1 2 3 4 5 7 8 10 12 13
cat_threshold=1536 14810640 14810648 48365080 48364568 48361520 8704 16384 2097168 32768 2164736 262144 3185080
is_linear=0
shrinkage=1


Tree=1
num_leaves=63
num_cat=10
split_feature=19 15 19 15 15 15 15 38 15 13 0 25 0 15 15 0 13 0 15 0 0 15 42 0 20 39 21 47 13 14 0 0 26 13 13 15 26 13 47 26 13 15 13 13 47 13 25 47 15 25 13 26 19 25 0 42 26 25 42 41 26 30
split_gain=705038 139186 133522 41612.8 16394.5 10670.2 6661.35 6337.29 6247.05 3579.35 3140.5 3306.09 2686.33 2458.46 1340.77 1239.34 1213.5 1159.33 1110.35 1109.36 1082.41 982.755 860.205 806.945 806.407 781.629 704.259 670.296 667.294 596.2 566.214 550.474 534.75 489.044 444.265 442.448 428.632 406.879 400.897 684.714 394.974 374.925 363.498 342.774 327.799 311.259 308.98 304.367 286.873 282.601 275.237 271.842 261.553 260.446 247.377 245.352 233.683 231.305 259.764 226.201 220.144 312.416
threshold=8.2500000000000018 27.875000000000004 2.7500000000000004 11.812500000000002 4.0625000000000009 57.250000000000007 16.312500000000004 2.5000000000000004 9.0625000000000018 3.5000000000000004 0 5.1984264468287211 1 5.5625000000000009 21.062500000000004 2 6.5000000000000009 3 35.375000000000007 4 5 2.6875000000000004 4.6071428571428585 6 3.8000000000000047 0.22500000000000003 1.0000000180025095e-35 -2.7415804409517581 7.5000000000000009 90.500000000000014 7 8 0.032768556640598058 1.5000000000000002 4.5000000000000009 6.0625000000000009 0.013997491915703602 10.500000000000002 3.5217927809630729 0.022934691305066802 1.5000000000000002 13.812500000000002 18.500000000000004 6.5000000000000009 -2.7415804409517581 9.5000000000000018 8.0511516332111182 -3.0082840503588462 6.0625000000000009 3.143669503351028 4.5000000000000009 0.043500094612887709 12.750000000000002 3.7127746414297218 9 4.7214285714285724 0.051151530444957308 8.6946318564515845 3.0142857142857147 0.45756572334974271 0.027039419061427306 0.91036851985595202
decision_type=2 2 2 2 2 2 2 2 2 2 1 2 1 2 2 1 2 1 2 1 1 2 2 1 2 2 8 2 2 2 1 1 2 2 2 2 2 2 2 2 2 2 2 2 2 2 2 2 2 2 2 2 2 2 1 2 2 2 2 2 2 2
left_child=2 3 7 8 9 18 17 40 12 15 11 60 24 20 30 -4 35 42 59 52 44 33 32 55 27 31 38 -2 48 -7 -8 49 -13 -17 -27 -14 -24 -21 53 -40 -1 -19 47 -25 -6 -18 -38 -5 -29 -11 -22 -26 -10 -12 -16 -15 -30 58 -34 -3 -9 -62
right_child=1 5 4 6 13 29 14 10 19 25 26 22 16 23 54 21 45 41 -20 37 50 -23 36 43 51 34 -28 28 56 -31 -32 -33 57 -35 -36 -37 46 -39 39 -41 -42 -43 -44 -45 -46 -47 -48 -49 -50 -51 -52 -53 -54 -55 -56 -57 -58 -59 -60 -61 61 -63
leaf_value=-0.04005066286111366 0.060257450218318347 0.13721309657692474 0.0029114001981207088 0.098205491946807388 0.027344031887894506 0.2114127136005613 0.10074533190211953 -0.055279927573155974 0.054321020094837906 0.0014687197906311481 -0.05265290137586251 -0.032051596667673057 -0.0025689495673950095 0.045446352943289393 0.12043387447903181 -0.034089941811131882 0.025542546861550108 0.060333755215514574 0.16816219012866093 0.041215470096553748 -0.0066220975224735431 -0.017548077456127138 -0.018995678083332607 0.0089186807947489507 0.044297260822299726 -0.010688380672637469 -0.057359531120747292 0.013952784034933805 0.03692521163255244 0.23454471769624161 0.085301703097506565 0.0049719896045696222 -0.014940832389714533 -0.023801853790125824 -0.001137472688831869 0.016807749373962129 0.05525992152665981 0.052081581630575483 -0.04848051410974237 0.023998563406761226 -0.030885838435606279 0.071176274502402895 0.09468316397400077 0.018543420479358499 0.0086266480020280156 0.03641152308027238 0.12191212189183503 0.075553099850591027 0.031966244729799712 0.065404598757933086 0.0011981103648028091 0.082060526816491786 0.064473082468799611 -0.03506636351600223 0.10357970163149395 0.025887091847667184 0.046962318767535899 0.091476768070021475 0.057336173912098554 0.089737638500019437 -0.055732816964585319 -0.016147862466388961
leaf_weight=27852.083772420883 3447.6435675621033 4729.9282484054565 5049.5170793533325 1621.6529607772827 2566.0013608932495 6371.707052230835 11631.494037151337 2463.9653468132019 10828.026332139969 227.51390838623047 8666.7771368026733 537.28665924072266 3948.3756973743439 1993.2210073471069 5915.6376304626465 17739.810069322586 20119.020579099655 18026.855199813843 4960.3862476348877 17609.757709980011 19170.503583908081 50635.467896223068 112.636225938797 18247.854161977768 701.19092464447021 33052.867037057877 244089.52184724808 2891.6902122497559 11220.701329946518 5259.3377685546875 15676.069984674454 2514.4189772605896 261.35669755935669 33185.098850250244 19278.628933429718 11596.683510065079 383.6598048210144 16950.11866402626 816.73079061508179 540.82322645187378 20400.330819129944 14428.814765930176 3558.9564118385315 18774.16476559639 26427.298754930496 9813.3468515872955 322.52163410186768 19174.043718338013 9425.4289538860321 720.84073567390442 27233.354635000229 1520.9890401363373 15561.044848203659 2795.4928405284882 6504.1378300189972 8259.7700479030609 12092.982128620148 142.60535931587219 235.38797736167908 273.59937763214111 868.88626432418823 1171.2775273323059
leaf_count=8563 456 329 1309 142 547 254 992 793 1489 58 2789 159 1042 328 451 5339 4500 2211 278 3148 5199 14325 29 4619 111 9146 79699 683 2129 168 1490 626 66 9619 5065 2732 52 2389 259 118 6062 1536 331 4511 6635 1852 27 1968 1908 104 7181 174 1872 845 547 1831 2011 15 33 26 280 330
internal_value=-4.48281e-05 0.0676783 -0.030217 0.0569208 -0.00548749 0.189349 0.08245 -0.052837 0.0402374 -0.0159086 -0.0558887 -0.0214455 0.0316196 0.00830881 0.0981586 -0.0212785 0.0232161 0.0714633 0.151342 0.0525065 0.00270377 -0.0224793 0.032085 0.0172477 0.0408566 -0.00564759 -0.056757 0.0391981 0.0371586 0.221892 0.0919516 0.017355 0.00468087 -0.0273864 -0.00717006 0.011886 0.0714048 0.0465329 -0.0453241 -0.0196062 -0.0361767 0.0651361 0.0798323 0.0137962 0.0102807 0.0291072 0.0858372 0.0773244 0.0277391 0.049567 -0.00203213 0.0701722 0.060287 -0.0483677 0.111797 0.0296651 0.0421335 0.0355592 0.0193448 0.134637 -0.0452116 -0.0330282
internal_weight=862597 265860 596738 244265 285076 21595 96537.7 311661 147727 162404 263409 6499.58 86778.1 122672 39727.3 106610 45477.4 56810.3 9963.91 60948.9 75397.2 101560 1995.45 47275 41300.6 55794.3 256909 39078.4 35630.8 11631 27307.6 3462.77 1176.64 50924.9 52331.5 15545.1 818.818 34559.9 12819.8 1357.55 48252.4 32455.7 24354.7 37022 28993.3 29932.4 706.181 20795.7 12317.1 948.355 46403.9 2222.18 26389.1 11462.3 12419.8 10253 23313.7 639.35 496.745 5003.53 4504.13 2040.16
internal_count=213780 37219 176561 36164 76442 1055 9668 100119 26496 45591 85494 1784 17598 30851 3480 30592 10126 6188 633 8898 19562 29283 381 11289 7472 14999 83710 7187 6731 422 2482 788 273 14958 14211 3774 108 5537 4011 377 14625 3747 2441 9130 7182 6352 79 2110 2591 162 12380 285 3361 3634 998 2159 4140 114 99 355 1403 610
cat_boundaries=0 1 3 4 6 7 9 10 12 13 14
cat_threshold=1536 48365072 196609 16384 48365112 32768 48365080 48365080 1 10577920 48359512 8712 14682256 48623616
is_linear=0
shrinkage=0.05


Tree=2
num_leaves=63
num_cat=0
split_feature=15 15 15 15 15 13 15 15 15 13 21 25 17 15 20 2 2 18 26 15 15 47 13 13 13 44 13 2 24 25 22 15 47 47 24 2 13 26 25 49 39 44 17 26 42 24 13 15 39 15 20 2 25 47 26 15 20 24 49 14 24 2
split_gain=629200 126868 109670 40472.8 14321.4 12829.6 7007.19 6229.36 5298.36 4513.15 2967.93 3646.64 2382.51 1297.66 1146.55 1135.51 1112.86 1108.31 1106.19 1068.66 973.362 955.656 924.664 853.759 817.326 720.129 700.709 670.345 627.7 557.541 520.648 496.453 435.249 428.016 373.588 368.784 361.792 359.203 444.13 329.689 324.143 319.204 306.898 302.56 702.32 700.781 299.596 289.915 284.454 276.874 272.653 267.091 261.276 256.934 238.327 237.39 226.457 222.684 282.699 220.967 218.694 217.641
threshold=5.8125000000000009 24.812500000000004 1.1875000000000002 10.562500000000002 51.500000000000007 4.5000000000000009 14.812500000000002 3.0625000000000004 7.9375000000000009 1.0000000180025095e-35 1.0000000180025095e-35 6.736241822416539 4.4347115652166957 18.562500000000004 0.80000000000000182 0.8542199457734333 0.8542199457734333 33.750000000000007 0.012202038243799502 2.1875000000000004 74.562500000000014 -2.5416686809441722 14.500000000000002 10.500000000000002 7.5000000000000009 27.550000000000004 6.5000000000000009 0.8542199457734333 3.6260133861236805 5.1120831803488551 0.12499999999999996 4.3125000000000009 -2.5416686809441722 -2.5416686809441722 0.64800579322638152 0.8542199457734333 2.5000000000000004 0.040494051572754305 5.7184807633204207 2.9357142857142859 0.64583333333333337 15.65 7.7560436740650056 0.022090530794665202 14.407142857142858 0.79852133160956706 18.500000000000004 9.4375000000000018 0.35416666666666669 4.5625000000000009 5.0000000000000027 0.95297903005573359 2.5022058490165455 -2.352599585020648 0.028348404389881954 12.062500000000002 0.50000000000000233 44.051470588235304 17.05714285714286 98.500000000000014 0.75926279602750202 0.8542199457734333
decision_type=2 2 2 2 2 2 2 2 2 2 8 2 2 2 2 2 2 2 2 2 2 2 2 2 2 2 2 2 2 2 2 2 2 2 2 2 2 2 2 2 2 2 2 2 2 2 2 2 2 2 2 2 2 2 2 2 2 2 2 2 2 2
left_child=2 3 9 8 17 7 22 19 15 10 11 29 26 46 56 24 31 -3 -13 36 -6 -18 35 27 -2 28 34 47 -20 43 57 -9 -17 -29 52 55 -4 -14 60 54 -15 -16 -24 -1 45 -45 51 -10 -21 -36 -25 -8 -7 -37 -31 -5 -11 -12 -59 -22 -39 -50
right_child=1 4 5 6 20 12 13 16 23 14 30 18 37 40 41 32 21 -19 25 48 59 -23 42 50 -26 -27 -28 33 -30 39 -32 -33 -34 -35 49 53 -38 38 -40 -41 -42 -43 -44 44 -46 -47 -48 -49 61 -51 -52 -53 -54 -55 -56 -57 -58 58 -60 -61 -62 -63
leaf_value=-0.051425506816246747 0.013980487224858798 0.11497424894969457 -0.031702441840396868 0.050140750782903365 0.17986743684045126 0.012852619829238066 0.071767073856449898 -0.012065487752287239 0.030928347953503382 -0.039289287340185768 -0.057509206701709059 -0.038102240159508638 0.025222654386829541 0.11600556199132739 0.061357119278662199 0.048895483720971612 0.024852225658913644 0.14532485932002334 -0.058467037295315043 0.0084607844799889573 0.20245820507852447 -0.0017482858390385258 0.067273265215590114 0.047658928911607251 0.026496915437435948 0.095258472269365735 0.013981456312746832 0.066290003720031507 0.070544575121702438 -0.031304197482056463 -0.043677766606180148 -0.002691496896294149 0.028881787349560314 0.042593373164526167 -0.0012823778451972207 0.081556121078125335 -0.020620268601451344 0.077025626247351472 0.086109013254099212 -0.032488806581605661 0.091168369909335079 -0.0074026530726472783 0.094712976422132014 -0.054799036963353899 0.015890912959909333 -0.019464046356899883 0.084467343575196321 0.039964213779717601 -0.021757474503362934 0.0054448309254829762 0.0792185874547508 0.090437624235368039 0.077865364294893907 0.060705885467304814 0.034424663147279433 0.057613644810255438 -0.025848854863206927 -0.048860258860051783 0.078656226267043355 0.21879329047111484 0.032775976031885097 -0.014327064804471899
leaf_weight=9389.8379902839661 37995.159782886505 8078.0126178264618 40493.435000419617 21255.806710958481 4026.9723625183105 359.08887100219727 19590.602383375168 46194.07873916626 26640.01646065712 15314.698261260986 230489.72704172134 339.04707145690918 1634.4477677345276 1421.4255876541138 178.52966451644897 3271.0917496681213 4454.9627411365509 4838.7394990921021 178.0313937664032 880.86992740631104 5117.5034599304199 13935.715569257736 17340.681749582291 21792.634600400925 19867.01233291626 701.13223552703857 17491.129719257355 2455.8435535430908 198.17274594306946 202.4691596031189 7077.2958281040192 20348.08110833168 16119.333546161652 8590.4994130134583 29082.977769613266 1872.8074345588684 9015.0354747772217 346.21032619476318 802.18777585029602 1047.6254284381866 20254.368278741837 2818.4876413345337 1089.7685379981995 3998.9198858737946 563.47803735733032 2164.6227340698242 9097.7358183860779 13353.370573043823 45709.179843902588 32258.147636651993 708.60225558280945 2143.8013114929199 271.24524450302124 7243.8125097751617 427.13124680519104 21499.726204395294 3954.1798503398895 119.32622051239014 67.039530754089355 3990.989164352417 1453.7986514568329 12580.548812866211
leaf_count=3130 9112 567 12420 2804 173 83 1873 12952 5331 4862 79047 103 322 104 25 466 959 272 59 223 180 3694 1796 3069 4195 62 4166 256 26 62 2292 5422 3278 1373 7663 163 2627 38 84 315 1659 755 100 1353 129 641 796 2259 13392 8262 76 179 37 786 74 2427 1187 38 12 121 264 3585
internal_value=-8.54136e-05 0.0583281 -0.0315368 0.0482886 0.163759 -0.0092646 0.0695976 -0.0163357 0.0309335 -0.0536559 -0.0555272 -0.0366188 0.00709209 0.0834187 -0.0320584 0.0217884 -0.00619029 0.126355 0.0405717 -0.0242641 0.200527 0.00469616 0.0592737 0.0405396 0.0182785 0.065348 0.00514388 0.0369603 0.0094859 -0.0427653 -0.0570548 -0.00919915 0.0322606 0.0478676 0.00264925 0.0558517 -0.029685 0.0436218 0.0551623 -0.0153136 0.0928026 -0.00328593 0.0689011 -0.0456206 -0.0375108 -0.0423954 0.0768186 0.0339464 -0.0197279 0.00225528 0.0486565 0.073613 0.0409158 0.0649981 0.0132633 0.0538999 -0.0365329 -0.057465 -0.00278833 0.209639 0.0413277 -0.0201541
internal_weight=856197 299656 556541 273604 26052.2 277311 122811 193612 150794 279230 256964 19210.5 83699.2 52507.9 22265.9 77252.6 84932.8 12916.8 1416.38 108679 13135.5 18390.7 70302.6 73541 57862.2 1077.34 79462.6 51039.7 376.204 17794.1 237753 66542.2 19390.4 11046.3 61971.5 51872.2 49508.5 4236.64 2602.2 1677.23 21675.8 2997.02 18430.5 16116.9 6727.02 6163.54 30832.1 39993.4 59170.6 61341.1 22501.2 21734.4 630.334 9116.62 629.6 42755.5 19268.9 230676 186.366 9108.49 1800.01 58289.7
internal_count=213780 43415 170365 42102 1313 76193 12687 55274 29415 94172 87343 5954 20919 4611 6829 17051 23027 839 250 32247 474 4653 8076 12364 13307 147 20211 9219 85 5704 81389 18374 3744 1629 16045 6180 15047 708 386 451 1763 780 1896 5253 2123 1994 2848 7590 17200 15925 3145 2052 120 949 136 5231 6049 79097 50 301 302 16977
is_linear=0
shrinkage=0.05


Tree=3
num_leaves=63
num_cat=13
split_feature=19 15 19 15 19 15 13 15 15 0 25 13 0 0 15 0 15 19 0 13 21 20 15 0 31 19 15 39 22 0 42 0 13 13 13 0 15 0 0 13 15 25 0 26 26 19 25 19 24 43 26 24 0 19 24 42 26 41 26 13 13 24
split_gain=565312 109984 103819 38317.3 10546.9 9019.28 6544.69 6473.5 5197.03 3052.59 2909.54 2527.92 2161.69 1327.72 1238.59 1101.68 1018.4 935.967 915.176 877.882 876.307 791.771 707.438 688.637 668.769 628.172 606.982 605.4 597.123 576.354 568.277 544.711 562.259 466.398 459.112 442.426 423.621 385.68 343.949 304.921 297.832 288.982 363.74 492.923 266.41 245.314 240.302 237.473 220.447 255.367 219.057 303.462 217.441 212.478 211.432 208.094 207.356 206.414 202.402 192.788 182.29 179.42
threshold=7.7500000000000009 26.562500000000004 2.7500000000000004 10.562500000000002 68.500000000000014 3.8125000000000004 1.0000000180025095e-35 15.812500000000002 7.9375000000000009 0 5.1984264468287211 3.5000000000000004 1 2 5.0625000000000009 3 35.375000000000007 25.250000000000004 4 5.5000000000000009 17.500000000000004 3.4000000000000017 2.5625000000000004 5 1.336298572247397 90.500000000000014 12.812500000000002 0.22500000000000003 0.12491987179487171 6 4.6071428571428585 7 6.5000000000000009 1.5000000000000002 9.5000000000000018 8 12.562500000000002 9 10 1.5000000000000002 5.5625000000000009 3.143669503351028 11 0.046956584909601008 0.032768556640598058 11.250000000000002 3.143669503351028 4.2500000000000009 44.051470588235304 18.550000000000004 0.026522881880024701 0.79852133160956706 12 8.2500000000000018 0.64800579322638152 3.0714285714285716 0.020731982312393305 0.45756572334974271 0.057013797354072505 10.500000000000002 4.5000000000000009 44.051470588235304
decision_type=2 2 2 2 2 2 2 2 2 1 2 2 1 1 2 1 2 2 1 2 8 2 2 1 2 2 2 2 2 1 2 1 2 2 2 1 2 1 1 2 2 2 1 2 2 2 2 2 2 2 2 2 1 2 2 2 2 2 2 2 2 2
left_child=2 3 6 8 16 11 9 15 12 10 50 18 21 45 23 26 57 37 -4 40 41 31 33 -7 -12 -6 -5 35 48 -16 44 -2 -33 -20 -15 46 -17 -9 -19 -8 -14 -11 43 -43 -26 -10 -13 -29 52 -50 -1 -52 -22 -34 -49 -53 -23 -3 -48 -21 -25 -18
right_child=1 4 5 7 25 14 39 17 13 20 24 27 19 34 29 36 61 38 22 59 28 56 -24 60 30 -27 -28 47 -30 -31 -32 32 53 -35 -36 -37 -38 -39 -40 -41 -42 42 -44 -45 -46 -47 58 54 49 -51 51 55 -54 -55 -56 -57 -58 -59 -60 -61 -62 -63
leaf_value=-0.054238202043230127 0.042487743014022729 0.10999869731195039 0.0013561940267694656 0.056355329366114586 0.16812576156912989 0.0054303486188204261 -0.037761967759342104 0.082006951495695896 0.04099969697925715 -0.050101724402936532 -0.053931319748103772 0.00035800674253898902 -0.0071562909067629426 0.027312136504078099 0.020210729656784516 0.045142043455529336 0.13248967016635307 0.10505385320243293 -0.032823565538719048 0.01594790608325608 -0.053078469556885249 0.013303493995119951 -0.017285407092675172 -0.0080795669978282469 -0.020918810238328082 0.19288312552388046 0.068576711040658114 -0.011438720446292031 -0.04247973505322733 0.0064345767156559546 0.069187914183405433 0.015778183335708431 0.02225545187741676 -0.022425772227821498 0.037657827955928341 0.0012976870504121801 0.05514027222786505 0.06984503664335541 0.085096088489310606 -0.028960407658859932 0.007506247293131269 -0.026798496156122117 -0.040401552762810176 0.066829662242222435 0.032198938265506967 0.049803291881674761 0.040269206295778064 0.031111037014562609 -0.048403159926689594 0.072276133647037499 -0.057648760481945865 -0.0056487933111801156 -0.058106436987592026 0.032283421060462551 -0.0043870479423363936 -0.050058224601908452 0.060208431149027103 0.072724215614435025 0.097608363579073876 0.032277403891131914 -0.0014771316632216853 0.15692567594124607
leaf_weight=2417.5670478343964 4518.769814491272 6580.3721761703491 4498.2901740074158 22512.240616559982 3728.8382625579834 24832.600211381912 19527.255864858627 11649.010181903839 15983.582281112671 8828.3894498348236 221.80800580978394 265.50736117362976 5414.5396289825439 24366.53135228157 10176.41420340538 20713.873013734818 4521.8351984024048 3330.4856514930725 16433.703416585922 28693.418045520782 27819.536453008652 264.79027152061462 45468.571290969849 22902.810761213303 368.41820192337036 8819.5014915466309 18612.857276678085 19854.098729133606 6915.0038650035858 29970.437911987305 806.29066324234009 13209.588577270508 8217.6614699363708 31444.190176486969 19190.689612865448 1946.6022067070007 21810.757756710052 19581.77965426445 11408.128312349319 19910.189943790436 9605.824196100235 537.68723678588867 5184.7253239154816 189.20775890350342 652.97556853294373 15797.216733455658 596.09216356277466 428.42928266525269 114.84924912452698 69.518675327301025 742.29710221290588 970.14035224914551 189617.22999548912 14871.10282087326 18050.382466077805 361.62505340576172 2209.2796897888184 402.91681909561157 208.341712474823 1929.9448094367981 19238.096650838852 948.56360721588135
leaf_count=847 689 421 1181 2398 146 6310 6374 927 2438 3065 72 67 1472 4819 2259 2690 235 228 5206 6645 9868 51 13247 6348 111 277 1711 5637 2313 7596 88 3005 1780 9438 3089 489 2293 1708 890 6207 2357 164 1727 27 112 2018 100 82 38 12 264 275 68436 2740 4858 119 271 34 20 339 5110 42
internal_value=-0.000122267 0.0525088 -0.0316963 0.0439439 0.153181 -0.00791685 -0.0522294 0.0642685 0.0279065 -0.0552631 -0.0214456 -0.0163102 0.0197207 0.0375692 0.00298961 0.0559834 0.120563 0.0793431 -0.0206905 0.0121193 -0.0561842 0.0277254 -0.0217508 -0.00117302 0.0278777 0.185541 0.0618732 -0.00594469 -0.0569622 0.00993373 0.0378328 0.0260655 0.0240016 -0.0259954 0.0318639 0.0156182 0.0502596 0.0744327 0.0897421 -0.0333194 0.00222024 -0.0443669 -0.0357946 -0.00233026 0.0130327 0.045363 0.0412449 -0.00764204 -0.0574222 -0.00272783 -0.0440014 -0.0320464 -0.0574685 0.0287156 -0.00356212 -0.0177399 0.0551978 0.107859 0.0552285 0.0169782 -0.00506446 0.136756
internal_weight=850463 318894 531569 293892 25002 246315 285255 129619 164273 245817 6541.12 139194 88934.9 75338 107120 83649.7 12453.7 45969.4 97844.8 45643.7 239276 43291.2 93346.5 66973.5 2049.49 12548.3 41125.1 41349.5 224536 40146.9 1827.68 40817.1 36298.4 47877.9 43557.2 3016.54 42524.6 31230.8 14738.6 39437.4 15020.4 14740 5911.62 726.895 1021.39 31780.8 1069.94 38332.9 217621 184.368 4491.63 2074.06 217437 23088.8 18478.8 1331.77 2474.07 6983.29 804.434 30623.4 42140.9 5470.4
internal_count=213780 45713 168067 44558 1155 67948 100119 12845 31713 87538 1888 40325 19349 12364 27623 9092 732 3753 29072 10813 85650 8536 27891 17768 383 423 4109 11253 80667 9855 311 8214 7525 14644 7908 676 4983 2635 1118 12581 3829 4983 1918 191 223 4456 187 10577 78354 50 1505 658 78304 4520 4940 394 322 455 120 6984 11458 277
cat_boundaries=0 1 3 4 6 7 8 9 10 12 14 15 16 18
cat_threshold=1536 48365084 196608 48364568 49413660 32768 16384 48365084 10582544 16384 14686224 2 48326736 40960 42024960 3145728 444 65536
is_linear=0
shrinkage=0.05


Tree=4
num_leaves=63
num_cat=2
split_feature=19 15 19 15 15 15 15 15 13 1 25 13 44 38 13 19 15 15 17 19 2 2 13 13 49 15 47 17 25 38 47 2 24 2 25 43 39 14 47 17 13 13 1 15 28 2 24 2 28 17 47 13 50 2 14 47 14 13 13 16 25 2
split_gain=508338 102133 80564.9 40417 14124.4 8534.88 6037.48 5389.27 2385.6 1683.51 2792.89 1627.69 1438.89 1148.2 1044.39 1033.66 1022.4 1011.89 888.631 883.026 850.72 767.432 754.427 688.857 673.54 644.15 637.991 539.216 473.95 422.469 409.219 361.755 346.293 327.477 309.064 406.459 289.633 288.718 272.589 263.617 250.976 246.034 244.61 244.088 238.654 229.648 219.92 281.189 214.527 213.117 209.646 198.745 196.076 192.204 192.15 191.382 185.799 200.115 183.699 173.73 238.975 170.738
threshold=6.7500000000000009 23.062500000000004 1.7500000000000002 9.9375000000000018 50.062500000000007 3.0625000000000004 6.9375000000000009 14.062500000000002 2.5000000000000004 0 6.736241822416539 8.5000000000000018 29.550000000000004 2.5000000000000004 9.5000000000000018 90.500000000000014 4.4375000000000009 31.812500000000004 1.9311050377094128 22.250000000000004 0.8542199457734333 0.8542199457734333 4.5000000000000009 13.500000000000002 2.9357142857142859 2.0625000000000004 -2.5416686809441722 5.2599112793531688 5.1984264468287211 1.5000000000000002 -2.5416686809441722 0.8542199457734333 0.71763298620883775 0.8542199457734333 8.6946318564515845 2.9500000000000006 0.64583333333333337 4.5000000000000009 -2.5416686809441722 8.3441592605970403 3.5000000000000004 17.500000000000004 1 8.3125000000000018 142.00000000000003 0.8542199457734333 44.051470588235304 -0.70581670320594825 114.50000000000001 7.5959141935192322 -2.5416686809441722 2.5000000000000004 7.2500000000000009 0.95297903005573359 98.500000000000014 -2.5416686809441722 19.500000000000004 22.500000000000004 11.500000000000002 0.42261904761904762 4.000470961758376 0.29696027566504674
decision_type=2 2 2 2 2 2 2 2 2 1 2 2 2 2 2 2 2 2 2 2 2 2 2 2 2 2 2 2 2 2 2 2 2 2 2 2 2 2 2 2 2 2 1 2 2 2 2 2 2 2 2 2 2 2 2 2 2 2 2 8 2 2
left_child=2 3 9 6 17 8 11 23 25 10 24 21 34 -11 20 -6 31 -3 -10 41 43 22 37 33 28 29 -23 -13 -1 -4 -22 40 44 58 -12 -36 -21 -2 -35 -16 -7 53 -27 -8 -20 -18 51 -48 -30 -25 -33 61 -29 -9 -17 -47 -38 -58 -5 60 -34 -15
right_child=1 4 5 7 15 16 14 19 18 13 12 27 -14 46 39 54 45 -19 32 36 30 26 -24 49 -26 42 -28 52 48 -31 -32 50 59 38 35 -37 56 -39 -40 -41 -42 -43 -44 -45 -46 55 47 -49 -50 -51 -52 -53 -54 -55 -56 -57 57 -59 -60 -61 -62 -63
leaf_value=-0.036020789837561455 -0.010337045643449266 0.089953580341304698 -0.028990126448700238 0.040122483134008735 0.14738157359408796 -0.013408257268225442 0.020226892788748046 0.05786458260668606 -0.017125952933437223 -0.040584738524318098 -0.044350890967089031 0.023132556510195773 0.069003360324978225 -0.057810743725092165 0.036487827754451113 0.16780832159028386 0.00076074836112752285 0.1147731685145679 0.01218966490375065 0.093439156177742386 0.051374433769751371 0.037484714187739958 0.0099849862823439064 0.053368239498171356 -0.052480092961216786 -0.0092181512354543981 0.013612067824206403 0.035285836638021498 -0.035287326350594457 -0.040019404598057549 0.031820771345732156 0.013947782862968515 -0.0024653481369724972 0.067983932238786779 -0.057514839572029477 0.056331009882454597 0.067829180489501373 0.0025855052045486988 0.048222426033910117 0.06674966944932241 -0.0064631995391145535 0.067348588605424697 -0.023601318393056209 0.027500285698839552 0.074741254344504918 0.026443076318770065 0.08214529140040458 -0.048186858562365535 0.028870176111617681 0.076061359170091353 -0.0028243625137302714 0.019253819142050307 0.062321214471310109 0.073387921785333765 0.18272779184128435 0.0065372747739321285 0.072659059585390026 0.087320717750545326 0.046397880181588372 -0.0058379648288151556 0.039356702104780913 -0.054816805227505178
leaf_weight=3025.962982416153 6717.9338274002075 11678.013735294342 39186.791807174683 29390.377692222595 5407.6281852722168 21197.925790071487 32387.470251560211 22898.269593000412 41461.345923662186 11698.330019235611 578.16370892524719 9341.4919109344482 818.22190022468567 137347.94035339355 28931.059428691864 4746.9240112304688 33560.585975408554 6374.2639293670654 409.4826066493988 1908.294114112854 3506.6901721954346 3307.0921828746796 42787.368209123611 22960.101499080658 10912.702769994736 3483.4108724594116 18208.512540817261 1379.3609290122986 179.33588600158691 11170.268938779831 11359.134386062622 2175.8844385147095 906.16175079345703 2202.9205470085144 120.99101066589355 218.46768832206726 9442.316508769989 12115.940601348877 8576.1265213489532 739.03144955635071 33691.206737518311 15029.117194652557 21413.511687278748 17948.382149457932 242.6612343788147 1461.8861219882965 63.878657579421997 113.27669811248779 468.58951473236084 1089.8700504302979 12926.23085474968 85.476154327392578 1318.1805174350739 2203.6643414497375 4473.7781162261963 6931.739753484726 7115.7671275138855 3527.3406076431274 19488.380748033524 6466.9679546356201 546.91852521896362 73885.39542889595
leaf_count=1018 1851 778 12569 3939 210 6128 6979 2076 12302 3992 200 1834 81 52025 4440 151 8796 337 92 137 382 521 10319 2345 3992 994 4202 210 58 3809 1982 513 228 182 45 30 773 3114 926 77 9305 1232 6582 3360 34 291 11 37 82 97 3498 23 148 173 126 1740 551 248 2177 1774 91 27563
internal_value=-0.000155051 0.0439439 -0.0342467 0.0357335 0.128324 -0.0135938 0.0205398 0.0555334 -0.0225583 -0.0547024 -0.039086 0.011642 0.0208333 -0.05584 0.0294659 0.164843 -0.00356065 0.0987235 -0.0140961 0.0666916 0.0259259 0.00915345 0.00631453 0.0472514 -0.0462446 -0.0281842 0.0172833 0.0288243 -0.0277124 -0.0314375 0.0364368 -0.00726014 0.000557927 0.0443686 -0.0221417 0.0156893 0.0747518 -0.00202393 0.0522675 0.037244 -0.00914563 0.0622724 -0.0216028 0.022821 0.0355514 0.00261103 -0.0566863 -0.000966341 0.0110776 0.0543999 -0.000406769 -0.0567329 0.048517 0.0592304 0.175067 0.0100075 0.0729715 0.0775264 0.0426255 -0.00232696 0.0132887 -0.0567638
internal_weight=845311 368561 476750 335880 32680.6 237233 190048 145833 125288 239517 16322.4 95175.9 1735.84 223194 94871.8 14628.3 111945 18052.3 50033.5 62124.8 65201.7 83136.8 61621.2 83707.8 14586.6 75254 21515.6 12039 3673.89 50357.1 14865.8 69991.2 8572.19 59657.8 917.622 339.459 21993.7 18833.9 10779 29670.1 54889.1 40131.1 24896.9 50335.9 652.144 41954.2 211496 177.155 647.925 24050 15102.1 211319 2697.54 25101.9 9220.7 8393.63 20085.4 10643.1 48878.8 7920.05 1453.08 211233
internal_count=213780 55877 157903 54275 1602 68746 39419 14856 38475 89157 5506 22199 356 83651 17220 487 30271 1115 14521 5190 12703 20007 15284 9666 5150 23954 4723 2192 1158 16378 2364 19444 2219 7224 275 75 1709 4965 1108 4517 15433 3481 7576 10339 126 10827 79659 48 140 2442 4011 79611 358 2249 277 2031 1572 799 6116 2093 319 79588
cat_boundaries=0 1 2
cat_threshold=4 8
is_linear=0
shrinkage=0.05


Tree=5
num_leaves=63
num_cat=15
split_feature=19 15 19 15 15 15 15 15 21 25 20 0 15 0 19 15 0 15 26 17 15 0 0 0 26 43 0 15 38 20 0 19 25 15 26 15 0 15 25 0 19 17 15 26 26 0 15 44 0 24 14 24 2 0 0 0 22 15 42 25 26 47
split_gain=458692 85773.8 79556.1 32604.9 14218.1 7950.75 4817.6 4175.94 3314.07 3002.55 1879.34 1764.48 1411.02 1375.58 1272.18 1048.85 960.762 937.56 867.863 772.097 740.072 738.221 560.859 539.082 913.917 482.99 480.421 457.053 454.918 434.239 409.11 385.164 360.897 349.307 320.556 309.75 301.335 295.362 284.938 281.117 280.679 274.43 266.432 265.556 247.112 247.098 241.21 239.25 235.611 233.256 230.835 219.982 258.036 218.5 215.125 193.305 192.756 189.8 179.355 176.166 173.267 171.115
threshold=6.7500000000000009 21.812500000000004 1.7500000000000002 9.4375000000000018 44.687500000000007 3.0625000000000004 14.062500000000002 6.9375000000000009 3.5000000000000004 6.1439125745712087 0.80000000000000182 0 2.0625000000000004 1 87.500000000000014 0.18750000000000003 2 4.5625000000000009 0.011859916494805103 5.1991577171889194 31.312500000000004 3 4 5 0.026256676823867554 8.7500000000000018 6 11.312500000000002 1.5000000000000002 -0.69999999999999785 7 22.250000000000004 8.4295901173448318 11.062500000000002 0.056194741756190957 17.812500000000004 8 5.0625000000000009 2.5635814707136761 9 10.750000000000002 4.9916597106239857 7.9375000000000009 0.041114996188928908 0.055322480720840513 10 5.8125000000000009 25.950000000000003 11 0.71763298620883775 98.500000000000014 44.051470588235304 -0.70581670320594825 12 13 14 0.12499999999999996 4.9375000000000009 14.714285714285717 6.5361703219115208 0.10416679190567275 -2.7415804409517581
decision_type=2 2 2 2 2 2 2 2 8 2 2 1 2 1 2 2 1 2 2 2 2 1 1 1 2 2 1 2 2 2 1 2 2 2 2 2 1 2 2 1 2 2 2 2 2 1 2 2 1 2 2 2 2 1 1 1 2 2 2 2 2 2
left_child=2 3 8 7 20 10 16 11 9 23 12 19 28 40 -6 48 27 22 -11 26 45 31 53 24 -1 32 -2 -5 55 37 34 -8 60 -18 -12 -23 -19 -13 -26 -14 61 46 -15 -21 57 59 -31 -40 -10 -25 -16 56 -53 -7 -32 -4 -50 -28 -36 -3 -20 -9
right_child=1 4 5 6 14 17 21 13 15 18 30 29 39 42 50 -17 33 36 25 43 -22 35 -24 49 38 -27 44 -29 -30 41 54 -33 -34 -35 58 -37 -38 -39 47 -41 -42 -43 -44 -45 -46 -47 -48 -49 51 -51 -52 52 -54 -55 -56 -57 -58 -59 -60 -61 -62 -63
leaf_value=-0.045813055722296929 0.031722592574584492 0.073430187144574541 -0.022128307255270235 0.042356336634737229 0.12764024406157112 0.010255383250846621 0.062836887198032501 0.041753152668566842 -0.051307223766065974 -0.035211610892419927 0.0043065951652144106 -0.013670146042170976 -0.0076244887077510622 0.016237521737883526 0.15038171019711111 -0.042291630804263583 0.032031203132555468 0.011208852483150162 -0.048338715754730428 0.023776520968181947 0.10021470844670777 0.052332069365185731 -0.010042445846529765 -0.055217424520146476 -0.025315887491241036 0.070519704302764039 0.0051764293685026891 0.05148568308714474 -0.038991169193479169 0.0023112735926202623 -0.0035566745582483804 0.076478953479167791 0.057689850551916881 0.040911508083389017 0.027593182950702535 0.061894194005634257 0.00064450517600899229 0.0019739053163318186 0.00089070824314108608 -0.019648809249825566 0.038540425874059987 0.029708950467865421 0.023905774017531814 0.056195730698959667 0.020293288975356982 0.074111937573547351 0.010676651006953669 0.055894048471132968 -0.057993335462439823 -0.041441677402701244 0.16546599004047813 0.074946620251505752 -0.048181279858236177 -0.0028943612952600241 -0.016545327124038476 -0.029696490542668097 -0.034786502870425721 0.014517067292340192 0.090791197192875178 0.093727629974176913 0.034329943195070586 0.02803223850864367
leaf_weight=2996.0687656402588 4568.9919538497925 1458.871497631073 12171.155689716339 27928.271629095078 5696.7090072631836 3500.8665618896484 15745.632076740265 2597.2669265270233 17002.646102905273 428.3163480758667 1328.2397429943085 4509.1528604030609 5453.7473344802856 20358.108128547668 6100.7343940734863 12467.182906150818 20205.198001146317 9604.1248540878296 225.33780169487 1018.6506500244141 5968.8553929328918 23681.082129478455 44414.881289243698 4963.3219225406647 936.58005547523499 818.45175170898438 7653.8948745727539 27050.243912220001 10934.022728919983 17510.842247724533 8491.4556488990784 7767.2626886367798 224.673992395401 24607.801124095917 291.51254796981812 13280.551387310028 22675.951626062393 9112.5754566192627 1148.3244645595551 48493.793338537216 15814.552054643631 1313.38893866539 25587.630520105362 1674.7607300281525 12744.193291425705 9932.0968823432922 16970.285700798035 237.87836170196533 177932.40466928482 8160.6316840648651 4687.8775424957275 66.537673473358154 114.00183868408203 31454.731459379196 5113.1616883277893 30676.363855600357 905.6698899269104 18818.14923453331 183.33098602294922 4304.3849492073059 87.144723653793335 18516.652348279953
leaf_count=1101 767 97 3894 3303 224 844 1244 306 6567 141 334 1281 1564 4484 188 4475 3018 2286 78 174 310 2097 12619 1919 309 72 1856 2560 3844 4458 2322 542 29 2806 58 1034 5956 2311 311 14865 2215 229 4869 188 2710 671 4021 36 70788 2943 126 11 39 8566 1497 10078 325 4204 19 259 13 3325
internal_value=-0.000183957 0.0407573 -0.0335008 0.0327589 0.111837 -0.0130555 0.0491351 0.0180774 -0.0544887 -0.0351616 -0.0218169 0.010973 -0.0241529 0.0262978 0.146831 -0.0563636 0.0423855 -0.00339266 0.0267657 0.0179652 0.0852019 0.0602719 -0.00631464 -0.041153 -0.0275167 0.0463632 0.0163698 0.0468405 -0.0298844 0.00439161 -0.00548261 0.0673181 0.00948465 0.0369003 0.0168358 0.0557544 0.00379174 -0.00320495 -0.00402365 -0.0184385 0.0334906 0.00728388 0.0205041 0.04395 0.0145683 0.0794863 0.00642873 0.0103666 -0.0572583 -0.0466202 0.156951 -0.0578171 -0.00261219 -0.00157444 -0.00844812 -0.0275595 -0.057876 0.0118169 0.0521432 0.0884507 -0.0252323 0.0297222
internal_weight=840687 377185 463503 339035 38149.5 234787 160266 178769 228715 20226.7 123137 95894.9 107729 82874.2 16485.3 208488 99791.5 111651 1783.92 46478.6 21664.2 60474.5 79370.5 18442.8 5318.85 1355.61 43785.2 54978.5 53781.5 49416.2 15407.7 23512.9 537.157 44813 1803.08 36961.6 32280.1 13621.7 2322.78 53947.5 36928.5 35794.5 45945.7 2693.41 39216.2 15695.4 34481.1 1386.2 196021 13124 10788.6 179019 180.54 34955.6 13604.6 42847.5 178838 26472 474.844 5763.26 312.483 21113.9
internal_count=213780 55877 157903 54002 1875 68746 16604 37398 89157 6952 38475 22199 34245 15199 538 82205 11687 30271 333 9899 1337 4917 22029 6619 1757 192 9537 5863 17816 12300 4230 1786 120 5824 411 3131 8242 3592 656 16429 5846 8708 9353 362 8770 1027 8479 347 77730 4862 314 71163 50 9410 3819 13972 71113 6060 77 356 91 3631
cat_boundaries=0 2 3 4 6 8 9 10 11 12 13 14 15 16 18 19
cat_threshold=48365084 196609 48365112 49675832 48330776 8192 2195848988 3 7340544 16384 2113552 14769688 2179072 1118138368 8120 16384 2732170889 106503 820074240
is_linear=0
shrinkage=0.05


Tree=6
num_leaves=63
num_cat=3
split_feature=19 18 19 18 19 19 21 19 18 19 19 19 26 24 13 42 39 38 24 13 13 13 1 1 1 13 18 38 13 18 2 43 24 14 26 18 39 42 13 14 2 42 13 18 21 43 47 42 49 21 14 48 19 2 47 42 24 47 48 14 14 24
split_gain=415514 83955 57782.9 30615.8 20766 4313.42 3386.77 2774.25 2657.63 2645.31 1958.16 1094.67 1084.86 1252.89 930.256 864.723 833.792 773.043 950.907 771.635 771.443 645.602 770.191 584.498 532.107 504.81 501.641 501 494.414 485.988 433.724 394.385 420.234 378.122 376.868 339.758 328.883 315.752 315.154 291.551 283.014 269.353 263.743 262.589 258.1 255.221 252.427 251.291 244.714 232.5 224.042 218.12 214.068 209.706 191.743 182.045 179.472 272.269 174.363 174.184 174.087 173.799
threshold=5.7500000000000009 13.875000000000002 1.7500000000000002 38.750000000000007 9.2500000000000018 3.7500000000000004 3.5000000000000004 25.250000000000004 5.6250000000000009 12.250000000000002 70.500000000000014 0.75000000000000011 0.014280261795293602 1.2047735760971057 3.5000000000000004 14.407142857142858 1.0000000180025095e-35 8.5000000000000018 2.6585222630718954 2.5000000000000004 4.5000000000000009 8.5000000000000018 0 1 2 11.500000000000002 27.250000000000004 1.5000000000000002 18.500000000000004 6.6250000000000009 0.8542199457734333 8.7500000000000018 3.6260133861236805 90.500000000000014 0.028348404389881954 2.8750000000000004 0.22500000000000003 7.2142857142857144 5.5000000000000009 21.500000000000004 0.95297903005573359 7.2142857142857144 7.5000000000000009 9.3750000000000018 23.500000000000004 1.7500000000000002 -2.5416686809441722 7.2142857142857144 3.914285714285715 24.500000000000004 4.5000000000000009 1.5000000000000002 4.2500000000000009 0.8542199457734333 -2.5416686809441722 4.2928571428571436 44.051470588235304 -1.5705047913074874 1.0000000180025095e-35 9.5000000000000018 7.5000000000000009 0.71763298620883775
decision_type=2 2 2 2 2 2 8 2 2 2 2 2 2 2 2 2 2 2 2 2 2 2 1 1 1 2 2 2 2 2 2 2 2 2 2 2 2 2 2 2 2 2 2 2 8 2 2 2 2 8 2 2 2 2 2 2 2 2 2 2 2 2
left_child=2 4 6 7 8 19 12 28 20 21 -5 48 -1 15 23 61 17 18 34 27 24 22 41 47 37 30 45 53 40 49 43 32 -20 -12 -15 -25 -16 -2 -24 59 -3 -6 -22 -11 -31 58 -32 -7 -8 -10 -26 -36 -38 -4 -55 -42 -50 -58 -9 -27 -23 -14
right_child=1 3 5 10 9 14 11 26 29 25 33 -13 13 16 36 -17 -18 -19 31 -21 42 60 38 35 50 39 -28 -29 -30 44 46 -33 -34 -35 51 -37 52 -39 -40 -41 55 -43 -44 -45 -46 -47 -48 -49 56 -51 -52 -53 -54 54 -56 -57 57 -59 -60 -61 -62 -63
leaf_value=-0.048183553971738569 0.020123037908889963 0.049324875345819842 -0.027927831553550404 0.10414983152895672 0.043046060457301055 0.006110160012250297 -0.053465173670104095 0.070793180488670879 0.016240633574028936 0.022725698777190814 0.13090985685638504 -0.041608899491775257 -0.053755769476745277 -0.030947396753573653 0.015998710164127076 0.014839452518223054 -0.037196300032725463 -0.049013068981171616 -0.058383100830102341 -0.017634300816645649 0.0046163490874884033 0.026017908583450561 0.0085580627077404183 -0.023755490004661241 -0.011062783485414104 0.038050869037982035 0.083105495993032852 -0.039059247440036193 0.060291039476755987 0.024379056271971122 0.059045951128624256 0.071046468754969644 0.049878257339846077 0.14771788394955943 0.015887372677638435 -0.013810177648725648 -0.009476618746844058 -0.0040309839780697321 0.020955101156791528 0.080790353907313026 0.0773293888506002 0.02288342828751521 0.014872449585770118 0.03469047820463065 0.015931352135586416 0.065281112408344472 0.039510749563787029 -0.014570539944311532 -0.058116431669313066 0.007921580230637883 -0.0022054475103752773 -0.056544822013404883 -0.0032505773938506298 -0.0047467674280947895 -0.02291383464059546 0.055165215350864251 0.069808633888897062 -0.058205801707537336 0.093870439892944593 0.044577782587797106 0.032449342045953705 -0.031693525419260821
leaf_weight=8303.9317111968994 3375.1555910110474 39049.435153484344 35557.417474269867 5822.1478843688965 4602.1905002593994 4288.5250177383423 36196.695784807205 1967.5803670883179 12921.31763958931 5938.3017010688782 7278.5893115997314 12048.870983839035 3719.86266040802 882.33698582649231 1765.6697707176208 606.08054494857788 1738.4681797027588 584.87426257133484 143.91250729560852 25061.99976348877 42869.422245025635 14931.066831111908 7510.0690100193024 12993.430042028427 13490.128976345062 14720.825276136398 8419.0419335365295 8941.364166021347 19207.619391918182 13592.685155630112 2362.4120655059814 765.41754388809204 233.98506593704224 6446.6802520751953 1360.1720223426819 25362.564586877823 24096.497205018997 2256.932276725769 16177.184178113937 505.70644378662109 1471.1452164649963 2596.3378736972809 7342.1933102607727 20302.053446531296 27067.906587600708 14246.303689002991 5578.8429226875305 2232.7704749107361 150381.27464675903 24018.051339149475 15169.208896160126 111.5307457447052 32338.82532453537 1755.7024662494659 8443.7327151298523 2568.0533180236816 68.454860210418701 102.31979417800903 1440.6828961372375 34010.850535869598 35969.53179693222 1183.5043601989746
leaf_count=3200 704 3330 11861 245 517 1085 14806 128 2787 1051 227 4475 1494 313 374 156 636 222 54 7727 10794 2489 1702 4193 3835 1745 466 3257 1414 2514 195 57 33 168 326 7542 6969 609 3106 39 98 491 1590 2570 5879 970 641 668 62875 5798 4087 39 8769 517 2758 198 12 37 82 3338 5096 422
internal_value=-0.000209421 0.0336275 -0.0369097 0.0718719 0.0210178 -0.0161711 -0.0542687 0.0593452 0.00830357 0.033493 0.128496 -0.0562255 -0.034454 -0.0243877 -0.00941541 -0.0414758 -0.00820815 0.00414167 0.0130438 -0.0249016 0.00216843 0.0271023 0.0213974 -0.0148247 -0.00361231 0.0397582 0.0730419 -0.0282309 0.0536114 0.0149843 0.0350859 0.0504332 0.00859125 0.138815 -0.00512712 -0.0171754 -0.00524418 0.0104255 0.0170182 0.043001 0.0506324 0.0357291 0.00611641 0.031984 0.018756 0.0682382 0.0453295 -0.000969423 -0.0571683 0.0108321 -0.00637284 0.0103601 -0.00590915 -0.026114 -0.0197879 0.0632562 -0.0580582 -0.00675456 0.0805741 0.0426071 0.0305634 -0.0484393
internal_weight=836496 435226 401270 107917 327308 182838 218432 88369.9 162103 165205 19547.4 198798 19634.1 11330.1 103078 5509.45 5820.7 4082.23 3497.35 79760.2 84503 81786.4 30885.8 44877.3 34291.4 83419 26073.6 54698.2 62296.3 77600 34181.6 1143.32 377.898 13725.3 2354.04 38356 58201 5632.09 23687.3 49237.4 43088.6 7198.53 50211.6 26240.4 40660.6 17654.6 7941.25 6521.3 186749 36939.4 28659.3 1471.7 56435.3 45756.9 10199.4 4039.2 150552 170.775 3408.26 48731.7 50900.6 4903.37
internal_count=213780 68903 144877 7326 61577 55720 89157 6686 38597 22980 640 82205 6952 3752 29600 2072 1680 1044 822 26120 21619 13401 5816 13488 9235 9579 1646 18393 5040 16978 4457 144 87 395 678 11735 16112 1313 4808 5122 3626 1008 12384 3621 8393 1180 836 1753 77730 8585 7922 365 15738 15136 3275 296 62924 49 210 5083 7585 1916
cat_boundaries=0 1 2 3
cat_threshold=8 8 8
is_linear=0
shrinkage=0.05


Tree=7
num_leaves=63
num_cat=13
split_feature=19 15 19 15 15 19 21 15 25 0 19 15 15 15 19 0 15 0 38 26 0 0 26 39 0 20 15 19 15 15 19 15 18 26 20 2 38 0 25 0 24 25 24 2 22 0 28 42 26 0 0 24 20 25 26 26 15 20 24 0 0 25
split_gain=377960 71818.4 57339 28176.5 15098.3 4053.29 3455.78 2931.84 2681.21 2241.07 1669.23 1518.11 1175.23 1141.19 983.849 955.319 783.749 752.743 705.392 680.553 544.666 534.953 857.506 501.543 456.774 447.53 444.385 440.906 363.021 360.9 347.14 329.73 328.595 358.356 301.87 278.31 268.714 267.642 261.856 248.464 246.733 245.689 216.888 288.571 212.567 209.802 204.068 190.905 198.192 187.734 186.921 185.522 184.306 179.356 175.926 172.889 170.22 169.897 166.049 163.679 163.539 155.329
threshold=5.7500000000000009 12.562500000000002 1.7500000000000002 38.125000000000007 7.3125000000000009 3.7500000000000004 3.5000000000000004 20.562500000000004 6.1439125745712087 0 70.500000000000014 9.9375000000000018 5.4375000000000009 0.18750000000000003 8.7500000000000018 1 3.5625000000000004 2 1.5000000000000002 0.011859916494805103 3 4 0.026256676823867554 0.22500000000000003 5 2.9000000000000026 5.0625000000000009 2.7500000000000004 27.875000000000004 16.062500000000004 19.500000000000004 87.125000000000014 1.0000000180025095e-35 0.041114996188928908 -0.59999999999999931 0.95297903005573359 1.5000000000000002 6 8.4295901173448318 7 0.71763298620883775 2.5635814707136761 44.051470588235304 -0.78574730703237861 0.12499999999999996 8 143.50000000000003 3.0142857142857147 0.051792262404950558 9 10 2.6585222630718954 1.2000000000000011 2.880091926228912 0.070758158748336464 0.070255174734776119 3.9375000000000004 0.3000000000000001 0.64800579322638152 11 12 6.5361703219115208
decision_type=2 2 2 2 2 2 8 2 2 1 2 2 2 2 2 1 2 1 2 2 1 1 2 2 1 2 2 2 2 2 2 2 2 2 2 2 2 1 2 1 2 2 2 2 2 1 2 2 2 1 1 2 2 2 2 2 2 2 2 1 1 2
left_child=2 4 6 7 9 18 8 17 21 14 -5 15 25 37 26 52 20 30 27 -10 23 22 -1 46 -13 34 55 -4 59 -19 -3 -12 33 -16 56 38 -22 -8 51 -18 -23 -24 44 -44 -39 -28 -7 53 -49 -29 -20 -21 60 -43 -34 -2 -11 -14 -57 -9 -6 -32
right_child=1 3 5 10 11 16 13 28 19 12 31 24 57 -15 32 -17 39 29 50 35 36 40 41 -25 -26 -27 45 49 -30 -31 61 -33 54 -35 -36 -37 -38 42 -40 -41 -42 47 43 -45 -46 -47 -48 48 -50 -51 -52 -53 -54 -55 -56 58 -58 -59 -60 -61 -62 -63
leaf_value=-0.044661524653481617 0.0046653605528499051 0.04880231294445847 -0.02756740161787254 0.09431584792406858 0.03866122045137619 0.015097322820478912 -0.050495413693296298 0.076772079030057352 -0.033297257486447865 -0.020978542131381873 0.11708379569967542 0.039387164970586537 0.0058472910304461796 -0.040910992452773673 0.013185380518311111 0.020589254728307815 0.0014110535160037449 0.040275471558194109 -0.020971763239315089 0.020290119521021915 -0.015313394160233085 -0.054814569613889176 -0.023731149562332701 -0.0084123772660348144 0.030855828535047966 0.027751168858184475 0.026227086424975916 -0.012207984558075841 0.076197838837407716 0.048988335514548148 0.055085088497401562 0.13238515713468565 0.019391490537637297 0.059473175995041518 -0.00112964325452033 0.057579097504887891 -0.032294474190563326 -0.057892051605011 0.051708469705344123 -0.0066322098349212641 -0.040065974638066722 0.02722847055674564 0.08582854756664042 -0.048212965923901452 -0.03263592641337678 0.013594402209409433 0.068597822642672099 0.0042513247057929726 0.06704586717652683 -0.020863207954059895 -0.040576723356014366 -0.058399317664008125 0.037557683770579608 -0.020187269573796171 0.031230720947440116 0.058501119200961849 -0.0071686899324147988 0.011767617832568683 0.014371444927855935 0.061129200023605779 0.027614100992553889 0.065186367391735833
leaf_weight=2786.419109582901 21792.61923122406 18723.336231708527 25938.451151847839 6281.7930755615234 4155.6322689056396 940.53997111320496 15586.230043411255 2302.6564030647278 401.08699989318848 2890.3396129608154 6742.5189476013184 36754.793591022491 31744.005684614182 11651.86550784111 630.99047136306763 45347.706974983215 15076.828152656555 29433.795125007629 1551.4194805622101 148.28176808357239 34134.541409254074 4536.6973333358765 898.8625156879425 23068.27184677124 28509.827679634094 1149.9198162555695 3902.0877075195312 7753.0463860034943 7722.5668711662292 20020.653649330139 10622.91151714325 7690.1872692108154 14546.863456487656 1244.4266543388367 30288.687298059464 883.75764918327332 2501.0809676647186 161326.40632009506 229.15043354034424 26423.231140136719 7642.7847213745117 300.40951132774353 60.123395681381226 116.02501702308655 842.63361144065857 21865.323788404465 219.33169937133789 262.48870086669922 240.6240975856781 35536.506866931915 7471.5616137981415 149.45218276977539 9470.6611063480377 588.42136478424072 4007.8175487518311 234.4513521194458 9796.007819890976 19610.009122133255 2281.5627555847168 15736.922662734985 21911.622625112534 6025.6655716896057
leaf_count=1101 5452 1496 8930 253 463 200 6567 131 141 886 201 3751 7678 4475 115 8425 3973 2723 536 29 10359 1919 309 6731 3588 190 661 2371 407 1535 768 194 2708 125 8007 77 862 70788 27 7452 2943 75 8 42 325 4829 23 63 29 11451 2832 59 1148 180 639 35 2728 4424 530 1006 3402 405
internal_value=-0.00023138 0.0313298 -0.0361848 0.0623543 0.0182789 -0.0155591 -0.0540388 0.0523289 -0.0337454 0.00796003 0.115871 0.0299981 0.00296604 -0.0560797 0.0147202 0.0254197 -0.00900994 0.0478409 -0.024126 0.0241065 -0.0126226 -0.0398204 -0.0259839 -0.00679597 0.0356718 -0.00301795 0.0109491 -0.0224113 0.067104 0.0437949 0.0534686 0.125246 0.0239694 0.0439175 -0.00384201 0.0404436 -0.0164692 -0.0570728 0.0116377 -0.00371129 -0.0455267 -0.00336703 -0.0576973 -0.00220714 -0.0577611 0.015524 0.0252689 0.00978732 0.0343675 -0.0193212 -0.0372773 -0.0192558 0.0315679 -0.00414336 0.0219506 0.00609894 -0.0103168 0.00810831 0.0185072 0.0632068 0.0294023 0.0587451
internal_weight=832705 443438 389267 131303 312135 180615 208652 110589 19068.4 165985 20714.5 146150 95479 189583 70506.1 80885.6 102364 84826.4 78251 1811.73 60863.8 17256.7 5077.23 24228.1 65264.6 44125 50076 69228 25762.1 49454.4 35371.9 14432.7 20430.1 1875.42 42975 1410.64 36635.6 177931 526.884 41500.1 12179.5 2290.81 162345 176.148 162169 25767.4 1159.87 1391.94 503.113 43289.6 9022.98 297.734 35537.9 888.831 18554.7 24308.6 12686.3 51354 2516.01 18039.6 26067.3 16648.6
internal_count=213780 68903 144877 9119 59784 55720 89157 8471 6952 39007 648 20777 23913 82205 15094 13438 29600 6927 26120 333 18175 6619 1757 6954 7339 11811 11507 22752 1544 4258 2669 395 3587 240 11621 192 11221 77730 115 11425 4862 656 71163 50 71113 5490 223 347 92 13822 3368 88 5013 255 3347 6017 3614 12102 565 1137 3865 1173
cat_boundaries=0 2 3 5 7 8 10 11 13 14 15 16 17 18
cat_threshold=48365072 65536 48365080 48363576 32768 2195848720 1 7340544 49675832 32768 8120 48330524 3 16384 2183688 1090545664 33640448 16384
is_linear=0
shrinkage=0.05


Tree=8
num_leaves=63
num_cat=11
split_feature=15 15 15 15 15 13 21 15 25 20 24 0 15 0 13 15 0 13 26 17 24 15 13 13 13 15 0 26 13 0 16 0 0 44 26 0 0 49 15 14 20 14 25 2 22 47 24 47 25 13 0 47 13 0 16 24 24 21 47 24 13 25
split_gain=340922 64685.5 52643.9 26339 11584 5159.18 3470.93 3200.39 2550.09 1960.53 1740.67 1633.24 1560.75 1281.81 951.894 800.813 732.636 722.054 686.074 624.822 553.376 536.024 482.752 461.191 452.311 443.87 424.364 723.153 416.909 389.431 387.958 358.04 351.35 341.734 337.992 323.765 301.777 258.422 256.262 246.371 245.731 244.768 242.427 242.02 223.947 218.973 215.022 277.978 211.497 208.112 223.305 205.304 202.62 194.03 241.654 186.497 181.396 180.556 171.611 170.315 167.157 166.845
threshold=3.8125000000000004 11.312500000000002 0.43750000000000006 35.375000000000007 6.8125000000000009 2.5000000000000004 1.0000000180025095e-35 18.312500000000004 5.1984264468287211 1.4000000000000019 44.051470588235304 0 1.8125000000000002 1 5.5000000000000009 8.8125000000000018 2 15.500000000000002 0.011859916494805103 5.9398005672084819 2.1076426024955439 5.0625000000000009 27.500000000000004 3.5000000000000004 1.5000000000000002 8.3125000000000018 3 0.021027815109048203 1.0000000180025095e-35 4 90.291666666666671 5 6 25.950000000000003 0.07241977126014891 7 8 14.407142857142858 4.9375000000000009 3.5000000000000004 1.6000000000000008 1.5000000000000002 8.6946318564515845 0.70581670320594825 0.12491987179487171 -2.5416686809441722 44.051470588235304 -1.7433747071660546 3.143669503351028 9.5000000000000018 9 -3.0082840503588462 8.5000000000000018 10 0.34166666666666673 0.68880611455108365 0.71763298620883775 95.500000000000014 -2.5416686809441722 2.6585222630718954 10.500000000000002 8.0511516332111182
decision_type=2 2 2 2 2 2 8 2 2 2 2 1 2 1 2 2 1 2 2 2 2 2 2 2 2 2 1 2 2 1 8 1 1 2 2 1 1 2 2 2 2 2 2 2 2 2 2 2 2 2 1 2 2 1 8 2 2 10 2 2 2 2
left_child=2 4 6 7 11 12 8 17 26 23 -5 21 24 25 38 52 -14 31 -10 29 43 40 35 -7 41 -6 27 -1 36 34 57 51 -19 42 -11 45 -8 55 -13 -18 58 -4 59 -20 46 -9 -38 -48 -36 50 -23 -3 -15 54 -25 -29 -28 -12 -2 -22 -17 -35
right_child=1 3 5 10 13 9 28 22 18 19 30 14 16 15 -16 60 39 32 20 -21 33 49 -24 53 -26 -27 56 37 -30 -31 -32 -33 -34 61 48 -37 44 -39 -40 -41 -42 -43 -44 -45 -46 -47 47 -49 -50 -51 -52 -53 -54 -55 -56 -57 -58 -59 -60 -61 -62 -63
leaf_value=-0.050220825178676577 0.017086658382190648 0.057030006542354586 -0.038197945946485228 0.082111863179251426 0.02499443086201085 -0.014364288293491298 -0.049991726700710976 0.084396700922062043 -0.035597027944237074 0.015189318601635114 0.10276588672753227 -0.0051072318230955972 0.0042569091093486991 0.013180387594510385 0.0073438117968405011 0.022902897495818628 -0.022500395271316111 0.050652331200770923 0.043438380240077339 0.052137142368668989 0.0055302666333370215 0.026220858332105031 0.066547387543231404 0.035819059525939195 -0.02446298681690727 0.033643867414162809 -0.055501166436992044 -0.035797220736257331 -0.030483715083005722 0.0016525746589257579 0.12103995375506366 0.035401113862192045 0.040341639240853433 0.034344206936755294 0.031310405684208252 0.050543985353492631 -0.057794475135526935 0.050971605700004807 0.0013211366021943203 -0.013523743740740982 0.022536542440621518 -0.028374918089724366 0.04736336580322649 -0.052902608604420344 -0.038910003889515765 0.059606745537130884 0.083978798595282705 -0.047958569009942859 0.093975051946244281 0.031071212636513891 0.01368207675889619 0.04167884815013722 0.020637009872481234 -0.0088440522290477233 -0.0021175911176236433 3.1077632082171584e-05 -0.041020005498304049 0.12573197877196807 0.0035805657369249247 -0.058102077598225846 0.029516763187457218 0.072062218485307722
leaf_weight=1745.5558714866638 2690.0512025356293 2648.6454691886902 21087.406594991684 6817.9611740112305 24459.896900415421 42976.052490949631 15922.557599782944 1013.5450115203857 657.72069334983826 2553.9834229946136 7975.2211742401123 35504.409548282623 3262.4961812496185 26720.602598667145 43070.839372396469 22169.012094020844 31974.751945495605 20932.85621881485 81.956008434295654 869.1103343963623 321.11720967292786 4313.2386713027954 10644.190479278564 440.388347864151 14403.570446968079 37787.388272285461 4142.7504351139069 535.26372480392456 1517.5680480003357 7250.2376861572266 7140.6939315795898 48941.292503833771 14846.846231937408 786.32033228874207 314.95323419570923 20815.797402381897 154634.52981162071 182.63756465911865 27517.208536148071 10057.035865545273 2282.9736638069153 9101.666321516037 227.4421215057373 305.06827664375305 1606.8612287044525 7828.4444308280945 60.127957820892334 114.07177567481995 236.73886823654175 2461.7178308963776 20969.8746509552 12564.251999855042 13839.062626123428 24495.603922367096 8571.0434770584106 1124.669894695282 4580.1697537899017 986.64857864379883 18690.95755314827 155.16799783706665 16851.219923019409 471.24910235404968
leaf_count=738 557 180 8119 271 3940 13340 6974 53 245 571 233 9887 854 5662 10232 3565 10616 1538 16 87 79 700 592 69 4965 4343 1843 195 580 1789 172 4677 1228 102 52 1383 71229 41 7041 3081 414 3290 25 114 647 471 8 42 17 361 4478 1043 2469 7087 2383 328 1855 24 4708 64 2078 35
internal_value=-0.000250021 0.0282996 -0.0362504 0.0536273 0.014494 -0.0166995 -0.0546045 0.0455048 -0.0317827 -0.00807199 0.103319 0.00516 -0.0251176 0.0248594 0.00161477 0.0206432 -0.0185793 0.040707 0.00949999 0.0114402 0.0221427 0.0124733 0.0574004 -0.0109359 -0.0317581 0.0302408 -0.0418633 -0.0270927 -0.0566149 0.00801951 0.112292 0.0375307 0.0464007 0.032925 0.0227976 0.0541152 -0.0568448 -0.00531114 -0.00230035 -0.0203482 0.00694662 -0.0352376 0.00500548 -0.0324292 -0.0575352 0.0623876 -0.0577319 -0.00217024 0.0583311 0.0171909 0.0158381 0.0443263 0.0157252 -0.00653812 -0.000259017 -0.0115337 -0.0478488 0.105309 0.00528079 -0.0152682 0.02576 0.0485283
internal_weight=829253 462485 366768 163156 299328 177595 189173 140236 15317.1 87708.1 22920.5 157501 89886.9 141827 106092 79579.9 45294.3 99933.9 3006.04 11225 2348.32 51408.8 40302 76483.1 44592.6 62247.3 12311 3588.13 173856 10355.9 16102.6 64154.2 35779.7 1961.3 3105.68 29657.8 172338 1842.57 63021.6 42031.8 23664 30189.1 703.727 387.024 156416 8841.99 154809 174.2 551.692 27744.8 25283.1 15212.9 40559.7 33507 9011.43 1659.93 8722.92 8961.87 21381 476.285 39020.2 1257.57
internal_count=213780 72300 141480 11865 60435 56320 85160 11165 5680 25395 700 38378 30925 22057 27160 13774 14551 8666 680 2516 435 11218 2499 22879 16374 8283 5000 1302 79480 2429 429 5900 2766 305 640 1907 78900 564 16928 13697 5679 11409 168 130 71926 524 71279 50 69 5539 5178 1223 8131 9539 2452 523 3698 257 5265 143 5643 137
cat_boundaries=0 1 2 3 4 6 8 10 11 12 13 15
cat_threshold=10616336 48365080 16384 7340544 49352704 32838 42031160 32768 2733997912 40962 44130308 40888 16384 10581008 1
is_linear=0
shrinkage=0.05


Tree=9
num_leaves=63
num_cat=11
split_feature=19 15 19 15 15 19 21 25 13 13 24 0 15 0 17 13 15 15 26 13 0 24 19 38 0 0 0 26 0 19 16 25 13 0 44 9 0 0 15 15 2 25 19 24 47 26 24 13 37 24 0 42 24 24 16 25 21 47 15 25 43 16
split_gain=315476 64780.6 38237.9 24552.5 9821.4 3602.57 3594.71 2424.14 1944.3 1926.44 1718.6 1249.5 1234.01 1198.8 859.712 762.451 705.208 683.099 659.725 650.074 524.796 483.859 465.142 383.355 375.812 369.336 348.874 609.488 340.076 327.69 324.883 315.139 301.806 301.316 300.895 277.9 260.927 255.396 240.29 235.009 226.942 221.413 215.9 211.735 248.699 210.293 206.035 199.465 186.899 163.115 156.605 152.57 260.019 185.495 152.164 159.539 151.245 149.401 146.46 145.052 138.545 135.592
threshold=4.7500000000000009 10.062500000000002 1.7500000000000002 33.625000000000007 6.0625000000000009 19.500000000000004 3.5000000000000004 5.1984264468287211 5.5000000000000009 2.5000000000000004 44.051470588235304 0 0.18750000000000003 1 4.4347115652166957 23.500000000000004 2.0625000000000004 7.6875000000000009 0.011859916494805103 2.5000000000000004 2 2.1076426024955439 9.2500000000000018 1.5000000000000002 3 4 5 0.022352341910671505 6 15.750000000000002 90.291666666666671 6.0374288056596823 3.5000000000000004 7 25.950000000000003 1.5000000000000002 8 9 3.9375000000000004 13.562500000000002 0.70581670320594825 8.6946318564515845 30.500000000000004 44.051470588235304 -1.7433747071660546 0.036906151161664208 0.71763298620883775 8.5000000000000018 2.5000000000000004 2.6585222630718954 10 14.407142857142858 0.79852133160956706 1.493421052631579 0.34166666666666673 3.1292002295143959 95.500000000000014 3.7646499238202167 4.9375000000000009 8.0511516332111182 3.8500000000000005 1.0000000180025095e-35
decision_type=2 2 2 2 2 2 8 2 2 2 2 1 2 1 2 2 2 2 2 2 1 2 2 2 1 1 1 2 1 2 8 2 2 1 2 2 1 1 2 2 2 2 2 2 2 2 2 2 2 2 1 2 2 2 8 2 10 2 2 2 2 10
left_child=2 4 6 5 8 20 7 26 13 16 -5 22 33 35 25 24 23 -13 -9 38 29 40 -6 50 31 57 27 -1 -18 -3 56 -7 -11 -8 41 -2 -21 45 -15 -22 -20 49 -17 -35 -45 -16 -28 -19 -47 -23 -4 52 -29 -53 55 -34 -12 -10 -38 -36 -48 -54
right_child=1 3 9 10 11 15 12 18 14 32 30 17 -14 19 37 42 28 47 21 36 39 34 -24 -25 -26 -27 46 51 -30 -31 -32 -33 54 43 59 -37 58 -39 -40 -41 -42 -43 -44 44 -46 48 60 -49 -50 -51 -52 53 61 -55 -56 -57 -58 -59 -60 -61 -62 -63
leaf_value=-0.046577936699930989 0.0029687921728306348 0.033745640456771468 -0.020030775044785825 0.073652494549028294 0.018993967269521628 0.043879616238322927 -0.049636844881531965 -0.034839866494622437 0.0097799171327828324 -0.014627193688142557 0.093026947992198308 0.0098931630690511953 -0.039495577553326985 -0.017295651663361819 0.015363937767261693 0.052268201141669073 -0.0016577588273887522 0.015412244594283933 0.040229753147972863 0.00073078945063354646 0.027695361586363595 0.0052342494956712261 0.027841001984781018 -0.036868817274730376 0.039851705704493201 0.0018002137880590134 -0.054358617331312954 -0.052747173030216678 -0.019301182124885838 0.041080912323128424 0.10932952889010093 0.054834444471953916 -0.016032942449298707 -0.057632444498890427 0.031190498250436363 0.01887995837758048 -0.007031426691963669 0.018679694915653858 -0.0055581856849324278 0.035274760696204714 -0.052588549616118987 0.043752572161699976 0.062666637296411795 0.076586356064258218 -0.047447779151000874 0.033808823612594623 -0.033206954228909229 0.022203423409991652 0.067829038606398745 -0.056033778198843143 -0.027507565320598861 0.024790782798836397 0.0049427589941279841 -0.046439675661073911 -0.0082373021290925389 0.02703079968895386 0.11352584051321785 0.026135047501553672 -0.00071828816796099307 0.065581542799252907 -0.047945047900686953 -0.036447017371168594
leaf_weight=2238.8957026004791 4453.7569391727448 33332.280605792999 10277.614095687866 8246.33030128479 23659.258778572083 13561.568602085114 14342.202940225601 699.72108912467957 28857.184476613998 35774.247032880783 8398.2626934051514 34847.22950387001 10926.660193920135 11169.278490304947 559.78782987594604 11461.491671085358 3202.2769424915314 19099.369434118271 84.090510606765747 37984.001648187637 32929.372512817383 322.3381085395813 40007.966058969498 9054.6148593425751 19699.395168304443 19907.533903121948 4138.1597933769226 388.72077560424805 19096.152192115784 28136.622620105743 7500.6145896911621 12814.447478294373 327.59175872802734 147058.46591377258 821.87843608856201 7153.8359951972961 28402.332888126373 2859.0067327022552 7157.0420272350311 14877.375725269318 291.88563084602356 233.81311178207397 8952.5485801696777 62.663131475448608 109.65786504745483 807.24557065963745 3466.7108101844788 24981.516685009003 816.38268709182739 162.64979672431946 24521.152853488922 504.01100325584412 816.69106602668762 110.60272884368896 23982.40066742897 621.66158294677734 1036.8425884246826 1467.2187049388885 13581.990676879883 492.82441115379333 2982.807865858078 260.01766324043274
leaf_count=969 1125 3188 3564 325 4300 970 6567 269 6657 11316 235 7761 4475 3530 97 711 888 3667 16 9957 3707 79 5331 3589 1480 4980 1919 164 6306 2239 172 804 91 71113 108 1434 8063 468 1937 1233 114 25 481 8 42 105 1410 4003 59 70 8819 117 237 43 7060 108 24 282 3557 36 1279 97
internal_value=-0.000265793 0.0241395 -0.0393852 0.0462209 0.00972227 0.039605 -0.0535471 -0.0322912 0.00142331 -0.0181163 0.0923947 0.0193353 -0.0557669 -0.00242378 0.00907249 0.0487825 -0.0240189 0.0151236 0.00786466 -0.00421847 0.0340204 0.0202776 0.0245499 -0.0277005 0.0452151 0.00709634 -0.0406672 -0.0284129 -0.0167772 0.0370979 0.101515 0.0491853 -0.0116839 -0.056867 0.0299129 0.0127652 -0.0022722 0.0287523 -0.0127126 0.0300486 -0.031764 0.00388468 0.0568315 -0.0575636 -0.00213328 0.0416484 -0.0455925 0.0192615 0.050949 -0.0153759 -0.0253138 -0.0089818 -0.0177495 0.0119098 -0.00745993 0.0121628 0.0952919 0.0105688 -0.00498811 0.044126 -0.0400303 -0.00507249
internal_weight=826092 508719 317373 200947 307772 175765 190515 18015.8 165177 126858 25182.1 142595 172500 109902 55274.4 66489.5 66151.8 78928.1 3109.2 98294.6 109276 2409.48 63667.2 43853.4 46075.4 50231.9 14906.6 4318.94 22298.4 61468.9 16935.7 26376 60705.9 161573 2033.5 11607.6 79968.3 5042.42 18326.3 47806.7 375.976 718.801 20414 147231 172.321 2183.42 10587.7 44080.9 1623.63 484.988 34798.8 2080.04 1465.43 614.614 24931.7 949.253 9435.11 30324.4 41984.3 1314.7 6449.52 1076.71
internal_count=213780 82882 130898 15569 67313 14813 89157 6952 42251 41741 756 25062 82205 29603 12648 4446 23166 15431 717 27044 10367 448 9631 15972 3254 11919 6235 1627 7194 5427 431 1774 18575 77730 318 2559 21577 729 5467 4940 130 174 1192 71163 50 261 4608 7670 164 149 12383 658 498 160 7259 199 259 6939 11620 144 2689 334
cat_boundaries=0 1 2 4 6 8 9 10 11 13 15 16
cat_threshold=48365112 81920 586513976 33793 49639504 174592 853671484 32887 7340544 81920 8120 2464169757 32995 11601920 458752 283203336
is_linear=0
shrinkage=0.05


Tree=10
num_leaves=63
num_cat=5
split_feature=13 38 13 14 14 14 21 13 13 25 1 40 24 14 14 13 16 1 14 26 40 40 22 24 13 40 13 26 42 24 26 1 14 26 49 14 14 14 42 21 44 26 16 13 3 1 49 42 21 47 47 43 16 25 1 42 31 26 47 13 38 26
split_gain=267015 55707.4 50731.7 18292.8 9500.54 8778.46 3395.14 3021.77 2430.06 2312.03 2112.66 1806.83 1705.05 1118.44 997.804 816.729 652.521 580.575 577.388 576.468 548.726 448.588 442.261 430.662 427.146 401.829 398.656 346.147 526.914 422.884 431.444 309.272 308.942 305.453 302.023 279.329 272.341 256.992 254.822 247.099 246.343 233.504 225.34 219.134 213.115 212.142 213.823 210.779 207.714 269.223 194.274 189.905 188.757 187.517 181.098 176.364 168.609 162.643 156.999 151.95 151.777 150.788
threshold=3.5000000000000004 2.5000000000000004 11.500000000000002 33.500000000000007 7.5000000000000009 4.5000000000000009 1.0000000180025095e-35 6.5000000000000009 19.500000000000004 5.1120831803488551 0 2.7083333333333335 44.051470588235304 12.500000000000002 1.0000000180025095e-35 1.5000000000000002 5.1742424242424248 1 14.500000000000002 0.011859916494805103 6.8750000000000009 6.7083333333333348 0.12499999999999996 2.1076426024955439 9.5000000000000018 31.291666666666668 4.5000000000000009 0.0049488993829708014 14.407142857142858 0.71763298620883775 0.028557204494808152 2 24.500000000000004 0.043147680936909807 3.914285714285715 90.500000000000014 18.500000000000004 1.5000000000000002 6.4428571428571431 31.500000000000004 25.950000000000003 0.044237561768774657 3.5208333333333335 8.5000000000000018 -0.70581670320594803 3 5.6285714285714299 6.2000000000000002 13.500000000000002 3.7646499238202167 3.7646499238202167 3.2500000000000004 7.3416666666666677 8.6946318564515845 4 6.2000000000000002 12.619295293577336 0.072995970624649117 -2.9864858566216257 2.5000000000000004 7.5000000000000009 0.058627032858955201
decision_type=2 2 2 2 2 2 8 2 2 2 1 2 2 2 2 2 8 1 2 2 2 2 2 2 2 2 2 2 2 2 2 1 2 2 2 2 2 2 2 8 2 2 10 2 2 1 2 2 8 2 2 2 8 2 1 2 2 2 2 2 2 2
left_child=1 5 4 8 7 11 9 16 18 27 20 15 -5 24 22 37 26 38 50 -11 47 -12 34 44 45 36 -2 -3 29 -29 -31 32 55 -9 -8 -14 -10 -1 -13 -18 53 -30 -19 -35 -21 46 -6 -7 49 58 -4 -32 -47 -25 -39 -15 60 -51 -28 -17 -36 -23
right_child=2 6 3 12 13 10 14 33 25 19 21 17 35 31 -16 59 39 42 -20 23 -22 61 -24 40 -26 -27 48 28 41 30 51 -33 -34 43 56 -37 -38 54 -40 -41 -42 -43 -44 -45 -46 52 -48 -49 -50 57 -52 -53 -54 -55 -56 -57 -58 -59 -60 -61 -62 -63
leaf_value=-0.034709499104635673 -0.0056794918584111209 -0.055274240594503789 0.030599930070623588 0.065672171761076731 0.034496454192534998 0.021479972421919537 -0.052280812174175878 0.0092541220762404914 0.042129009470748234 -0.03539529750601552 -0.0056531059795164144 0.010474883080821326 0.086287925898989537 0.048917406446837987 -0.015441108288964084 -0.022435844862140501 0.01364138372795282 -0.016936345187079368 0.038729364966169577 0.037317039905651835 0.035591229696826758 0.0035178807441104444 -0.038149651452076772 -0.01335287637781685 0.025035624028822145 0.066451285986436279 0.03104775401037493 -0.054374091487983459 -0.017531895264800305 -0.041096068146303628 0.0015616778011808587 0.028900648211937937 0.082385022935388866 0.0132002959451032 -0.048103366844264556 0.09911949014075444 0.050785964279776663 -0.011064179373196394 -0.0090714776427058379 0.0035771974617794587 0.040461682276379689 0.035829161723191089 -0.0099963692988074386 0.021008993881713251 -0.052260153552391775 0.0129595261937481 0.019127329235634538 0.0031102876740706034 -0.0019676333372428047 0.01844093483449543 0.041514256555224179 -0.042014982253147995 0.019130727451440333 0.040487813410660808 -0.028005983771355089 0.03136791400970642 0.019509622854004816 0.070019126648607238 0.0022367057006129898 -0.01617994861631105 -0.058149620731546371 0.019034543112421982
leaf_weight=17962.234257936478 43191.891008853912 3103.6421401500702 64133.369699954987 9501.2992615699768 3467.8495578765869 4640.4011108875275 31153.316372990608 25781.659785032272 15909.217331886292 611.3144805431366 13968.490518569946 3530.8634407520294 9603.7068500518799 2568.1405568122864 1508.1205241680145 25668.377394676208 7521.1675417423248 32472.767750740051 42301.827361106873 86.144376039505005 6365.3312904834747 3546.2678334712982 3290.654266834259 490.72195076942444 30219.577120780945 2896.2166366577148 484.02930760383606 3086.3109881877899 638.21826362609863 3016.4858736991882 1141.2561144828796 16579.175065755844 444.01260948181152 22457.439789056778 3919.7163307666779 7779.0354843139648 21372.616982460022 1978.5348036289215 3157.5406777858734 32256.833025932312 1337.9696168899536 300.81167244911194 18298.27721619606 14993.961096048355 279.35762214660645 22133.424039363861 6539.0134391784668 2354.9532625675201 27001.738150596619 1573.5224325656891 4365.3667039871216 319.05932569503784 28206.560126781464 239.94939994812012 8817.8583092689514 3264.2392477989197 69.961474657058716 168.63643932342529 18893.538909673691 15647.611361026764 121788.79517400265 2804.6491165161133
leaf_count=7246 12269 1460 6234 390 346 804 15227 5461 1103 242 3970 809 256 173 517 9072 1589 10589 3078 16 649 810 1391 152 3849 119 81 1491 235 1305 359 1728 19 4739 1797 167 1224 646 949 8023 142 61 5568 2401 114 4442 1135 580 7161 340 355 133 4734 25 3321 322 20 19 4772 5077 61976 498
internal_value=-0.000278994 -0.0344319 0.0234642 0.044722 0.011178 -0.0131869 -0.0538498 0.00446626 0.0379551 -0.0307977 0.00951684 -0.0191828 0.0827215 0.022677 -0.0559378 -0.024572 0.000135853 -0.01261 0.0341344 0.00797285 0.0249498 -0.000643268 -0.0563189 0.0188765 0.0201822 0.0484903 -0.00219238 -0.0409717 -0.0357442 -0.0401296 -0.0302984 0.0325615 0.0421115 0.0134436 -0.0566996 0.0920359 0.0470932 -0.0310428 0.00124462 0.00548054 0.0277181 -0.000412804 -0.0144326 0.0163272 -0.03109 0.0177513 0.0244325 0.0152979 0.000937453 0.00465178 0.0312962 -0.00797805 0.0164145 0.00435252 -0.0249392 0.0391033 -0.0577936 0.0234737 0.0029582 -0.0200671 -0.0578368 0.0103729
internal_weight=823205 337596 485609 177863 307746 161214 176382 194324 150979 14651.2 33680.1 127534 26884 113422 161731 70074.6 131091 57459.4 110801 3045.46 13360.7 20319.4 160222 2434.14 90566.4 40178.1 91313.4 11605.8 8502.14 7563.11 4476.8 22855.6 6276.39 63233.1 156932 17382.7 37281.8 28758.6 6688.4 39778 2068.64 939.03 50771 37451.4 365.502 60346.8 10006.9 6995.35 48121.5 21119.7 68498.7 1460.32 50340 730.671 10796.4 5832.38 125778 1742.16 19377.6 41316 125709 6350.92
internal_count=213780 137251 76529 12926 63603 50588 86663 46855 12113 5735 7311 43277 813 16748 80928 25362 34254 17915 9667 691 2033 5278 80411 449 14506 2446 24642 5044 3584 3288 1797 2242 514 12601 79020 423 2327 11213 1758 9612 319 296 16157 7140 130 10657 1481 1384 12373 5212 6589 492 9176 177 3967 495 63793 359 4853 14149 63773 1308
cat_boundaries=0 1 2 3 4 5
cat_threshold=8 8 8 8 8
is_linear=0
shrinkage=0.05


Tree=11
num_leaves=63
num_cat=14
split_feature=19 15 19 15 19 21 19 25 13 19 15 0 15 13 15 0 19 25 26 0 0 24 0 38 26 0 0 13 26 15 22 0 0 13 13 19 44 24 47 0 21 39 13 24 19 13 20 0 39 25 24 43 20 25 49 13 0 13 39 0 44 0
split_gain=265634 48483.4 37693.5 17526.8 7321.96 3723.69 2686.67 2190.4 1694.31 1444.22 1325.48 1297.47 1051.76 788.937 644.64 622.393 612.644 589.813 548.361 475.2 392.43 390.08 386.842 385.168 357.926 410.954 340.14 320.738 306.633 275.311 260.591 260.582 251.541 267.703 245.543 230.243 225.333 216.661 254.488 215.317 210.77 208.365 206.61 202.948 192.444 190.948 190.942 185.019 182.072 174.266 157.497 156.399 155.534 153.567 158.637 149.57 147.546 159.48 143.6 142.48 142.306 141.358
threshold=4.2500000000000009 9.9375000000000018 1.7500000000000002 31.812500000000004 7.7500000000000009 3.5000000000000004 18.250000000000004 5.1984264468287211 2.5000000000000004 68.500000000000014 0.18750000000000003 0 4.5625000000000009 6.5000000000000009 2.3125000000000004 1 10.750000000000002 6.5361703219115208 0.011859916494805103 2 3 2.1076426024955439 4 1.5000000000000002 0.0049488993829708014 5 6 2.5000000000000004 0.022352341910671505 5.8125000000000009 0.12491987179487171 7 8 6.5000000000000009 3.5000000000000004 9.2500000000000018 25.950000000000003 44.051470588235304 -2.2151959736088283 9 114.00000000000001 0.22500000000000003 13.500000000000002 0.71763298620883775 30.500000000000004 12.500000000000002 7.2499999999999982 10 0.77500000000000013 8.6946318564515845 2.6585222630718954 3.8500000000000005 3.8000000000000047 3.143669503351028 5.5214285714285731 5.5000000000000009 11 3.5000000000000004 0.18333333333333338 12 15.750000000000002 13
decision_type=2 2 2 2 2 8 2 2 2 2 2 1 2 2 2 1 2 2 2 1 1 2 1 2 2 1 1 2 2 2 2 1 1 2 2 2 2 2 2 1 10 2 2 2 2 2 2 1 2 2 2 2 2 2 2 2 1 2 2 1 2 1
left_child=2 4 5 6 12 7 20 24 14 -5 26 16 15 29 23 41 32 39 -9 44 42 -20 -14 47 -1 28 -7 -17 -26 -13 37 -16 -6 -34 -10 -15 49 -28 -39 -8 48 53 59 -27 -19 -22 -41 -4 -11 50 -23 -45 -18 -2 -55 -24 -43 -58 60 -3 -36 -25
right_child=1 3 8 9 11 10 17 18 34 40 -12 13 22 35 31 27 52 19 21 -21 45 36 55 61 25 43 30 -29 -30 -31 -32 -33 33 -35 58 -37 -38 38 -40 46 -42 56 -44 51 -46 -47 -48 -49 -50 -51 -52 -53 -54 54 -56 -57 57 -59 -60 -61 -62 -63
leaf_value=-0.054013094389107709 0 0.038212446922297645 -0.018193362651946019 0.060693882358529717 0.026002634934921803 -0.050171295599035375 0.039673252555438042 -0.03326155573184604 -0.01348162520100931 0.099336397866310155 -0.038059569698684598 -0.0043292548280602673 0.010999947900163402 0.010541533004128856 0.00098070565252428798 -0.016376621187640088 0.024377739581628068 0.047481951797386124 -0.030408679106155374 0.038459020634088292 0.02179184120988684 0.0056691904281213771 -0.00055317927155598169 -0.026599914359469373 -0.039768342958091681 -0.052124071318793611 -0.057845606045538178 -0.0058046655680712711 -0.0080592048261366785 0.0070585710956422437 -0.027268595282897962 -0.01650301129083475 0.0096800390214534862 0.017901626898655165 0.052900210944463337 0.017183168909289764 0.037974757899240728 0.080550697752885925 -0.047018846917282905 0.031815141905044961 0.10655807996829535 0.010413084790769793 0.035061837470314799 -0.026715979484880411 0.058364533595306391 0.028121149010147846 0.075907151538287643 -0.02560648001634306 0.081000768910682974 0.037528071377353124 -0.055822258852599595 -0.045052825023765612 0.036561883958174654 0.012800063374180671 0.056294672986114819 0.0049895292935269921 -0.0063124910325797826 0.0015501994244871628 -0.0077395683145541827 0.028004929935992885 0.0029823080396350035 -0.039749562434354783
leaf_weight=3189.7618412971497 586.86684775352478 3975.8127336502075 12788.515959978104 10614.544343948364 6315.4124360084534 19139.027057766914 27289.25799036026 662.88506460189819 34831.192699193954 1506.9541206359863 10284.99358522892 7401.2065725326538 17340.23496055603 22337.651032447815 2563.9075253009796 9202.9112236499786 27530.689474105835 14285.233590602875 355.57031750679016 14442.113137722015 22858.870437145233 320.54783582687378 23604.072979211807 3622.333309173584 1218.0419427156448 2792.397256731987 126767.32255971432 32560.296225547791 2038.6138709783554 18750.945989608765 707.35211944580078 12779.066640615463 14435.50514960289 31572.917403697968 171.55990505218506 31423.68342590332 1380.3526678085327 60.221127510070801 107.16273105144501 17538.547882556915 983.88929748535156 3150.064085483551 22078.936926364899 2562.6070489883423 5726.227454662323 24986.946642875671 248.75407791137695 26450.727717876434 15811.67783164978 245.85058879852295 153.04099071025848 2143.0170186758041 2901.0808320045471 446.38611507415771 396.20110392570496 25124.776846885681 9453.1871285438538 20287.696188688278 23534.585282087326 36181.166596412659 829.52928805351257 5507.6690964698792
leaf_count=1560 145 286 4537 401 802 9664 1812 269 11266 34 4475 1989 3756 4724 697 2952 3559 853 130 932 2726 79 6227 1448 550 1411 67706 9229 658 4110 310 4275 3037 5545 16 5202 144 7 43 1302 19 721 1685 1077 281 2247 14 9825 370 25 70 979 287 98 51 6080 2773 5278 7000 3496 196 2340
internal_value=-0.000289692 0.0211486 -0.0380402 0.0391223 0.00826303 -0.0530104 0.0335921 -0.0308229 -0.0168604 0.0753818 -0.0554205 0.0155071 -2.65808e-05 0.0109576 -0.0225233 -0.00403438 0.0198964 0.0405948 0.00705769 0.0455228 0.0285325 0.017954 0.00458862 -0.0253562 -0.039294 -0.0349233 -0.0566367 -0.0081328 -0.019868 0.00383552 -0.0575973 -0.0135913 0.016617 0.0153191 -0.0107826 0.0144239 0.0261565 -0.0577705 -0.00088656 0.0368272 0.083896 0.000954875 0.0311675 -0.0413764 0.0505737 0.0250926 0.0324181 -0.0232023 0.0826021 0.00345321 -0.0142671 -0.0350757 0.0255406 0.0196362 0.0333005 0.00230413 0.000142542 -0.00094861 -0.00695041 0.0290331 0.0115861 -0.0346091
internal_weight=820559 523351 297208 218529 304822 174129 189612 17062.7 123079 28917.1 157066 162669 142153 79913.5 63712.2 76083.6 82755.6 79530.1 3118.25 34453.6 110082 2455.36 66069.1 48369.2 13944.4 10754.7 146781 41763.2 3256.66 26152.2 127642 15343 52323.8 46008.4 59366.9 53761.3 2099.79 126935 167.384 45076.6 18302.5 34320.4 62235.9 7498.02 20011.5 47845.8 17787.3 39239.2 17318.6 719.439 473.589 4705.62 30431.8 1429.45 842.587 48728.8 32890.9 29740.9 24535.7 40157 1001.09 9130
internal_count=213780 83023 130757 16458 66565 89157 15634 6952 41600 824 82205 29255 37310 16025 23122 21247 13230 5194 717 2066 10440 448 16063 18150 6235 4675 77730 12181 1208 6099 68066 4972 9384 8582 18478 9926 318 67756 50 3128 423 9066 5467 3467 1134 4973 1316 14362 404 174 149 2056 3846 294 149 12307 8772 8051 7212 3782 212 3788
cat_boundaries=0 2 4 6 8 9 10 12 13 14 16 17 18 19 21
cat_threshold=3269590540 65665 2195848724 3 1123414096 401538 586513976 33281 10582544 7340544 8124 65536 81920 16384 318072832 231993 283205384 16384 16384 3824483073 512
is_linear=0
shrinkage=0.05


Tree=12
num_leaves=63
num_cat=13
split_feature=19 15 38 18 19 21 15 19 0 26 24 15 13 0 13 0 13 0 19 19 0 13 39 13 19 0 16 0 0 15 24 26 44 26 0 14 24 47 16 19 38 13 42 24 24 37 47 24 0 42 24 47 13 24 26 0 24 26 16 13 1 0
split_gain=245461 53564.1 21610.2 16998.4 6716.32 3618.9 3602.17 1370.22 1222.27 1183.21 1550.09 1166.81 931.708 739.018 690.623 650.832 616.548 606.302 540.15 493.787 401.105 385.396 368.433 359.944 352.29 335.064 309.499 308.143 262.63 244.671 235.79 231.66 226.433 225.764 217.51 214.543 210.816 227.671 210.08 209.41 205.572 197.802 194.828 294.426 194.593 189.264 168.623 163.309 161.344 158.437 142.471 142.129 165.983 138.322 170.263 142.712 206.231 479.451 137.8 136.227 131.442 131.337
threshold=3.7500000000000004 8.3125000000000018 2.5000000000000004 30.750000000000004 6.2500000000000009 1.0000000180025095e-35 14.312500000000002 67.500000000000014 0 0.014280261795293602 2.1076426024955439 3.8125000000000004 1.5000000000000002 1 5.5000000000000009 2 1.0000000180025095e-35 3 24.500000000000004 8.2500000000000018 4 2.5000000000000004 0.30952380952380959 10.500000000000002 13.250000000000002 5 1.0000000180025095e-35 6 7 5.0625000000000009 0.71763298620883775 0.065809824120850513 25.950000000000003 0.075426546035365319 8 1.5000000000000002 44.051470588235304 -2.2151959736088283 90.291666666666671 2.2500000000000004 7.5000000000000009 8.5000000000000018 14.407142857142858 0.79852133160956706 2.5755090497737565 1.5000000000000002 -2.7415804409517581 3.6260133861236805 9 7.7357142857142867 2.6585222630718954 -2.7415804409517581 5.5000000000000009 0.9987745098039218 0.019015815036661502 10 5.6699670385395544 0.05833824819284391 6.3416666666666677 4.5000000000000009 11 12
decision_type=2 2 2 2 2 8 2 2 1 2 2 2 2 1 2 1 2 1 2 2 1 2 2 2 2 1 10 1 1 2 2 2 2 2 1 2 2 2 8 2 2 2 2 2 2 2 2 2 1 2 2 2 2 2 2 1 2 2 10 2 1 1
left_child=2 4 12 6 11 9 15 -5 19 44 13 17 25 42 29 24 20 22 34 46 53 -19 33 -17 -3 -1 32 -13 -20 -10 -15 51 47 -2 -8 -27 40 -38 -9 -14 -22 58 43 -11 -4 -33 -6 50 -32 -47 -12 -21 -53 -7 -55 -56 -57 -58 -16 -29 -46 -43
right_child=1 3 5 7 8 16 18 38 14 10 26 27 39 30 41 23 -18 21 28 31 36 -23 -24 -25 -26 35 -28 59 -30 -31 48 45 -34 -35 -36 -37 37 -39 -40 -41 -42 61 -44 -45 60 49 -48 -49 -50 -51 -52 52 -54 54 55 56 57 -59 -60 -61 -62 -63
leaf_value=-0.0070043033214605812 0.0077637503968502027 0.023690773038151397 -0.053702951896406337 0.054700195190911065 0.021084526665061002 -0.05693236713519443 0.037896864424653419 0.071601304157376103 -0.0077593823938803645 -0.056590008444955764 0.001202807590785002 0.0047033657481499128 -0.022182456518991915 -0.053428400926881829 0.0048085638646975411 0.015795471919471272 -0.017411697523350249 -0.019036905485238734 0.046837876312422602 0.028033921027248512 -0.047245625199741938 -0.0093419782477364138 -0.0052841221001667365 0.023511210162643147 0.029926681351879987 -0.033684397894490743 -0.037814829391669212 -0.0053596548295684011 0.037376484712021117 0.0025413109028020555 -0.047243784730199002 0.022282584515267934 0.035434262538407306 0.048440641401251122 0.031485885853442419 -0.024605655882494391 0.073534802513844102 -0.046476547668833502 0.082144311840089843 -0.015250446393666447 -0.057761774429030459 0.019334633501036761 0.016356988630319178 -0.0024606649386483322 -0.013830385887814829 0.02916250322928737 0.0094651906611210659 0.033468179809922921 -0.013898433859428029 0.064556491738175667 -0.058365373628332398 0.0065246695641463064 0.017012485881741837 -0.054468649108206285 -0.032051725156840363 -0.048610562058294754 -0.037495036991066683 0.1090976638963192 0.01058507604002684 8.6260487161955962e-05 -0.042503298952813434 0.0094599000603445213
leaf_weight=1695.0507543087006 2641.8259387016296 43313.262250423431 3618.4384225606918 11830.86789226532 3447.0485079288483 4714.8759405612946 22953.559526920319 10707.903394699097 8428.0952534675598 342.023033618927 358.512939453125 23385.020268678665 16063.471713066101 2349.9346649646759 23277.148797273636 25948.61704993248 1033.8466923236847 15146.200837850571 15833.363913536072 2318.4381766319275 4871.9393293857574 31738.940431118011 29207.494499921799 36262.057055473328 47581.98646235466 16489.02448785305 228.8155061006546 20651.620960235596 15187.837948322296 18237.417844057083 636.66288185119629 9851.9769067764282 1363.8390117883682 390.90612292289734 34762.677376747131 10788.181546926498 62.696913957595825 103.10739493370056 8646.396900177002 33950.605221986771 119569.94409835339 6662.2380678653717 667.06272172927856 939.83779144287109 600.8436975479126 868.70554780960083 33245.333087921143 258.49932670593262 895.72622632980347 500.13323545455933 138.30538845062256 4621.3532409667969 20621.291240930557 5193.6864992380142 2413.4495012760162 7305.922464132309 296.1335734128952 67.667800307273865 18564.097496032715 25859.81744146347 1434.7644588947296 6973.7720954418182
leaf_count=576 636 5035 1834 448 513 2534 1463 256 2416 162 95 5735 5998 1252 5365 4069 396 5208 831 260 2446 9615 8596 3771 4094 7034 96 5929 892 4414 293 1452 145 54 2448 4170 7 43 175 11450 67017 1107 170 292 253 99 7205 32 359 37 67 956 3326 2742 1187 3814 148 15 3974 6797 650 1327
internal_value=-0.000298121 0.0172675 -0.0429993 0.0333749 0.00292553 -0.0535928 0.0288947 0.0681174 0.0101208 -0.0291493 -0.016987 -0.00468468 -0.0216114 -0.0307979 0.00589757 0.0242487 -0.0559143 -0.00884292 0.0369104 0.0147141 -0.0561895 -0.0124717 -0.00356045 0.02029 0.0269525 -0.0287469 0.017309 2.26029e-05 0.0422343 -0.000714382 -0.0433606 0.0186502 0.0232784 0.0130227 0.0340482 -0.0300839 -0.0572708 -0.000896933 0.0763156 -0.0174774 -0.0573505 0.00907675 -0.00551005 -0.0169401 -0.0467364 0.0247085 0.0105574 0.00130472 -0.0281762 0.0421358 -0.0154538 0.0161827 0.0150929 -0.0493932 -0.0470948 -0.0432912 -0.04672 -0.00999047 0.00737179 -0.00233124 -0.03433 0.014307
internal_weight=818120 579667 238453 273029 306639 159467 241843 31185.2 157617 13833.3 8179.22 149022 78986.3 5831.25 82142.8 153106 145633 79125.4 88737.4 75474.3 144599 46885.1 32240.2 62210.7 90895.2 28972.3 2347.97 69896.5 31021.2 26665.5 3882.32 38781.9 2119.16 3032.73 57716.2 27277.2 124608 165.804 19354.3 50014.1 124442 55477.3 1948.92 1281.86 5654.05 11220.8 36692.4 755.318 1532.39 1368.84 496.818 27561.1 25242.6 19991.7 15276.9 10083.2 7669.72 363.801 41841.2 46511.4 2035.61 13636
internal_count=213780 98503 115277 23482 75021 86049 22603 879 32451 5700 2963 42570 29228 2528 18603 16969 80349 24109 5634 13848 79953 14823 9286 7840 9129 11780 435 18461 1723 6830 1904 6130 339 690 3911 11204 69513 50 431 17448 69463 11773 624 454 2737 1588 7718 194 652 136 162 4542 4282 10440 7906 5164 3977 163 9339 12726 903 2434
cat_boundaries=0 2 3 5 7 9 10 11 13 15 16 17 18 20
cat_threshold=48365084 65537 7340544 49675832 32897 2195848720 1 40892 65536 16384 48324124 48615424 156160 45185116 520 398336 288 8 3759407202 430268
is_linear=0
shrinkage=0.05


Tree=13
num_leaves=63
num_cat=16
split_feature=19 15 38 15 19 0 19 25 15 13 13 13 0 13 0 0 13 13 18 0 22 27 0 0 0 26 24 42 26 13 13 15 19 24 15 49 0 9 19 16 13 0 24 26 0 0 47 0 18 9 42 25 0 0 16 28 0 39 3 25 26 16
split_gain=226941 46747.9 21683.2 14388.2 6027.4 3135.58 2794.64 1538.63 1531.95 1096.7 1072.77 889.504 887.599 778.67 678.904 578.473 529.956 528.805 455.12 393.708 393.455 357.914 353.331 350.694 318.916 244.675 318.658 239.632 245.432 239.553 235.686 224.862 210.367 209.854 204.785 202.691 201.046 199.385 197.503 196.721 195.711 188.541 253.388 199.774 188.212 185.776 180.451 180.172 174.811 171.071 170.21 186.757 157.607 155.326 151.669 143.123 141.663 155.398 140.835 136.408 133.721 131.483
threshold=3.7500000000000004 8.3125000000000018 2.5000000000000004 27.875000000000004 6.2500000000000009 0 16.250000000000004 5.1984264468287211 57.250000000000007 7.5000000000000009 4.5000000000000009 1.5000000000000002 1 1.0000000180025095e-35 2 3 2.5000000000000004 20.500000000000004 5.8750000000000009 4 0.12499999999999996 1.0796307884856071 5 6 7 0.028557204494808152 0.79852133160956706 14.407142857142858 0.023521309113564204 3.5000000000000004 10.500000000000002 2.6875000000000004 12.750000000000002 44.051470588235304 1.4375000000000002 17.550000000000004 8 1.5000000000000002 2.2500000000000004 1.0000000180025095e-35 10.500000000000002 9 0.71763298620883775 0.014280261795293602 10 11 3.7646499238202167 12 93.750000000000014 1.5000000000000002 3.0142857142857147 8.6946318564515845 13 14 10.087121212121215 142.00000000000003 15 0.22500000000000003 0.29696027566504679 3.1473405508241545 0.018414145170253551 16.341666666666672
decision_type=2 2 2 2 2 1 2 2 2 2 2 2 1 2 1 1 2 2 2 1 2 2 1 1 1 2 2 2 2 2 2 2 2 2 2 2 1 2 2 10 2 1 2 2 1 1 2 1 2 2 2 2 1 1 10 2 1 2 2 2 2 10
left_child=2 4 11 6 10 7 19 25 47 12 14 24 37 15 49 27 31 22 29 32 33 -9 44 40 -1 -4 -27 41 -29 53 -21 -16 -3 -17 -26 -35 46 -6 -13 -22 -11 42 -7 -44 -8 -19 -12 -5 -10 -2 51 -23 -20 -14 -24 -48 -18 -58 -28 -30 -42 -46
right_child=1 3 5 8 9 13 17 21 48 23 36 38 18 -15 16 20 56 45 52 30 39 50 54 -25 34 26 58 28 59 -31 -32 -33 -34 35 -36 -37 -38 -39 -40 -41 60 -43 43 -45 61 -47 55 -49 -50 -51 -52 -53 -54 -55 -56 -57 57 -59 -60 -61 -62 -63
leaf_value=-0.0066905464470777779 -0.0031235113629643338 0.021052718947803431 -0.051789261392120672 0.061307941453113413 0.011290789006346591 -0.058197326086606362 0.044363181868915302 -0.052488400305403804 0.065916983603573731 0.016668499566823671 0.0033691227183973572 -0.02143898431122623 -0.013989654593645219 -0.013400984267541534 -0.022049876264396223 -0.0567685851047387 -0.0095250913497614467 0.033198113546673957 0.0023861088115836758 0.014138972940437741 -0.0054246012894408188 -0.021042569510446349 0.01698966487677182 0.01094245084935277 -0.032632236364135529 -0.057428283470340236 -0.043175618655474715 -0.051874411664914903 -0.017716161724004528 0.0026030942890716523 0.021168030377983704 -0.011822234356536577 0.026057077460801034 -0.045485005293373147 -0.023533382360995031 0.068307230632011426 -0.0017872867670889652 0.022826047718927125 -0.014656277619519615 -0.042813473951301702 -0.0061179122246601964 -0.052563055628827141 -0.049607451844267944 -0.031074265742171932 0.030561742222951702 0.041476271394298728 0.012221870221142373 0.046579417921833816 0.075543549567296919 0.0092889990077351277 0.031522084934802012 0.034172979955243932 0.0089838080211458293 -0.0010388766260924019 0.027656515704325053 0.04708181270716303 0.017031018708531902 -0.0051706307051904927 0.0015462136795634156 0.039034639854890391 0.027886765126430138 0.036837167600001434
leaf_weight=1686.5525281429291 4882.1203858852386 35850.278263092041 1622.7133791446686 2774.3606805801392 6830.1617443561554 1909.3709136247635 3731.2576913833618 174.78990149497986 11771.236963272095 23260.11711192131 24391.392402172089 15796.466079950333 4114.192839384079 1133.0946580171585 8464.3506927490234 123290.99940598011 25871.912136316299 11738.61617898941 11747.438719749451 19749.252913951874 438.17005741596222 391.83846426010132 3817.4109392166138 26771.462641000748 16840.969509840012 480.20628762245178 223.79980194568634 335.60027265548706 265.58950674533844 25756.933185815811 30167.752784729004 14744.431066989899 50883.821758270264 96.009095311164856 9805.6808514595032 64.593291521072388 25864.28119802475 8311.79057097435 33570.570540904999 1797.1341205835342 302.14213514328003 11065.826871752739 2220.1416515111923 4252.8503382205963 29179.847833156586 18802.733762741089 1220.1232423782349 13599.02979183197 8035.5419082641602 6430.6057367324829 1415.6237976551056 249.97912621498108 39858.720244884491 5297.1619005203247 26712.375433921814 387.89821243286133 805.03196406364441 35445.762567043304 810.43876993656158 174.62981247901917 6423.1335301399231 11758.285363197327
leaf_count=576 1397 4415 826 101 1387 1073 211 71 269 4004 6157 5998 1204 435 3107 71967 7866 714 2710 3130 186 130 409 5080 7375 252 105 171 87 6282 3155 4727 4560 38 3829 10 6926 1141 11450 865 52 6151 1151 2082 2122 1039 273 532 153 1491 156 24 8466 1412 1974 57 154 10415 243 26 713 698
internal_value=-0.000304642 0.0162238 -0.0423775 0.0310565 0.00277239 -0.0533362 0.0266661 -0.0156947 0.0604686 0.00954817 -0.00446718 -0.0208809 0.00644593 -0.0547058 -0.00758025 -0.0550302 -0.00910549 0.0327696 0.00449459 0.021943 -0.056313 0.0160008 0.0305147 0.0151185 -0.027943 -0.038297 -0.0238122 -0.0470041 -0.019732 0.000108498 0.0183838 -0.0155533 0.0239862 -0.0566942 -0.0292742 0.000390074 0.00133374 0.0176126 -0.0168271 -0.0354924 0.0188363 -0.0481149 -0.0421236 -0.0374383 0.0333709 0.0383204 0.00443766 0.0491449 0.0698263 0.00392854 0.0218443 0.000475055 0.00748431 -0.00671772 0.0263149 0.0206582 -0.00669779 -0.00467571 -0.00815871 0.00482233 0.0263576 0.0323572
internal_weight=815867 585753 230114 278572 307181 152413 242392 5369.39 36180.2 158673 148508 77700.2 101916 147044 96644.2 145911 85331.5 105741 86774.4 136651 125687 2232.23 75199.2 56756.9 28333.2 3137.16 1514.44 20224 775.82 35168.3 49917 23208.8 86734.1 123452 26646.7 160.602 51863.7 15142 49367 2235.3 29985.4 19448.2 8382.36 6472.99 44669.4 30541.3 25999.4 16373.4 19806.8 11312.7 2057.44 641.818 51606.2 9411.35 30529.8 1608.02 62122.7 36250.8 1034.24 440.219 6725.28 40938.1
internal_count=213780 98503 115277 23482 75021 86049 22427 1807 1055 32451 42570 29228 22602 84242 29157 83807 26269 7167 20074 15260 73066 381 5414 9849 11780 1426 600 10741 284 8898 6285 7834 8975 72015 11204 48 13413 2528 17448 1051 4769 10457 4306 3233 3031 1753 6487 633 422 2888 310 154 11176 2616 2383 330 18435 10569 348 113 765 2820
cat_boundaries=0 1 2 3 4 6 8 10 11 13 14 15 17 18 20 22 24
cat_threshold=1536 33636352 33636352 1087928 4076174904 33473 49642588 142848 3773922820 196661 16384 853638684 98439 39200 16384 621448672 38225 2187264 151519363 281880 604771554 195962 755794146 482648
is_linear=0
shrinkage=0.05


Tree=14
num_leaves=63
num_cat=12
split_feature=19 19 38 18 18 21 18 25 24 0 19 18 22 0 0 20 18 0 0 26 19 26 18 38 18 24 0 26 19 19 38 49 47 24 20 24 2 43 47 25 39 21 18 18 0 24 20 26 20 25 47 0 0 26 31 25 0 0 39 26 47 0
split_gain=209873 41065.8 21553.8 12436.9 5293.9 3771.01 2487.3 1909.73 1389.32 1039.97 820.823 705.42 653.669 627.075 563.11 433.137 429.635 429.528 420.1 632.837 385.295 379.695 367.334 333.154 332.957 298.829 277.939 249.872 239.689 238.736 236.809 222.325 214.767 213.668 206.755 206.719 201.673 198.746 189.855 180.534 180.076 189.938 179.944 179.344 176.444 166.195 162.555 160.971 157.138 151.249 155.003 149.911 147.659 146.931 145.206 142.206 142.274 141.941 135.735 133.205 131.575 126.651
threshold=3.2500000000000004 10.750000000000002 2.5000000000000004 27.250000000000004 5.1250000000000009 1.0000000180025095e-35 13.875000000000002 5.1120831803488551 44.051470588235304 0 2.7500000000000004 3.8750000000000004 0.062499999999999958 1 2 1.0000000000000002 3.6250000000000004 3 4 0.021027815109048203 22.250000000000004 0.011859916494805103 7.3750000000000009 1.5000000000000002 9.8750000000000018 2.1076426024955439 5 0.07241977126014891 13.750000000000002 1.7500000000000002 7.5000000000000009 14.407142857142858 -2.7415804409517581 44.051470588235304 1.4000000000000019 0.71763298620883775 0.70581670320594825 3.8500000000000005 -2.2151959736088283 6.5361703219115208 0.73214285714285732 114.00000000000001 6.6250000000000009 0.87500000000000011 6 0.68880611455108365 -3.1999999999999984 0.057323475393874959 7.2499999999999982 3.143669503351028 0.45145314370485773 7 8 0.12976504082489268 0.95198490658792256 5.0114216919400407 9 10 1.0000000180025095e-35 0.034579760025560159 -2.7415804409517581 11
decision_type=2 2 2 2 2 8 2 2 2 1 2 2 2 1 1 2 2 1 1 2 2 2 2 2 2 2 1 2 2 2 2 2 2 2 2 2 2 2 2 2 2 10 2 2 1 2 2 2 2 2 2 1 1 2 2 2 1 1 2 2 2 1
left_child=2 4 10 6 9 7 14 18 -5 15 29 23 17 32 28 16 57 43 19 -4 51 -9 -15 34 46 36 39 55 -3 -1 -14 45 -6 58 -11 -20 -23 47 -35 -22 -10 53 -34 61 -12 -21 -16 54 -48 -29 -51 -8 -31 -42 -37 56 59 -2 -19 -17 -18 -7
right_child=1 3 5 8 13 12 20 21 40 11 44 -13 30 22 24 27 60 33 35 31 26 25 -24 -25 -26 -27 -28 49 -30 52 -32 -33 42 38 -36 37 -38 -39 -40 -41 41 -43 -44 -45 -46 -47 48 -49 -50 50 -52 -53 -54 -55 -56 -57 -58 -59 -60 -61 -62 -63
leaf_value=-0.032429300642592196 0.004810147303735802 0.020909960239194243 -0.047992732538502288 0.044731714061448505 0.022311747489428112 -0.042537354214006007 0.030603593607433855 -0.030301066764276026 0.083364301057838708 -0.011505147465926093 -0.010632228531690671 -0.0030356937091614643 -0.043119868625347661 0.0042569723612364318 -0.0094106900104126319 0.001202927850876 0.01208539137114044 -0.057870680003071932 -0.054382579855134866 -0.034083623334589266 0.033623274732321282 0.037071052366190717 0.011380861281929777 -0.027831029097879635 0.019878158111007464 0.022214425990657104 0.029675976162305679 0.014160920130263255 0.026388160652328015 -0.018713417800019269 -0.014741322850077523 0.049690242129285564 0.0094198573937551138 0.065033526020295426 0 -0.011792722765912735 -0.051309013327218905 -0.050025271522801666 -0.045089354879406143 0.042733853874994066 0.05612412826902035 0.082932665208430831 0.015523569385045888 -0.016156599101578042 -0.017686836564845088 0.0022121727283781097 0.013189391543763777 0.020434090202798388 0.060829120419784714 0.029456971097775137 0.081272355254136799 0.025452383461849339 -0.02656654150002671 0.065203180673163913 -0.040375151391851292 0.016910537893401401 -0.0028980786369515519 -0.0075987521668992898 -0.047589049575487125 0.015985539066603532 0.0017707846632110326 -0.052414510357568035
leaf_weight=9867.9611647129059 2600.5178172588348 41273.620110750198 1342.1397660970688 17542.835514068604 6543.5907249450684 4974.0255805253983 33147.25218963623 553.49055016040802 1125.7586135864258 38333.350998401642 13255.000952720642 54943.131008625031 2195.4269819259644 49948.754889965057 796.45829844474792 2978.5791394710541 3507.2966692447662 104597.76124429703 3136.5667440891266 444.48790442943573 10228.971009254456 86.20399808883667 28379.186311244965 2905.4341276884079 49643.558437824249 2168.4645520448685 16176.556706428528 1060.9809331893921 38775.590785264969 10720.329368114471 1108.0386462211609 183.72536563873291 22765.757837057114 65.645120859146118 4346.8463916778564 664.78637981414795 248.44103276729584 1672.1183285713196 93.827672481536865 11709.18058013916 7612.4075298309326 1105.0135269165039 25746.550162315369 398.26796984672546 27656.221238136292 1078.8429616689682 24047.361810207367 164.07047116756439 173.4915919303894 525.77680468559265 199.46895170211792 26619.741827011108 14523.726485729218 11060.946273803711 1349.1547319889069 2547.4790251255035 4578.83633685112 19944.190871715546 3349.8010295629501 3121.3877735137939 26065.97280049324 15805.438006877899
leaf_count=4548 657 4657 720 670 801 2713 2162 245 21 12284 4518 15354 1098 11729 172 722 710 64676 1838 184 565 16 5356 1121 5239 317 962 214 3292 4169 465 41 4751 7 1082 296 114 885 41 586 183 19 4185 157 9926 319 3906 58 12 79 12 1945 5908 213 665 501 1161 6093 1913 643 6621 9263
internal_value=-0.000309197 0.0152286 -0.0418042 0.0286209 0.00228121 -0.0530663 0.0245882 -0.0274624 0.0551138 -0.00363276 -0.0202227 -0.00685032 -0.0555943 0.0097149 0.0206413 0.00118638 -0.00096893 -0.0561557 -0.0380003 -0.0222443 0.0308263 0.00713662 0.00683735 -0.0114492 0.0175051 0.0154257 0.0347567 0.00866954 0.023561 -0.0258312 -0.0336101 -0.00211117 0.0138047 -0.0574614 -0.0103333 -0.0447759 -0.0284849 -0.0370526 0.00033307 0.0384703 0.0638236 0.062707 0.0126596 -0.0494377 -0.0154085 -0.00839059 0.0128023 -0.0270724 0.0135333 0.0262185 0.0438073 0.0283192 -0.0232506 0.0615055 -0.0309533 0.00629734 0.0037637 -0.00616826 -0.0575521 0.00875512 0.0029946 -0.0500983
internal_weight=813786 592082 221704 291039 301043 145681 252592 13092.5 38447 167659 76023.2 100529 132588 133384 154710 67130.5 52118 129285 10035.9 3049.2 97881.7 3056.6 78327.9 45585.6 74660.9 2503.11 38114.7 15012.5 80049.2 35112 3303.47 1707.06 55055.9 108107 42680.2 6986.7 334.645 3850.13 159.473 21938.2 20904.1 19778.4 48512.3 21177.7 40911.2 1523.33 25017.3 2178.01 24220.9 1786.23 725.246 59767 25244.1 18673.4 2013.94 13226.3 10678.8 22544.7 107948 6099.97 29573.3 20779.5
internal_count=213780 98680 115100 24604 74076 86031 23498 5698 1106 47254 29069 29841 80333 26822 17278 17413 14081 78770 5006 1264 6220 692 17085 14487 9329 447 2113 3332 7949 14625 1563 544 9737 66637 13366 3742 130 1904 48 1151 436 415 8936 12133 14444 503 4090 1019 3918 305 91 4107 10077 396 961 3027 2526 6750 66589 1365 7331 11976
cat_boundaries=0 2 4 6 8 9 11 12 14 16 17 18 19
cat_threshold=48365072 1 48364056 65537 1390542360 164992 49084 65536 7340544 2196104304 158344 3269549576 552959100 33281 820895512 65536 48349184 16384 38688
is_linear=0
shrinkage=0.05


Tree=15
num_leaves=63
num_cat=16
split_feature=19 15 15 38 19 0 15 18 25 13 13 0 15 0 0 22 0 13 14 0 0 13 27 13 13 38 42 14 0 25 0 30 38 25 17 39 25 42 19 42 17 0 49 30 30 20 0 42 25 29 0 38 38 0 27 44 13 0 0 0 38 30
split_gain=194416 45588.9 11613.2 8607.42 6193.44 3147.65 2671.29 1542.56 1351.3 1208.74 1032.72 772.145 632.523 597.02 507.965 492.463 482.322 388.023 380.568 353.891 332.841 329.733 315.952 311.47 300.989 290.686 241.724 233.726 229.116 204.575 193.7 265.115 189.093 186.036 214.541 179.398 199.463 177.778 177.651 177.002 176.737 175.738 173.353 170.555 309.501 160.02 159.459 146.625 162.381 143.842 142.465 142.269 142.953 370.32 314.847 146.646 141.386 140.839 140.353 138.899 135.965 128.906
threshold=2.7500000000000004 7.3125000000000009 24.312500000000004 2.5000000000000004 5.7500000000000009 0 12.312500000000002 46.250000000000007 5.1984264468287211 3.5000000000000004 6.5000000000000009 1 2.5625000000000004 2 3 0.083333333333333273 4 4.5000000000000009 18.500000000000004 5 6 9.5000000000000018 1.0796307884856071 1.0000000180025095e-35 1.5000000000000002 1.5000000000000002 14.407142857142858 4.5000000000000009 7 26.156040021469618 8 0.75862504825077981 7.5000000000000009 5.7184807633204207 9.4769446906479704 0.22500000000000003 3.1292002295143959 3.0714285714285716 12.750000000000002 4.7214285714285724 6.2915286960589656 9 17.550000000000004 0.80242760022810333 1.6308394150214214 5.400000000000003 10 3.0142857142857147 8.6946318564515845 2.7352273103402625 11 7.5000000000000009 11.500000000000002 12 5.2432098564764411 27.250000000000004 20.500000000000004 13 14 15 1.5000000000000002 0.75862504825077981
decision_type=2 2 2 2 2 1 2 2 2 2 2 1 2 1 1 2 1 2 2 1 1 2 2 2 2 2 2 2 1 2 1 2 2 2 2 2 2 2 2 2 2 1 2 2 2 2 1 2 2 2 1 2 2 1 2 2 2 1 1 1 2 2
left_child=3 4 6 24 9 8 14 58 37 12 11 39 25 26 38 23 -9 27 28 61 -14 59 -10 29 57 41 30 60 -8 51 31 -7 -17 -20 -35 36 -11 43 -3 -6 50 -2 -31 -5 -45 -23 -19 48 -24 -33 -21 -15 -53 54 55 -54 -36 -1 -4 -16 -13 -12
right_child=1 2 7 5 10 13 18 16 22 35 19 17 20 15 21 32 -18 46 33 40 -22 45 47 -25 -26 -27 -28 -29 -30 42 -32 49 -34 34 56 -37 -38 -39 -40 -41 -42 -43 -44 44 -46 -47 -48 -49 -50 -51 -52 52 53 -55 -56 -57 -58 -59 -60 -61 -62 -63
leaf_value=-0.021957863643750908 -0.010969534476689823 0.018490307977928552 0.04385064611013198 -0.057048416835873819 0.018997045020708009 -0.058128013612788056 0.021731038577171055 0.071781716329547843 -0.052078380401399997 -0.011527562930074123 0.03713027324683181 -0.0067025872536847012 0.0030868096026603585 -0.046105081399338922 0.0078536011449612305 -0.042739473167683117 0.053707276664852865 -0.00018252034933593833 0.027014143560191439 0.0029675740758086603 -0.010323030715116531 0.017522542565595524 -0.020742941161991102 -0.010006183007871238 -0.019857586875126051 -0.028278410670432311 -0.018020111562390136 -0.00018585604530287981 0.027230999520956131 -0.044562548420866044 -0.051911694143732236 -0.043201362335093106 -0.011524431167139311 0.03301254818866952 0.031236264430837282 -0.0039527830053188223 0.023468899491617536 -0.052874595547879238 0.02376849052714429 0.0081451411296362825 0.025983782084432323 -0.018389292520017694 0.060517187169679104 -0.0029697353520765392 -0.052763423920496579 0.053346962779909191 0.0052510074570103656 0.028258528500622861 0.030292685419043792 -0.027648982345396745 0.0093345303031257612 -0.057091300791393698 -0.045122590998331276 -0.052357084840004744 0.12086897345057712 0.037566386804369661 0.063910278110550098 -0.031910450859900366 0.035096274848007585 0.013849526615146844 -0.023606519278339094 0.015897359382576217
leaf_weight=5105.4690049886703 12580.97612452507 36944.921266555786 8512.5387907028198 381.96086633205414 6322.0581409931183 1743.164294719696 29320.781467914581 4837.274600982666 165.521897315979 606.84935998916626 752.07404017448425 13937.686511993408 5271.2244122028351 3201.0174342393875 14831.631935596466 1452.7629442214966 20020.448461532593 21943.887055635452 14340.205640792847 12185.537817001343 37859.890794992447 50270.401909351349 388.71830749511719 362.63914942741394 15442.047558307648 5325.4303584098816 742.88369452953339 23346.604254722595 57202.064177036285 90.914085388183594 10051.938008904457 3197.7454432249069 730.34268724918365 20737.031027793884 507.80645132064819 54818.918294668198 1232.2763175964355 1118.3050686120987 28111.727113723755 9274.7494821548462 1342.9875679016113 22520.692750692368 67.500177621841431 947.34846270084381 464.64012038707733 313.04647302627563 35104.38022518158 1457.4295449256897 258.7278573513031 2800.7376209497452 31815.010895013809 106674.51362192631 143.95259666442871 1512.4573051929474 51.798748970031738 84.119956374168396 972.71669673919678 13875.833421468735 12053.077482700348 28349.582910060883 1300.1911454200745 14472.814221858978
leaf_count=2211 4321 4543 341 210 918 1073 2269 95 71 163 79 4029 1360 1881 2715 757 431 5517 881 2690 12425 5899 130 153 6062 2257 283 6045 3885 38 6111 1793 321 1145 31 15757 211 634 2436 2039 144 8264 10 314 245 23 8229 156 24 1398 6416 68817 87 941 11 36 44 6352 514 4644 431 2470
internal_value=-0.000312361 0.0123976 0.0254332 -0.0474154 -0.00127767 -0.0529917 0.0216525 0.0488952 -0.0146535 -0.0090752 0.00508643 0.00222569 -0.0128979 -0.0544813 0.0173675 -0.0558542 0.057278 0.000542458 0.0271816 0.0103398 -0.00868569 0.0150039 0.0142291 -0.056317 -0.0250449 -0.0173914 -0.045982 -0.00333004 0.0253732 -0.056467 -0.0471739 -0.0408957 -0.032309 0.0314608 0.0343294 -0.00343731 0.0119185 -0.0372196 0.0207683 0.0125371 0.00811841 -0.0157388 0.000279223 -0.0274339 -0.0193845 0.0177454 0.00316181 0.0194679 -0.00032547 -0.0359465 0.00757428 -0.0565476 -0.0568553 -0.0427808 0.010447 -0.0145717 0.0527354 -0.0292634 0.0387605 0.0117955 -0.00814672 0.0169378
internal_weight=811854 639339 327325 172514 312014 138091 281902 45423.3 5182.65 140216 171798 111230 83558.2 132908 158821 114372 24857.7 95632.7 123081 60568.4 43131.1 93764.7 2270.4 112189 34423.3 40427.1 18536.5 38584.5 86522.8 111826 17793.6 7741.65 2183.11 36557.8 22217.6 56658 1839.13 2912.25 65056.6 15596.8 45343.5 35101.7 158.414 1793.95 1411.99 50583.4 57048.3 2104.88 647.446 5998.48 44000.5 111668 108467 1792.33 279.871 228.073 1480.52 18981.3 20565.6 43181.2 15237.9 15224.9
internal_count=213780 113661 29896 100119 83765 85494 28515 1381 1784 44758 39007 27208 28627 83710 20260 73052 526 24251 8255 11799 13785 13281 381 71974 14625 14842 10658 10505 6154 71821 10375 4264 1078 2101 1220 16131 374 1403 6979 2957 9250 12585 48 769 559 5922 13746 310 154 3191 9106 71773 69892 1075 134 123 75 8563 855 7359 4460 2549
cat_boundaries=0 1 2 3 4 6 7 8 10 11 12 14 16 18 19 20 22
cat_threshold=1536 33636352 1087928 48332312 10567680 40 547441156 81920 1292501443 334326 39200 2195840520 755630531 425244 151650688 424704 0 196608 820335360 4070948864 755499395 279578
is_linear=0
shrinkage=0.05


Tree=16
num_leaves=63
num_cat=13
split_feature=19 19 19 38 15 0 15 16 25 13 15 0 0 0 42 15 13 0 13 26 0 0 37 13 13 26 24 13 0 0 26 25 0 24 24 38 14 25 0 24 42 14 26 0 26 25 25 24 24 2 47 13 25 0 25 13 44 2 24 26 24 25
split_gain=181128 40232.5 10024.9 8698.73 5584.99 3157.83 2326.4 1392 1376.57 1306.35 827.102 539.883 514.821 511.938 681.581 459.483 427.157 383.238 368.997 341.603 339.555 328.057 349.821 326.545 313.98 293.157 459.958 288.959 272.495 264.783 264.048 259.909 247.215 245.003 217.855 220.476 200.396 199.371 197.556 188.791 175.322 173.414 166.645 166.128 155.785 172.663 313.241 249.034 569.152 186.126 149.32 196.557 146.473 146.429 145.47 144.111 142.548 142.547 137.636 239.413 410.854 188.079
threshold=2.7500000000000004 9.2500000000000018 30.500000000000004 2.5000000000000004 4.0625000000000009 0 12.062500000000002 49.475000000000009 5.1120831803488551 3.5000000000000004 5.5625000000000009 1 2 3 14.407142857142858 2.6875000000000004 8.5000000000000018 4 16.500000000000004 0.021027815109048203 5 6 2.5000000000000004 1.0000000180025095e-35 1.5000000000000002 0.022352341910671505 0.79852133160956706 1.5000000000000002 7 8 0.011859916494805103 3.143669503351028 9 1.5900550855793825 44.051470588235304 7.5000000000000009 8.5000000000000018 3.143669503351028 10 0.71763298620883775 4.6785714285714297 1.5000000000000002 0.096426934606214612 11 0.028804294136259453 3.0168614574289605 3.225608871412931 2.5755090497737565 2.6032868275515337 0.99635443704902704 -2.352599585020648 11.500000000000002 6.736241822416539 12 3.161478875374879 25.500000000000004 29.550000000000004 -0.78574730703237861 1.5661136249371548 0.05833824819284391 5.9604147214441339 5.0851340877949331
decision_type=2 2 2 2 2 1 2 8 2 2 2 1 1 1 2 2 2 1 2 2 1 1 2 2 2 2 2 2 1 1 2 2 1 2 2 2 2 2 1 2 2 2 2 1 2 2 2 2 2 2 2 2 2 1 2 2 2 2 2 2 2 2
left_child=3 4 6 27 9 8 12 43 25 11 20 -2 50 14 23 24 36 -9 32 -16 -6 22 -11 28 41 -5 -27 -1 39 -12 -10 -24 -8 56 35 -15 -14 -21 -20 -7 58 -13 -33 52 -41 -46 54 -48 -49 -50 -3 -52 -4 -17 -47 -45 -28 -36 -30 -60 61 -61
right_child=1 2 7 5 10 13 18 17 30 21 29 15 16 34 19 53 -18 -19 38 37 -22 -23 31 -25 -26 26 33 -29 40 -31 -32 42 -34 -35 57 -37 -38 -39 -40 44 -42 -43 -44 55 45 46 47 48 49 -51 51 -53 -54 -55 -56 -57 -58 -59 59 60 -62 -63
leaf_value=-0.028456137657868159 0.0036972666734575946 0.027472686395160054 0.028559650049359703 -0.051666867947595257 0.0050152057651723283 -0.057915367998010482 0.0346919097577435 0.065145876807811504 -0.03702768104088712 0.00017702301397409304 0.011853689595401151 -0.030848118690127803 0.0043793249527718471 -0.044682951277077554 -0.04209515253689846 -0.0070030416143444189 0.016007344021510449 0.049570995759624703 0.024646921940466658 -0.016450467820118296 -0.0015483464903242273 -0.0052419420034105838 -0.0026844714831735271 -0.011992699434862579 -0.014010516851180564 -0.057825035366427059 0.0096199754312699982 -0.019155183674574427 -0.053620612950996183 0.0061232240638093294 0.016545025514829365 0.026068834234836493 0.02193176668592783 -0.047185879801513349 0.055959232151405705 -0.056953521855673699 0.012593825003332016 0.039071016326193177 0.030616907744384143 -0.044862040975723702 -0.057298752811777959 -0.018979299967685114 0.0795498599332298 0.023952208657540251 -0.04275369966595851 0.011353040788219674 -0.053273388952503997 0.11053358438868562 -0.055996105720741221 0.060727933998571605 0.016917949414879795 0.023795446652225265 0.045095554221122464 -0.01279779639476194 0.10720156059370144 0.035448560886830294 -0.043881928643781563 -0.041994111987287572 -0.046778293343794818 -0.0020572303643016944 0.10583512549929824 -0.058582281124631978
leaf_weight=18556.055722355843 4992.3396162986755 5899.4265031814575 1684.4396042823792 1786.456912279129 34725.633956193924 1345.8491812944412 4085.8967590332031 5320.26611328125 255.73104286193848 15964.198937177658 33261.583923816681 4933.2967913150787 13451.534734487534 3842.5293926000595 496.62144958972931 23573.06852388382 72499.646152257919 19654.701173782349 25401.51175069809 304.12714838981628 45527.038578271866 35924.85849571228 850.36088395118713 548.44133508205414 27003.305561065674 685.12559616565704 982.18215417861938 15213.846731424332 6099.9745291471481 51438.103273630142 2208.6912974119186 1583.4674887657166 67784.777648448944 311.75446164608002 69.580933809280396 89739.394001364708 16580.395818710327 343.00634562969208 32836.90910243988 2670.6420327425003 13324.01631128788 8217.2114238739014 159.94195413589478 3602.0455195903778 965.88611614704132 350.58704900741577 518.43143248558044 87.925654172897339 206.93562161922455 39.968817472457886 33653.149676561356 15051.381578445435 6709.6328678131104 20476.365980148315 43.707620859146118 11377.059878826141 141.53965950012207 77.383461475372314 3958.396654009819 332.24849367141724 63.370768904685974 263.55446124076843
leaf_count=8563 1311 484 81 1035 8098 869 227 103 117 4314 5995 2135 2709 2266 278 7539 8906 405 1589 116 12239 10441 194 230 9619 418 302 6062 3880 11136 341 244 5048 162 8 60848 2644 64 1829 1533 8939 3219 12 188 556 172 304 21 123 9 4107 1269 255 6859 13 462 73 34 2424 178 12 169
internal_value=-0.000313987 0.0116817 0.0236643 -0.0469139 -0.0013478 -0.0527047 0.0201187 0.0447283 -0.0182591 -0.00855462 0.00492954 -0.0122808 0.0160239 -0.0544448 -0.0488444 -0.0132271 0.0139287 0.0529374 0.0250639 -0.0109423 0.00129212 -0.00245421 0.00294329 -0.0502663 -0.0170974 -0.0367425 -0.024149 -0.0242668 -0.0509591 0.00837587 0.010971 0.019972 0.0226656 -0.00804352 -0.0563487 -0.0564502 0.00891492 0.0129853 0.0280231 -0.0412455 -0.0534348 -0.0234342 0.0310209 0.0359545 -0.0367245 -0.026888 -0.014576 -0.0315983 0.00200589 -0.0369119 0.0199515 0.0190439 0.041732 -0.00970157 0.0222348 0.0326643 0.00284361 0.0044133 -0.0486757 -0.0421321 -0.0141949 -0.0271258
internal_weight=810058 644224 335593 165834 308631 132064 287245 48348.1 6371.48 143678 164952 89195.6 157136 125693 31963.7 84203.2 102532 24975 130109 1143.75 80252.7 54482.8 18558 30819.9 40153.8 3907.06 2120.6 33769.9 30271.5 84699.7 2464.42 2593.77 71870.7 1435.48 93728.9 93581.9 30031.9 647.133 58238.4 6229.93 24041.6 13150.5 1743.41 23373.2 4884.08 2213.44 1247.56 853.262 334.83 246.904 54604 48704.5 8394.07 44049.4 394.295 14979.1 1123.72 146.964 10717.5 4617.57 659.174 595.803
internal_count=213780 113661 30306 100119 83355 85494 28812 1494 2448 45887 37468 30682 20119 83046 19890 29371 14259 508 8693 458 20337 15205 4764 19432 14973 1990 955 14625 19202 17131 458 450 5275 537 63156 63114 5353 180 3418 3600 15602 5354 256 986 2731 1198 642 457 153 132 5860 5376 336 14398 185 650 375 42 6663 2783 359 347
cat_boundaries=0 1 2 3 5 6 8 9 10 12 13 15 16 18
cat_threshold=3584 16384 44136984 3207612 65536 11100160 48364092 129 48323601 37152 14774332 197248 16384 1561231846 367889 3794124800 3270754061 204929
is_linear=0
shrinkage=0.05


Tree=17
num_leaves=63
num_cat=15
split_feature=19 15 38 15 19 21 15 30 26 30 15 0 42 13 22 0 13 0 16 0 39 26 39 13 14 30 16 30 0 13 16 27 14 0 13 43 0 30 26 13 0 30 26 19 0 30 26 0 38 0 42 13 30 0 1 20 38 30 13 0 0 3
split_gain=168780 35597.7 8781.37 8519.35 5105.7 4001.64 1862.86 1268.95 1079.29 1103.38 1025.96 859.82 806.2 668.875 510.463 495.035 466.626 404.532 333.758 299.493 295.957 284.552 302.288 276.678 267.867 255.387 234.667 227.709 219.656 211.664 202.176 202.074 199.468 194.691 194.566 194.042 189.347 188.378 187.706 173.833 167.475 162.987 203.997 154.885 152.581 206.957 384.641 151.38 149.22 146.065 144.261 144.772 141.6 140.451 139.198 133.588 133.276 131.899 129.444 129.312 129.254 122.641
threshold=2.7500000000000004 7.3125000000000009 2.5000000000000004 23.312500000000004 5.2500000000000009 1.0000000180025095e-35 12.062500000000002 42.771357572523435 0.014280261795293602 1.21061441258555 3.0625000000000004 0 14.407142857142858 5.5000000000000009 0.083333333333333273 1 2.5000000000000004 2 1.0000000180025095e-35 3 0.22500000000000003 0.062340639178184457 0.22500000000000003 1.5000000000000002 1.5000000000000002 3.2317395428840192 4.3416666666666677 2.4934768013295696 4 14.500000000000002 1.0000000180025095e-35 10.33279220779221 9.5000000000000018 5 9.5000000000000018 28.350000000000005 6 0.75862504825077981 0.060036606398629462 1.0000000180025095e-35 7 1.044136750931705 0.019015815036661502 22.250000000000004 8 5.6445552514832826 0.05833824819284391 9 7.5000000000000009 10 4.6785714285714297 7.5000000000000009 5.4314608114217418 11 12 4.9000000000000012 2.5000000000000004 5.9532339483361074 3.5000000000000004 13 14 -0.61559370248597534
decision_type=2 2 2 2 2 8 2 2 2 2 2 1 2 2 2 1 2 1 10 1 2 2 2 2 2 2 10 2 1 2 10 2 2 1 2 2 1 2 2 2 1 2 2 2 1 2 2 1 2 1 2 2 2 1 1 2 2 2 2 1 1 2
left_child=2 4 23 6 10 8 17 49 27 12 16 21 37 26 15 41 24 32 25 43 40 50 -23 53 56 28 58 -4 -11 -21 -16 39 -3 -26 -19 -33 -12 61 52 48 -18 -7 -43 -8 -44 -46 -47 57 -17 -5 -6 -52 59 -1 -9 -34 -2 -29 -13 -15 -22 -10
right_child=1 3 5 7 11 14 19 54 9 18 36 13 -14 38 30 31 20 34 -20 29 60 22 -24 -25 33 -27 -28 47 -30 -31 -32 35 55 -35 -36 -37 -38 -39 -40 -41 -42 42 44 -45 45 46 -48 -49 -50 -51 51 -53 -54 -55 -56 -57 -58 -59 -60 -61 -62 -63
leaf_value=-0.020243196098535355 -0.02165686333383365 0.014724913236220549 -0.052472265603910752 0.038194594958947073 0.015663577257891623 -0.056444237139788613 0.024918056063300283 0.053035809171598169 -0.027531873667447172 -0.033303819220259372 -0.00012575571100094493 -0.010843008959052776 0.02280145531992904 -0.0029087731250514032 -0.0074674714763629082 -0.045201255999655153 0.020515154678679072 0.0089435588739494414 -0.035469867738262759 0.018545072989510036 -0.007047855342449178 0.055057645282417966 0.015177369912340012 -0.018467002383217575 0.0018276604383506301 0.033453910209979072 0.00047088056932716518 -0.014809808120507939 0.0078593807329828888 0.023592722046551447 -0.040886238763563593 -0.045251901435630376 0.018914251018981715 -0.015380421461288327 0.014668305347028739 0.066740587473426025 -0.0057803819929379179 -0.022265731372326032 0.0095734592256218713 -0.017682202371750878 -0.0042531561947185209 -0.053833598424646023 -0.027331180573201799 0.031683724789853547 -0.046174363219088438 -0.034748686657621215 0.09714852339859259 -0.039201626195246891 -0.057682964952071536 0.030703819057116184 0.0049408882449872675 0.012141780654783593 0.0072105727527766172 -0.030358743524033588 0.044560606699994829 0.036146424548160416 -0.03850808661963432 0.070704409339399824 -0.0025677020245051824 0.0039659459004202533 -0.01279225244943185 -0.058171856479928986
leaf_weight=4915.0557141304016 6644.8475497961044 43995.846575498581 2885.5705115795135 11999.148154258728 5303.3661139011383 3744.8173282146454 31065.86874294281 13805.443239212036 407.93365967273712 364.94925236701965 23895.703098058701 9075.827047586441 520.98451566696167 10170.43545460701 606.63355469703674 2482.6564267873764 1248.071583032608 28236.779051065445 459.60921120643616 34210.408653259277 19912.795019388199 496.59060454368591 10685.656034231186 14997.422951698303 1773.1060602664948 861.15107655525208 32422.651147127151 485.38437128067017 2340.8822689056396 53029.019929409027 1791.5793756246567 96.783436894416809 51233.044427871704 23334.930013895035 31321.386393547058 62.984887838363647 38939.616964817047 697.26766788959503 19511.454937696457 278.29478967189789 1487.0015881061554 3894.2065845727921 2006.322745680809 11664.025536060333 5644.4692865610123 236.13829052448273 71.071941494941711 1212.3935115337372 93408.66895198822 16446.970617771149 26608.424609899521 9464.986517906189 18808.22459769249 13238.039020180702 9327.1515941619873 1150.9085440635681 1428.3704048395157 48.696844339370728 9863.5512628555298 20841.399043798447 19500.812332391739 1710.0912842750549
leaf_count=2211 2643 5760 1809 451 803 2522 1951 256 257 177 6583 2753 127 2430 275 1589 233 4969 230 2710 6473 37 1852 6062 502 96 8326 242 580 3359 1003 43 5177 8729 3746 7 11726 304 4009 126 422 2562 1136 589 3660 140 15 650 66783 663 5973 1545 4129 6352 186 79 699 15 2621 4617 6660 1146
internal_value=-0.000314401 0.0110115 -0.0464008 0.022261 -0.00117969 -0.0524115 0.0188867 0.0409646 -0.0249336 -0.0130337 -0.0083488 0.00453751 -0.0342934 0.00221226 -0.0552942 -0.0557835 -0.0122839 0.0152018 0.00458422 0.0233077 -0.00879167 0.00987454 0.0169536 -0.023496 -0.0167193 0.00975513 -0.00211206 -0.0438412 0.00220139 0.0216111 -0.0324416 -0.0571465 0.0172065 -0.0141704 0.0119525 -0.000929894 -0.00363103 -0.0448652 0.00541616 -0.0572458 0.00711012 -0.0472954 -0.0444397 0.0267594 -0.0398361 -0.0439256 -0.00400234 -0.0295561 -0.0573603 0.0338892 0.0079633 0.00683069 0.00378774 -0.0276493 0.0496631 0.0192936 -0.0246433 -0.00675949 -0.00653389 0.00171152 -0.00989544 -0.0522887
internal_weight=808374 648904 159470 337486 311418 126320 285907 51578.7 11994.9 7362.87 138165 173253 3336.28 120694 114325 111926 75329.9 155938 4026.59 129969 42148.7 52559 11182.2 33150.5 33181.3 3566.98 51362 4632.05 2705.83 87239.4 2398.21 96329.4 96379.8 25108 59558.2 159.768 62835.3 2815.29 69331.5 96169.6 2735.07 15597 11852.2 42729.9 7958 5951.68 307.21 1746.47 95891.3 28446.1 41376.8 36073.4 49820.1 18153.1 23132.6 52384 8073.22 534.081 18939.4 31011.8 39413.6 2118.02
internal_count=213780 113661 100119 29896 83765 85494 28340 1556 5633 2917 44670 39095 1834 28885 79861 78583 26361 19731 1083 8609 13788 10210 1889 14625 12573 853 13700 2716 757 6069 1278 68548 11016 9231 8715 50 18309 1707 15185 68498 655 10035 7513 2540 4951 3815 155 907 68372 1114 8321 7518 11176 8563 442 5256 3342 257 5374 7047 13133 1403
cat_boundaries=0 2 4 6 7 8 9 11 13 14 15 17 18 19 21 23
cat_threshold=44165120 65536 40892 65536 1123417720 32897 44137528 1003520 16384 2195814156 3 2362392 2 288 245760 3802521600 136 820335360 1720 151126458 458496 4076437273 5
is_linear=0
shrinkage=0.05


Tree=18
num_leaves=63
num_cat=12
split_feature=15 15 38 15 15 21 15 25 20 15 20 0 15 22 0 26 42 24 13 0 26 13 0 25 26 0 15 26 0 21 0 24 24 2 26 0 43 16 24 16 24 26 25 43 0 16 0 25 25 24 26 25 25 26 0 0 25 47 16 43 31 39
split_gain=154316 33341.3 8477.44 7809.17 4349.18 4099.02 1994.76 1550.85 1268.48 1127.65 988.05 682.135 640.867 575.117 527.38 418.939 448.172 442.26 418.503 414.669 397.626 370.515 358.456 330.995 282.088 281.325 271.672 260.089 256.696 236.213 231.375 215.698 199.927 195.021 183.55 182.623 174.461 172.207 170.247 169.373 168.957 204.948 168 166.551 166.313 158.103 153.276 242.829 531.389 193.619 330.067 188.929 452.392 149.216 148.688 146.871 146.066 141.371 139.639 136.106 174.136 135.307
threshold=1.4375000000000002 6.9375000000000009 2.5000000000000004 23.062500000000004 3.5625000000000004 1.0000000180025095e-35 11.062500000000002 5.1120831803488551 1.0000000000000002 44.687500000000007 0.50000000000000233 0 2.3125000000000004 0.12499999999999996 1 0.0035305698511303506 14.407142857142858 0.71763298620883775 5.5000000000000009 2 0.025070470316900705 16.500000000000004 3 5.0851340877949331 0.054739391581218509 4 4.9375000000000009 0.011859916494805103 5 31.500000000000004 6 2.1076426024955439 44.051470588235304 0.70581670320594825 0.053211930289967159 7 28.350000000000005 8.5208333333333339 1.460639189886481 1.0000000180025095e-35 0.9987745098039218 0.019015815036661502 3.1292002295143959 3.2500000000000004 8 0.17424242424242423 9 5.1120831803488551 5.0851340877949331 5.6699670385395544 0.05833824819284391 3.225608871412931 3.0229001902526753 0.072995970624649117 10 11 3.0431993085249114 -2.7415804409517581 4.3416666666666677 2.9500000000000006 0.95198490658792256 0.22500000000000003
decision_type=2 2 2 2 2 8 2 2 2 2 2 1 2 2 1 2 2 2 2 1 2 2 1 2 2 1 2 2 1 8 1 2 2 2 2 1 2 8 2 10 2 2 2 2 1 10 1 2 2 2 2 2 2 2 1 1 2 2 10 2 2 2
left_child=2 4 10 6 8 7 19 15 12 -5 -1 26 35 14 40 -4 17 -17 58 29 59 30 -11 25 44 53 -6 -9 57 55 -8 33 45 -29 -25 -2 -34 -31 -18 -15 -7 -42 -26 -22 56 -16 47 48 51 -48 -51 52 -43 -10 -23 -3 -12 -14 -13 60 -19 -58
right_child=1 3 5 9 11 13 21 27 23 22 24 18 28 39 32 16 38 20 -20 -21 43 54 -24 34 42 -27 -28 31 -30 37 -32 -33 36 -35 -36 -37 -38 -39 -40 -41 41 46 -44 -45 -46 -47 49 -49 -50 50 -52 -53 -54 -55 -56 -57 61 -59 -60 -61 -62 -63
leaf_value=-0.026896499045720109 -0.012239841328892428 0.021869344294325285 -0.055553698862370632 0.030345643439665324 0.0028146804532525344 -0.056309743623785262 0.029194956150005433 -0.026515473019748673 0.0081536809103397619 0.056613069377331939 -0.017421401129238775 -0.0047951283443039457 0.0065380396400771985 -0.0071109365346026842 -0.057579442807831255 -0.052044459696687695 0.015529953139568994 0.0008234088021714138 0.0038991230075877377 0.0093566108079532317 0.0049006439876320392 0.02699896144772574 0.041919103815677219 0.011247462149587682 0.0002333187958787745 -0.0045127858665043692 0.0093446781765504847 0.037910325258388673 -0.011880158247367784 0.0085855846264738678 0.018635978389469645 0.018331155912655297 -0.044655559107889105 -0.050390574323473859 0.039810589517424382 -0.019486963874696159 0.061209990903249425 0.014907118698862612 -0.040967886305246504 -0.038343983215557931 -0.053416107785480366 -0.042145929645913793 0.036246482391933975 -0.038231193366455349 -0.018601005603932477 -0.046727919939567097 -0.045604222476204485 -0.057911472669512666 0.097441992336830985 -0.034289418146488206 0.084675007819312531 -0.053557499815668569 0.025233875056023338 0.038293317699424012 0.021834620290654021 0.015670260935804214 0.016075386687238492 -0.0064735615021829567 -0.00024160222249795116 -0.047890352747369629 -0.038464561600087696 -0.0082989905659438153
leaf_weight=18497.060133576393 13554.994842410088 12370.059527397156 1904.6533097028732 26223.305951118469 27615.983924627304 3574.3340756893158 5560.7720222473145 497.93569004535675 2750.4635565280914 5395.4745101928711 1085.1910654306412 30977.019002199173 2250.0651571750641 558.04225480556488 88410.360695242882 2154.1026182174683 695.69773972034454 441.17189574241638 44973.392381429672 50780.534605264664 1189.926788687706 27139.669120788574 22194.353313446045 2178.2615714073181 768.28204250335693 9150.614351272583 37645.050969600677 85.50496506690979 32814.456661701202 19200.842496395111 93838.41654920578 2252.2440960407257 93.274925947189331 225.31734275817871 758.29718089103699 25126.83956182003 65.270755052566528 24577.151121616364 163.88603365421295 1967.6560611724854 3775.3698573112488 576.06861007213593 559.16996073722839 274.59556639194489 2935.5225651264191 3523.3031650781631 5504.9729826450348 475.16146731376648 94.18459689617157 237.11036372184753 76.208903431892395 402.34377241134644 437.36275029182434 482.1364586353302 30697.820447921753 45153.761383056641 1234.203980922699 28710.857362270355 36886.760895490646 1229.2724868059158 779.50648927688599 1055.0986449718475
leaf_count=8807 5059 1217 1280 1064 6750 2524 308 246 642 97 385 8935 565 255 66316 1491 211 208 10203 8226 395 1488 441 465 249 2490 7217 16 11211 3190 7216 317 43 114 74 10118 7 2980 92 1112 2592 353 100 149 1099 2361 3699 307 23 144 16 256 208 62 1876 5575 289 9239 9839 745 440 384
internal_value=-0.00031389 0.0100419 -0.046488 0.0201935 -0.00241743 -0.052038 0.0171351 -0.0241532 -0.0098719 0.0377728 -0.0206496 0.00251224 -0.0118784 -0.055059 -0.0556147 -0.034781 -0.0290623 -0.0338479 0.000158575 0.0130521 -0.0238224 0.0210841 0.0448305 0.00354684 -0.00551822 -3.22144e-05 0.00658059 0.00651379 -0.00879827 0.0149021 0.0192318 0.0129403 -0.0570612 -0.0260399 0.018636 -0.0169561 -0.000930562 0.0121349 0.00471732 -0.0314507 -0.0467515 -0.0438362 0.015423 -0.00320366 -0.0099262 -0.0571641 -0.0391944 -0.0266326 -0.0169307 -0.0433539 -0.00516036 -0.0246063 -0.0130659 0.0126219 0.0242669 0.0170103 -0.00231315 -0.00552582 -0.00232021 -0.0361394 -0.0242721 0.00484077
internal_weight=806807 659007 147799 363132 295875 121665 309319 11893.8 117777 53813.1 26134.5 178098 102457 109771 107245 8832.81 6928.16 6068.58 112837 152082 3914.47 157237 27589.8 15319.8 7637.47 12383.2 65261 3061 63775.4 101302 99399.2 2563.07 92092.2 310.822 2936.56 38681.8 158.546 43778 859.584 2525.7 15153.1 11578.8 1327.45 1464.52 6310.02 91933.7 7803.41 1985.12 1509.96 5818.29 313.319 1415.78 1013.43 3232.6 57837.5 57523.8 3374.49 30960.9 67863.8 2449.95 1220.68 2289.3
internal_count=213780 116547 97233 33678 82869 85920 32076 5704 39925 1602 11313 42944 36192 80216 78849 5011 3731 3428 28977 21188 1937 10888 538 3733 2506 3194 13967 693 21015 12962 7524 447 68727 130 539 15177 50 6170 303 1367 10122 7598 349 544 2157 68677 5006 1147 840 3859 160 817 561 704 3364 6792 1058 9804 18774 1393 648 673
cat_boundaries=0 2 4 6 8 10 12 13 14 16 17 19 20
cat_threshold=44166684 1 40892 65536 3539336828 643 10575872 8 49332225 4 3539074828 65537 16384 1356955400 2465029272 65542 288 2729541400 25262 2113536
is_linear=0
shrinkage=0.05


Tree=19
num_leaves=63
num_cat=5
split_feature=19 19 38 19 15 1 25 19 13 25 18 42 38 2 25 50 26 24 39 13 24 26 1 27 13 13 26 1 27 25 50 43 3 24 2 13 26 24 15 24 44 44 29 18 1 44 26 20 42 26 43 26 43 43 29 50 13 29 44 25 1 24
split_gain=146643 27989.3 8890.32 6396.95 4185.01 2280.26 1553.91 1508.61 949.651 870.455 783.851 566.078 382.413 376.606 330.322 271.481 275.964 385.883 270.221 263.351 260.345 395.989 488.134 307.024 254.609 248.27 248.178 237.373 232.176 225.399 218.636 216.029 389.394 264.444 214.829 214.216 211.581 198.326 193.058 180.029 247.962 215.406 179.513 167.862 166.003 163.972 162.051 201.492 158.521 155.601 154.796 149.259 149.11 221.947 139.248 136.729 133.858 128.924 125.184 128.809 119.702 116.623
threshold=2.7500000000000004 9.2500000000000018 2.5000000000000004 30.500000000000004 3.8125000000000004 0 5.1120831803488551 14.250000000000002 3.5000000000000004 13.095960753842556 5.6250000000000009 5.007142857142858 1.5000000000000002 0.29696027566504674 5.1120831803488551 10.750000000000002 0.022090530794665202 0.79852133160956706 0.22500000000000003 10.500000000000002 3.7451018099547517 0.022534799417851904 1 5.2432098564764411 1.5000000000000002 1.0000000180025095e-35 0.022934691305066802 2 1.0796307884856071 3.143669503351028 23.450000000000006 3.5000000000000004 -0.70581670320594803 1.2892769607843138 0.8542199457734333 5.5000000000000009 0.057013797354072505 1.5900550855793825 0.43750000000000006 1.3614361515215407 23.150000000000002 16.600000000000005 4.5637962691458887 93.750000000000014 3 26.350000000000005 0.033163400982608407 5.900000000000003 4.7214285714285724 0.023521309113564204 11.100000000000003 0.05833824819284391 21.650000000000002 22.650000000000002 2.2798260546013762 14.350000000000003 4.5000000000000009 4.3780754357226419 27.350000000000005 8.4295901173448318 4 0.64800579322638152
decision_type=2 2 2 2 2 1 2 2 2 2 2 2 2 2 2 2 2 2 2 2 2 2 1 2 2 2 2 1 2 2 2 2 2 2 2 2 2 2 2 2 2 2 2 2 1 2 2 2 2 2 2 2 2 2 2 2 2 2 2 2 1 2
left_child=2 4 24 7 8 6 15 19 12 -5 34 28 26 20 51 38 -17 -18 29 27 -7 -22 23 52 -1 30 -2 48 -8 -10 31 32 36 -34 56 -29 -15 -19 -4 40 41 -35 -31 -11 -28 49 -16 -48 -3 -32 -33 -9 -23 54 -54 -43 -6 -12 59 -30 -14 -20
right_child=1 3 5 9 10 13 11 14 18 43 57 -13 60 25 46 16 17 37 61 -21 21 22 -24 -25 -26 -27 44 35 58 42 45 50 33 39 -36 -37 -38 -39 -40 -41 -42 55 -44 -45 -46 -47 47 -49 -50 -51 -52 -53 53 -55 -56 -57 -58 -59 -60 -61 -62 -63
leaf_value=-0.026102936118253674 -0.015260429376329966 0.023831057033959227 -0.053335699163860766 0.028413848934670589 -0.0031554980565259719 -0.057416623475647632 -0.036068432050203762 0.01265953984820236 -0.0049711304321233048 0.038721291094374527 0.0052205114805904283 -0.045257357789256172 -0.015627256259097323 -0.01554847666373502 0.014805398864508818 -0.04943955250319728 -0.057136147944028028 0.0087662418449968565 0.018171568319476968 0.015528240112564835 -0.053716464079773096 -0.037691074124535602 -0.049598486410295302 0.058091633461255079 -0.017147195896071381 0.012414750383338807 -0.0011896113058563228 0.0030970342388377866 -0.020282021999204532 0.0077891677915774135 -0.04759107603197707 -0.056149559293661944 -0.056108131719516313 -0.053494399339884972 0.0047143594808186908 0.011042048690162905 0.074663102104608692 -0.045944902341378997 -0.018801436475228271 -0.043873724541541863 -0.05810411913278845 0.039137058637840783 0.033769304716836868 0.046810507201192002 -0.0096637125562564329 -0.057500061736614108 0.022649359800262048 0.039400709714606012 0.013422595004514648 0.0047754118389741673 -0.046863349758415225 0.018739746249071775 0.12768191391131331 -0.03578100724795804 0.022120094428712919 -0.057316173173425633 0.0011035742458982785 0.0091170477690897742 0.023423519581781332 0.02381034664245817 -0.028744365059302213 -0.0038982677301205321
leaf_weight=17429.783010601997 19201.867183923721 5065.1671051979065 3845.3639875650406 23096.309015274048 32655.928112268448 58488.743388772011 237.70768666267395 12163.516676664352 1672.1665337085724 19204.547445297241 43797.095028877258 546.35139119625092 3499.0389151573181 310.10224962234497 6460.8579058647156 1011.2475398778915 414.40753602981567 941.18438136577606 607.47083473205566 61902.456741333008 6873.9119774103165 333.82182383537292 1076.9816955327988 185.79399347305298 14598.34070789814 158.20136952400208 6564.1605842113495 9971.9053723812103 401.99500668048859 1648.8744525909424 209.04945421218872 17549.076742529869 5205.5818697214127 112.71682369709015 23660.322686672211 56966.634497642517 81.158011078834534 199.96927225589752 454.38999772071838 7479.1360214948654 233.89870035648346 279.57004451751709 1114.8734982013702 9701.1290054321289 49360.744515895844 289.78408646583557 70538.316172838211 1843.8800520896912 13212.04222369194 436.03541588783264 6100.4164910316467 59748.217793464661 42.725133419036865 133.33352875709534 112.01123988628387 41.341360330581665 42398.0954682827 41224.056043624878 1595.3459343910217 280.20179080963135 3691.1500585079193 36672.204881668091
leaf_count=8563 6937 379 2790 927 9308 45950 107 1103 411 414 9188 371 1383 157 572 640 282 284 115 6072 5238 232 780 51 6062 67 1960 2013 136 315 125 13530 3854 82 5351 8252 18 110 212 5117 178 133 156 153 17400 215 4338 107 1729 111 4313 4247 11 95 65 30 10658 7790 183 27 1650 10733
internal_value=-0.000312395 0.0097986 -0.0453351 0.019473 -0.00119943 -0.0517906 -0.0287702 0.016648 -0.00829576 0.0356541 0.00359101 0.000823649 -0.0114102 -0.053944 0.0201633 -0.0420061 -0.0291139 -0.015874 -0.00214973 0.0130458 -0.0562102 -0.0481474 -0.0278149 0.00184138 -0.0220218 -0.0499969 -0.0103556 0.0112422 0.0108492 0.0095147 -0.050255 -0.0508526 -0.0458517 -0.0472923 0.000560092 0.00985714 0.00329375 -0.000848483 -0.0496926 -0.0416524 -0.0167278 0.00566146 0.0182796 0.0414378 -0.00867114 -0.0263173 0.0223992 0.0230767 0.0162996 -0.0122344 -0.0537565 0.0177116 -0.0149924 0.0113334 0.0519322 0.0265565 -0.000749494 0.00710996 0.0157618 -0.0021561 -0.0224265 -0.00353803
internal_weight=805333 657643 147690 349875 307768 115662 9928.16 297873 124033 52002 183735 3061.6 82317 105733 150755 6866.56 2566.81 1555.56 41715.6 147118 67247.3 8758.58 1884.67 807.686 32028.1 38486.1 75126.8 85215.7 2515.25 4435.91 38327.9 37393 13743.5 13352.2 98714.3 66938.5 391.26 1141.15 4299.75 8146.66 667.527 433.628 2763.75 28905.7 55924.9 934.869 78843.1 72382.2 18277.2 645.085 23649.5 71911.7 621.892 288.07 154.736 320.911 75054 85021.2 2277.54 682.197 7190.19 37279.7
internal_count=213780 113661 100119 30306 83355 85494 5142 28812 41060 1494 42295 824 29330 80352 10367 4318 1316 676 11730 18445 52422 6472 1234 454 14625 27930 26297 12373 453 882 27863 27412 9569 9394 25317 10265 175 394 3002 5540 423 245 471 567 19360 451 5017 4445 2108 236 17843 5350 403 171 76 163 19966 16978 346 163 3033 10848
cat_boundaries=0 1 2 3 4 5
cat_threshold=4 2208 8 8 2156
is_linear=0
shrinkage=0.05


Tree=20
num_leaves=63
num_cat=0
split_feature=19 19 38 14 21 15 25 15 18 19 22 49 18 26 42 24 15 26 29 26 25 25 39 29 38 39 26 21 19 38 16 24 26 49 2 44 25 25 44 26 23 24 2 16 24 43 38 44 21 25 2 24 16 43 31 50 43 24 43 43 21 16
split_gain=136655 24791.1 8931.36 5523.99 4144.17 3796.74 1400.64 1214.23 980.585 762.607 564.555 480.291 445.012 419.315 416.333 429.09 381.91 374.14 316.303 302.624 241.02 227.183 220.532 218.358 217.861 218.634 215.702 209.045 208.862 199.16 193.138 190.868 230.513 199.413 194.209 324.905 258.354 810.921 295.282 188.996 180.438 180.154 183.95 176.987 165.379 218.237 157.437 156.609 155.288 154.124 147.826 145.638 143.171 140.065 176.841 143.566 139.402 138.824 170.98 133.031 130.278 126.033
threshold=2.7500000000000004 9.2500000000000018 2.5000000000000004 20.500000000000004 1.0000000180025095e-35 4.3125000000000009 5.1120831803488551 44.687500000000007 11.625000000000002 4.2500000000000009 0.083333333333333273 3.914285714285715 6.1250000000000009 0.0035305698511303506 14.407142857142858 0.71763298620883775 2.5625000000000004 0.025070470316900705 4.1733648679859972 0.045358282158413109 4.4179397048849784 4.9711453398307972 0.35416666666666669 4.3780754357226419 1.5000000000000002 0.35416666666666669 0.011859916494805103 1.0000000180025095e-35 1.7500000000000002 7.5000000000000009 1.0000000180025095e-35 0.9987745098039218 0.019015815036661502 3.6071428571428581 0.40966402954315223 20.050000000000004 5.1120831803488551 4.2323809214117096 19.050000000000004 0.05833824819284391 1.0000000180025095e-35 2.1076426024955439 0.70581670320594825 14.841666666666669 44.051470588235304 35.100000000000001 1.5000000000000002 17.850000000000005 24.500000000000004 6.5361703219115208 0.78574730703237894 1.460639189886481 90.291666666666671 2.9500000000000006 0.95198490658792256 2.3000000000000007 1.6000000000000003 2.4894385026737971 0.15000000000000005 5.4000000000000012 22.500000000000004 5.8416666666666677
decision_type=2 2 2 2 8 2 2 2 2 2 2 2 2 2 2 2 2 2 2 2 2 2 2 2 2 2 2 8 2 2 10 2 2 2 2 2 2 2 2 2 2 2 2 8 2 2 2 2 8 2 2 2 8 2 2 2 2 2 2 2 8 8
left_child=2 5 28 8 6 9 13 49 19 16 11 31 48 -4 15 50 24 53 46 20 -3 23 -20 -21 25 -2 -8 -23 -1 -13 -12 -6 -33 34 35 39 37 47 57 -34 44 42 -28 -10 -31 -46 -11 -36 -7 -5 -15 -16 -9 54 55 -17 -51 -39 -59 -19 -45 -50
right_child=1 3 4 7 10 12 26 52 43 18 30 29 -14 14 51 17 -18 59 22 21 -22 27 -24 -25 -26 -27 41 -29 -30 40 -32 32 33 -35 36 -37 -38 38 -40 -41 -42 -43 -44 60 45 -47 -48 -49 61 56 -52 -53 -54 -55 -56 -57 -58 58 -60 -61 -62 -63
leaf_value=-0.027906971438413711 -0.00046750360764383832 0.0024159607347537292 -0.055254130107556691 0.02136565875931459 -0.056938808407347476 0.0050078716466347211 -0.024830447617102753 0.035545076473299742 0.016824593152108349 -0.0047778495933233764 -0.0049317270070229928 -0.041406236163860959 0.0077775119484052736 -0.023616316954954322 0.014783718205013136 0.037162324307204744 -0.0065931610850707579 0.0041046860682996704 0.012844285015670732 0.0079321945230946735 0.010926564546770509 0.028821870679079389 -0.00028163896020092118 0.01405574905048346 -0.023917445790444473 -0.013253209173208498 0.036410608558909076 0.01607864356157827 -0.018776348820705099 -0.057735505581449686 -0.038524310171382255 -0.054629494499503266 -0.037362463450882753 0.028873626644661629 -0.050557374879801165 -0.051946849188516081 -0.055120111682673049 0.13526016079555969 -0.023017150465273258 0.070272535266660274 -0.017686448899680456 0.016588269663309462 -0.0497246597548772 0.025453581473176803 -0.058022224777243669 0.067018817403783737 -0.019372552187072838 -0.029026294355723788 -0.00077857089564548651 0.034625789468224567 -0.058101535165441837 -0.039964370654392858 0.042813142117889169 -0.047612088047116884 -0.037994240100319564 -0.021442048481407336 0.025820627151296051 0.089057871950890807 -0.020762777398996526 -0.0420246336296414 0.01924471824421542 0.0042172653875626421
leaf_weight=8641.2436434030533 3711.9069008827209 10653.291977882385 1740.4667057991028 16203.515119552612 4934.0685126781464 33112.025223016739 473.68822693824768 17360.009937286377 79030.358685970306 37792.688672065735 583.06851387023926 1991.6757453680038 60346.275466918945 389.923011302948 694.38723945617676 176.96388506889343 45779.39525103569 1207.1475069522858 3707.4398819208145 18869.911432981491 38003.101784944534 3962.3290684223175 23335.888951778412 63843.978538513184 4263.4667016267776 33772.961737990379 86.581754446029663 17210.190643072128 22857.244502544403 74794.698909521103 1613.6843906641006 4818.7774307727814 75.675236582756042 99.357997417449951 1254.392217040062 4570.5785645246506 1300.1011984348297 71.114952564239502 106.48882663249969 86.204596996307373 285.19571053981781 2292.6117672920227 211.64101099967957 11036.516571044922 78.649488806724548 61.098186492919922 1942.2321227788925 2613.3022538423538 41571.187482357025 5494.8875966072083 1579.4285753965378 146.16996765136719 11206.923004150391 1103.3931374549866 699.91051411628723 252.13737952709198 25086.979582309723 99.499610781669617 54.15171229839325 178.50678646564484 36321.247713088989 18128.260369777679
leaf_count=4548 1097 1760 1279 855 3906 7308 244 351 5718 11022 275 1416 11453 272 209 74 14939 406 743 2814 5041 309 6526 7340 1981 12621 16 1902 10077 61884 1003 3709 54 51 940 3598 947 20 71 25 144 317 114 578 42 4 702 1710 10676 223 1218 88 177 728 425 134 1064 25 37 109 2174 4287
internal_value=-0.000310045 0.00924655 -0.0447755 0.0182621 -0.0514584 -0.00114188 -0.0226668 0.0302743 0.0150169 -0.00667737 -0.0547088 -0.055275 0.00443508 -0.0334801 -0.027576 -0.0325109 -0.00974762 -0.0222757 -0.00265297 0.0123182 0.00906336 0.0138424 0.00151805 0.0126589 -0.0132063 -0.0119873 0.0061558 0.018465 -0.0212822 -0.0570687 -0.0296166 -0.0483762 -0.0455835 -0.0413587 -0.0420439 -0.0494809 -0.035635 -0.029589 0.0453879 0.0200044 -0.0574828 0.0118304 -0.0246626 0.018274 -0.057634 -0.00323056 -0.00549183 -0.0360219 0.00226171 0.0253133 -0.0512916 0.0052211 0.0383979 -0.0349387 -0.0225173 0.00274532 0.027404 0.0777772 0.0504372 -0.00186033 0.0206923 0.00073842
internal_weight=803970 661747 142223 354283 110725 307464 11233 75352.3 278931 154306 99491.8 97295 153158 8168.43 6427.97 5587.41 87527.7 3618.06 66778.2 152543 48656.4 103886 27043.3 82713.9 41748.3 37484.9 3064.52 21172.5 31498.5 77211.3 2196.75 20083.7 15149.6 10330.9 10231.5 4732.46 5499.05 4198.95 331.255 161.88 75219.6 2590.83 298.223 126388 74934.4 139.748 39734.9 3867.69 92811.5 46785.4 1969.35 840.557 28566.9 2232.4 1129.01 429.101 30581.9 224.766 153.651 1385.65 47357.8 59699.4
internal_count=213780 113661 100119 30306 85494 83355 5633 2670 27636 49631 79861 78583 33724 4942 3663 3366 30638 1876 18993 19166 6801 12365 7269 10154 15699 13718 691 2211 14625 63490 1278 15093 11187 7478 7427 3677 3750 2803 153 79 62074 447 130 8470 61930 46 11724 2650 22271 2142 1490 297 528 1361 633 208 1287 82 62 515 2752 14963
is_linear=0
shrinkage=0.05


Tree=21
num_leaves=63
num_cat=15
split_feature=15 15 14 21 15 15 20 25 15 15 15 15 0 26 40 0 22 39 0 0 0 0 26 15 0 0 0 26 20 24 24 26 21 0 24 2 0 20 26 25 7 0 25 25 25 25 24 26 26 16 26 0 16 25 0 26 0 25 25 44 29 25
split_gain=126174 26291.1 5358.39 4872.38 4065.71 2669.69 1341.32 1281.68 1229.38 1040.63 666.285 628.42 541.236 474.03 413.64 370.866 363.302 363.175 328.88 326.204 294.206 292.34 273.576 258.41 231.79 222.223 216.717 210.32 206.16 196.136 177.798 240.283 167.046 170.424 164.083 171.829 162.993 161.406 154.318 153.982 152.522 150.914 249.137 422.942 196.686 426.7 169.479 296.312 141.208 136.566 131.115 130.695 128.078 124.138 135.093 123.029 117.73 113.679 337.567 483.25 111.733 127.602
threshold=0.93750000000000011 6.5625000000000009 20.500000000000004 18.500000000000004 3.0625000000000004 0.18750000000000003 1.0000000000000002 5.1984264468287211 10.062500000000002 57.250000000000007 4.5625000000000009 1.8125000000000002 0 0.0035305698511303506 1.0000000180025095e-35 1 0.12491987179487171 0.22500000000000003 2 3 4 5 0.054739391581218509 14.812500000000002 6 7 8 0.011859916494805103 0.20000000000000026 44.051470588235304 0.9987745098039218 0.019015815036661502 31.500000000000004 9 2.1076426024955439 0.70581670320594825 10 6.8500000000000023 0.021027815109048203 3.1519894867965497 1.0000000180025095e-35 11 5.1120831803488551 5.0851340877949331 3.225608871412931 3.0168614574289605 5.6699670385395544 0.05833824819284391 0.057701027493838007 8.2613636363636385 0.049377376806818453 12 0.17424242424242423 5.7184807633204207 13 0.039422431741708806 14 5.0851340877949331 3.9054781051154435 22.150000000000002 4.3965916953090529 3.5570163169082316
decision_type=2 2 2 8 2 2 2 2 2 2 2 2 1 2 2 1 2 2 1 1 1 1 2 2 1 1 1 2 2 2 2 2 8 1 2 2 1 2 2 2 2 1 2 2 2 2 2 2 2 10 2 1 10 2 1 2 1 2 2 2 2 2
left_child=3 4 8 7 6 12 11 13 18 24 17 25 30 -1 51 60 29 -6 32 22 -19 38 -8 36 -4 -2 -13 -9 39 52 -5 -32 49 -34 35 -29 -10 55 -15 -23 -31 42 43 44 45 -33 57 -48 -41 -3 -18 -7 -14 -26 -55 -17 -25 58 -43 -60 -12 -62
right_child=1 2 9 5 10 14 19 27 23 -11 15 26 16 21 -16 37 50 20 -20 -21 -22 28 -24 56 53 -27 -28 34 -30 40 31 41 33 -35 -36 -37 -38 -39 -40 48 -42 46 -44 -45 -46 -47 47 -49 -50 -51 -52 -53 -54 54 -56 -57 -58 -59 59 -61 61 -63
leaf_value=-0.053467153015487705 -0.01405796740838205 0.012350314804626103 0.033365975812739306 -0.055777402666285052 0.028509935333878203 0.0073587185019973779 0.0049753582249549679 -0.022326614129006772 0.016324940845522561 0.036660006302545747 0.0049180800887819219 -0.0072140635338814006 -0.057476666985031538 -0.028200380857175213 -0.033551879651344707 -0.000944189455456952 -0.025241203620023096 0.00062299820155971427 0.006466096093391902 -0.0042021659396593971 -0.0051816398894889799 -0.043476891948390314 0.028031774710870361 0.015617576162551106 0.017933741305301447 -0.023245561669835147 -0.013289508953354484 0.033840357968565417 -0.012431093550564508 -0.043587123195561371 -0.053575268009425629 -0.040459638818909842 0.0028733484560222442 0.010937038862261156 0.015638295724523611 -0.049275987466752297 0.01243361120969824 0.067997913818219485 -0.0083100424760235419 -0.027159419871310205 0.056005443303564044 -0.043769730530591293 -0.057759212126937604 0.084642215526814474 -0.053272371434106083 0.027182228881260213 -0.038593141787040278 0.081576834109114996 0.053638754298657554 0.019121258368419585 0.047935009684850455 -0.017337539514328603 -0.044527039773076059 0.020194101365871891 0.026665992390890361 0.0032323070942902841 0.020437125686645696 -0.05875775555056284 0.11946226879728508 -0.028754063538946398 0.006349952639475737 0.014947331949718971
leaf_weight=1788.8243783712387 10745.609739780426 42230.840078830719 6193.1254477500916 3111.067370057106 946.95950865745544 764.78632497787476 4864.5128710269928 557.49203681945801 72564.989813327789 24807.15357208252 15339.001465559006 25261.783795237541 75954.712980270386 1521.2571445703506 6912.7672857046127 29773.146570205688 466.21271216869354 39276.960088729858 45926.12110543251 7417.6701691150665 49130.375212669373 3224.5807046890259 1748.8908913135529 19052.019403934479 9699.5665016174316 17622.666909098625 35397.963779687881 88.523941040039062 1016.6368223428726 88.514843821525574 3043.6042734384537 506.49519753456116 8390.9761729240417 30356.835904359818 2420.296756029129 203.11537003517151 43561.063906669617 90.450586318969727 2719.943785905838 1488.7479635477066 66.378072142601013 3213.5672342777252 415.44599747657776 100.49025595188141 350.53403973579407 430.27824199199677 157.9012850522995 74.752190589904785 55.168784379959106 9050.6659994125366 69.465994596481323 1753.7513509988785 1981.7351273298264 13177.094190120697 22864.15794467926 43235.960350751877 40887.306378364563 969.34820258617401 77.168614387512207 184.54362308979034 8379.1296591758728 8910.7216830253601
leaf_count=1345 4599 5610 247 2528 81 290 1165 285 5505 418 3222 8826 65930 875 3944 7274 277 10446 8035 2015 14817 2279 253 1150 526 8189 13340 16 452 44 2401 344 1422 4463 365 114 4035 5 1122 891 6 2447 307 23 249 209 114 13 17 894 29 806 1575 561 909 10149 2242 773 22 135 1628 1527
internal_value=-0.000307035 0.00783157 0.0163979 -0.0485925 -0.00333852 -0.0525626 -0.0113718 -0.022089 0.0134866 0.0282345 0.000905325 -0.0136363 -0.05518 -0.0297552 -0.0272317 0.00359162 -0.0567475 -0.00227318 0.00991483 0.00299626 -0.00260328 -0.0255193 0.0110599 0.0162446 0.0242091 -0.0197793 -0.010763 0.00561463 -0.0328394 -0.0570363 -0.0453405 -0.0419728 0.011672 0.00919463 0.0113665 -0.0240004 0.0148679 0.00161209 -0.0154142 -0.0372547 -0.000790002 -0.0365155 -0.0237015 -0.0136389 -0.0213746 -0.00938923 -0.0413096 0.000180284 -0.0242362 0.0135458 -0.0156709 -0.00987588 -0.057148 0.0229562 0.0243136 0.00152907 0.0189116 -0.043575 -0.039323 0.0152184 0.00802311 0.0107817
internal_weight=802682 686904 388762 115778 298142 100694 103059 15084.6 312021 76741.1 195083 89028 91262.2 11815.2 9431.3 105728 78627 89354.3 135955 14031.1 88407.3 10026.3 6613.4 176065 51933.9 28368.3 60659.7 3269.43 5785.13 78091.3 12635.2 9524.13 90029.3 38747.8 2711.94 291.639 116126 73099.6 4241.2 4768.5 154.893 6480.52 1803.24 1387.8 1287.31 936.773 4677.28 232.653 1543.92 51281.5 535.679 2518.54 77936.4 45740.8 36041.3 73009.1 59939.3 4444.63 3475.28 261.712 32628.9 17289.9
internal_count=213780 123553 36017 90227 87536 82466 38387 7761 33356 2661 49149 34954 77426 6981 5040 23805 67861 25344 20424 3433 25263 5636 1418 12932 2243 12788 22166 780 3639 67555 9565 7037 12389 5885 495 130 9540 17428 1997 3187 50 4636 1132 825 802 553 3504 127 908 6504 306 1096 67505 1996 1470 17423 3392 3377 2604 157 6377 3155
cat_boundaries=0 2 4 6 8 10 11 13 14 16 17 19 20 22 24 26
cat_threshold=444 65536 10578484 1 3270901628 66177 49403920 32838 2195844892 65537 7356928 33583248 16384 326237968 3539041816 65536 7602176 586546744 239104 288 212074520 360454 488244993 103220 2399673539 374133
is_linear=0
shrinkage=0.05


Tree=22
num_leaves=63
num_cat=19
split_feature=39 18 13 13 0 38 14 14 13 24 18 22 0 13 0 42 44 27 20 13 0 0 13 0 0 16 38 14 0 24 0 0 24 20 0 47 0 0 0 20 24 29 24 24 43 14 22 0 24 43 28 47 39 24 0 0 2 0 0 43 38 41
split_gain=110383 28285.1 5600.41 5500.34 3407.27 2751.22 1884.3 1225.56 1035.02 898.297 806.776 607.291 497.661 443.113 414.318 739.245 407.118 586.925 386.702 326.381 313.821 308.721 287.094 278.399 273.924 272.736 260.334 257.525 303.083 248.961 356.081 240.861 222.902 220.073 215.055 210.191 184.758 184.344 171.459 155.548 148.291 148.213 184.356 408.759 432.99 148.044 147.614 146.519 143.311 198.869 143.241 140.868 139.53 135.171 133.951 133.612 132.329 131.869 125.019 121.465 120.003 113.139
threshold=1.0000000180025095e-35 5.6250000000000009 2.5000000000000004 21.500000000000004 0 2.5000000000000004 9.5000000000000018 2.5000000000000004 4.5000000000000009 0.71763298620883775 46.250000000000007 0.083333333333333273 1 8.5000000000000018 2 14.407142857142858 24.250000000000004 1.0796307884856071 1.6000000000000003 13.500000000000002 3 4 1.5000000000000002 5 6 3.5208333333333335 8.5000000000000018 1.0000000180025095e-35 7 5.9604147214441339 8 9 44.051470588235304 0.099999999999999964 10 -2.3293536746722254 11 12 13 4.1500000000000039 0.9987745098039218 5.6827773995915605 2.3479430988081513 2.2579185520361995 3.1500000000000008 5.5000000000000009 0.25732230392156868 14 1.5618361928104578 10.750000000000002 134.00000000000003 6.5725963273325059 0.30952380952380959 1.493421052631579 15 16 -0.78574730703237861 17 18 4.5500000000000016 11.500000000000002 1.4142135623730965
decision_type=2 2 2 2 1 2 2 2 2 2 2 2 1 2 1 2 2 2 2 2 1 1 2 1 1 8 2 2 1 2 1 1 2 2 1 2 1 1 1 2 2 2 2 2 2 2 2 1 2 2 2 2 2 2 1 1 2 1 1 2 2 2
left_child=4 2 5 6 9 7 13 22 25 -1 34 14 45 21 15 29 -11 -18 38 20 35 -3 23 -2 -12 36 48 28 -7 37 50 39 33 -16 -5 -8 52 -6 -10 -20 -39 42 43 51 -45 55 -25 -15 49 -19 -31 -42 59 -33 -27 -9 -34 61 -23 -4 -17 -55
right_child=1 3 8 10 11 27 19 12 18 16 24 -13 -14 47 32 60 17 26 31 -21 -22 58 -24 46 -26 54 -28 -29 -30 30 -32 53 56 -35 -36 -37 -38 40 -40 -41 41 -43 -44 44 -46 -47 -48 -49 -50 -51 -52 -53 -54 57 -56 -57 -58 -59 -60 -61 -62 -63
leaf_value=-0.058176004540268715 -0.0013244388331623384 0.013232890101543243 0.024090806178189192 0.017764819713839669 -0.05740145020025577 -0.031057230604831343 0.024691915896973615 0.0067087732716914735 0.0042252749186510678 -0.027355703020903756 0.042836973773113414 0.00032993006542168476 -0.011439879637932748 0.0075733163700312592 -0.056655297412561846 0.0016281992523637821 -0.052594138290900372 0.0034759022323672673 0.016166076824561528 0.017413325289192646 0.011643462794225564 0.002361392019357888 -0.014413894398024572 -0.025686088549618503 0.030718173355717738 0.0016132744879514276 -0.044419007967154284 -0.01118404315968418 -0.049827263287621146 -0.013852221352310241 -0.053322705308475452 -0.0026319221702489413 0.059691746052674924 0.017216945673232311 0.025159547743462542 0.015265283107950209 -0.008635106488202357 -0.056538296531440158 -0.00094338500330067769 0.043788730111286672 -0.043862590298012399 0.057574072308332724 -0.054626173476787422 0.11395128462864629 -0.025859726715841844 0.011289776624416001 -0.015871018347800945 0.012609298696760009 0.016430950688339864 -0.057119186703537529 0.053513521987888696 -0.015012750201883921 -0.003591204928233067 0.0080372307561703271 -0.0039964774534466292 -0.0048399740920412656 -0.039337257690289958 0.0010896452508221506 0.0062497809766441925 -0.0060289548654479594 -0.052718664894966162 0.021283463392219145
leaf_weight=1271.9637055397034 1513.9687610864639 11733.822383165359 906.32685542106628 15594.450631141663 7226.8512309789658 3620.2532937526703 7608.9159865379333 3542.5855748653412 27206.950090885162 2655.63458776474 6065.1153373718262 505.60790634155273 17623.757630348206 21657.157175540924 67707.365153193474 847.44554924964905 498.04080927371979 809.06612169742584 3462.7487185001373 84484.815715312958 82009.872660160065 36335.061668395996 23435.304963946342 17800.32852768898 23374.679948806763 17832.261622428894 241.70667028427124 689.97047758102417 5980.9006117582321 159.23509502410889 357.91377079486847 3222.4575755596161 63.740013241767883 100.45331680774689 28070.639266014099 26633.248240947723 41420.482573986053 2348.495387673378 39080.369764328003 597.67997074127197 3145.2203427553177 36.545599818229675 1994.9212642908096 89.49970531463623 141.87081396579742 2822.4583790302277 4893.4296226501465 44252.681838035583 2181.1335397958755 161.57084476947784 154.63077616691589 491.07228457927704 10916.429102182388 4186.2504699230194 26362.858416795731 8474.6697202920914 69.429696083068848 3432.418449640274 48096.377716779709 529.50441575050354 114.37758529186249 2624.6479613780975
leaf_count=1057 544 1537 158 727 6479 2313 433 824 6457 1626 99 245 6351 2954 61273 310 317 279 570 5128 8382 7739 9615 8938 419 4865 145 291 4593 105 299 673 4 45 1154 2308 13916 1994 10072 37 2468 12 1604 25 104 601 2245 5124 309 107 52 320 3370 794 7952 2853 36 729 9267 150 80 303
internal_value=-0.000303305 0.00643491 -0.00621177 0.0143313 -0.0514018 -0.0163824 0.0118101 -0.0132555 -0.00115398 -0.0197166 0.0268434 -0.0542887 -0.00576287 0.00779979 -0.0546198 -0.0474454 -0.0122664 -0.00196353 0.00292498 0.0150479 0.0133287 0.0056352 -0.0183605 -0.0221803 0.0332414 -0.00464365 0.00547906 -0.040718 -0.0428385 -0.0500098 -0.0201593 0.0095298 -0.0564103 -0.0565455 0.022529 0.0173557 -0.00703535 -0.051304 0.00117849 0.0201933 -0.0458291 -0.0416336 -0.0422626 -0.0358718 0.0284587 0.000986215 -0.0235603 0.0109578 0.00932016 -0.00665393 0.0187885 -0.0399731 -0.00166193 0.00629305 -0.00173344 -0.00143325 0.00811609 0.00910738 0.004577 0.0129833 -0.00487744 0.0131256
internal_weight=801470 708096 272179 435917 93373.8 90397.6 362812 80106.5 181781 7819.12 73104.9 85554.7 32463.5 162075 85049.1 17108.1 6547.15 3891.52 83813.5 200737 116252 96165.3 47643 24207.7 29439.8 97967.9 3393.48 10291.1 9601.15 16146.3 671.78 17526.2 67941 67807.8 43665.1 34242.2 53772.7 15474.5 66287.3 4060.43 8247.63 5899.13 5862.58 3867.66 231.371 14839.7 22693.8 65909.8 3151.77 970.637 313.866 3636.29 12352.3 13465.8 44195.1 12017.3 133.17 10243.3 84431.4 1435.83 961.823 6810.9
internal_count=213780 134485 89214 45271 79295 39168 42872 31971 50046 3840 2399 75455 10629 26621 75210 13852 2783 1157 19635 16251 11123 18543 21342 11727 518 30411 840 7197 6906 13462 456 3106 61358 61318 1881 2741 17594 13006 16529 607 6527 4533 4521 2917 129 4278 11183 8078 695 386 157 2788 3678 2499 12817 3677 40 1826 17006 308 390 1097
cat_boundaries=0 1 3 5 7 8 9 11 13 15 17 19 20 22 24 26 28 29 31 33
cat_threshold=36384 41011205 128 3150236 196608 42027010 32768 81920 16384 10567680 44 2012897044 264201 4096 196608 11583488 262228 84575648 103255 35738649 3145728 196608 2963373604 32835 252315776 376600 3537066780 1 16384 2450201812 196642 2367161795 290172
is_linear=0
shrinkage=0.05


Tree=23
num_leaves=63
num_cat=14
split_feature=15 15 21 14 15 17 25 20 15 15 0 13 15 0 40 20 0 0 0 13 0 25 24 24 4 43 49 24 28 39 0 24 30 0 0 24 25 25 43 0 13 24 0 0 43 24 43 38 24 27 0 47 25 13 13 20 15 28 13 0 43 25
split_gain=110630 20891.3 4944.71 4278.09 3175.02 2766.28 1136.79 1136.54 1087.11 762.662 590.317 558.194 551.633 473.298 384.975 371.249 290.213 287.142 283.514 275.929 229.969 225.495 218.046 441.109 293.683 263.051 227.85 534.926 208.347 204.139 197.063 195.565 233.368 192.258 172.004 170.458 305.364 357.823 254.718 170.035 164.065 159.602 327.102 156.461 154.766 150.987 179.338 149.553 149.19 147.843 145.228 144.26 142.404 141.208 140.984 140.598 134.925 132.176 126.223 119.793 119.314 117.783
threshold=0.93750000000000011 6.3125000000000009 18.500000000000004 20.500000000000004 3.0625000000000004 0.478713553878169 5.1984264468287211 1.0000000000000002 9.9375000000000018 57.250000000000007 0 5.5000000000000009 2.1875000000000004 1 1.0000000180025095e-35 0.3000000000000001 2 3 4 14.500000000000002 5 3.1519894867965497 5.4498170235836279 5.6037380469429161 1.0000000180025095e-35 12.100000000000001 8.7500000000000018 2.5357620320855623 110.50000000000001 0.22500000000000003 6 1.5900550855793825 0.49739936199665796 7 8 1.285453431372549 5.1120831803488551 5.0114216919400407 3.1500000000000008 9 1.5000000000000002 1.3614361515215407 10 11 3.8500000000000005 44.051470588235304 35.100000000000001 7.5000000000000009 2.1076426024955439 2.7820684843280383 12 -2.7415804409517581 8.0511516332111182 7.5000000000000009 21.500000000000004 4.5500000000000016 1.0000000180025095e-35 134.00000000000003 1.0000000180025095e-35 13 4.5500000000000016 3.143669503351028
decision_type=2 2 8 2 2 2 2 2 2 2 1 2 2 1 2 2 1 1 1 2 1 2 2 2 2 2 2 2 2 2 1 2 2 1 1 2 2 2 2 1 2 2 1 1 2 2 2 2 2 2 1 2 2 2 2 2 2 2 2 1 2 2
left_child=2 4 6 8 7 10 15 12 17 33 22 13 20 -6 59 16 31 60 29 34 51 56 25 -24 -25 26 35 -28 -26 61 55 32 -1 -5 -10 -4 37 41 -39 48 -22 42 -37 -15 -23 47 -47 -12 -8 -34 -14 -2 -41 -19 -35 -13 -18 -50 -16 -7 -3 -9
right_child=1 3 5 9 11 14 39 18 19 -11 45 30 50 43 58 -17 21 53 -20 -21 40 44 23 24 28 -27 27 -29 -30 -31 -32 -33 49 54 -36 36 -38 38 -40 52 -42 -43 -44 -45 -46 46 -48 -49 57 -51 -52 -53 -54 -55 -56 -57 -58 -59 -60 -61 -62 -63
leaf_value=-0.056634230132376055 0.0049323721637881722 0.013583758121120712 -0.052063789926187924 0.029452344619334339 0.0065494935952073417 0.0072753469566646011 -0.058338437432937651 0.001003761700348788 0.017234501323591798 0.031722870323952511 -0.040089890326705818 0.0085912414505921655 -0.0061547559872483313 -0.0051946438429321248 -0.038178408569879099 -0.0036407843391669213 -0.048160574799183231 0.004019285154165976 -0.0046434938009395415 0.016477829917754056 -0.024074618207298934 -0.012679161945465679 0.091827123408833825 -0.051343967420742077 -0.047621018177395724 -0.054551418480456519 -0.057489161596949168 0.14007255799000787 0.037762060087394189 0.0025260748395185754 0.002827382618883198 -0.03856201144937467 -0.02528753129708455 0.016602111158674028 0.011736109973687849 0.015577918332403544 -0.058776487454780924 0.060545926211004443 -0.02895195341282035 0.0044755029421941527 -0.016059474743982106 -0.040007791493103934 -0.054866171223745243 -0.0011940548179771309 -0.040298422972860792 -0.057987438300706386 0.053897192011884046 -0.05757312809081612 -0.020415943443083558 0.0031238793537243584 -0.011724335058849377 -0.013324963470975748 0.033041828679530212 0.0082073177424228563 0.022261550697358648 0.037115199105994555 -0.026133353640295162 0.011723200681773398 -0.024097439576514446 -0.016223465174677664 0.0089576409688842031 0.024791314318819167
leaf_weight=254.21344828605652 1175.9819295406342 27074.378668308258 3517.1878397464752 6413.1625957489014 16227.540371894836 796.20910537242889 130.56989777088165 669.24510097503662 16975.607673168182 25887.098857879639 1259.553736448288 14450.922383308411 23693.611134767532 37867.25644659996 3579.1848140954971 1364.6846060752869 3626.0812392234802 32979.63524222374 6789.9596083164215 79036.911647796631 11845.947704911232 1236.3819286823273 74.04945981502533 714.85814392566681 110.6697450876236 8601.7102652788162 86.055043816566467 55.515587091445923 197.33392763137817 4272.3126368522644 46365.159765720367 930.68227887153625 673.07144320011139 17621.133280754089 91938.032689094543 399.8487890958786 1355.7140030860901 171.8373054265976 146.29614663124084 1136.5405781269073 13889.159492135048 3380.8765221834183 266.07927882671356 68961.137891292572 861.6339259147644 75.335610270500183 66.465568780899048 62853.403943300247 571.29090762138367 1426.3937094211578 23331.433596968651 13410.980320692062 707.94558584690094 51683.186493873596 29436.561226844788 444.56758213043213 866.53496396541595 724.31335461139679 2886.1291785240173 1667.0104528665543 28771.042956590652 2346.8499131202698
leaf_count=207 421 3161 3045 247 3456 308 84 142 1109 418 998 2794 8230 11206 2335 556 2945 6514 1851 4694 5987 699 37 615 95 7924 81 24 79 1139 10375 612 338 910 8017 231 1169 61 118 253 5894 2677 238 19115 602 42 4 60066 238 521 8689 5733 82 7984 1086 26 501 123 1536 783 4054 301
internal_value=-0.000299122 0.00699478 -0.0476779 0.0142586 -0.00337228 -0.0519452 -0.0205433 -0.0104772 0.0117413 0.0246772 -0.0547792 0.000537437 -0.0126021 -0.00140395 -0.02549 -0.0280922 -0.0314701 0.00841423 0.00270598 0.0142285 -0.0168934 -0.0375393 -0.0468804 -0.0252177 -0.0337773 -0.0482262 -0.0424198 0.0203868 0.0070118 0.0095465 0.0044372 -0.0191096 -0.0114837 0.0212655 0.012596 -0.0433849 -0.0380399 -0.0315862 0.0194122 0.00539771 -0.0197422 -0.0356004 -0.0131905 -0.00261257 -0.0240383 -0.0571075 -0.00549927 -0.0572304 -0.00755402 -0.00598991 -0.0089222 -0.0118444 0.0153711 0.00657526 0.0201386 0.00943899 -0.0439198 -0.00244937 -0.0318981 -0.00866214 0.0111987 0.0195168
internal_weight=800330 693559 106772 407817 285742 92261.3 14510.3 101425 328459 79358 83332.8 184317 87347.1 123056 8928.53 11239.7 9874.99 140508 14078.4 187951 40322.1 6590.63 19078 1096.91 1022.86 17981.1 9379.41 141.571 308.004 7288.41 61260.6 3284.36 2353.68 53470.9 108914 9237.84 5720.65 4364.94 318.133 3270.66 25735.1 4046.8 665.928 106828 2098.02 64254.8 141.801 64113 1426.17 2099.47 47025 14587 1844.49 84662.8 47057.7 14895.5 4492.62 1295.6 6465.31 2463.22 55845.4 3016.1
internal_count=213780 123553 90227 38194 85359 82466 7761 38387 35533 2661 77504 46972 34954 33777 4962 6981 6425 21713 3433 13820 18035 4747 16394 826 789 15568 7644 105 174 1582 13195 1678 1066 2243 9126 7539 4494 3325 179 780 11881 3146 469 30321 1301 61110 46 61064 445 859 16919 6154 335 14498 1996 2820 3446 361 3871 1091 7215 443
cat_boundaries=0 2 3 4 5 7 8 10 12 13 14 15 17 19 21
cat_threshold=8389052 229632 33636352 7340544 3269556232 49404049 294983 812777224 10569232 1 33583248 16384 33636376 477696 296 755531971 286012 3539042076 73729 209977368 362502
is_linear=0
shrinkage=0.05


Tree=24
num_leaves=63
num_cat=10
split_feature=19 19 21 14 19 38 25 19 16 18 0 14 26 0 20 22 29 0 0 38 16 24 26 24 2 25 25 49 22 0 25 24 38 26 26 0 20 0 0 0 16 24 43 26 25 25 26 41 25 43 26 27 42 38 42 25 25 25 50 0 50 24
split_gain=105306 18998.8 4458.96 3641.8 3265.68 1779.39 1155.66 891.348 664.524 651.472 609.582 480.373 419.117 384.756 379.566 340.423 284.095 271.451 260.165 250.122 209.56 207.036 277.395 250.131 306.07 309.489 341.915 270.909 213.334 202.428 198.117 194.751 183.969 183.748 176.877 175.294 168.562 165.953 165.644 165.021 162.133 156.08 159.656 155.502 160.891 152.113 145.38 139.49 135.739 147.487 173.636 174.553 136.606 134.76 207.904 187.647 133.585 220.728 127.695 127.667 122.425 121.517
threshold=1.7500000000000002 8.2500000000000018 18.500000000000004 20.500000000000004 4.2500000000000009 7.5000000000000009 5.1984264468287211 12.250000000000002 27.875000000000004 2.1250000000000004 0 5.5000000000000009 0.0023604272768445005 1 0.50000000000000233 0.12499999999999996 3.8712905344132089 2 3 1.5000000000000002 13.591666666666669 0.95955882352941191 0.019015815036661502 4.6521542827657383 0.61559370248597556 5.1120831803488551 5.0851340877949331 -2.4999999999999996 0.12499999999999996 4 2.16151095207135 44.051470588235304 1.5000000000000002 0.062795755468148515 0.011859916494805103 5 -0.79999999999999838 6 7 8 6.6742424242424248 44.051470588235304 35.100000000000001 0.03146702545730936 3.0956278983358874 3.7127746414297218 0.022090530794665202 0.46681174370702022 3.1519894867965497 3.8500000000000005 0.034435277063267059 1.0208072590738426 10.27857142857143 8.5000000000000018 14.714285714285717 2.5635814707136761 3.0229001902526753 3.4783232288476356 15.750000000000002 9 11.100000000000003 2.1076426024955439
decision_type=2 2 8 2 2 2 2 2 8 2 1 2 2 1 2 2 2 1 1 2 8 2 2 2 2 2 2 2 2 1 2 2 2 2 2 1 2 1 1 1 10 2 2 2 2 2 2 2 2 2 2 2 2 2 2 2 2 2 2 1 2 2
left_child=2 4 6 7 9 32 12 18 -5 14 21 16 -1 31 19 41 36 46 33 -2 29 -7 -23 24 28 26 56 -25 30 -9 58 -10 -4 45 -8 -18 47 -11 -21 -13 -20 -12 -43 -16 -45 -3 60 -6 -19 50 51 52 -50 54 55 -48 -26 -58 -24 -22 -14 -36
right_child=1 3 5 8 11 10 34 20 13 37 15 39 17 -15 43 -17 35 48 40 38 59 22 23 27 25 -27 -28 -29 -30 -31 -32 -33 -34 -35 61 -37 -38 -39 -40 -41 -42 42 -44 44 -46 -47 53 -49 49 -51 -52 -53 -54 -55 -56 -57 57 -59 -60 -61 -62 -63
leaf_value=-0.05680460714340077 -0.01500979351042727 0.0034418603632142366 -0.024803146331558504 0.018511502209980091 -0.0044757641110605871 -0.056010295287451155 -0.022598911210116382 0.013554412253271239 0.026731979188108893 -0.0032770951130246017 -0.057365691396622766 0.0070416924196846312 -0.013347891325047996 0.023677247703778537 -0.01157025758344681 -0.006629455643712018 0.0041647357860266701 -0.039191315629468926 0.0011112386179236327 -0.017216341940438716 0.017344661433825161 -0.054154253493947473 -0.035528268667731004 -0.054402968352162739 -0.036750429065808908 -0.058688314717763472 0.073006243938313439 0.032170588607036171 0.063320247372801453 0.0091558413259127183 -0.048743719438197629 0.038256813334131917 -0.039206332674312637 0.012882300529084732 -0.021628173489415772 -0.0019426257007544288 -0.0021977833842296616 -0.0086868461864840051 -0.033704696689350742 0.0021348561799692687 0.007193942655249118 -0.057890918843221062 0.049685792924699157 -0.0071408628041117446 0.010819773674884606 0.0095415042250420884 -0.027085378550334924 -0.016020522847298598 0.0010217227258110763 -0.037001591856222378 0.066852387054155055 -0.033681160306889439 0.094628443820524433 -0.049596534134874644 0.046173048720052269 0.0044499712738943998 0.004790464125980002 -0.056648168145510783 0.042124270420444462 0.012882848458689009 -0.042354105714181779 0.013496302238637022
leaf_weight=1241.1028733253479 30257.06313431263 13467.081694602966 4900.2230379581451 40352.149920940399 6647.2988467216492 3404.5459685325623 492.84896457195282 82690.794137239456 5979.8578205108643 23593.451578617096 63224.496315121651 28410.207003116608 733.02988576889038 24779.175895690918 7230.577396273613 334.37487661838531 29059.038825750351 3370.4565821886063 16043.143078327179 2989.2320848703384 41929.460050582886 3190.2196771502495 112.06629872322083 137.41139423847198 621.79724514484406 471.0169483423233 107.52045381069183 259.29199039936066 43.692822456359863 38603.352667093277 4634.7190592288971 9543.235107421875 4068.0160413980484 30815.237989902496 272.98597979545593 19710.603622674942 51744.469600319862 35689.600877285004 3309.2348276376724 43239.915452718735 34558.826072216034 67.435358047485352 68.523682355880737 3265.1365773677826 2015.8340644836426 42461.927321434021 820.12209153175354 4316.8798661231995 277.58644509315491 809.69575119018555 71.427474021911621 463.16214275360107 44.368685603141785 175.26772677898407 186.53453373908997 1107.5409569740295 766.54046428203583 179.57455956935883 98.556802272796631 26643.748289108276 725.0921915769577 2430.469121336937
leaf_count=1085 13211 2222 2781 1847 1848 3226 270 6433 177 7737 63446 5652 438 503 2707 181 6996 2571 3136 1551 2328 2915 103 121 478 408 24 117 18 3759 4188 143 3049 3724 130 5462 14160 12641 1956 10155 5327 42 4 1191 606 5905 429 1531 146 569 21 292 17 128 45 379 469 145 69 1715 502 351
internal_value=-0.000294478 0.00656539 -0.0483108 0.0135321 -0.00318321 -0.052436 -0.0212609 0.0111864 0.0230485 -0.0100636 -0.0548696 0.000887673 -0.029607 0.0275904 -0.0143253 -0.0569761 -0.00116532 -0.0257577 0.00811789 -0.0168982 0.013406 -0.0452278 -0.041809 -0.0365027 -0.0386806 -0.02292 -0.0128324 0.002109 -0.0455928 0.0121565 -0.0465888 0.0337977 -0.0313407 0.0097805 0.00491651 0.00169677 -0.00339128 -0.00653607 -0.025965 0.0040819 0.00526457 -0.0572506 -0.00366859 -0.00680697 -0.000283293 0.00807296 -0.0154171 -0.00902274 -0.0333494 -0.021713 -0.0072285 -0.014051 0.0141902 -0.00759045 -0.00408396 -0.0089712 -0.0187649 -0.00691293 0.000811385 0.0156157 -0.0277946 0.00994101
internal_weight=799258 699347 99911.7 407868 291479 86690 13221.7 327214 80654.4 108350 77721.8 183128 10025.4 40302.3 49067.1 63694.8 111478 8784.28 137346 36555.5 189867 14027 10622.4 7432.19 7035.48 2146.45 1675.43 396.703 4889.03 121294 4845.34 15523.1 8968.24 86744.2 3196.3 48769.6 62708.6 59283.1 6298.47 71650.1 50602 63360.5 135.959 12511.5 5280.97 55929 3747.59 10964.2 5036.7 1666.24 856.545 785.117 321.955 2289.47 2114.2 1927.66 1567.91 946.115 210.623 68573.2 1458.12 2703.46
internal_count=213780 124623 89157 37219 87404 81784 7373 34549 2670 41600 75954 45804 6622 823 21222 63673 29997 5537 20314 16718 14235 12281 9055 6140 5902 1524 1116 238 4378 10192 4360 320 5830 11851 751 12458 17539 20378 3507 15807 8463 63492 46 4504 1797 8127 1921 3379 3616 1045 476 455 163 981 853 808 1092 614 172 4043 940 481
cat_boundaries=0 2 4 5 7 9 11 12 14 16 18
cat_threshold=444 229376 2694934544 27689 7356928 3539335740 98433 318103056 173638 2162294536 363047 3539296008 3816618756 66048 1122099228 130 553644860 148481
is_linear=0
shrinkage=0.05


Tree=25
num_leaves=63
num_cat=11
split_feature=19 19 21 19 15 38 25 19 20 0 15 15 26 0 25 38 0 0 0 0 24 26 24 2 25 25 49 0 26 25 38 0 0 0 26 25 26 25 24 0 43 19 25 25 26 24 23 25 43 26 27 38 42 24 25 25 24 49 49 50 42 38
split_gain=98677.9 16950.7 4469.53 3201.99 3013.98 1822.77 1083.89 998.554 735.728 631.441 551.78 426.046 417.309 414.998 274.805 261.863 260.561 241.851 241.603 223.478 211.18 279.816 239.269 301.293 303.003 302.665 249.881 203.6 189.69 184.498 180.184 177.191 170.64 168.456 165.863 161.541 160.743 156.805 153.095 152.936 146.804 142.773 139.898 136.976 136.545 135.9 132.028 131.664 139.99 155.217 168.057 128.194 184.06 174.437 126.688 211.659 218.316 284.241 210.616 118.591 117.277 116.471
threshold=1.7500000000000002 8.2500000000000018 18.500000000000004 30.500000000000004 3.3125000000000004 7.5000000000000009 5.1984264468287211 13.250000000000002 0.80000000000000182 0 2.1875000000000004 4.9375000000000009 0.0023604272768445005 1 11.469935662539205 1.5000000000000002 2 3 4 5 0.95955882352941191 0.019015815036661502 4.6521542827657383 0.61559370248597556 5.1120831803488551 5.0851340877949331 -2.4999999999999996 6 0.039165816304024957 2.16151095207135 1.5000000000000002 7 8 9 0.07241977126014891 5.0114216919400407 0.011859916494805103 4.3723104274829216 44.051470588235304 10 35.100000000000001 109.00000000000001 3.1949956858688364 4.603943721594705 0.022090530794665202 4.7111632092450515 1.0000000180025095e-35 3.1519894867965497 3.8500000000000005 0.031636077249691759 1.0208072590738426 8.5000000000000018 14.714285714285717 0.68880611455108365 3.0229001902526753 3.225608871412931 1.5661136249371548 -9.0071428571428545 -8.3428571428571399 11.100000000000003 10.27857142857143 2.5000000000000004
decision_type=2 2 8 2 2 2 2 2 2 1 2 2 2 1 2 2 1 1 1 1 2 2 2 2 2 2 2 1 2 2 2 1 1 1 2 2 2 2 2 1 2 2 2 2 2 2 2 2 2 2 2 2 2 2 2 2 2 2 2 2 2 2
left_child=2 4 6 7 8 30 12 18 10 20 15 27 -1 41 -15 39 44 43 -3 -10 -7 -22 23 29 25 54 -24 -6 42 -23 -4 -17 -13 -12 35 -21 -8 -30 46 -2 -40 -5 -20 -9 59 -19 -11 61 49 50 60 52 53 -46 -25 58 -57 -58 -56 -14 -49 -18
right_child=1 3 5 13 11 9 36 17 19 38 33 32 16 14 -16 31 47 45 28 34 21 22 26 24 -26 -27 -28 -29 37 -31 -32 -33 -34 -35 -36 -37 -38 -39 40 -41 -42 -43 -44 -45 51 -47 -48 48 -50 -51 -52 -53 -54 -55 55 56 57 -59 -60 -61 -62 -63
leaf_value=-0.056687775926807696 -0.008794531666347305 0.011125458847086151 -0.024024768160839517 0.017520178956130197 0.00068469520795505902 -0.055849656103434821 -0.0218506358980812 0.012247855531021029 -0.0089481579234790814 -0.057136682620683069 -0.0048230273393439996 0.0067198427055886502 -0.012809273663565933 0.021422276410774901 0.031504725814882194 -0.0082103769162629753 -0.021299443474282011 0.0082791452869803491 -0.012641034256104605 -0.0012070001083435847 -0.053897912834520827 0.00074784708634981299 -0.05416399567058873 -0.035973813543295645 -0.058681413231834491 0.066760593969112617 0.029950653444367138 -0.0042224368089358961 0.0061450398856696476 -0.047170038942784147 -0.038462896491979238 -0.028360199668951119 0.0020097922424455734 -0.010378167836103146 0.019595707145536292 0.01495508621025146 0.0093792505809675818 0.010281713279215178 -0.057844601084138185 -0.016182917283496145 0.045888341706813794 0.026191236383263906 0.0039514502215808383 0.016278943030879137 -0.033301564324198139 0.012728604049790027 -0.016911797570809715 0.00097011340519794333 -0.036227589223886775 0.05816394628613946 -0.033914293577850856 -0.049143678748794953 0.042680955952142378 0.00062098189257003876 -0.057375082920353072 -0.057091194372108411 0.079741283819515979 -0.051884179150729418 0.030811350011067551 -0.041674015464711028 0.086116943510553226 -0.043666625110337733
leaf_weight=1182.9483516216278 10469.076548457146 48008.403893947601 4808.4456992149353 22740.719492435455 48176.670546770096 3247.5907224416733 484.49130964279175 29792.441344976425 5457.8019686937332 60355.508794486523 24224.758714795113 27649.780389070511 725.88887321949005 10630.840644836426 18626.377498149872 1388.9021683931351 763.59399902820587 23860.632777690887 1340.6585123538971 10458.143306493759 3048.7095079421997 210.0224090218544 131.27642416954041 603.93985593318939 448.09667992591858 111.68145227432251 264.51954114437103 37649.07687830925 52296.46596622467 4497.5353280305862 3942.547684431076 5652.0766166448593 63214.825988054276 31465.108746767044 1357.3912651538849 1813.1953718662262 2721.0006530284882 40791.186818361282 64.197366952896118 21809.273593187332 70.513876914978027 6010.7195587158203 23877.837433099747 72275.213907718658 519.15424621105194 61270.729074239731 206.06220138072968 277.78430998325348 786.26791322231293 81.661969780921936 443.43800473213196 168.22678124904633 191.65110790729523 1395.0224616527557 80.179175019264221 290.52202868461609 82.559338331222534 79.574835062026978 407.41528213024139 700.71828079223633 46.361179232597351 2502.9522161483765
leaf_count=1085 4350 5593 2781 715 12759 3226 270 2108 1738 63508 8229 5282 438 374 316 661 448 2029 316 2965 2915 172 121 478 408 24 117 11311 7902 4206 3049 3252 14650 11658 267 399 481 5222 42 9883 4 89 4047 4297 310 4211 119 146 569 24 289 128 45 498 69 242 44 63 196 502 17 2123
internal_value=-0.000289395 0.00620819 -0.0478522 0.0127378 -0.00303259 -0.0521231 -0.0205795 0.0109512 -0.00936724 -0.0546688 -0.0111668 0.00105794 -0.0288448 0.0236257 0.0278327 -0.0157017 -0.0250095 0.013456 0.0081317 -0.000408895 -0.0446848 -0.0411874 -0.0358035 -0.0379992 -0.0222486 -0.012357 0.00197296 -0.00146829 0.00691518 -0.0450315 -0.0305337 -0.0244398 0.00344412 -0.00796466 0.00301515 0.0011817 0.00465213 0.00795788 -0.0568724 -0.0137948 -0.00357128 0.0193272 0.0030687 0.015101 -0.0148473 0.0114803 -0.0570002 -0.0325787 -0.0210366 -0.00694012 -0.0139396 -0.00727189 -0.00390279 -0.00858931 -0.0181218 -0.00662375 -0.0312148 0.0151873 0.0162121 -0.0270098 0.0133911 -0.0384477
internal_weight=798250 702308 95942.1 411522 290786 82950.9 12991.2 353514 114096 74199.9 95009.2 176690 9785.67 58008.7 29257.2 39319.3 8602.72 187199 166315 19086.5 13503.6 10256 7207.32 6811.53 2103.97 1655.87 395.796 85825.7 118306 4707.56 8750.99 7040.98 90864.6 55689.9 13628.7 12271.3 3205.49 93087.7 60696.3 32278.4 134.711 28751.4 25218.5 102068 3700.66 85131.4 60561.6 4902.06 1635.51 849.245 767.583 2274.05 2105.83 1914.18 1544.19 940.251 452.656 162.134 487.594 1426.61 324.145 3266.55
internal_count=213780 124623 89157 37219 87404 81784 7373 35725 43402 75954 38033 44002 6622 1494 690 18146 5537 12645 23080 5369 12281 9055 6140 5902 1524 1116 238 24070 17487 4378 5830 3913 19932 19887 3631 3364 751 13124 63673 14233 46 804 4363 6405 1921 6240 63627 3616 1045 476 452 981 853 808 1092 614 349 107 265 940 163 2571
cat_boundaries=0 2 4 5 7 9 11 13 14 16 18 19
cat_threshold=444 229376 1566478087 262736 7356928 317816348 192000 3231793152 65665 1426465126 220968 2196897596 65699 1125148672 10582060 2 3537993484 65537 820074248
is_linear=0
shrinkage=0.05


Tree=26
num_leaves=63
num_cat=0
split_feature=19 19 21 13 15 15 25 13 14 49 25 26 26 15 13 42 30 30 26 42 43 16 29 30 43 25 2 26 25 25 43 43 22 2 49 25 39 14 2 26 25 30 30 30 43 30 25 13 26 25 9 30 21 47 16 29 30 49 31 29 47 31
split_gain=92456 15133.2 4474.91 2892.42 2744.48 1850.46 1015.9 821.179 762.173 642.496 443.447 414.854 400.462 383.696 271.377 239.478 321.496 239.134 284.691 238.891 237.562 227.038 224.464 208.902 207.178 189.255 188.518 186.262 183.284 475.306 402.882 280.979 178.13 173.177 172.154 167.833 167.345 153.205 151.083 146.728 144.159 221.294 173.822 183.581 249.797 138.592 138.44 136.972 134.444 134.269 128.425 125.718 123.16 149.036 136.408 123.137 116.394 114.543 150.108 114.048 109.913 109.3
threshold=1.7500000000000002 8.2500000000000018 18.500000000000004 21.500000000000004 3.3125000000000004 0.18750000000000003 5.1984264468287211 2.5000000000000004 10.500000000000002 3.914285714285715 26.156040021469618 0.0023604272768445005 0.025836569391989705 4.9375000000000009 9.5000000000000018 14.407142857142858 0.75862504825077981 1.044136750931705 0.019015815036661502 4.8642857142857148 3.8500000000000005 0.17424242424242423 4.3965916953090529 1.4825073968299212 15.550000000000001 5.0114216919400407 0.8542199457734333 0.022090530794665202 5.1120831803488551 4.2323809214117096 3.1500000000000008 15.350000000000001 0.12499999999999996 0.61559370248597556 8.3214285714285747 13.095960753842556 0.38750000000000007 1.5000000000000002 -0.78574730703237861 0.0077067544697441504 3.0168614574289605 1.4288887655658191 1.4973307818862847 1.5506484266208245 4.5500000000000016 1.6693523320686203 5.0114216919400407 1.0000000180025095e-35 0.049753412289165154 2.5151456795769582 1.5000000000000002 1.6308394150214214 31.500000000000004 -2.9864858566216257 6.6742424242424248 4.4337703135064368 2.5048158213303502 4.7928571428571436 0.95198490658792256 4.3780754357226419 3.7646499238202167 2.7918572668603274
decision_type=2 2 8 2 2 2 2 2 2 2 2 2 2 2 2 2 2 2 2 2 2 10 2 2 2 2 2 2 2 2 2 2 2 2 2 2 2 2 2 2 2 2 2 2 2 2 2 2 2 2 2 2 8 2 8 2 2 2 2 2 2 2
left_child=2 4 6 8 7 9 11 12 14 17 -5 -1 37 55 52 16 34 -4 -19 24 27 32 46 -17 28 59 -14 57 29 33 56 -30 35 -20 -13 -11 60 47 -37 -8 -35 -42 -43 -44 -45 -46 -9 -2 -27 -36 -28 -29 53 -3 -54 -6 -31 -18 -59 -10 -24 -16
right_child=1 3 5 10 13 -7 39 22 25 21 -12 15 26 -15 61 23 20 18 19 -21 -22 -23 36 -25 -26 48 50 51 31 30 -32 -33 -34 40 49 38 -38 -39 -40 -41 41 42 43 44 45 -47 -48 -49 -50 -51 -52 -53 54 -55 -56 -57 -58 58 -60 -61 -62 -63
leaf_value=-0.056564484307356069 -0.033602516282443061 0.015565408212567961 -0.056135456602974601 0.017830172773407132 -0.0026002246946943259 -0.027114243216947678 -0.025671094610316234 -0.0075006030124010904 0.0063875875137384816 -0.057439687796782039 0.025671297389349063 -0.054066563459214505 -0.011733823804053863 0.0032639387257179749 0.0035768845270847146 0.011012501451340306 -0.035494980385319133 -0.053327327202467481 -0.042919081258497922 0.019701068132564864 -0.037559559573599646 -0.038136246497549223 0.0067603635080388568 -0.031609272341248322 -0.054309135486291731 0.010884529070444801 -0.0069021923089203829 0.0049906980494155984 -0.055745474231275988 0.11444733488105924 -0.028758543490470485 0.025369772729809448 -0.0061135230520256304 -0.039294961135491628 0.0068574081537811074 0.052140003253225237 -0.0024897717639820074 -0.015019968767047646 -0.05680933177279527 0.0081951430812808052 0.023696819114439202 -0.051358280356903291 0.08020187158943215 -0.055909792668301254 0.045294921651906558 -0.037331002613330076 0.0020287278448035771 -0.01950443161974048 0.015225908771566574 -0.058286913451307099 0.0069818659664515163 -0.023585318968871987 -0.00062151067607460714 0.0064243126879976594 0.0054386653509575838 0.001586259727181923 0.039565954021941359 0.022973581817027345 -0.025434775666625043 0.011379900052124416 0.034243239860682916 0.010295629667320911
leaf_weight=1127.6492592692375 2357.3141893148422 5217.0914359092712 3730.4149785041809 50249.570879459381 61085.875623941422 6934.0010051727295 359.12210309505463 36583.049257993698 13358.128910779953 55114.989246249199 28146.268385410309 1417.3217381834984 25318.053939223289 91080.222657442093 6663.1428790092468 809.64049410820007 1166.4578377008438 3578.7683309316635 2494.100862801075 184.89959812164307 1646.8717146515846 1625.764033973217 3437.3192236423492 444.43934541940689 1518.4943860173225 25476.355526924133 6007.3437006473541 1301.9484497308731 1344.5233122110367 76.717733979225159 227.65008389949799 115.30874037742615 170.91179060935974 813.03991800546646 235.29578077793121 66.02520751953125 10687.576305508614 15511.198428153992 59.580420613288879 2855.7694969177246 317.64496922492981 362.51665580272675 54.148403882980347 210.15768110752106 159.08281564712524 73.36456561088562 4253.2745890617371 6447.0383667945862 59630.370657920837 117.93711650371552 2303.1051313877106 545.19057136774063 12452.855008363724 30727.721751928329 36489.15965628624 24650.129295110703 163.03930771350861 231.536017537117 513.40070062875748 80061.076277494431 406.16657400131226 66533.490553617477
leaf_count=1085 1441 427 3914 2008 17554 4358 214 12543 1349 61031 450 1320 11002 19932 853 284 804 3584 2360 124 1243 1495 850 315 1574 2030 2424 485 1328 20 199 39 100 703 181 2 3471 6659 40 537 183 313 22 185 91 57 1269 2999 3520 112 697 338 2595 4988 6050 6516 62 117 338 6085 47 6864
internal_value=-0.000284043 0.00587172 -0.0473785 0.0119962 -0.00288883 -0.0517975 -0.0199076 -0.00896356 0.00998162 -0.054159 0.0206457 -0.0280853 -0.0131244 0.00100413 0.00745308 -0.0242689 -0.0277916 -0.0450949 -0.0415678 -0.036375 -0.0217257 -0.0566092 -0.00460889 -0.0041016 -0.0376855 0.0122205 -0.00958899 -0.0147784 -0.0337396 -0.0291355 0.018807 -0.049322 -0.0571504 -0.0341371 -0.0462847 -0.0573081 0.000727693 -0.018013 0.000380404 0.00440373 -0.0231117 -0.0119038 -0.0250823 -0.00583209 -0.0165258 0.0191471 -0.00650794 -0.0232831 0.0139265 -0.014982 -0.00305347 -0.00344912 0.00552912 0.0077516 0.00389662 -0.0013965 0.0639232 -0.0257166 -0.0103715 0.0106662 0.00967411 0.00968414
internal_weight=797301 705133 92167.7 415005 290128 79395.1 12772.6 113311 336609 72461.1 78395.8 9557.69 57944.1 176816 158083 8430.04 7175.96 15423.9 11693.5 8114.69 5405.41 57037.3 55367.4 1254.08 7929.79 178526 33628.5 3758.53 6411.3 4951.46 467.407 1459.83 55411.5 4484.06 1770.55 55240.6 14531.1 24315.6 125.606 3214.89 1989.96 1176.92 859.27 496.753 442.605 232.447 40836.3 8804.35 85106.7 353.233 8310.45 1847.14 84886.8 35944.8 48942 85736 239.757 1911.39 744.937 93419.2 3843.49 73196.6
internal_count=213780 124623 89157 37219 87404 81784 7373 43402 34761 77426 2458 6622 25222 44002 21777 5537 4938 14758 10844 7260 3325 62668 18180 599 7136 12984 14123 2082 5562 4195 281 1367 61173 3914 1613 61073 4368 11099 42 751 1554 851 668 355 333 148 13812 4440 5550 293 3121 823 14060 5415 8645 24070 82 1259 455 7434 897 7717
is_linear=0
shrinkage=0.05


Tree=27
num_leaves=63
num_cat=10
split_feature=15 15 21 15 15 20 25 0 14 15 13 38 13 26 14 0 42 24 0 26 24 26 24 43 44 24 16 29 0 18 13 4 0 24 25 25 26 25 43 0 24 49 0 25 24 24 25 0 0 16 13 0 24 24 26 49 24 25 43 26 38 13
split_gain=85704.9 14682.5 4438.82 2686.91 2674.61 1003.46 936.862 727.007 697.286 557.052 540.941 512.45 476.634 411.55 407.904 385.098 306.272 377.998 298.778 282.154 258.294 401.091 341.83 282.061 252.844 502.298 229.118 227.83 217.598 209.28 208.677 202.828 181.901 180.63 316.035 300.554 262.188 245.962 195.353 191.801 214.883 180.471 175.234 159.031 156.288 155.616 154.207 150.317 145.249 143.979 143.28 140.332 138.29 150.062 135.107 135.066 135.062 134.906 134.286 168.194 132.601 131.091
threshold=0.31250000000000006 6.0625000000000009 2.5000000000000004 18.312500000000004 2.8125000000000004 0.80000000000000182 5.1120831803488551 0 9.5000000000000018 39.875000000000007 1.5000000000000002 7.5000000000000009 5.5000000000000009 0.0035305698511303506 1.5000000000000002 1 14.407142857142858 0.71763298620883775 2 0.025070470316900705 5.4498170235836279 0.032235078289124156 5.6699670385395544 12.100000000000001 29.550000000000004 2.5357620320855623 4.3416666666666677 4.3965916953090529 3 0.37500000000000006 14.500000000000002 1.0000000180025095e-35 4 1.285453431372549 5.1120831803488551 5.0114216919400407 0.024453681494238006 4.2323809214117096 4.5500000000000016 5 1.3614361515215407 8.3214285714285747 6 5.0114216919400407 1.2970588235294123 44.051470588235304 3.1350550764288472 7 8 8.7613636363636385 3.5000000000000004 9 1.4537676912870414 1.7343464559736941 0.018696443743172704 -5.864285714285713 1.460639189886481 2.5151456795769582 10.65 0.028348404389881954 6.5000000000000009 1.0000000180025095e-35
decision_type=2 2 8 2 2 2 2 1 2 2 2 2 2 2 2 1 2 2 1 2 2 2 2 2 2 2 8 2 1 2 2 2 1 2 2 2 2 2 2 1 2 2 1 2 2 2 2 1 1 10 2 1 2 2 2 2 2 2 2 2 2 2
left_child=2 4 6 8 5 10 13 20 28 48 14 -9 15 -1 32 -6 17 41 -11 -19 23 -22 -23 24 33 -26 50 43 49 -14 47 -24 -2 -4 35 36 -35 39 -37 40 44 -15 -16 -7 55 -13 -29 -10 -5 -3 -17 -31 -42 -54 -12 -38 -18 -43 59 -8 -25 -34
right_child=1 3 7 9 12 27 58 11 30 18 54 45 29 16 42 26 56 19 -20 -21 21 22 31 60 25 -27 -28 46 -30 51 -32 -33 61 34 -36 38 37 -39 -40 -41 52 57 -44 -45 -46 -47 -48 -49 -50 -51 -52 -53 53 -55 -56 -57 -58 -59 -60 -61 -62 -63
leaf_value=-0.053267996574000914 -0.017919442776942313 0.0067713694624771566 -0.050469825435829431 0.017768726992505306 0.0052484408035865862 -0.0070018312955489872 -0.023849327931712776 -0.032059377417964489 0.0075104014775592073 0.029483888001362701 -0.014961518637073196 -0.057166478094228639 0.021603388216295791 -0.056482797935238117 -0.001849516666290875 -0.007176628519215281 0.014933430677183591 -0.02968422846107048 0.019886400466583465 -0.00073111759089845092 -0.042397322867224002 0.15394612540957781 -0.037042445945519441 -0.025011863683327071 -0.054460849686379292 0.14310987815608919 -9.8336578582735367e-05 -0.0016904513848628984 0.003886067549795267 0.0074993642799794941 0.013412225031582101 0.041147723391370544 -0.036920552704496262 -0.047211016655074767 -0.058766838687816229 0.037563050403039346 0.028439501359922417 0.047609288950869806 -0.057883816272563796 -0.044289111754228588 -0.056007904989856264 0.0094690947564494924 -0.015281230460949011 0.009752988768481425 0.066644051237870719 -0.0022620958500219539 0.014186564275580765 0.01105024700448033 0.012845250913184562 0.011550278299457805 -0.002666581313803016 0.001628671711860454 0.001731354334111832 -0.045206893570530989 -0.0083441334451615605 -0.057970613548644613 -0.03222040779991886 -0.058259899662330021 0.01618752983330813 0.0078845857936973573 -0.054382735004958362 -0.024115214829390014
leaf_weight=1325.3365448713303 7021.5325906276703 69763.712582349777 2971.9317632913589 32259.950719833374 16739.42657160759 8387.8285295963287 688.12654793262482 2144.2099316120148 46253.210357427597 12751.494251251221 9805.1742703914642 52064.972718656063 1584.9638142585754 1228.7140244841576 3205.6343022584915 31076.55167722702 694.16916048526764 2103.0487133264542 23205.730876922607 1402.9525585174561 712.03361612558365 42.129923582077026 156.0159747004509 409.71688771247864 74.808801412582397 54.930990099906921 45952.000057935715 2532.9465345144272 56318.151777505875 13791.247833490372 58124.560793876648 174.78724706172943 3222.6916725635529 1761.49004560709 1124.8215950131416 253.7743439078331 113.27673161029816 120.91898763179779 66.918064773082733 821.59114336967468 258.57582402229309 208.7467120885849 10196.826647639275 1702.7981457710266 122.61345791816711 129.65143984556198 3856.1581852436066 86629.760299444199 28698.772039413452 20369.913585424423 40653.948308944702 38871.156991243362 515.59154403209686 253.0521377325058 36237.948302030563 73.829823017120361 193.28582745790482 112.23643755912781 1392.1337963342667 1058.335994720459 7054.7899962067604 5306.1571290493011
leaf_count=1297 3861 10306 3052 1306 3712 2584 324 1696 4557 204 4125 60299 122 1230 1235 10450 212 1525 408 583 678 15 136 316 83 24 12466 698 9747 2762 3394 56 2142 1662 1170 115 58 62 69 789 237 162 4793 375 57 44 815 7515 1281 1913 11761 8829 350 209 14421 58 141 112 172 209 7802 2994
internal_value=-0.000278388 0.00527424 -0.0487304 0.0110302 -0.00365066 -0.0106669 -0.0182189 -0.0531726 0.00892275 0.0183683 -0.0131217 -0.0560353 -0.000248796 -0.0280759 -0.018477 -0.00184531 -0.0224491 -0.027204 0.0233045 -0.0181034 -0.0440344 -0.0204141 0.0215458 -0.0456566 -0.0394636 0.0296059 -0.00285462 0.000504302 0.00632696 0.00370714 0.010913 0.0042555 -0.0239871 -0.040527 -0.035132 -0.0290236 -0.0327214 -0.0215062 0.0175128 -0.0254006 -0.0133342 -0.0477648 -0.0120821 -0.00417327 0.0230115 -0.0570302 0.00789209 0.00981962 0.0154562 0.00785069 -0.00462066 0.00316803 -0.0244391 -0.0137538 -0.00975375 -0.00575715 0.00463309 -0.0143052 0.00460843 -0.00462258 -0.0527748 -0.0289242
internal_weight=796404 714520 81883.5 434375 280145 91475.7 10407.1 71476.4 337459 96915.9 74996 54338.8 188669 7268.49 28952.8 134422 5943.15 5055.7 35957.2 3506 17137.6 1084.97 372.933 16052.6 8588.13 129.74 117683 16479.7 146452 54247.4 191008 330.803 15550.4 8458.39 5486.45 4361.63 4040.94 2279.45 320.692 2158.53 1336.94 1549.7 13402.5 10090.6 309.72 52194.6 6389.1 132883 60958.7 90133.6 71730.5 52662.4 1027.22 768.644 46043.1 187.107 887.455 320.983 3138.6 1746.46 7464.51 8528.85
internal_count=213780 128776 85004 40631 88145 38043 5967 79037 37432 3199 33571 62039 50102 5262 15025 38389 3965 3612 612 2108 16998 885 207 16113 7995 107 34677 4472 21966 11713 15466 192 8997 7888 4836 3666 3482 1820 184 1758 969 1504 6028 2959 173 60343 1513 12072 2587 12219 22211 11591 796 559 18546 116 353 274 705 533 8118 5136
cat_boundaries=0 2 3 5 7 9 10 11 13 15 17
cat_threshold=8429500 229632 33636352 2728484864 19501 3773298300 196610 1912273681 2568 424 291586304 3978831044 417086 4070961716 412352 547446800 53
is_linear=0
shrinkage=0.05


Tree=28
num_leaves=63
num_cat=10
split_feature=19 19 21 19 38 15 25 15 0 14 13 26 22 14 26 0 26 0 24 26 24 3 25 25 22 25 0 38 0 38 17 42 25 38 0 42 16 29 24 26 0 25 24 0 0 25 16 26 43 50 3 0 25 25 24 3 26 38 42 24 25 38
split_gain=81154.5 12138.8 4473.67 2636.7 1945.03 1750.67 890.677 772.129 697.184 547.141 535.095 410.155 380.247 324.43 303.498 290.686 270.471 242.115 223.27 288.058 218.769 288.308 287.909 228.17 214.767 210.019 194.386 190.561 188.952 185.366 184.109 181.069 178.163 174.78 168.895 166.724 180.65 163.009 162.545 245.461 156.914 155.26 151.651 142.103 137.946 131.456 135.905 127.044 125.329 122.978 119.611 117.624 114.845 183.76 115.555 139.454 111.861 109.248 108.182 127.668 474.821 216.34
threshold=1.7500000000000002 7.2500000000000009 18.500000000000004 18.250000000000004 7.5000000000000009 2.8125000000000004 5.1984264468287211 35.375000000000007 0 8.5000000000000018 2.5000000000000004 0.0023604272768445005 0.12499999999999996 4.5000000000000009 0.025836569391989705 1 0.040007737799148811 2 0.95955882352941191 0.019015815036661502 4.6521542827657383 0.78574730703237883 5.1120831803488551 5.0851340877949331 0.12499999999999996 2.16151095207135 3 1.5000000000000002 4 8.5000000000000018 1.8929694486000916 1.2142857142857144 3.1949956858688364 1.5000000000000002 5 14.714285714285717 1.0000000180025095e-35 4.3780754357226419 0.59633714596949905 0.022090530794665202 6 6.736241822416539 44.051470588235304 7 8 3.1473405508241545 1.6742424242424245 0.0077067544697441504 35.100000000000001 15.750000000000002 -0.46472317204376873 9 3.4783232288476356 3.0229001902526753 1.1292892156862748 0.56806474673115548 0.034579760025560159 2.5000000000000004 0.29285714285714282 1.644594226579521 5.0851340877949331 8.5000000000000018
decision_type=2 2 8 2 2 2 2 2 1 2 2 2 2 2 2 1 2 1 2 2 2 2 2 2 2 2 1 2 1 2 2 2 2 2 1 2 10 2 2 2 1 2 2 1 1 2 8 2 2 2 2 1 2 2 2 2 2 2 2 2 2 2
left_child=2 5 6 9 33 10 11 34 18 16 14 -1 42 40 27 -9 32 -13 -6 -20 21 22 23 52 25 49 -16 -2 45 35 -12 -22 -3 -4 41 38 -37 -11 50 -40 -7 -5 -10 -15 -32 -18 -47 -8 -44 -23 -19 -34 53 54 55 -21 -43 -28 59 -27 61 -61
right_child=1 3 4 7 8 13 47 15 12 37 30 17 -14 43 26 -17 28 29 19 20 31 24 -24 -25 -26 58 57 -29 -30 -31 44 -33 51 -35 -36 36 -38 -39 39 -41 -42 56 48 -45 -46 46 -48 -49 -50 -51 -52 -53 -54 -55 -56 -57 -58 -59 -60 60 -62 -63
leaf_value=-0.05630768270806117 -0.01510812349347509 -0.0099891956302859183 -0.021571132428580431 0.013411621967454169 -0.055325609573653879 -4.1014635509951178e-06 -0.024494206525882082 0.027896385341555398 -0.057009591970416676 0.0069853078393159228 -0.0070050025043568477 -0.03507346620548072 -0.0010826968820123093 0.0095282237276047531 -0.0040884130209256761 0.018587897667440578 0.0042824132683676247 -0.014871023492317396 -0.053088428887727149 0.075696343619558723 -0.040628022674318899 -0.032293446400550367 -0.058658985410578957 0.055319707466974413 0.067499975483571326 -0.048340840259814548 -0.011930384974018562 -0.02709677260298135 0.0040169031195931041 -0.043928215071025289 0.0097660578589797414 0.029609605640284947 -0.0019694618025456342 -0.036313139257010844 0.011823980143284687 0.04267187644079367 -0.01498380072257178 0.010185081788274736 -0.027166767486643813 -0.00050883886515679458 -0.0044021594081908033 0.0055674844238575976 -0.05774480843405197 0.0010424376357100844 -0.0031755772755722722 0.023775505850180005 0.0094795150864713518 0.0074322700196405344 0.039575502968647952 0.046635501446231402 -0.053843331074747147 0.0043075377804186422 -0.056304863270587029 0.0048555508646274774 -0.04726132645362735 -0.027827770788132779 0.020985094564600251 -0.032382902535617299 -0.055358967461991974 0.044016629776628388 -0.058666859754687939 -0.048465953466600445
leaf_weight=1028.2263318300247 17667.813468337059 3122.3459758758545 4542.3167548179626 24442.007441997528 2828.6233582496643 31762.768157720566 348.33255994319916 12315.629512786865 52130.588429629803 58013.133780002594 23184.137270689011 2688.4898547530174 307.42142033576965 5284.2173595428467 10490.757431745529 27383.468217849731 12860.240470647812 348.21537137031555 2672.6489545106888 46.049772381782532 147.20380020141602 100.38749927282333 386.88129723072052 120.33873200416565 42.435128569602966 1283.0366696715355 16623.094255924225 4084.0311179161072 42502.71633541584 556.58227282762527 3186.1960060596466 239.89320743083954 10570.166019797325 3621.5209033489227 68639.016222953796 259.61245453357697 282.861940741539 126970.38662934303 1527.7810096144676 1985.3463501930237 56132.605768203735 1280.6495170593262 58.1659055352211 72433.623611450195 5774.6511013507843 1750.2721765041351 33172.813927412033 2881.5422909259796 74.02430272102356 95.140365660190582 456.38157856464386 25347.245030164719 157.0323132276535 754.84377467632294 397.28516101837158 104.38889402151108 14712.291998386383 679.35944759845734 1942.6152765750885 256.55599689483643 406.37903249263763 82.862276017665863
leaf_count=1085 7992 723 2781 1214 3226 8766 214 203 63446 6543 8467 2216 181 927 4337 497 2056 182 2915 27 144 103 408 24 18 1285 7506 2398 7503 482 705 94 2201 3049 3627 78 168 11485 1072 882 17529 85 42 18172 1601 158 4519 537 4 69 457 4368 145 469 359 92 593 448 2229 160 432 82
internal_value=-0.000272539 0.00525676 -0.0463952 0.0100331 -0.0511179 -0.00368707 -0.0185845 0.015517 -0.0540228 0.00743734 -0.00967693 -0.0265644 -0.0565371 -0.000732458 -0.0129365 0.0214881 0.00494223 -0.0227841 -0.0429805 -0.0392401 -0.033593 -0.035878 -0.0200542 -0.0105667 -0.0432639 -0.0444091 -0.00947353 -0.0173604 0.00644583 -0.016583 -0.00465255 0.00285116 0.00146469 -0.028115 0.0133435 -0.0134762 0.0126271 0.00918166 -0.0167591 -0.0121076 -0.00281341 0.0159157 -0.056874 0.00162095 0.00143343 0.00860345 0.0101968 0.00398103 -0.00332156 0.00612841 -0.0370224 0.00246078 -0.0160363 -0.0111384 -0.0331583 0.00411888 0.0197513 -0.0127282 -0.0468994 -0.0387735 -0.0222649 0.0213481
internal_weight=795548 710386 85162 463082 72798.6 247303 12363.4 148773 64634.8 314309 81690 9133.5 52570.2 165613 49545.1 39699.1 129326 8105.27 12064.6 9235.98 6563.33 6176.23 1966.82 1579.94 4209.41 4166.98 27793.2 21751.8 90286 5416.78 32145 387.097 39039.8 8163.84 109074 4860.2 542.474 184984 4317.72 3513.13 87895.4 40434.9 52262.8 77717.8 8960.85 47783.3 34923.1 3229.87 132.19 195.528 804.597 35917.4 1459.6 1302.57 547.724 150.439 15992.9 17302.5 3971.45 2028.83 745.797 339.418
internal_count=213780 124623 89157 45775 81784 78848 7373 6219 75954 39556 33454 6622 63673 45394 22681 700 21528 5537 12281 9055 6140 5902 1524 1116 4378 4360 12291 10390 14236 3321 10773 238 7292 5830 5519 2839 246 18028 2593 1954 26295 1892 63492 19099 2306 6733 4677 751 46 172 639 6569 1092 947 478 119 678 7954 4188 1959 674 242
cat_boundaries=0 2 4 5 6 8 10 12 13 15 17
cat_threshold=444 229376 2694934528 11273 693248 1398143768 2967596604 196742 44168212 131584 14808836 65537 16384 586170388 303206 990386083 326076
is_linear=0
shrinkage=0.05


Tree=29
num_leaves=63
num_cat=4
split_feature=19 19 21 13 38 19 25 14 49 13 26 19 26 22 13 22 1 1 26 24 26 38 42 24 26 1 50 25 2 25 42 2 38 25 38 24 26 13 29 30 1 42 24 2 21 43 2 26 25 25 24 24 25 50 24 42 25 25 26 25 26 16
split_gain=76002.9 10868.7 4464.44 2328.21 1981.92 1592.83 832.035 754.329 717.776 451.502 406.093 386.626 317.954 294.488 292.115 287.624 279.075 268.577 243.258 232.467 283.844 208.058 269.408 398.299 224.274 177.948 237.015 244.012 295.864 292.527 175.045 173.913 169.637 156.862 155.928 151.471 143.742 138.449 132.397 128.109 126.963 154.714 126.037 135.809 122.768 116.888 116.643 112.728 109.724 109.348 189.248 198.848 140.136 193.908 125.483 249.891 115.045 161.273 107.356 104.881 104.704 103.995
threshold=1.7500000000000002 7.2500000000000009 18.500000000000004 19.500000000000004 7.5000000000000009 3.2500000000000004 5.1984264468287211 9.5000000000000018 3.914285714285715 4.5000000000000009 0.0023604272768445005 87.500000000000014 0.024215354901013956 0.12499999999999996 7.5000000000000009 0.12491987179487171 0 1 0.023181966527594803 0.9987745098039218 0.019015815036661502 8.5000000000000018 14.407142857142858 0.71763298620883775 0.025070470316900705 2 15.350000000000001 5.1120831803488551 -0.17992617227144048 5.0851340877949331 6.2000000000000002 0.78574730703237894 1.5000000000000002 4.9711453398307972 1.5000000000000002 10.941857585139319 0.053211930289967159 1.5000000000000002 4.3780754357226419 0.49739936199665796 3 4.7214285714285724 2.1076426024955439 0.70581670320594825 13.500000000000002 4.3500000000000005 -0.78574730703237861 0.033163400982608407 4.6489437953667769 2.9614914616579728 1.4025673400673402 1.460639189886481 2.5356476201034801 4.2500000000000009 1.5271739130434785 -6.6357142857142852 3.4783232288476356 3.3908329548871916 0.040239836794111458 5.1984264468287211 0.011859916494805103 1.0000000180025095e-35
decision_type=2 2 8 2 2 2 2 2 2 2 2 2 2 2 2 2 1 1 2 2 2 2 2 2 2 1 2 2 2 2 2 2 2 2 2 2 2 2 2 2 1 2 2 2 8 2 2 2 2 2 2 2 2 2 2 2 2 2 2 2 2 10
left_child=2 5 6 7 32 12 10 14 15 16 -1 59 34 35 17 19 30 -3 37 -6 -21 22 23 31 -25 26 27 28 -22 49 -7 39 -4 38 -2 -10 48 -18 -9 -12 41 -35 43 -8 -14 -26 -37 -19 -16 52 -51 -52 53 -30 -53 -56 57 -57 -11 -5 -44 -24
right_child=1 3 4 11 8 9 42 33 13 58 21 -13 44 -15 36 -17 18 47 -20 20 25 -23 61 24 45 -27 -28 -29 29 -31 -32 -33 -34 40 -36 46 -38 -39 -40 -41 -42 -43 60 -45 -46 -47 -48 -49 -50 50 51 54 -54 -55 55 56 -58 -59 -60 -61 -62 -63
leaf_value=-0.056163599600292373 -0.013832065762795671 0.0087950399796592714 -0.020837681240786055 0.01047525099864241 -0.055759661753918922 0.0075073369283441202 0.020374253814906665 0.0046755668905541694 -0.057047390485865615 -0.00044125187392916312 0.042320444017659151 0.022139425582418857 -0.0029083008628766546 -0.0062564290444532787 0.0021967513731507289 0.038711524097585652 -0.021249536370236757 -0.0037612415407801574 -0.0033615236047509194 -0.053560402044298662 -0.054768313069498337 -0.045803587697207188 0.015929896790174539 -0.024641807965075879 0.0038250873954613681 -0.042801932101076384 0.018730403265407137 -0.056742886805385064 -0.035274198698321928 0.057159599925369224 -0.002776619645560508 -0.05360409423369944 -0.035530400855397874 0.022710830652363134 -0.026441968947906846 0.037029068450461874 0.0085200802816882606 -0.0082317894887215335 0.0092488743592236411 -0.029989769424645176 0.010387605038628739 0.012076494518164532 -0.016016050100398416 -0.049465349210759776 -0.0095345423154470487 -0.031409370175346049 -0.055085422592657862 0.0020400396661467463 0.0069608781237504112 0.02321665763840558 -0.051413841303376076 0.064586527618258671 -0.05029582567751633 0.063551017140786911 -0.056819306639613092 0.0026531647625228499 -0.054327040289253239 0.097989677516283555 0.0031386459076907999 0.015494472193354447 0.010881460689441914 -0.017092994032373934
leaf_weight=980.52857136726379 19190.923621058464 13274.596699237823 4469.0266627073288 12551.770160675049 3222.488806784153 8463.5642473697662 103.29635310173035 19083.271417140961 48156.210173368454 39440.833103656769 78.679810404777527 22422.802326202393 9377.7400759458542 289.27705442905426 22034.139446496964 104.95306879281998 2412.8816964626312 10678.82875752449 71376.739733576775 2852.0703994035721 566.36183655261993 826.73706156015396 671.06902503967285 2753.357411980629 1478.696675658226 3538.5555291771889 266.58131641149521 683.72178375720978 145.6049672961235 134.54001015424728 8093.2278535366058 1239.9464297890663 3518.8960581421852 4914.7049922943115 2812.8233203887939 75.564888000488281 56199.186174869537 13325.461146473885 92932.930701255798 264.00310695171356 73862.413942575455 11278.057279348373 421.85330939292908 209.09385859966278 27496.329019904137 278.89287263154984 61.346696078777313 38776.999627351761 26781.076907873154 317.9627742767334 337.55082780122757 62.167489588260651 463.9198807477951 74.040690064430237 170.31550461053848 114.92445611953735 38.573891878128052 71.419252395629883 44644.510108470917 61405.18058681488 2503.8262478113174 368.42035579681396
leaf_count=1085 8512 1862 2781 639 3889 1750 26 2148 61556 9895 56 310 3703 174 3618 57 1064 2410 22775 3297 659 755 196 1975 580 3837 129 772 144 30 2382 1305 3049 229 1758 5 7020 4398 7542 240 5410 723 242 132 11970 204 47 7859 3741 183 324 27 468 48 165 76 36 31 10641 2264 351 226
internal_value=-0.000266467 0.00497508 -0.0458787 0.00946571 -0.0507567 -0.00351322 -0.0179439 0.00766182 -0.0537887 -0.00126305 -0.0258084 0.0163872 -0.0106886 -0.0565968 0.00518322 -0.0434229 -0.00347121 0.00248339 -0.00460186 -0.0440862 -0.0402568 -0.0220619 -0.0193035 -0.0233164 -0.0157368 -0.0348181 -0.0264116 -0.0302839 -0.0230182 -0.0136799 0.00247871 -0.0448938 -0.0273145 0.00971931 -0.0154454 -0.0568981 0.00679588 -0.0102291 0.00846985 -0.013298 0.0112733 0.0152962 0.00377001 -0.0263646 -0.00784963 -0.00177773 -0.00430905 0.000787078 0.00481065 -0.0190168 -0.00932858 -0.022365 -0.0347461 -0.00180135 -0.000851408 -0.011294 0.0232561 0.0395471 0.00145942 0.0146428 0.00699726 0.0042158
internal_weight=794745 712831 81914.5 466196 69736.1 246635 12178.4 369816 61748.2 187757 8940.33 96379.8 58877.8 48582.4 167745 13165.8 103672 62730.4 87115.1 13060.8 9838.31 7959.8 7133.07 6093.58 4510.95 6986.24 3447.68 3181.1 2497.38 1931.02 16556.8 1582.63 7987.92 202071 22003.7 48293.1 105014 15738.3 112016 342.683 90055.2 16192.8 3238.07 312.39 36874.1 1757.59 136.912 49455.8 48815.2 1796.48 1112.91 794.951 683.566 219.646 457.401 395.233 224.918 186.344 84085.3 73957 2925.68 1039.49
internal_count=213780 124623 89157 45775 81784 78848 7373 42562 75954 52905 6622 3213 25943 61782 26510 14172 32369 12131 28237 14115 10226 5537 4782 4360 2759 6929 3092 2963 2191 1532 4132 1601 5830 16052 10270 61608 14379 5462 9690 296 6362 952 751 158 15673 784 52 10269 7359 1502 842 659 660 192 335 308 143 107 20536 2903 593 422
cat_boundaries=0 1 2 3 4
cat_threshold=8 8 2050 8
is_linear=0
shrinkage=0.05


Tree=30
num_leaves=63
num_cat=4
split_feature=19 19 21 13 38 15 25 49 25 26 13 26 25 22 14 22 26 25 30 26 1 38 42 30 26 39 1 50 25 43 25 49 38 38 25 25 21 21 16 21 1 26 25 16 25 22 43 26 43 25 25 30 30 25 42 30 42 21 1 47 43 26
split_gain=71164.2 9735.69 4446.08 2073.96 2016.33 1477.35 776.436 738.328 567.254 482.727 473.63 401.311 340.57 295.131 277.04 270.914 261.23 249.508 236.095 284.812 206.441 201.979 250.879 387.195 209.111 184.338 172.501 221.85 240.775 274.861 260.029 172.446 172.139 164.28 150.482 149.577 136.93 133.896 133.788 130.917 127.053 124.755 123.78 122.638 122.116 120.439 118.44 153.522 143.102 113.519 112.992 167.317 179.236 131.966 183.874 127.363 233.004 112.011 108.486 108.392 108.088 108.071
threshold=1.7500000000000002 7.2500000000000009 18.500000000000004 15.500000000000002 7.5000000000000009 2.8125000000000004 5.1984264468287211 3.914285714285715 11.469935662539205 0.056555322092099909 2.5000000000000004 0.0023604272768445005 4.6489437953667769 0.12499999999999996 4.5000000000000009 0.12491987179487171 0.025836569391989705 4.3723104274829216 1.044136750931705 0.019015815036661502 0 8.5000000000000018 14.407142857142858 0.75862504825077981 0.025070470316900705 0.35416666666666669 1 15.350000000000001 5.1120831803488551 12.65 5.0851340877949331 8.2285714285714295 1.5000000000000002 1.5000000000000002 13.095960753842556 3.1292002295143959 25.500000000000004 15.500000000000002 3.8416666666666672 1.5000000000000002 2 0.025405064378409305 5.1984264468287211 4.2613636363636376 2.5151456795769582 0.34169407894736853 10.65 0.028348404389881954 0.65000000000000002 2.2612878619175967 3.0229001902526753 1.4288887655658191 1.4973307818862847 2.5356476201034801 -6.6357142857142852 1.5506484266208245 -6.6357142857142852 20.500000000000004 3 -2.2151959736088283 4.3500000000000005 0.042947090223079958
decision_type=2 2 8 2 2 2 2 2 2 2 2 2 2 2 2 2 2 2 2 2 1 2 2 2 2 2 1 2 2 2 2 2 2 2 2 2 8 8 8 10 1 2 2 8 2 2 2 2 2 2 2 2 2 2 2 2 2 8 1 2 2 2
left_child=2 5 6 9 33 10 11 15 42 12 16 -1 38 34 37 18 32 40 -6 -20 -19 22 23 31 -25 35 27 28 29 30 50 -13 -2 -4 -9 -12 -14 -7 -3 -16 49 -37 -5 -39 -33 -41 47 -8 -49 -11 53 -52 -53 54 -21 -54 -57 -40 -18 -36 -26 -44
right_child=1 3 4 8 7 14 46 13 -10 17 25 21 36 -15 39 -17 58 20 19 26 -22 -23 -24 24 60 -27 -28 -29 -30 -31 -32 44 -34 -35 59 41 -38 43 57 45 -42 -43 61 -45 -46 -47 -48 48 -50 -51 51 52 55 -55 -56 56 -58 -59 -60 -61 -62 -63
leaf_value=-0.056011725562426146 -0.014016344230941483 -0.0038386836898313356 -0.02011695645878037 0.0096842993382901116 -0.055585633897369036 0.00030346153076848362 -0.023493991924350647 -0.056943634051131446 0.019061231244255607 -0.00065081337248119962 -0.005651522261685772 -0.053321310682280944 0.0087332983407348921 -0.0059719712485942281 0.00058971228236774425 0.035929938889882176 -0.0040100970811511923 0.016484312340103599 -0.053275179866102029 -0.056817089525347503 0.0094321025568121428 -0.045215613788933157 0.0039906905782028509 -0.023865367756103473 0.0036241313259619866 -0.0061288121320810345 -0.042133909749794196 0.017576006952163884 -0.056623056880229942 -0.052263121856246125 0.052582445148583935 0.0069542588700436869 -0.025612016006127638 -0.034739917916258925 0.0345778795587579 -0.00062920466303815093 0.0047108408351846697 -0.0056677714985561775 0.0049982530203158942 0.0051585359222043941 0.0044654080917639182 0.017296300311777504 0.0067273908398451723 -0.0010029188537623909 -0.058204800966988768 0.032333063674504503 0.014214428663767693 -0.055078041713419561 0.011760694348026774 0.0088013058679788786 0.021725331660577805 -0.050072698376103855 0.067602257847316313 -0.050470066739906672 0.037182326156615354 -0.056682307506672441 0.022613126108981446 0.00045606617192207351 -0.010856328783017739 -0.054896561398442151 -0.030600905714551808 0.013801970070683824
leaf_weight=935.17652577161789 17308.673905968666 9001.397629737854 4399.5215661525726 37841.161364555359 3074.6879750490189 27699.762665271759 690.0931658744812 45889.002171099186 38414.489550113678 3379.4403419494629 2801.7167484760284 1185.5783457756042 40937.899521112442 287.98466527462006 64322.551585197449 107.43525075912476 8361.6882362365723 12325.809108257294 2727.1418680548668 88.754118680953979 67311.498137950897 796.399698138237 1041.9387950897217 2702.1479920148849 1482.6073381900787 25158.111536383629 3418.175875723362 269.86436802148819 651.72057688236237 585.17553955316544 138.90816098451614 236.46390825510025 3930.334046125412 3421.5424928665161 77.142197847366333 1724.3699417114258 43813.242744088173 37192.382429838181 27330.102343082428 13069.599196910858 37583.587598919868 2217.8558259010315 5887.2358312606812 22686.572120666504 102.15266394615173 420.00707674026489 1446.5901764631271 85.876540422439575 1021.9443086385727 52607.723500490189 322.74116730690002 313.11654186248779 58.319913923740387 436.02509063482285 122.74935394525528 160.47177511453629 216.3447317481041 26968.201936721802 19108.161292910576 58.705810070037842 272.14833158254623 65760.252066135406
leaf_count=1085 7992 1900 2781 2161 3889 7700 337 61556 705 568 823 1305 4570 174 16146 57 3434 761 3297 97 5941 755 422 1975 580 9062 3837 129 772 698 30 184 2398 3049 6 446 6252 12177 3917 2884 5471 442 358 6418 112 69 186 34 194 5489 183 313 22 460 90 163 135 4816 8857 46 204 2866
internal_value=-0.000260268 0.00470935 -0.0453484 0.00893368 -0.0503803 -0.00334706 -0.0173223 -0.0535427 0.0138332 0.00667798 -0.00889713 -0.0250646 0.00458146 -0.0564723 -0.000641907 -0.0428481 -0.0119988 0.00846992 -0.0435238 -0.0396179 0.0105271 -0.0213561 -0.0186437 -0.0225875 -0.0151402 -0.00416097 -0.0341187 -0.0257614 -0.0296303 -0.022406 -0.0129739 -0.044337 -0.0161635 -0.0265184 -0.0567881 0.00317909 0.00665397 -0.00257082 0.00180646 0.00152905 0.00671891 0.00945606 0.0119987 -0.00390051 -0.0128015 0.00600734 0.00356822 -0.00499801 0.00652995 0.00822921 -0.0183032 -0.00831429 -0.0212895 -0.0347787 -0.00232127 -0.000498901 -0.0112032 0.00274244 -0.00877818 -0.00416997 -0.00169545 0.0132208
internal_weight=793988 715164 78824.6 469162 66825.5 246002 11999.1 59004.5 147903 321259 80610.9 8754.61 148051 46312.8 165391 12691.6 48708.9 173208 12584.2 9509.51 79637.3 7819.44 7023.04 5981.1 4456.9 31902.1 6782.37 3364.19 3094.33 2442.61 1857.43 1524.19 21239 7821.06 46024.9 6743.94 84751.1 87578.7 63299.7 77812.2 93570.8 3942.23 109489 59879 338.617 13489.6 3244.5 1797.91 1107.82 55987.2 1718.52 1070.99 748.253 647.529 211.503 435.136 376.817 54298.3 27469.8 135.848 1754.76 71647.5
internal_count=213780 124623 89157 45775 81784 78848 7373 75954 6090 39685 33454 6622 21455 61782 45394 14172 22681 18230 14115 10226 6702 5537 4782 4360 2759 10773 6929 3092 2963 2191 1493 1601 10390 5830 61608 1711 10822 26295 10633 19099 11528 888 5385 18595 296 2953 751 565 228 6057 1463 816 633 647 187 320 298 8733 12291 52 784 3224
cat_boundaries=0 1 2 3 4
cat_threshold=8 2050 56 44
is_linear=0
shrinkage=0.05


Tree=31
num_leaves=63
num_cat=3
split_feature=19 19 21 38 19 19 49 25 18 13 26 26 22 26 25 24 26 22 26 21 38 42 24 26 1 25 2 25 24 1 24 25 2 25 25 38 24 13 29 21 42 13 25 25 25 25 16 1 47 16 21 39 38 47 42 25 2 2 25 24 25 38
split_gain=66614.2 8724.63 4421.64 2047.99 1840.01 1338.18 759.86 725.184 531.474 440.296 399.808 385.523 295.619 278.479 266.543 263.552 303.08 232.335 229.482 197.369 192.345 241.822 367.282 200.793 188.491 178.539 170.734 168.677 243.135 167.813 168.312 245.758 251.985 233.89 161.137 158.744 149.512 141.619 134.048 128.397 120.23 118.488 117.759 116.672 115.1 113.804 109.713 107.921 106.963 105.327 104.597 104.532 103.181 102.516 108.284 107.112 101.489 101.33 139.638 141.426 456.019 204.726
threshold=1.7500000000000002 7.2500000000000009 18.500000000000004 7.5000000000000009 18.250000000000004 3.2500000000000004 3.914285714285715 5.0851340877949331 33.750000000000007 10.500000000000002 0.032938703161713163 0.0023604272768445005 0.12499999999999996 0.024215354901013956 4.4179397048849784 0.9987745098039218 0.019015815036661502 0.12499999999999996 0.039165816304024957 20.500000000000004 8.5000000000000018 14.407142857142858 0.71763298620883775 0.025070470316900705 0 3.1949956858688364 0.78574730703237894 2.4190113469967502 0.93102240896358557 1 5.9604147214441339 5.1120831803488551 -0.17992617227144048 5.0851340877949331 3.8943653789966377 1.5000000000000002 10.941857585139319 1.5000000000000002 2.7534622004501528 17.500000000000004 3.6071428571428581 2.5000000000000004 5.1984264468287211 2.5151456795769582 4.3065580682064875 3.0229001902526753 3.8819444444444451 2 -1.7458263501864402 90.291666666666671 25.500000000000004 0.35416666666666669 2.5000000000000004 -3.2415466930527468 14.835714285714287 3.161478875374879 -0.78574730703237861 0.29696027566504674 2.16151095207135 1.644594226579521 5.0851340877949331 8.5000000000000018
decision_type=2 2 8 2 2 2 2 2 2 2 2 2 2 2 2 2 2 2 2 8 2 2 2 2 1 2 2 2 2 1 2 2 2 2 2 2 2 2 2 8 2 2 2 2 2 2 8 1 2 8 8 2 2 2 2 2 2 2 2 2 2 2
left_child=2 5 7 35 9 13 15 11 42 18 14 -1 36 37 41 -5 -17 29 25 27 21 22 26 -24 44 -3 43 -12 -29 30 31 32 -18 -34 46 -4 -8 -2 -9 -16 -32 -7 -6 -13 -20 -26 -21 -15 -40 -10 -47 -36 -28 -30 55 -55 -38 -31 -59 -60 61 -61
right_child=1 4 3 6 8 10 12 38 49 -11 19 20 -14 47 39 16 17 -19 24 34 -22 -23 23 -25 45 -27 52 28 53 57 40 -33 33 -35 51 -37 56 -39 48 -41 -42 -43 -44 -45 -46 50 -48 -49 -50 -51 -52 -53 -54 54 -56 -57 -58 58 59 60 -62 -63
leaf_value=-0.055809421468803314 -0.02009109203956044 -0.0096855128489298434 -0.019409634349683506 -0.055314858946251905 0.0086942280332775873 -0.012319644053429897 -0.056834052600104171 -0.021987040721290447 0.015958277887865135 0.0085107942570222007 -0.0020894961664001481 0.0065760265552388831 -0.0056992389906863963 -0.0033532663591239564 0.0037500439077029291 -0.052462588688307721 -0.050296720043808488 0.057392673934959774 0.0065781016452736811 -0.0052984455389256816 -0.044593015916303345 0.0039993768613087247 -0.023653666595393405 -0.0016998465316239927 9.4337661439309928e-05 0.0025893164097538605 -0.0079473399196406513 0.035351402511126381 0.021477706996030702 -0.051956262997901306 -0.055389022764824561 -0.058404025087220438 -0.017825218209132059 0.048468118981732866 0.023472605854222645 -0.033942844331973865 0.032544581461686942 -0.01147536596416833 -0.034209207653408562 -0.0029394025034302665 0.028982844870739502 -0.0055392986977119826 0.012212951823079864 -0.058173741402570346 0.011836200302829189 0.0080786385731076906 -0.00058424408994587642 -0.0091093339586841345 0.0092831381809865814 0.021271593181410385 0.0040509089851767186 0.0019219234871858028 -0.0580826781850751 -0.00021355644153367694 0.015074804215732825 0.0065107581623507042 -0.054712685195860103 0.06718924573584889 -0.046893850320639474 0.047137886782846063 -0.053365581513101723 -0.046438961302711745
leaf_weight=879.5311319231987 7140.6878930330276 3163.7270188331604 4333.6050345897675 2940.4936169981956 34726.805881023407 8437.7212748527527 43733.047090828419 460.6765011548996 28985.253286361694 130009.36651802063 9427.7024978399277 237.5891033411026 286.75764346122742 12363.973787307739 10122.154940009117 2640.0148450136185 585.93415212631226 70.32779848575592 30361.823750257492 19770.117980599403 766.67139774560928 1041.1710649728775 2591.1466327905655 1742.2252731323242 12808.04319691658 46308.90763092041 114.74700164794922 671.69258761405945 902.05461192131042 1377.5145336985588 51.346029818058014 560.1648713350296 1730.1178166866302 143.13586062192917 573.8261479139328 3329.1936528086662 78.470969319343567 14401.279975891113 148.06943786144257 24612.424500703812 217.48596036434174 27296.470662355423 75596.016652584076 97.221736192703247 15847.902294158936 22321.284749031067 32852.918913722038 24100.602784633636 2730.8778656721115 13789.025035858154 58066.297972679138 26788.531193256378 1019.1596464514732 11124.673057436943 2152.6812949180603 12659.013493895531 56.378408968448639 32.505894243717194 1149.9668279886246 250.50515902042389 418.20147216320038 75.22066193819046
leaf_count=1071 4016 746 2781 3894 1967 3184 61556 189 566 10250 2602 184 174 5006 2596 3320 720 28 4054 6471 754 419 1938 780 2400 8059 80 88 144 1798 60 709 1500 30 98 3049 5 6254 76 7261 74 8036 3506 112 1587 2952 8819 10667 545 180 9508 7257 1225 2876 484 2989 47 22 1285 160 489 83
internal_value=-0.000253974 0.00445861 -0.0448015 -0.0499878 0.00843455 -0.00318845 -0.0532834 -0.0167131 0.0129402 0.00627136 -0.00113415 -0.0244771 -0.0563412 -0.00982472 -0.00410903 -0.0422513 -0.0381159 -0.0324232 0.00472984 0.000658767 -0.0208483 -0.0181813 -0.0221624 -0.0148308 0.00576809 0.00180407 -0.0437659 0.00368167 0.00565963 -0.0333907 -0.0250785 -0.0285303 -0.0217026 -0.0127339 -0.000737198 -0.025728 -0.056672 -0.0143323 0.00302337 -0.000989806 0.012704 -0.00714074 0.0111055 -0.0123282 0.00837991 0.00447154 -0.0023555 -0.00716134 0.00703341 0.0176717 0.00516944 0.00237489 -0.0530251 0.00491505 0.00433801 0.00336541 -0.00403371 -0.0414504 -0.0341274 -0.0359035 -0.0188678 0.0254367
internal_weight=793272 717383 75889.5 64060.4 471984 245399 56397.6 11829.1 153097 318887 187392 8489.46 44154.7 58006.5 70468.8 12242.9 9302.44 6662.43 188878 116923 7609.93 6843.26 5802.09 4333.37 139405 49472.6 1468.72 36937.8 27510.1 6592.1 3288.18 3019.35 2459.19 1873.25 79985.4 7662.8 43867.9 21542 3339.62 34734.6 268.832 35734.2 110323 334.811 46209.7 93195.6 52623 36464.6 2878.95 42774.3 80387.6 27362.4 1133.91 26838.4 25936.4 23783.7 134.849 3303.91 1926.4 1893.89 743.927 325.726
internal_count=213780 124623 89157 81784 45775 78848 75954 7373 6219 39556 52905 6563 61782 25943 21077 14172 10278 6958 29306 31828 5492 4738 4319 2718 20501 8805 1601 9183 6581 6930 3093 2959 2250 1530 22645 5830 61608 10270 810 9857 134 11220 5473 296 5641 14860 15290 15673 621 746 12460 7355 1305 6493 6349 5865 52 3837 2039 2017 732 243
cat_boundaries=0 1 2 3
cat_threshold=40 2050 92
is_linear=0
shrinkage=0.05


Tree=32
num_leaves=63
num_cat=13
split_feature=19 15 0 38 19 13 24 26 0 14 26 0 24 0 24 13 0 13 42 0 50 16 26 26 15 50 39 24 0 42 38 38 0 24 0 24 38 0 26 38 2 42 0 26 26 19 24 15 33 24 24 24 43 43 24 24 43 24 0 0 44 13
split_gain=62336 7835.58 3222.04 2267.12 1558.33 1425.24 674.4 592.452 485.71 432.25 422.696 392.677 359.258 536.504 381.271 296.565 291.328 258.641 248.655 244.317 239.191 220.684 212.298 205.092 199.019 194.254 194.167 185.192 183.839 385.639 172.748 165.387 156.583 143.875 141.619 140.043 132.024 158.279 125.73 123.056 121.664 728.102 118.939 118.446 118.188 111.312 104.712 104.178 103.846 126.298 171.952 456.195 298.381 129.781 167.982 193.414 107.33 107.118 98.4936 97.5965 97.0746 94.0611
threshold=1.7500000000000002 6.3125000000000009 0 7.5000000000000009 4.2500000000000009 22.500000000000004 0.71763298620883775 0.014280261795293602 1 9.5000000000000018 0.018414145170253551 2 5.4498170235836279 3 5.6037380469429161 3.5000000000000004 4 1.5000000000000002 2.9357142857142859 5 23.450000000000006 1.0000000180025095e-35 0.022534799417851904 0.050803650222262901 2.3125000000000004 23.700000000000006 0.46428571428571436 44.051470588235304 6 14.714285714285717 1.5000000000000002 1.5000000000000002 7 0.75926279602750202 8 2.4481024667931695 1.5000000000000002 9 0.040239836794111458 11.500000000000002 -0.82298386589365657 9.8357142857142872 10 0.047732837784503657 0.050070448810054506 15.750000000000002 0.83911698163428283 0.18750000000000003 1.0000000180025095e-35 0.9987745098039218 2.3265250544662313 2.2579185520361995 3.1500000000000008 3.1500000000000008 1.5661136249371548 1.7343464559736941 4.5500000000000016 1.0809089940323957 11 12 33.800000000000004 11.500000000000002
decision_type=2 2 1 2 2 2 2 2 1 2 2 1 2 1 2 2 1 2 2 1 2 10 2 2 2 2 2 2 1 2 2 2 1 2 1 2 2 1 2 2 2 2 1 2 2 2 2 2 2 2 2 2 2 2 2 2 2 2 1 1 2 2
left_child=2 4 6 30 10 9 47 -8 -5 34 31 23 17 14 -14 36 -7 20 33 -12 28 39 -16 58 -21 -22 -25 -18 29 48 -4 -2 45 -9 -3 -30 -13 -38 -17 46 41 -37 -32 -31 -36 -11 -20 -1 -10 -50 51 53 -53 -51 57 56 -56 -55 -6 -33 -15 -40
right_child=1 5 3 8 11 16 7 18 12 32 19 15 13 60 22 38 27 -19 21 24 25 -23 -24 26 -26 -27 -28 -29 35 43 42 59 -34 -35 44 40 37 -39 61 -41 -42 -43 -44 -45 -46 -47 -48 -49 49 50 -52 52 -54 54 55 -57 -58 -59 -60 -61 -62 -63
leaf_value=-0.057133440346936029 -0.012156525391258865 0.0017239363001446077 -0.017410672526848237 -0.05758393721117936 0.0073907172307617168 0.01127076647647959 -0.03641777191704746 0.084922554421239624 -0.058710245578122072 0.0079668714280478319 -0.0026905833978582913 -0.0050761459303105723 0.12783397000797356 -0.049473638847017914 -0.040162952797700081 -0.0021651650194961358 0.014501549662564532 0.044589476928919403 -0.032720537955080474 -0.012001001285144294 -0.005804586917278174 -0.021680753613294933 0.022434375087449911 0.018620933310762613 -0.0053041957537036041 -0.057897530684385634 0.0053429980172359521 0.021244665109765186 -0.054467620578417281 -0.012157130623232523 -0.0095773382394919847 -0.013675558826244003 0.0065842851842496846 -0.021477271233348062 0.0037982581541161232 0.15115617844472132 -0.032726620513800514 -0.0067964988036574893 0.0014319789668118671 -0.03291747247011903 -0.046611443135032307 -0.055411748089548719 -0.036043737869390489 0.050537384711750136 0.0071371399455087085 0.0107102375148983 0.0095833377756577107 -0.0077515649933364338 -0.056428826909790543 -0.057434703841981183 -0.054238000446458857 0.11108315205294179 -0.014156873443932107 0.0079885883285971716 -0.038588879054788798 -0.05342315405289956 0.043405764609329017 -0.042270515342501973 0.00072631894607325977 -0.035229373823001731 0.026098724707322912 0.015561326435007581
leaf_weight=1147.7896264195442 16816.936141848564 28147.882517337799 4593.7968802452087 24063.442186653614 6286.8869559764862 35678.103610992432 2164.1993013620377 31.24555629491806 1103.3283019661903 70782.589121818542 38475.656402945518 21432.201007843018 62.119295656681061 1104.404079914093 219.28449612855911 36168.652135372162 23246.007880687714 72.491758704185486 151.88704937696457 19071.379079222679 551.62511545419693 923.61747044324875 350.67927092313766 3174.1627147197723 26539.550319910049 264.26513302326202 20761.110228776932 18150.132842540741 17529.772090613842 197.77990740537643 527.35348868370056 941.72774469852448 74428.606674909592 2246.6436779499054 46357.987694501877 53.472403347492218 983.20930635929108 1489.6320825815201 42167.797897100449 195.32032412290573 4460.2109973430634 195.69779294729233 2962.0041085481644 120.32448792457581 61926.380149364471 77520.41672372818 3377.1745199561119 118.38773584365845 1059.1561170220375 515.93544179201126 955.83411133289337 89.354205727577209 99.859821021556854 117.04835587739944 49.288390159606934 107.9741667509079 193.95605093240738 1079.4199789166451 46406.080326676369 1331.666211783886 43.514586865901947 1210.8548245429993
leaf_count=1485 7201 4668 2959 35621 1143 1090 1882 24 1631 6260 14225 6796 34 1509 285 9459 787 30 86 9100 207 616 136 404 9607 371 4439 256 24790 122 418 540 6106 1775 7019 24 395 534 10453 153 5994 287 2774 27 7872 4136 757 81 1445 628 1197 22 88 111 51 135 144 1227 11104 927 31 102
internal_value=-0.000247585 0.00422192 -0.0442389 -0.0485031 -0.00225341 0.00842647 -0.0183369 -0.0135884 -0.052166 0.00710249 -0.00715287 0.000553729 -0.0478686 -0.0260558 0.011058 -0.00145568 0.0145959 -0.0492314 -0.00644979 -0.00562777 -0.0494698 0.000182377 -0.00166836 0.00326635 -0.00810288 -0.0227337 0.00710476 0.0174544 -0.0502498 -0.041747 -0.0237901 -0.0138695 0.00846009 -0.019979 0.00488607 -0.0523805 -0.00633916 -0.0172772 1.16864e-05 0.00560997 -0.0447117 -0.0106349 -0.0321798 0.0116258 0.00570729 0.00940034 0.00775245 -0.0525299 -0.0449882 -0.0414266 -0.036457 -0.0288899 0.0452331 -0.0357073 -0.0284286 0.00195873 0.0266808 -0.037347 0.00152322 -0.0265281 -0.0461824 0.00182684
internal_weight=792595 719496 73099.7 62743.4 283258 436238 10356.3 9090.09 54660.2 359164 103177 180081 30596.8 1780 632.083 103452 77074.2 28816.8 6925.89 84086.6 28744.3 4648 569.964 76628.2 45610.9 815.89 23935.3 41396.1 27928.4 5689.26 8083.15 19090.3 222732 2277.89 136432 22239.2 23905 2472.84 79547.3 3724.38 4709.38 249.17 3489.36 318.104 108284 148303 3529.06 1266.18 5371.15 4267.83 3208.67 2252.84 189.214 2063.62 1547.69 351.219 243.244 1196.47 52693 2273.39 1147.92 43378.7
internal_count=213780 124623 89157 82298 86429 38194 6859 5293 76147 36061 41600 44829 40526 1995 455 27739 2133 38531 3411 32932 38501 1612 421 17090 18707 578 4843 1043 37923 6828 6151 8668 16502 1799 19559 31095 7725 929 20014 996 6305 311 3192 149 14891 10396 843 1566 6679 5048 3603 2406 110 2296 1668 330 195 1338 12247 1467 1540 10555
cat_boundaries=0 1 3 5 7 9 10 11 13 15 17 19 20 22
cat_threshold=40736 4278190083 16124 48359956 65667 8388624 196611 1431211303 299088 3539336984 2097308 2734030650 41473 185075843 298264 787715 12920 1921138688 16 16384 4085014544 68096
is_linear=0
shrinkage=0.05


Tree=33
num_leaves=63
num_cat=13
split_feature=15 19 0 19 13 24 26 19 0 13 0 24 0 26 24 13 22 0 42 0 50 13 24 0 0 26 0 42 38 39 50 42 2 24 38 16 42 0 13 0 24 13 0 13 24 24 24 43 43 24 24 43 26 26 26 24 3 22 16 0 26 16
split_gain=58477.8 7971.08 3394.25 1704.26 1478.63 781.989 619.448 546.762 517.678 505.092 368.437 355.179 478.961 339.947 332.81 328.674 315 276.705 261.674 256.67 232.988 228.305 223.552 229.243 208.151 198.382 198.069 367.675 191.032 190.577 184.229 184.151 307.058 413.126 175.097 165.481 151.675 150.41 150.291 148.706 136.089 129.755 129.429 124.87 121.48 161.364 423.436 255.732 126.641 143.911 163.754 127.254 116.009 115.387 113.413 113.287 192.354 112.099 111.672 110.431 101.935 115.393
threshold=0.18750000000000003 7.2500000000000009 0 3.2500000000000004 12.500000000000002 0.71763298620883775 0.014280261795293602 33.500000000000007 1 1.5000000000000002 2 5.4498170235836279 3 0.032938703161713163 5.6037380469429161 6.5000000000000009 0.083333333333333273 4 2.9357142857142859 5 23.450000000000006 1.0000000180025095e-35 5.2738440027963653 6 7 0.010680422603713503 8 14.714285714285717 2.5000000000000004 0.46428571428571436 23.700000000000006 9.8357142857142872 0.29696027566504674 2.5357620320855623 8.5000000000000018 1.0000000180025095e-35 4.6785714285714297 9 4.5000000000000009 10 0.75926279602750202 2.5000000000000004 11 1.0000000180025095e-35 0.95955882352941191 2.3265250544662313 2.2579185520361995 3.1500000000000008 3.1500000000000008 1.5661136249371548 1.7343464559736941 4.5500000000000016 0.047732837784503657 0.055322480720840513 0.059481640026869259 6.3504901960784323 1.0000000180025095e-35 0.12499999999999996 0.087121212121212113 12 0.068500425581446117 1.841666666666667
decision_type=2 2 1 2 2 2 2 2 1 2 1 2 1 2 2 2 2 1 2 1 2 2 2 1 1 2 1 2 2 2 2 2 2 2 2 10 2 1 2 1 2 2 1 2 2 2 2 2 2 2 2 2 2 2 2 2 2 2 10 1 2 8
left_child=2 3 5 9 10 -1 55 37 11 17 36 16 14 22 -13 39 20 42 40 -9 21 26 23 -5 29 -16 27 31 -19 -15 -22 32 33 -4 -20 57 -3 -6 -26 -12 -8 -25 -2 -41 -34 46 48 -48 -46 -50 51 -51 -29 -18 -17 -7 -57 -10 -28 -11 -38 -62
right_child=1 4 8 13 7 6 18 19 35 59 15 12 -14 24 25 54 53 28 34 -21 30 -23 -24 41 38 -27 58 52 -30 -31 -32 -33 44 -35 -36 -37 60 -39 -40 43 -42 -43 -44 -45 45 -47 47 -49 49 50 -52 -53 -54 -55 -56 56 -58 -59 -60 -61 61 -63
leaf_value=-0.057035086187420307 0.0025085098587189665 0.012962654652189624 -0.057608282477612606 -0.0011294647531914718 0.0068357945765335397 -0.042663081426850213 0.082984961127713086 0.019203911008349527 -0.057833779840031956 -0.0039680609392137639 0.0028864706086705822 0.11565431788896784 -0.04465959193106038 0.021451308766278612 -0.048926944169944434 0.0037594714251498653 -0.0098813269701397474 -0.019297114039160353 0.0059934456661793816 0.01216714767090998 -0.006705521367028535 0.027246202607012576 -0.00017974615206364536 -0.015065942420957891 -0.0026355231864988969 0.015666467300426739 -0.053296445037269415 -0.013583087044326243 -0.038618796946556719 0.0033782346427646895 -0.05744727496815355 -0.057157464706830245 -0.056288580680806624 0.13677473042917515 -0.035507456256157525 -0.036895605530303348 0.0053755036930805107 0.01011969445073036 0.0014784247354680223 -0.021904258515480834 -0.021192213468930021 -0.0068777222011284257 -0.012867550135242012 -0.0021463470720612925 -0.057377157308065391 -0.052844150803135641 0.10062550045633736 -0.013965717171848482 -0.036678059288502617 -0.054713734645990934 -0.052572493989889141 0.0389130516409322 0.046631061293969246 0.083850115294289609 0.0064482764105212214 0.08335142329993904 -0.037037619147954469 0.0039929450830764974 -0.032251383747688343 -0.0092195833392290493 0.041622762797336975 0.0099596428665889043
leaf_weight=1093.6490325331688 1584.595963537693 14383.550789117813 51.518960654735565 15564.032662510872 50802.819188117981 1526.4061285257339 30.903008043766022 21060.860085487366 23716.298407375813 16817.650633573532 23216.653030157089 65.248806953430176 1109.6562117338181 1542.3913123607635 164.69354546070099 82901.295774459839 290.1010217666626 10360.088332116604 3700.5725418925285 34306.132728099823 571.0792173743248 95.689973473548889 26700.951589226723 6236.6853964328766 44110.090063214302 419.55987799167633 18526.824277877808 221.5154002904892 1460.8398630023003 26624.750700473785 259.87098532915115 2068.2040031552315 1008.8010749816895 56.172712206840515 271.88039439916611 1010.1177186965942 29280.85381102562 112850.91596031189 44691.080518960953 832.32239615917206 1860.8937110900879 21611.990723609924 10119.987676501274 19867.913196325302 499.2813286781311 1017.6704754829407 93.694794416427612 99.640486180782318 1173.0070990920067 43.257538676261902 103.2936834692955 201.59791398048401 123.87235164642334 36.007735848426819 74462.741413831711 48.866768956184387 98.135144114494324 73.264599442481995 659.51632905006409 24949.430527329445 293.52862691879272 12926.825224161148
leaf_count=1485 657 1041 79 4372 3324 1461 23 410 36941 6804 4424 34 1511 247 230 11820 219 6247 959 755 223 47 7509 2596 14226 208 27273 139 1305 6328 378 3178 1444 24 212 1202 3655 6219 11027 220 1536 6600 5833 4140 638 1318 22 89 1352 50 136 147 27 12 8636 18 84 46 732 10777 18 1113
internal_value=-0.000241216 0.00373205 -0.0467016 -0.00345446 0.00753286 -0.0175222 -0.0118049 0.0105547 -0.0513732 -0.0104094 0.0049692 -0.0467259 -0.0249405 -0.00102707 0.00930166 0.00396429 -0.0481508 -0.0162692 -0.00414463 0.0148499 -0.0487435 -0.0495756 -0.00377996 -0.0059941 0.00062306 -0.00258553 -0.0498601 -0.0420868 -0.0216701 0.00436724 -0.0226305 -0.0448541 -0.0389887 0.0440628 0.00314358 -0.0567768 0.00852256 0.00910139 -0.000564978 0.000139739 -0.0194449 -0.00870899 -0.0107851 -0.00294062 -0.0411091 -0.0363528 -0.028749 0.0417742 -0.0355172 -0.0283059 -5.94909e-05 0.0221968 0.00807039 0.000677568 0.00503185 -0.038628 0.00324142 -0.057643 -0.0525476 -0.00710846 0.00702153 0.0106661
internal_weight=791952 729561 62390.8 252375 477186 8631.31 7537.66 219021 53759.5 65292.6 258166 28959.8 1759.16 187082 649.502 201281 27200.6 23525.5 5864.25 55367 26874.5 26043.6 70113.7 43412.7 116968 584.253 25947.9 6761.53 11820.9 28167.1 830.95 6416.14 4347.94 107.692 3972.45 24799.7 56884.8 163654 88801.2 43916.9 1891.8 27848.7 11704.6 20700.2 4240.24 3231.44 2213.77 193.335 2020.44 1521.16 348.149 244.855 345.388 326.109 157364 1673.41 147.002 23789.6 19186.3 41767.1 42501.2 13220.4
internal_count=213780 130303 83477 84528 45775 5778 4293 10708 77699 31623 35067 39510 1983 52905 472 29240 37527 14042 2730 1165 37296 36695 21077 13568 31828 438 36648 8643 7552 6575 601 8477 5299 103 1171 38189 5827 9543 25253 8784 1559 9196 6490 4360 5196 3752 2434 111 2323 1685 333 197 166 231 20456 1563 102 36987 28005 17581 4786 1131
cat_boundaries=0 1 3 5 7 9 11 13 14 16 18 20 21 23
cat_threshold=40736 16728284 508163 42024960 65536 8388624 196611 1944976145 544 2728488976 93225 49364992 1 48324624 2097308 256 218794278 70436 3239488045 170690 16384 2465068553 65538
is_linear=0
shrinkage=0.05


Tree=34
num_leaves=63
num_cat=14
split_feature=19 15 21 19 13 0 26 38 16 29 26 25 0 24 26 24 0 44 25 0 22 43 13 24 25 20 26 0 0 0 22 16 26 27 24 25 0 0 0 43 25 49 0 0 25 24 47 0 25 0 20 2 24 22 25 2 25 25 43 24 24 43
split_gain=54861.1 7174.86 4529.84 1451.53 1406.62 870.996 725.274 473.528 393.677 387.164 366.653 352.77 378.946 301.309 312.322 427.166 372.269 389.184 294.705 278.095 262.043 258.757 240.113 239.66 236.112 256.256 214.032 202.852 197.303 191.323 190.577 188.793 178.802 169.78 165.007 164.203 158.019 150.394 144.028 137.08 136.763 143.423 135.42 133.821 132.484 130.378 126.526 125.203 125.048 123.272 121.28 116.788 131.282 115.054 112.706 107.492 197.767 337.35 106.939 105.075 158.415 125.933
threshold=0.75000000000000011 5.4375000000000009 1.0000000180025095e-35 3.2500000000000004 15.500000000000002 0 0.0035305698511303506 1.5000000000000002 8.5208333333333339 3.8712905344132089 0.12326118821510772 3.9549026081620826 1 0.95955882352941191 0.019015815036661502 4.6521542827657383 2 29.550000000000004 5.1120831803488551 3 0.12491987179487171 21.650000000000002 2.5000000000000004 2.5357620320855623 3.143669503351028 1.3000000000000027 0.024215354901013956 4 5 6 0.12499999999999996 1.0000000180025095e-35 0.046956584909601008 5.2432098564764411 44.051470588235304 5.0114216919400407 7 8 9 4.3500000000000005 2.16151095207135 5.0571428571428578 10 11 3.4783232288476356 0.71763298620883775 0.42288171513342881 12 5.0114216919400407 13 -0.099999999999999825 0.51639395938746258 1.2047735760971057 0.24999999999999997 11.469935662539205 0.29696027566504674 3.4783232288476356 5.1120831803488551 5.4000000000000012 1.2599120530565169 1.7343464559736941 4.4500000000000011
decision_type=2 2 8 2 2 1 2 2 10 2 2 2 1 2 2 2 1 2 2 1 2 2 2 2 2 2 2 1 1 1 2 10 2 2 2 2 1 1 1 2 2 2 1 1 2 2 2 1 2 1 2 2 2 2 2 2 2 2 2 2 2 2
left_child=2 3 6 7 8 13 -1 26 19 22 43 12 32 -4 -15 16 18 30 35 39 31 33 29 -19 49 37 -2 -9 54 -5 40 34 -8 -17 -7 44 -10 -26 -27 -3 41 -18 -28 -6 59 -14 -41 -38 -24 -11 -21 -34 -53 -29 -12 -42 -57 -58 -47 61 -61 -16
right_child=1 4 5 9 10 20 11 27 36 24 28 -13 45 14 15 21 17 23 -20 50 -22 -23 48 -25 25 38 42 53 -30 -31 -32 -33 51 -35 -36 -37 47 -39 -40 46 55 -43 -44 -45 -46 58 -48 -49 -50 -51 -52 52 -54 -55 -56 56 57 -59 -60 60 -62 -63
leaf_value=-0.052404259467386742 -0.012379645689897949 0.0079202838793420594 -0.055439217416544576 -0.0017763865098446262 0.010834366560935808 -0.057291147662712885 -0.016049172035940105 -0.011617604681219848 0.016066270758506716 0.0022491161215885762 0.013594860857136827 0.0040452574495271473 -0.051780742685887386 -0.05061485002929348 -0.057309494263547936 -0.029041649573869358 0.014296748361989685 -0.052328905486534752 -0.058664704170710458 -1.9078726285774356e-05 -0.010687737256304659 0.06096230581982081 -0.0029280081265856354 0.10668667129569663 0.0064989990523083912 0.019033345142950627 -0.0021361507930611839 -0.03453980873293587 0.011942124439926238 -0.012079237956838254 0.025915716675975798 -0.036618206942181736 0.057543654388896331 0.044618944561124294 0.0021842128661936607 0.032973537997365403 0.0040030969063702387 -0.00045286308339850736 0.0056998477941434854 0.0050316408638283851 -0.054141308697630564 -0.058240595462063741 -0.0084644526195486371 0.0072186082351867716 -0.053850650768907452 -0.0085905898846425424 -0.0034305348951266558 0.0075382818490921785 0.0023081305522172826 -0.0040941741035551565 0.0033555302076744981 -0.0088574944070677186 0.031921331674427969 -0.017968392165012278 0.0215967786716567 -0.052310864713771034 0.015193459119691258 -0.057794721748589684 -0.04371857938771434 0.005005832486434862 -0.043581509329934487 -0.0067283491102632827
leaf_weight=1019.7721923589706 21315.427332878113 42236.139194726944 3060.4553232192993 7201.4299496412277 63237.088287353516 34977.075953662395 1495.917621254921 3059.122986972332 4728.9214472770691 12403.229856610298 6987.6545810699463 3538.8147611021996 742.95471620559692 3376.0751633048058 234.92009073495865 340.52589869499207 179.52630352973938 35.296396851539612 400.84654539823532 41907.183166027069 316.58490806818008 165.42076170444489 66648.952970027924 67.973978340625763 12247.15855550766 3819.9282269477844 13692.44909954071 2872.7345781326294 26911.736639022827 12098.66898393631 91.465936601161957 1171.7271091938019 118.9648232460022 100.47629070281982 116.77425348758698 185.0313373208046 31987.814278841019 21294.700300455093 4365.7545592784882 23982.23752450943 3110.3302426934242 108.48682457208633 22197.773904323578 43386.566289901733 207.66381186246872 517.05117416381836 5413.0805869102478 117018.64877700806 13753.787930727005 19991.250286698341 72994.046531200409 582.45585209131241 297.22725319862366 1657.0423735976219 11942.168397903442 980.1911860704422 363.01244390010834 279.21837067604065 373.26263749599457 969.28804332017899 201.81624513864517 258.38615667819977
leaf_count=1315 10470 4857 4695 2237 2791 56879 927 1885 222 3170 252 998 1016 4774 273 327 184 44 546 8217 245 77 19452 33 3043 534 5702 2275 649 4788 51 1453 16 34 39 68 3394 6161 849 3462 4782 176 10137 2190 225 373 861 9594 3568 5883 12333 337 66 1154 173 1268 307 409 363 724 207 246
internal_value=-0.000234765 0.00353558 -0.0462032 -0.00358089 0.00698194 -0.0518572 -0.0128102 -0.00996813 0.00519364 -0.00119993 0.0109729 -0.00753685 -0.017466 -0.0414348 -0.0377884 -0.0325524 -0.0357449 -0.0433145 -0.0194149 0.00364958 -0.0560219 0.00782763 -0.00323454 0.0523088 0.00153681 0.00402325 -0.00841087 -0.0217036 0.0147127 -0.00824267 -0.0453416 -0.0564327 -0.00509435 -0.0121848 -0.057093 -0.0118338 0.00706703 0.00208725 0.0119544 0.0060946 -0.0466457 -0.0131158 -0.00605337 0.00936489 -0.0162804 -0.0360921 0.00347312 0.00677975 -0.00203223 -0.00166587 0.00212451 0.011259 0.00493578 -0.0284215 0.0186343 -0.0486819 -0.0381857 -0.0165719 -0.0233561 -0.0115603 -0.00339299 -0.0308932
internal_weight=791338 731353 59985 238619 492733 51298.6 8686.42 64794.6 340268 173825 152465 7666.65 4127.83 14716.4 11656 8279.88 7673.45 5215.5 2457.95 186533 36582.2 606.423 99702.8 103.27 74122 41727.5 57205.7 7588.9 45841.6 19300.1 5112.23 36265.6 2494.57 441.002 35093.9 2057.11 153735 33541.9 8185.68 71631.5 5020.77 288.013 35890.2 106624 1872.07 1633.27 29395.3 149006 80402.7 32394.5 114901 998.648 879.683 4529.78 18929.8 4732.75 1622.42 642.231 890.314 1664.41 1171.1 493.306
internal_count=213780 130303 83477 81308 48995 78066 5411 31623 42940 49685 6055 4096 3098 19450 14755 9981 9543 7254 2289 29730 58616 438 30045 77 19640 10587 26309 5314 1074 7025 7177 58371 1346 361 56918 1743 13210 9204 1383 9180 7126 360 15839 4981 1675 1752 4323 12988 23020 9053 20550 419 403 3429 425 6766 1984 716 736 1450 931 519
cat_boundaries=0 2 3 4 5 7 9 11 12 14 16 18 20 22 24
cat_threshold=8429564 491776 15993344 424 10842144 1934522625 512 2696015952 10283 55656453 65536 16384 2149664265 469633 11651200 65538 853924617 8 854947480 18084 218104003 284988 49364996 327696
is_linear=0
shrinkage=0.05


Tree=35
num_leaves=63
num_cat=11
split_feature=19 19 21 13 14 0 13 26 25 26 25 0 24 26 24 0 44 25 25 16 0 0 25 24 0 0 39 24 0 0 26 22 38 22 16 25 24 27 16 0 25 21 0 42 25 25 25 22 25 24 26 25 42 25 24 49 24 26 24 47 13 47
split_gain=51458.9 6459.03 4498.93 1493.22 1187.45 892.352 743.488 696.742 448.503 378.794 324.511 364.471 304.28 310.136 405.259 366.052 363.178 297.398 287.55 270.129 267.256 241.839 241.822 224.046 220.204 215.307 210.782 207.071 202.945 193.703 193.635 190.052 184.155 181.973 174.678 164.237 164.108 161.72 157.648 155.558 148.187 144.628 144.053 137.063 148.971 183.143 341.207 134.919 128.279 126.588 111.709 109.625 109.251 137.693 113.318 108.748 110.453 130.133 106.223 103.296 103.209 101.622
threshold=0.75000000000000011 6.2500000000000009 1.0000000180025095e-35 12.500000000000002 2.5000000000000004 0 1.5000000000000002 0.0035305698511303506 11.469935662539205 0.049377376806818453 3.9054781051154435 1 0.95955882352941191 0.019015815036661502 4.6521542827657383 2 29.550000000000004 3.1949956858688364 5.1120831803488551 1.0000000180025095e-35 3 4 5.0114216919400407 5.6037380469429161 5 6 0.22500000000000003 2.5357620320855623 7 8 0.027039419061427306 0.12499999999999996 2.5000000000000004 0.12499999999999996 3.4226190476190479 3.0431993085249114 44.051470588235304 2.7820684843280383 2.2613636363636371 9 5.0114216919400407 15.500000000000002 10 0.78571428571428581 2.16151095207135 3.4783232288476356 5.1120831803488551 0.12499999999999996 3.4783232288476356 0.71763298620883775 0.055021074318350911 2.7784219526305605 3.0142857142857147 8.6946318564515845 2.6585222630718954 14.407142857142858 0.59633714596949905 0.022352341910671505 2.3938637124679096 -2.7415804409517581 5.5000000000000009 3.7646499238202167
decision_type=2 2 8 2 2 1 2 2 2 2 2 1 2 2 2 1 2 2 2 10 1 1 2 2 1 1 2 2 1 1 2 2 2 2 8 2 2 2 8 1 2 8 1 2 2 2 2 2 2 2 2 2 2 2 2 2 2 2 2 2 2 2
left_child=2 4 7 9 6 12 21 -1 42 17 11 37 -4 -14 15 18 33 -3 40 31 -10 47 25 30 41 51 35 -18 -24 59 -16 36 -23 43 -31 -8 -7 -9 -28 -25 48 -19 61 44 -17 -46 -47 -2 -15 -13 -37 -11 53 54 58 56 -39 -58 -12 -6 -26 -5
right_child=1 3 5 8 29 19 26 10 20 22 52 49 13 14 23 16 27 24 -20 -21 -22 32 28 39 60 -27 38 -29 -30 34 -32 -33 -34 -35 -36 50 -38 55 -40 -41 -42 -43 -44 -45 45 46 -48 -49 -50 -51 -52 -53 -54 -55 -56 -57 57 -59 -60 -61 -62 -63
leaf_value=-0.052065602540403433 -0.01795320311263535 -0.0052323366241915879 -0.055248282769416616 0.0090381062390173152 0.0081369723208963556 -0.057201183870952577 -0.0076908568878729534 -0.023109923751270509 0.017825551009296194 0.0019250713395547415 -0.058003814347925592 -0.051414586970520343 -0.050198289062072521 -0.011107107784547262 -0.01928536905257271 0.034112486241176625 -0.052007451187796483 0.0061987510931161118 -0.058656605208615153 -0.03365284544671842 0.009737567826483608 -0.018890008542585907 0.015293290824080638 0.01983471911329171 -0.0049932164958180272 0.002248934034395697 -0.009730576928584464 0.096758452544361606 0.0067063818402300374 -0.0051939398978487761 0.12604063728370166 0.0032102448861455906 -0.036341148793720288 0.024225574985746165 -0.00071183652181156269 0.0064639878134593919 0.0020727267906591389 -0.024766988613147464 -0.0040059766415314925 -0.034488053784451571 0.030688200941306039 0.0019084333954911927 0.0065561300533052346 -0.052082192417214269 -0.051928897128135948 0.015916542522225807 -0.05858950547341607 -0.0067921251804371587 -0.053582740300938007 -0.022903412269610391 0.029950575543087971 0.0069876666984162658 0.0085638685991769221 0.01364444544363381 -0.05637256169942631 0.035772430881597296 -0.040280230043436574 0.013445186764138924 0.010323467058661858 0.00062730653397597119 0.0011098642476003694 0.014893543942923138
leaf_weight=976.19612038135529 4494.7611897587776 12837.908794760704 2921.0096291303635 102660.21760511398 5243.5779657363892 33322.255198717117 1595.1114937067032 812.64879715442657 22314.091886997223 12525.567468881607 76.86063027381897 711.63498389720917 3237.4150739908218 1648.3736619949341 34.721447706222534 75.389277935028076 33.783357262611389 44146.61021900177 381.34850782155991 1321.006193459034 19041.957290172577 10354.426798462868 10281.936527252197 268.24631178379059 8990.6763569116592 55483.010672211647 23000.915780067444 71.216055035591125 20995.479050993919 36938.904001116753 64.809894680976868 131.34221565723419 1772.1870990991592 92.984184741973877 52829.253264784813 1917.6300320625305 116.95150858163834 365.2339523434639 25218.81755566597 239.40002691745758 188.84262210130692 35399.702217698097 69998.648015975952 3228.9515972733498 900.66171789169312 351.10521012544632 271.72035253047943 6819.191096663475 198.50391459465027 866.95061606168747 687.7234468460083 73239.501224040985 2747.7460321784019 312.8238365650177 210.86045604944229 231.86868166923523 126.96938496828079 943.82048147916794 210.05864238739014 36108.21987760067 30169.102735757828 7991.4840755462646
leaf_count=1315 2753 2928 4695 5349 1132 56879 536 550 383 2115 33 1016 4774 1450 37 70 44 6144 546 1614 370 6341 680 105 2282 9089 9820 33 2108 13209 25 84 1569 51 15339 511 39 281 9006 271 68 6054 4227 5088 1254 294 420 3592 225 731 99 8486 760 30 134 68 113 332 48 10463 5339 379
internal_value=-0.000228386 0.00334993 -0.0456938 0.00629384 -0.0041325 -0.051535 -0.00911142 -0.012317 0.00941139 0.00401763 -0.00721633 -0.0168773 -0.0408225 -0.0371205 -0.0318549 -0.0350589 -0.0427559 0.0019965 -0.018787 -0.0558682 0.0141086 -0.0165136 0.00555861 0.00740537 0.00277837 0.0046776 -0.00580104 0.0488071 0.00953678 -0.00125181 0.0756065 -0.0567579 -0.0214259 -0.044807 -0.002556 0.00493975 -0.0569937 -0.00481427 -0.00673687 -0.00607895 -0.0113829 0.00428905 0.00833596 -0.0461424 -0.0341187 -0.0375185 -0.016622 -0.0112179 -0.0157017 -0.0355589 0.0126747 0.00624766 0.00380445 -0.0123133 -0.0286308 0.00407661 -0.00105904 0.00703837 -0.00810073 0.00157948 -0.000291229 0.00946032
internal_weight=790750 733057 57693.7 526076 206981 49100 75860.8 8593.67 222006 304069 7617.48 4059.13 14208.5 11287.5 8050.06 7442.88 5025.81 131544 2417.07 34891.6 41356 23440.6 172525 607.178 118706 141248 52420.2 104.999 31277.4 131120 99.5313 33570.5 12126.6 4920.81 89768.2 4200.46 33439.2 2480.54 48219.7 507.646 2035.72 79546.3 180650 4827.83 1598.88 1523.49 622.826 11314 1846.88 1578.59 2605.35 85765.1 3558.35 810.604 497.78 1667.89 1436.02 1070.79 286.919 41351.8 39159.8 110652
internal_count=213780 130303 83477 55933 74370 78066 34227 5411 10708 45225 4096 3091 19450 14755 9981 9543 7254 22747 2289 58616 753 14255 22478 438 19819 19690 19972 77 2788 40143 62 57002 7910 7177 28548 1146 56918 1344 18826 376 1743 12198 9955 7126 2038 1968 714 6345 1675 1747 610 10601 1005 245 215 794 726 445 81 11595 7621 5728
cat_boundaries=0 2 3 4 6 8 10 12 13 15 17 19
cat_threshold=8429564 491776 15993344 424 2830725144 126511 1945860881 512 3270998044 99139 3539460640 65671 67324692 49398024 1 16 196608 1928689236 393305
is_linear=0
shrinkage=0.05


Tree=36
num_leaves=63
num_cat=15
split_feature=39 14 21 13 38 13 0 13 25 22 0 13 0 0 16 24 31 22 0 0 25 24 25 42 25 44 0 25 24 25 22 24 0 27 0 0 39 42 18 0 24 29 44 25 47 50 0 0 0 13 42 25 50 25 25 22 50 25 50 0 43 43
split_gain=45999.7 6398.98 4506.54 2106.29 1230.3 1063.27 895.205 698.105 471.331 447.788 426.571 384.509 310.345 297.374 253.149 247.348 228.718 219.989 210.657 192.56 190.426 181.413 346.309 324.536 248.955 217.077 175.441 173.149 167.473 160.779 158.006 156.374 488.456 183.909 150.057 147.649 184.393 144.061 141.93 140.377 135.382 135.012 132.897 151.807 132.58 122.591 117.988 113.74 112.984 109.746 106.631 106.449 106.809 138.419 106.253 102.503 100.277 100.244 112.858 98.8848 98.267 96.336
threshold=1.0000000180025095e-35 5.5000000000000009 1.0000000180025095e-35 1.5000000000000002 2.5000000000000004 21.500000000000004 0 4.5000000000000009 2.8041304077011548 0.083333333333333273 1 9.5000000000000018 2 3 2.9226190476190479 0.95955882352941191 1.0309897716160625 0.25000000000000011 4 5 8.0511516332111182 5.6699670385395544 5.1120831803488551 1.2142857142857144 4.2323809214117096 18.300000000000001 6 5.0851340877949331 2.4894385026737971 2.1329648907264493 0.12499999999999996 4.3882918552036214 7 1.0208072590738426 8 9 0.35416666666666669 14.714285714285717 93.750000000000014 10 1.0000000180025095e-35 4.3965916953090529 17.850000000000005 3.5570163169082316 3.6582159897357771 15.750000000000002 11 12 13 1.0000000180025095e-35 0.89285714285714279 3.4783232288476356 4.6500000000000012 2.9614914616579728 2.8440784848328056 0.12491987179487171 0.25000000000000006 2.4338504930057812 3.6500000000000008 14 8.7500000000000018 1.1000000000000003
decision_type=2 2 8 2 2 2 1 2 2 2 1 2 1 1 8 2 2 2 1 1 2 2 2 2 2 2 1 2 2 2 2 2 1 2 1 1 2 2 2 1 2 2 2 2 2 2 1 1 1 2 2 2 2 2 2 2 2 2 2 1 2 2
left_child=2 3 8 4 10 11 15 14 18 31 -2 12 61 55 35 56 -17 34 40 -7 26 22 23 24 42 28 49 41 -26 45 -31 -8 33 -33 -12 36 -5 54 -21 -14 -1 59 -18 51 -43 -25 -13 -29 -16 -10 -23 52 53 57 -28 -6 -4 58 -44 -9 -22 -3
right_child=1 5 6 7 13 19 9 27 20 -11 17 46 39 -15 48 16 21 -19 -20 38 60 50 -24 29 25 -27 37 47 -30 30 -32 32 -34 -35 -36 -37 -38 -39 -40 -41 -42 44 43 -45 -46 -47 -48 -49 -50 -51 -52 -53 -54 -55 -56 -57 -58 -59 -60 -61 -62 -63
leaf_value=-0.058443071853615483 0.0017496972563168893 0.0034077785083082533 0.0050319726450321683 0.0069896058818222978 -0.048107549877037609 0.0079864296992906616 -0.056954545016560068 0.0012874105315576919 -0.03651270017331814 0.0022463184291091395 -0.011528262638642343 0.0047995422267496767 0.0041274522792117217 -0.021818641020522504 0.0012410316146156256 -0.058743758719497344 -0.049449126403837446 -0.0049584305302526836 -0.045729014365864816 0.012070610119456949 -0.0032267426963370053 -0.038059123066703497 -0.05876303166994537 -0.054973692794072451 0.097164418425110685 -0.026664086502461017 0.039832858468514282 0.010189991113629594 0.01552720528476487 -0.052394077486794824 0.038929561092110571 -0.058024856073025835 -0.052722527496495634 0.027467783582359961 -0.020416981046729628 -0.0093714304833591687 -0.0054222857031415213 0.035558452005434449 0.018815095510892482 0.0010991978858237031 -0.010589999473518831 0.0020047232675453309 -0.032153702976486238 -0.055777109508518524 0.014147856865100651 0.069230017930136042 0.0075105034392331238 0.002674676398588891 -0.0032236898920298125 0.052691782521965137 0.014055757817591184 0.060635556693076048 -0.030602642718117301 0.0059156200406082944 -0.0076554455878527399 -0.028386508344355372 -0.055718690634553092 -0.044605718918032639 0.038206254373946348 -0.0036162170788127919 0.026700787822150903 0.012062511034068912
leaf_weight=166.75424265861511 6326.6896809339523 4239.6482479572296 70.140805959701538 3308.743025302887 2731.5876128673553 26474.009994983673 32027.733378410339 19096.449028015137 633.10911041498184 333.21093678474426 11069.31148481369 54320.821354389191 100870.26341974735 3115.048013985157 21043.295461177826 799.08403927087784 429.80079752206802 6789.525021314621 1087.3850136995316 48986.018445014954 450.04866051673889 136.23244148492813 1053.9704905748367 31.148248851299286 94.195835113525391 182.93003714084625 120.94190853834152 8518.3672902584076 186.72270655632019 1464.7551609873772 48.195271193981171 78.912011742591858 2357.3794749379158 294.55428999662399 8498.2584791779518 23544.032566428185 31182.496070206165 220.0560450553894 9286.1637573242188 61710.684594631195 1254.9895574450493 36361.098246335983 129.76694947481155 255.05658751726151 2395.1766579151154 51.121157109737396 155695.95719814301 12355.637063980103 43347.313781261444 35.557978630065918 343.63141828775406 44.484904408454895 840.21888256072998 769.69841831922531 3449.1468847990036 877.60009676218033 1887.260165810585 325.69644421339035 100.01366949081421 22249.993692398071 699.45256972312927 13342.502965450287
leaf_count=266 2038 567 86 1023 3618 826 57201 4536 612 188 5780 4441 16405 2674 6161 1215 589 3231 1400 1411 101 179 1668 46 19 199 32 1355 83 2315 23 138 4070 244 5002 9881 11811 109 108 11927 901 6985 147 336 348 41 10678 2073 14328 12 164 34 1063 556 1604 717 3135 379 85 5507 55 1054
internal_value=-0.000222044 0.00299473 -0.045464 -0.00326514 -0.0139226 0.00645877 -0.0517349 -0.00138509 -0.0112106 -0.0554035 -0.0099146 0.00535614 0.00366138 -0.0333988 -0.00392349 -0.0377029 -0.0334935 -0.0127105 -0.0292188 0.0115352 -0.00314909 -0.0303741 -0.0327368 -0.0271877 -0.0183561 0.0156183 -0.00782801 0.00169246 0.0431666 -0.0457554 -0.0494579 -0.0559723 -0.0444336 0.00904198 -0.0154061 -0.0063184 -0.00423007 -0.00360015 0.0131435 0.0029782 -0.0161299 0.000635429 -0.0238053 -0.0193137 0.00275566 0.0220494 0.00680995 0.00574831 -0.00176482 -0.0312237 -0.000777539 -0.0150796 -0.0166646 -0.00780716 -0.00603461 -0.0432031 -0.0535378 -0.0268076 -0.00147451 -0.00135187 0.0149867 0.00997049
internal_weight=790190 737737 52453.4 262811 39408 474926 44335.9 223403 8117.44 35091.8 32683.8 390180 180163 6724.24 122426 9244.12 7286.72 26357.1 2509.13 84746.2 5608.31 6487.64 6007.78 4953.81 3358.59 463.849 4458.81 100977 280.919 1595.22 1512.95 34758.6 2730.85 373.466 19567.6 58035.3 34491.2 3790.14 58272.2 162581 1421.74 80102.7 2894.74 2464.94 38756.3 82.2694 210017 20874 64390.6 668.667 479.864 2209.88 2165.39 1325.18 3570.09 3609.19 1957.4 555.477 229.781 41346.4 1149.5 17582.2
internal_count=213780 134485 79295 87068 23060 47417 74203 64008 5092 61841 16051 45072 29953 7009 43204 12362 9141 14013 2567 2345 2525 7926 7583 5915 3490 301 2369 20804 102 2425 2338 61653 4452 382 10782 22715 12834 1745 1519 28332 1167 17376 3189 2600 7333 87 15119 3428 20489 624 343 2264 2230 1167 1636 4335 3221 611 232 10043 156 1621
cat_boundaries=0 2 3 4 6 7 9 10 12 14 16 18 20 22 24 26
cat_threshold=40892 229376 212992 49152 2282037474 260082 8192512 1162480903 262208 806912 8388608 3 468982557 98944 3271548441 73732 1123491933 234178 151650435 479676 540377044 426273 2193840924 1 346120238 238847
is_linear=0
shrinkage=0.05


Tree=37
num_leaves=63
num_cat=14
split_feature=15 15 21 14 19 0 26 26 19 24 26 24 0 44 0 16 39 25 0 25 26 38 24 0 24 0 24 25 26 25 0 25 24 26 26 49 0 24 25 25 0 0 0 24 25 24 0 25 0 25 0 47 47 25 25 42 16 43 42 25 24 24
split_gain=45236.4 5249.28 4419.82 1089.98 1074.31 939.268 660.01 436.998 364.889 311.721 312.684 371.006 357.054 354.79 293.141 288.88 282.698 281.401 334.588 276.773 262.405 238.295 221.14 200.785 192.644 190.403 184.807 184.732 169.557 163.586 160.79 160.468 160.247 155.212 154.885 149.356 138.507 136.781 257.733 209.855 186.757 136.393 133.467 128.323 128.153 125.768 123.034 122.061 121.611 120.32 119.104 116.731 111.72 110.381 110.078 109.369 107.909 101.943 96.7644 126.936 111.627 101.467
threshold=0.18750000000000003 5.0625000000000009 1.0000000180025095e-35 12.500000000000002 2.7500000000000004 0 0.0035305698511303506 0.040007737799148811 32.500000000000007 0.95955882352941191 0.019015815036661502 4.6521542827657383 1 29.550000000000004 2 1.0000000180025095e-35 0.38750000000000007 3.9054781051154435 3 5.1120831803488551 0.062795755468148515 1.5000000000000002 5.4498170235836279 4 5.6037380469429161 5 2.5357620320855623 4.6819445266819075 0.026256676823867554 2.772550409816819 6 3.8672256857240379 44.051470588235304 0.027039419061427306 0.022352341910671505 3.6071428571428581 7 1.5900550855793825 5.0851340877949331 2.16151095207135 8 9 10 0.71763298620883775 5.0114216919400407 0.9987745098039218 11 3.4783232288476356 12 2.18118409169728 13 3.7646499238202167 -2.9211663136112338 3.1075512374363803 3.1519894867965497 14.714285714285717 3.8416666666666672 5.4000000000000012 3.0142857142857147 8.6946318564515845 2.6585222630718954 2.3938637124679096
decision_type=2 2 8 2 2 1 2 2 2 2 2 2 1 2 1 10 2 2 1 2 2 2 2 1 2 1 2 2 2 2 1 2 2 2 2 2 1 2 2 2 1 1 1 2 2 2 1 2 1 2 1 2 2 2 2 2 10 2 2 2 2 2
left_child=2 4 6 20 21 9 -1 14 -5 -4 -11 12 19 35 51 32 25 18 34 44 27 50 28 -10 33 49 -15 42 -16 -18 54 -27 -7 -13 55 37 -31 39 40 -14 -39 -26 -3 -20 47 -37 -23 -12 -29 -9 56 52 -6 -30 -22 -8 -2 -45 59 60 61 -19
right_child=1 3 5 8 7 15 17 16 23 10 11 24 13 26 22 -17 29 58 43 -21 30 46 -24 -25 41 31 -28 48 53 36 -32 -33 -34 -35 -36 45 -38 38 -40 -41 -42 -43 -44 57 -46 -47 -48 -49 -50 -51 -52 -53 -54 -55 -56 -57 -58 -59 -60 -61 -62 -63
leaf_value=-0.051525671275386632 -0.0066767783011075907 0.0028532588007936502 -0.054852690994177812 0.0072313380185821605 0.0061136668221233315 -0.056750313947105183 -0.040707887125614142 -0.00072379955375027904 0.01548007241187912 -0.049401332059393122 -0.0099387108806364716 -0.017960192088640553 0.013188681699974523 -0.051359576259433527 -0.011957817363521139 -0.031936010429689327 -0.0036234356076239407 -0.057957005190478243 -0.050811449371270537 -0.058639150736071205 0.0042577408767053423 -0.0111126720971578 -0.0014698937700545825 0.0094756156924994672 0.018132916056859332 -0.00085043398536427503 0.092686804817900204 0.0065713730092231346 -0.010227224400137047 0.0039313551593664195 0.0030874301648429019 0.015873478825137895 0.0018586868730078223 0.11210768627771815 0.0026338643508967865 0.043265683062520398 -0.0015352357486229787 -0.0435515105279419 -0.053718061023114085 -0.052334089669278418 0.010222005655340212 -0.033172324503015549 -0.0008949920786633129 -0.0066799490460127181 0.028479146482131151 -0.0561026451040611 -0.027835444599387627 -0.053045381713271778 0.002774367652356466 0.024872743252338778 -0.013497545575722667 0.0083129897478108027 -0.0025712731527010313 -0.0037424913548951134 0.008341605999436617 0.008816929787752786 0.053154229608874892 -0.042178086897776336 0.0081318709487012697 0.01303298735627585 -0.05621460423352196 0.010187169124304441
leaf_weight=911.95709210634232 9800.6792336702347 51518.126441240311 2663.3391758799553 157521.69179010391 4085.4925088882446 30406.884090006351 408.85039746761322 575.81536138057709 23156.24928855896 2989.9803692698479 1612.6215152144432 33.736044108867645 134.07464402914047 31.095166385173798 17501.454658269882 1248.5676316618919 25315.885363578796 72.654654383659363 664.3000676035881 345.15533143281937 24259.997081756592 1698.288037776947 17509.044997692108 35419.383450031281 273.21517467498779 4769.2280334234238 72.712050080299377 35317.033190727234 9572.7570700645447 24726.731642246246 39145.010481357574 2049.8907375335693 116.8481353521347 68.659491837024689 1890.158716738224 31.647742986679077 21789.11953997612 217.94187760353088 443.1310054063797 1325.5997109413147 539.2902312874794 227.74814909696579 44046.6477394104 491.82376128435135 192.56286042928696 1869.4640136361122 3393.8819734454155 182.06036967039108 52489.790457010269 2255.8477308750153 13186.110591828823 3081.6031007766724 39419.841272592545 20882.324474573135 51653.087739229202 152.48906272649765 74.937881588935852 343.54764461517334 2760.4139678478241 315.0012766122818 199.95463424921036 210.39809048175812
leaf_count=1315 5140 8078 4695 8968 1004 56963 395 142 455 4774 1450 37 138 44 6842 1614 8235 33 1016 546 3354 1175 5676 752 105 1279 33 4428 3611 6863 5466 217 39 25 855 38 6868 311 729 2085 518 271 8554 370 68 3358 2841 225 7543 311 7461 837 12293 7021 4864 94 25 361 760 30 134 48
internal_value=-0.000215796 0.00300867 -0.0446304 0.00577998 -0.00342335 -0.0508486 -0.0113817 -0.00209574 0.0084844 -0.0395196 -0.0356957 -0.0302977 -0.0335413 -0.0415295 -0.00412178 -0.0555431 0.000690384 -0.00649975 -0.0156835 -0.017299 0.00382163 -0.012549 -0.00627877 0.0118539 0.00730413 0.00872476 0.0494121 0.00264712 -0.00803565 -0.000389093 0.00569339 0.00417167 -0.0565257 0.0694469 -0.0041989 -0.0437018 0.0013711 -0.0360192 -0.0234763 -0.0463073 -0.00572476 -0.00550076 0.00112582 -0.034183 -0.0101775 -0.054424 -0.022339 -0.0143415 0.00430275 0.0195983 -0.0103863 -0.00108895 -0.00175545 -0.00578123 0.00703571 -0.0272537 -0.00621064 -0.0213176 0.00369781 -0.0116249 -0.02771 -0.0074291
internal_weight=789664 736216 53447.9 514527 221689 45026.3 8421.55 193535 216097 13254 10590.7 7600.72 6997.36 4664.96 112053 31772.3 81482.5 7509.59 3951.17 2332.4 298430 28153.9 65465.6 58575.6 603.359 9650.78 103.807 183372 47956.5 71831.7 115058 6819.12 30523.7 102.396 2451.5 4561.15 46515.9 2660.04 1200.36 1459.67 757.232 500.963 95564.8 1499.67 1987.24 1901.11 5092.17 1794.68 87806.8 2831.66 23061.7 46586.9 43505.3 30455.1 75913.1 561.339 9875.62 835.371 3558.42 798.009 483.007 283.053
internal_count=213780 130303 83477 52462 77841 78066 5411 61199 10175 19450 14755 9981 9543 7254 37284 58616 23915 4096 3091 2289 42287 16642 23150 1207 438 1949 77 28603 17474 21966 13684 1496 57002 62 1344 7177 13731 3781 1558 2223 829 376 16632 1747 1743 3396 4016 1675 11971 453 12626 14134 13297 10632 8218 489 5165 731 1005 245 215 81
cat_boundaries=0 2 3 5 6 8 10 12 14 16 18 20 22 24 26
cat_threshold=8429564 491776 424 3270762496 65539 15993344 581038160 27685 49659916 262144 3069703024 67718 4071882517 142 576 65536 16 196608 1123147780 168165 3285086464 512 1956934940 33025 820893464 32776
is_linear=0
shrinkage=0.05


Tree=38
num_leaves=63
num_cat=10
split_feature=15 19 21 13 0 14 26 13 25 30 26 30 25 42 44 0 16 25 13 25 0 0 43 22 38 22 30 22 43 49 26 0 21 25 0 37 26 16 30 9 0 25 26 25 16 0 42 25 44 0 30 26 25 44 25 0 30 30 25 43 30 25
split_gain=42390.1 4735.53 4371.65 1092.02 960.086 955.518 632.031 607.759 360.967 313.816 310.471 373.753 357.395 435.346 370.346 305.234 297.341 291.818 278.762 258.046 318.671 215.491 212.509 212.331 225.183 198.844 188.702 182.262 180.277 178.66 172.031 164.404 163.321 160.747 153.573 152.67 155.683 150.462 148.227 140.326 133.484 218.73 128.447 123.02 119.352 118.203 114.596 107.01 102.064 98.4571 98.3906 97.8116 97.6341 200.65 132.316 121.372 198.871 233.5 188.748 124.324 144.607 103.236
threshold=0.18750000000000003 6.2500000000000009 1.0000000180025095e-35 11.500000000000002 0 2.5000000000000004 0.0035305698511303506 1.5000000000000002 11.469935662539205 1.0149608353249 0.012854076033517103 4.8208003802993789 5.1120831803488551 1.2142857142857144 29.550000000000004 1 1.0000000180025095e-35 3.9549026081620826 6.5000000000000009 3.9054781051154435 2 3 21.300000000000004 0.25732230392156868 1.5000000000000002 0.12499999999999996 0.75862504825077981 0.12499999999999996 3.1500000000000008 -3.0785714285714278 0.046587769136434858 4 14.500000000000002 26.156040021469618 5 2.5000000000000004 0.054739391581218509 3.5208333333333335 5.5832738584964998 1.5000000000000002 6 3.7328353900785989 0.036452618477654804 3.5570163169082316 2.2613636363636371 7 5.007142857142858 3.0168614574289605 16.100000000000005 8 1.4825073968299212 0.023521309113564204 3.3908329548871916 23.850000000000005 3.3147607407517543 9 1.2939712078383732 1.5201065973494201 2.1757227721244341 4.4500000000000011 1.21061441258555 3.0229001902526753
decision_type=2 2 8 2 1 2 2 2 2 2 2 2 2 2 2 1 10 2 2 2 1 1 2 2 2 2 2 2 2 2 2 1 8 2 1 2 2 8 2 2 1 2 2 2 8 1 2 2 2 1 2 2 2 2 2 1 2 2 2 2 2 2
left_child=2 5 6 15 9 7 -1 23 45 -4 -11 12 13 17 27 39 25 40 42 20 26 -10 -16 24 49 33 -8 -15 -19 -13 50 51 34 -6 -7 44 47 -34 -31 -3 41 -12 -17 52 -9 -5 -40 -37 -43 -2 -22 -26 54 -54 55 56 59 61 -57 -42 -61 -58
right_child=1 3 4 8 16 32 19 35 21 10 11 29 -14 14 22 18 -18 28 -20 -21 30 -23 -24 -25 31 -27 -28 -29 -30 38 -32 -33 37 -35 -36 36 -38 -39 46 -41 43 48 -44 -45 -46 -47 -48 -49 -50 -51 -52 -53 53 -55 -56 58 57 -59 -60 60 -62 -63
leaf_value=-0.051148211555020168 -0.0096599619770023366 0.004372394275827576 -0.054631457564281033 0.005122156621575686 -0.056905250755453489 0.0057978802594563159 -0.058123025891252261 -0.0087155753512099029 0.016172195849707329 -0.052856431313300589 -0.053318983238567701 -0.050597065495813276 -0.058583474142442908 -0.049326564682389093 0.10388475357708185 -0.0039569072231694941 -0.031125843221383606 0.042103861792053471 0.0034472573877912718 0.0034987722010173827 -0.0091289227525438374 0.0089301761939996668 -0.03992481846627724 -0.0057480221099681598 -0.02614647601122368 0.0060640624878596852 -0.019480020494298308 0.020865735105534942 -0.022162754431755305 0.076368820605727861 0.010639820323566557 -0.034623140081035848 -0.0048849893014163339 0.001764219641657848 -0.00064106361118815888 -0.015387107813741197 0.017758878728476729 -0.00064700223819383644 0.019193605018414533 0.0092002788031262644 -0.057739517039416634 -0.029511149904385466 0.00096206258963454938 -0.055716129526680536 -0.0036527202573204626 0.0076729286425233694 -0.042565667849969055 0.0032354509596787687 0.11001520276665407 -0.018835646838068817 -0.040522837970946496 -0.0079829205238271996 -0.052763090859148744 0.050073825829706903 -0.058469954629674185 0.023081985825573595 0.097678066935275101 -0.023532708992222238 -0.043991869043092734 0.047995968365532493 -0.053907130917584825 0.023363223051752386
leaf_weight=873.72989839315414 6913.9618740081787 39266.555334806442 2543.4550408124924 66676.329814910889 28857.330303311348 14195.327161669731 536.92559140920639 21898.689417362213 17517.452708244324 1968.750517308712 569.49847900867462 114.95775783061981 1226.3064533472061 2703.3235224485397 64.711996614933014 18854.577669143677 1217.8310496211052 304.69466108083725 151734.56854748726 3565.1713150143623 1222.9053221940994 25148.147360801697 41.411432027816772 4928.7713010907173 1540.6619981527328 126.54338657855988 770.81518650054932 95.133935213088989 168.79965925216675 89.053386151790619 1057.343913257122 2713.4236462712288 33226.904581785202 116.99922895431519 26594.897938728333 1081.2377055883408 1333.7850258350372 56659.35956120491 350.31802344322205 24415.618755102158 222.16126310825348 21.685095548629761 44808.864335656166 192.91667890548706 24865.284611463547 143999.81494092941 94.52626234292984 2684.2893781661987 30.685904622077942 5193.5063725709915 313.14144122600555 1431.8541407585144 68.400909006595612 148.97651469707489 179.50907790660858 129.58419644832611 51.465738415718079 318.02506148815155 535.67945957183838 76.950199604034424 61.905339360237122 446.96648079156876
leaf_count=1315 3871 5370 4695 4316 56879 3661 898 9520 293 3345 899 163 2201 4779 26 4517 1614 111 21875 1005 764 479 45 2726 1210 84 671 56 177 44 478 2237 12194 39 7973 397 291 16315 155 2000 289 28 9245 267 8954 7838 128 810 23 3278 280 933 78 98 226 128 33 314 726 57 70 289
internal_value=-0.00020957 0.00285168 -0.0440764 0.00533909 -0.050483 -0.00360027 -0.0109359 -0.00811575 0.00771576 -0.0388647 -0.0349947 -0.0307554 -0.033842 -0.0291161 -0.0434512 0.00318156 -0.0553629 -0.0173034 0.00228204 -0.00622325 -0.0151079 0.0119099 0.0478719 -0.0149346 -0.0174786 -0.056395 -0.0351137 -0.046932 0.019184 0.00566598 -0.00485421 -0.0256879 -0.00102291 -0.0566681 0.00160097 -0.00512796 0.00308607 -0.00221369 0.0178617 0.00622261 -0.0229657 -0.0436139 -0.000494701 -0.0174185 -0.0060238 0.0068663 0.00599294 -0.00211319 0.0526778 -0.0136211 -0.0155544 -0.0173461 -0.0141717 0.0175984 -0.0175962 -0.0135823 -0.00374161 0.00988818 -0.0304473 -0.0346254 0.00246861 0.0312268
internal_weight=789162 737684 51478.6 532422 43138.6 205262 8340.03 74585.5 253342 12819.9 10276.4 8307.65 7658.79 6432.49 2904.58 279080 30318.7 3527.9 215398 7466.3 3901.13 42665.6 106.123 22722.2 17793.4 29100.9 1307.74 2798.46 473.494 648.855 2593.39 5685.94 130676 28974.3 40790.2 51863.3 5099.31 89886.3 533.898 63682.2 3054.41 621.869 63663.4 2432.54 46764 210676 444.844 3765.53 52.371 12107.5 1536.05 2972.52 2239.62 217.377 2022.25 1842.74 1177.47 816.457 665.264 361.017 138.856 498.432
internal_count=213780 130303 83477 55933 78066 74370 5411 34227 12926 19450 14755 11410 10920 8719 4906 43007 58616 3813 35637 4096 3091 772 71 14255 11529 57002 1569 4835 288 490 1522 4380 40143 56918 11634 19972 1498 28509 327 7370 3525 950 13762 2575 18474 12154 283 1207 51 7149 1044 2143 2308 176 2132 1906 1052 636 854 416 127 322
cat_boundaries=0 2 4 5 7 9 10 11 13 15 16
cat_threshold=8429564 491776 42024964 65536 250880 2696507408 27653 4080991004 2560 6569984 80 218792363 69942 988142365 33000 296
is_linear=0
shrinkage=0.05


Tree=39
num_leaves=63
num_cat=14
split_feature=15 21 14 13 0 13 26 26 16 38 0 26 0 25 44 25 0 29 26 26 47 38 25 25 0 25 27 0 25 47 49 39 25 0 49 0 0 25 25 25 0 42 26 25 44 44 25 0 13 26 47 25 25 44 39 2 25 0 25 0 26 1
split_gain=39716.2 4324.44 4296.89 1229.11 976.581 778.704 604.821 539.552 307.064 279.056 278.361 254.64 284.695 465.316 306.618 243.052 261.676 231.779 228.83 219.403 210.104 199.332 185.51 185.5 170.092 161.783 157.485 188.605 152.575 144.542 139.945 139.536 137.534 134.227 133.34 130.627 126.145 119.796 169.723 115.99 110.728 109.585 108.828 102.298 123.912 182.186 100.287 95.8993 94.7534 92.8673 92.5286 144.254 138.709 221.28 89.8018 88.7319 93.1625 87.1166 82.8868 82.5277 82.4335 117.3
threshold=0.18750000000000003 1.0000000180025095e-35 5.5000000000000009 3.5000000000000004 0 15.500000000000002 0.0035305698511303506 0.022090530794665202 1.0000000180025095e-35 1.5000000000000002 1 0.012854076033517103 2 3.7328353900785989 29.550000000000004 6.0374288056596823 3 4.3780754357226419 0.043147680936909807 0.12326118821510772 2.1818639990377293 2.5000000000000004 5.5574056331669164 3.143669503351028 4 4.1783934307272617 6.4944015698468895 5 8.0511516332111182 2.8681758951124663 7.5214285714285731 0.46428571428571436 2.772550409816819 6 14.328571428571431 7 8 5.1984264468287211 3.0168614574289605 4.6489437953667769 9 2.9357142857142859 0.06362266792464312 2.4190113469967502 19.850000000000005 23.850000000000005 3.225608871412931 10 1.5000000000000002 0.028804294136259453 1.8611270097429946 5.5834030825639713 5.5574056331669164 16.350000000000005 0.22500000000000003 0.29696027566504674 3.4783232288476356 11 5.0851340877949331 12 0.032586695307972056 13
decision_type=2 8 2 2 1 2 2 2 10 2 1 2 1 2 2 2 1 2 2 2 2 2 2 2 1 2 2 1 2 2 2 2 2 1 2 1 1 2 2 2 1 2 2 2 2 2 2 1 2 2 2 2 2 2 2 2 2 1 2 1 2 1
left_child=1 6 3 7 11 17 -1 9 -6 36 21 -3 37 29 20 16 46 22 39 47 26 48 59 -20 31 42 27 28 50 -14 -27 -25 -12 -21 60 -34 -2 38 43 57 -11 -39 -19 44 -13 -46 -8 -7 -9 -40 51 52 53 58 -55 -31 -57 -5 -15 -4 -18 -62
right_child=2 4 5 18 8 19 15 10 -10 40 32 12 13 14 -16 -17 34 25 23 33 -22 -23 -24 24 -26 30 -28 -29 -30 55 -32 -33 35 -35 -36 -37 -38 41 49 -41 -42 -43 -44 -45 45 -47 -48 -49 -50 -51 -52 -53 -54 54 -56 56 -58 -59 -60 -61 61 -63
leaf_value=-0.050754625361883292 -0.0052931782973713627 -0.05340173816620352 -0.0021213429482745865 -0.00024615740979770732 -0.056570793318443738 0.0047353913913064268 -0.051174622974584319 -0.0125255056022485 -0.030376960506488027 -0.012240154262516094 -0.0057091605239176632 -0.056186421896701547 -0.050934324046423785 0.051212239146906369 0.07529923645055471 0.0087744427415247551 -0.016681767891837937 0.0017814182016275889 -0.00039409191429652028 0.014347244857452771 -0.049521142250237786 -0.033717117355007258 0.004838360198193406 0.017283519386797223 0.0005760697350177111 0.0091676479452499071 0.026730802837486797 -0.037582778832702057 -0.054687088857011415 0.030308447269657441 0.0052575459709428849 0.0059704897139076004 0.0058335473541573949 0.0089494464002436366 0.022884214034313208 -0.0017683479321506657 -0.01265260246668474 -0.057372851327203128 -0.026677517939221435 0.001183425838155833 -0.029254473609326245 0.023390803440704131 0.0051283014236980576 -0.046676370152689682 0.033477206723923979 -0.036611053340066792 -0.020021866144610732 0.0081213059067107313 -0.0059014359960916085 0.0043520717683479477 0.061733691061769881 -0.044207636548862596 0.077168523840440248 -0.057455847124655124 0.063800766766688125 -0.039304751656557863 0.026056214770497937 -0.0046668394841574553 -0.018374286044626105 0.0017954130341996163 0.0026545784466993176 -0.029420934611582329
leaf_weight=837.40959465503693 9008.4086384773254 2463.8714488446712 17381.185664653778 18801.17756819725 26820.647974729538 29104.65123462677 473.03590101003647 6866.6516956090927 1172.3178419470787 1491.2853065729141 17011.552799344063 134.38596487045288 5084.1600880324841 165.13552588224411 76.615537881851196 2033.6063674688339 1782.9889824986458 41335.373049020767 28599.296194791794 20420.126232624054 672.15510550141335 730.40291309356689 49323.542380332947 3106.5185570716858 14589.433273792267 34499.802828073502 185.51719725131989 867.02158153057098 121.9501995742321 64.835848212242126 68019.597945809364 22244.46209025383 7077.1978235840797 26894.827815532684 363.86948174238205 27860.268762230873 16750.076628565788 329.23715895414352 329.3955482840538 28583.26558804512 2957.1175959706306 47.473050594329834 58918.067337751389 537.52516829967499 191.57829576730728 177.80360871553421 574.30347371101379 75496.929475784302 25301.140541672707 891.13939243555069 65.892167150974274 141.18825763463974 71.012159466743469 138.3642603456974 16.277725875377655 448.86389046907425 61.24021303653717 27393.768422365189 56.930919677019119 59316.866691708565 1874.7802297472954 324.89184486865997
leaf_count=1315 3745 4485 3307 4947 55272 1403 683 3781 1592 916 7042 205 9310 96 47 286 1399 6619 7080 433 1203 570 5692 285 3274 2889 105 1287 183 75 6631 3555 1983 621 144 10640 8245 554 372 6715 2399 21 6416 744 208 266 368 3237 10061 625 18 254 29 275 15 698 56 7644 71 10173 813 403
internal_value=-0.000203449 -0.0435162 0.00270318 -0.002497 -0.0501182 0.00549817 -0.0104973 -0.00634593 -0.0554553 -0.0120845 -0.00430274 -0.0388438 -0.0355764 -0.0401734 -0.0225985 -0.00595161 -0.0115052 0.00413022 0.000592858 0.00845876 -0.0256279 -0.00790085 0.00244617 0.00267972 0.0048808 0.0051768 -0.0168236 -0.0217554 -0.00352808 -0.0482445 0.0065735 0.00735472 -0.00202202 0.0112843 -0.00603131 -0.000227021 -0.0100863 -0.0209817 -0.0166955 -0.00131985 -0.023649 -0.0471468 0.00374843 -0.0315146 -0.0152665 -0.000254346 -0.0338098 0.00718053 -0.00731593 -0.00403302 0.00600722 -0.000313542 0.0135849 0.00141319 -0.0443323 -0.024403 -0.0314125 -0.00286885 0.0333476 0.000907681 -0.00869461 -0.00221355
internal_weight=788680 49597.4 739083 258372 41332.5 480711 8264.89 115054 27993 30206.9 84847.2 13339.6 10875.7 8237.16 2578.06 7427.48 5393.87 328794 143318 151917 2501.45 32898.2 126022 68539.7 39940.4 202773 1829.29 1643.77 776.751 5659.1 102519 25351 51949 47315 4346.53 34937.5 25758.5 2638.54 2261.83 74778.2 4448.4 376.71 100253 1041.29 503.768 369.382 1047.34 104602 32167.8 1220.53 654.801 588.909 447.721 376.708 154.642 574.94 510.104 46194.9 222.066 76698.1 3982.66 2199.67
internal_count=213780 83477 130303 82882 78066 47421 5411 49382 56864 15305 34077 21202 16717 13722 3583 4096 3810 41727 33500 5694 3536 14412 19172 14194 7114 22555 2333 2228 941 10139 9520 3840 19665 1054 2759 12623 11990 2995 2420 19306 3315 575 13035 1423 679 474 1051 4640 13842 997 758 740 486 457 290 829 754 12591 167 13480 2615 1216
cat_boundaries=0 2 4 5 6 8 10 12 13 15 17 19 21 23 24
cat_threshold=8429564 491778 738723042 417790 38816 136192 2998140468 163882 8388688 131072 2830233680 12331 147968 16338944 3 3824705536 65538 3238661472 211288 3505471492 196839 488775299 288768 20
is_linear=0
shrinkage=0.05


Tree=40
num_leaves=63
num_cat=11
split_feature=15 21 15 0 13 13 24 0 25 0 16 31 13 13 0 22 25 25 22 0 29 44 24 0 24 0 0 16 22 37 25 16 0 0 25 31 25 23 43 28 13 42 24 49 24 24 25 24 2 24 0 25 25 20 28 41 25 29 25 43 24 42
split_gain=37187.3 4269.82 3848.15 998.011 910.335 818.299 407.011 403.686 382.022 360.266 316.279 304.935 302.217 281.745 258.783 222.027 214.064 317.751 202.395 198.216 184.279 182.768 350.951 182.509 181.965 179.081 172.306 176.058 164.363 155.22 153.461 150.843 140.847 138.834 135.16 123.27 122.858 120.573 118.082 113.991 110.456 108.874 248.455 108.092 258.151 413.752 110.832 106.475 193.581 102.832 99.7516 94.2226 93.2766 93.0983 92.7908 90.0586 89.9747 88.9762 87.335 83.2629 82.8231 126.473
threshold=0.18750000000000003 1.0000000180025095e-35 4.5625000000000009 0 11.500000000000002 2.5000000000000004 4.8338585434173682 1 2.8041304077011548 2 1.0000000180025095e-35 1.0309897716160625 25.500000000000004 1.0000000180025095e-35 3 0.24999999999999997 5.1120831803488551 5.0114216919400407 0.12499999999999996 4 4.3965916953090529 29.550000000000004 2.5357620320855623 5 0.64800579322638152 6 7 5.8416666666666677 0.12499999999999996 2.5000000000000004 8.0511516332111182 2.2613636363636371 8 9 1.0339370996192301 1.0309897716160625 4.6489437953667769 0.37500000000000006 1.1000000000000003 42.500000000000007 1.5000000000000002 14.407142857142858 1.2317558602388328 -5.864285714285713 1.2970588235294123 1.3614361515215407 4.1161115220634832 1.3165559772296018 0.61559370248597556 0.79852133160956706 10 1.5068434723251902 3.1350550764288472 6.8500000000000023 142.00000000000003 1.5889871764507386 2.8440784848328056 4.2660006009615392 4.3065580682064875 8.7500000000000018 2.5755090497737565 -6.6357142857142852
decision_type=2 8 2 1 2 2 2 1 2 1 10 2 2 2 1 2 2 2 2 1 2 2 2 1 2 1 1 8 2 2 2 8 1 1 2 2 2 2 2 2 2 2 2 2 2 2 2 2 2 2 1 2 2 2 2 2 2 2 2 2 2 2
left_child=1 8 5 6 14 9 7 16 25 23 28 -8 50 15 -4 -11 17 24 21 -13 36 -9 -23 -2 -3 49 38 54 -5 -22 33 -25 -14 -10 -27 -26 -7 -15 -16 -21 -39 42 -35 51 -45 47 -47 -46 -49 -1 -6 -37 -31 -52 -28 -38 -44 -43 -48 -32 -19 -62
right_child=2 3 4 10 12 20 11 18 30 13 -12 19 32 37 26 -17 -18 60 -20 39 29 22 -24 31 35 34 27 -29 -30 52 59 -33 -34 41 -36 43 55 40 -40 -41 -42 57 56 44 45 46 58 48 -50 -51 53 -53 -54 -55 -56 -57 -58 -59 -60 -61 61 -63
leaf_value=-0.057641227516820659 0.0041520541614431155 -0.057424198759022271 -0.00016974991512668211 -0.057027291462297292 0.0042099674546488162 -0.0034223270676984802 -0.058577204773901104 -0.050582595643707276 -0.03785267992398348 -0.029079836855570862 -0.02961347043365254 0.020048266475474821 0.012271828560234677 -0.0046359481985633905 0.0017516289558390441 -0.0093257455119374073 -0.058708208532192288 0.068903295670880757 0.0098398004465226879 0.087543631700113159 0.00077580227872846568 -0.058189845175998026 0.086909392204842006 -0.0090606437065162155 -0.058572141323194965 -0.057432522789937317 -1.7428704915674345e-05 0.0041469616352835829 0.004000997241296181 -0.0013711309351473562 -0.0037394964345667039 -0.0017638764272594719 0.0076729012805368327 -0.058044548233665887 -0.0098259816191479232 0.044250708599627514 6.0343070894123418e-05 -0.016439345280084391 0.010026296459525359 -0.035755128571344955 -0.0088335107052588055 -0.014574171422587455 0.037164728308890983 -0.056266256783085611 0.12075884853902846 -0.034489669634102618 0.044667857544751749 -0.057262352721584177 0.076925308681745241 -0.024482249312238306 0.0065467298590397936 -0.014362453233188572 0.015816424388491804 0.022992355639313289 0.0038173336714628922 0.012196873579807947 -0.0061235603014916321 0.027651721027546768 -0.038579177315623006 0.0235969875918721 0.032552038197404508 -0.057618408522061973
leaf_weight=562.18877553939819 5559.4768356084824 499.48774439096451 58878.317863225937 24613.139272511005 62692.613831520081 63191.461467862129 258.10223841667175 7622.2651894390583 331.37087142467499 3585.6090041995049 1126.5501334667206 590.3227843940258 30357.878269672394 9415.6973645687103 5924.5008664131165 2361.0242155790329 552.44165825843811 79.412154495716095 146.24693781137466 18.976197123527527 32213.339148163795 99.718104481697083 70.083484321832657 15594.487260222435 252.88511180877686 167.85563045740128 52098.907293319702 140658.15398454666 110.54291522502899 1078.4499549865723 452.7774213552475 12980.541085064411 37326.24879693985 230.79140281677246 1285.4906376600266 71.774525284767151 18379.180211663246 7260.339457988739 15854.52355670929 312.5642377436161 13967.554277658463 176.67506390810013 123.52679061889648 619.09967970848083 46.137163996696472 901.47752475738525 84.869405806064606 39.881676316261292 77.769719779491425 405.08764308691025 122939.82818984985 1185.3915018439293 2937.147449016571 866.04179382324219 22623.185162067413 1666.2794678211212 3319.0432211756706 418.33608984947205 48.785810649394989 720.71728491783142 145.32416599988937 51.960276365280151
leaf_count=986 1664 980 11075 53419 4289 20650 495 15039 360 2752 1568 358 618 4404 732 1491 1012 40 108 14 9244 212 28 8106 430 313 10991 18633 77 244 101 4966 932 365 962 86 5678 4309 1270 442 6374 123 33 1001 27 1147 28 56 28 394 6909 1318 379 39 4334 220 1602 117 67 55 26 60
internal_value=-0.000197341 -0.0429312 0.00256265 -0.0497252 0.00468192 -0.00356835 -0.0387201 -0.0413789 -0.0100729 -0.00783086 -0.0555512 -0.0106521 0.00687677 -0.0112773 0.00279735 -0.0212405 -0.02943 -0.0255462 -0.0482851 0.00280945 -0.00104483 -0.0494398 0.00182698 -0.00413156 -0.0292881 -0.0267418 0.00353386 0.00310488 -0.0567541 0.00193163 -0.00307954 -0.00574434 0.0097388 -0.00719785 -0.0152586 -0.0250478 -0.00234041 -0.00934678 0.0077722 -0.0276106 -0.0114357 -0.00470882 -0.00793518 -0.0222712 -0.0300663 -0.0164974 -0.0281926 0.0571073 0.0312968 -0.0433516 0.00583801 -0.0109796 0.0112 0.00666146 0.00114357 0.00107 -0.00455849 0.0151019 0.0141837 0.0130511 0.026116 0.00860715
internal_weight=788230 47819.1 740411 39625.2 550220 190191 13775 12595 8193.86 70724.7 25850.2 1179.97 254183 36590.2 296038 5946.63 4656.7 4104.26 7938.31 921.863 119466 7792.07 169.802 34134.5 3827.56 2420.62 237159 215380 24723.7 36228.9 5773.24 28575 67684.1 4599.74 1453.35 3328.07 83236.9 30643.6 21779 331.54 21227.9 4268.37 3673.36 3075.19 1818.02 1198.92 1035.13 163.789 117.651 967.276 186498 1257.17 4015.6 123806 74722.1 20045.5 3442.57 595.011 133.655 1173.49 276.697 197.284
internal_count=213780 83477 130303 78066 59822 70481 23002 21693 5411 34066 55064 1309 12787 19330 47035 4243 6306 5294 15387 814 36415 15279 240 14736 5168 2655 35960 33958 53496 9867 2756 13072 1550 2600 1275 4188 26548 15087 2002 456 10683 2240 2000 3758 2354 1353 1242 111 84 1380 11237 1404 623 6948 15325 5898 1635 240 95 156 126 86
cat_boundaries=0 2 3 5 7 9 10 11 12 14 15 17
cat_threshold=8429564 491779 40376 1408629505 65536 151520387 290072 8392720 196611 16384 187392 16384 2862706768 93375 266240 1292535841 332214
is_linear=0
shrinkage=0.05


Tree=41
num_leaves=63
num_cat=11
split_feature=19 21 14 13 0 25 26 14 16 26 26 26 0 25 44 38 0 25 0 25 0 27 23 0 26 22 29 22 25 17 26 21 26 25 44 26 39 0 25 0 26 42 26 0 0 47 0 25 25 25 44 25 25 25 3 27 22 13 39 25 25 25
split_gain=34810.8 4210.69 3517.27 1024.8 1017.9 652.939 569.957 405.616 324.773 279.425 279.419 263.15 260.663 306.854 238.897 232.144 221.772 221.708 272.508 197.171 188.482 184.563 174.02 172.753 167.146 165.188 164.066 163.081 152.403 152.384 152.15 149.81 147.395 139.661 154.21 141.677 135.899 135.502 135.413 125.488 123.087 119.905 114.511 106.232 101.303 131.453 98.3725 97.4378 221.221 103.587 152.641 101.106 95.6821 105.029 123.989 95.4977 93.5013 92.4764 92.5296 90.7059 136.539 89.4083
threshold=0.75000000000000011 1.0000000180025095e-35 5.5000000000000009 2.5000000000000004 0 4.9711453398307972 0.0023604272768445005 1.5000000000000002 1.0000000180025095e-35 0.043147680936909807 0.056555322092099909 0.050803650222262901 1 3.3908329548871916 29.550000000000004 2.5000000000000004 2 3.9054781051154435 3 2.772550409816819 4 0.8743872549019609 1.0000000180025095e-35 5 0.081077440675396364 0.12499999999999996 4.5637962691458887 0.12499999999999996 4.6230143416625218 7.934628311360485 0.015315442105664353 1.0000000180025095e-35 0.022352341910671505 26.156040021469618 20.050000000000004 0.05833824819284391 0.46428571428571436 6 3.1075512374363803 7 0.017418429664473805 14.714285714285717 0.032768556640598058 8 9 3.7646499238202167 10 2.9614914616579728 3.1949956858688364 2.4190113469967502 19.850000000000005 2.2612878619175967 3.7328353900785989 5.0851340877949331 0.91023613416931248 3.8002618855761487 0.24999999999999997 85.500000000000014 0.46428571428571436 5.1120831803488551 5.0114216919400407 3.161478875374879
decision_type=2 8 2 2 1 2 2 2 10 2 2 2 1 2 2 2 1 2 1 2 1 2 2 1 2 2 2 2 2 2 2 10 2 2 2 2 2 1 2 1 2 2 2 1 1 2 1 2 2 2 2 2 2 2 2 2 2 2 2 2 2 2
left_child=1 6 3 7 12 11 -1 15 27 38 -7 31 30 25 21 22 -9 18 32 -11 55 -15 24 29 -2 43 -21 -6 -16 -12 -3 -4 41 34 35 59 -28 -13 46 -24 -40 -8 -18 -14 -42 -46 -5 49 61 50 -32 -52 -37 -54 -55 -17 -22 58 -25 60 -23 -49
right_child=2 4 5 9 8 10 17 16 -10 19 23 37 13 14 28 20 42 -19 -20 26 56 33 39 57 -26 -27 36 -29 -30 -31 47 -33 -34 -35 -36 52 -38 -39 40 -41 44 -43 -44 -45 45 -47 -48 48 -50 -51 51 -53 53 54 -56 -57 -58 -59 -60 -61 -62 -63
leaf_value=-0.056176000662495118 0 -0.049829302413794421 -0.00087465297738236868 -0.0016968502862775075 -0.056922418081045117 0.0045664209298661093 -0.040608670148099879 0.002254082074856935 -0.028803538137451047 -0.0022091381796697485 0.0090174443517896854 0.0051453918014162615 -0.036899351288830498 -0.057448248209980714 0.083946258837569496 -0.016697550451292068 -0.0090211116353600251 0.0029857381727789755 -0.031566182210837616 0.00098562938512603048 -0.040228166858316095 -0.025033354778562923 -0.0068009332492075169 0.020985234899541679 0.093306056488547839 0.014651519534276125 0.01703198271229505 0.0037920797242797649 -0.054217207887624935 0.015878460059740012 -0.055854529921835198 0.0039004781417901861 0.0027189937690442218 0.031565069208091399 -0.035442761900900732 -0.056994876779246806 0.0050562234070665284 0.0022025653910900064 -0.0059200359108407081 -0.015454997541243172 -0.0033106063088417358 0.0091368937199999938 -0.0034909031584940218 -0.053200880306871715 0.00029387703774877639 0.013785851885530085 -0.0088144583285951657 0.0086060560682365717 -0.02583559756853401 -0.050223448862942083 -0.0042875881470300428 0.077735507744956536 0.076937438273104536 -0.049769905265346984 0.044913080811826434 0.01653304161224747 -0.015659239256538528 0.011140092525502699 0.0064607075579631084 -0.046647384966117117 0.061504558313753135 0.065498932831069209
leaf_weight=608.35091656446457 2375.1922110319138 409.2636259496212 49639.414801716805 8490.2529808282852 23454.810856670141 82037.465321302414 411.96016603708267 9228.1337153911591 1101.0039524137974 22125.005604505539 26553.571934938431 126518.7100353241 1575.1862586736679 663.38086524605751 70.623910486698151 966.1113013625145 19736.747402071953 3631.7925943732262 1417.5887016654015 33631.049611449242 1578.2441816926003 186.02377241849899 6589.8272585272789 1109.2248544692993 47.988503098487854 101.99858117103577 2627.4436368942261 110.84844863414764 26.83289623260498 11649.753792762756 120.48230755329132 24545.899186372757 1884.6772267818451 92.452118873596191 2999.1664836704731 33.901919603347778 24063.745759725571 56710.432088375092 11833.978663086891 11792.432117044926 21362.955381631851 170.75479185581207 17815.76647400856 4799.2970632016659 49226.18379342556 1873.1247103214264 11387.501695036888 403.27288353443146 673.22539210319519 346.99117094278336 164.63135665655136 47.607879877090454 81.307467401027679 57.994595110416412 82.520026206970215 277.43854373693466 516.44730764627457 12966.709915161133 92400.065601825714 252.11399462819099 59.26403620839119 82.516290903091431
leaf_count=1092 1249 709 9789 2598 53419 8628 442 2695 1568 6367 1181 11904 2543 1353 24 759 9241 1074 1839 8263 1444 263 3518 80 14 69 261 77 56 236 200 3367 855 8 5263 60 3973 7621 3646 7113 6570 109 7319 10073 13039 370 3839 294 728 504 217 25 24 112 8 173 431 160 4455 408 31 30
internal_value=-0.000191273 -0.0423384 0.00242973 -0.0022911 -0.0493244 0.0049411 -0.00966608 -0.00740722 -0.0553731 -0.000346686 0.00689771 0.00321779 -0.0380578 -0.0412523 -0.0314067 -0.0126706 -0.00469046 -0.00589428 -0.0141955 0.00182804 -0.0249107 -0.0330842 -0.0107053 0.00821955 0.00188691 -0.0483108 0.00330889 -0.0566365 0.0456905 0.0111072 -0.0221834 0.000705272 -0.00406042 -0.0288653 -0.0303636 -0.0101099 0.00623588 0.00423502 -0.0020679 -0.0123655 -0.0011924 -0.0260323 -0.00639605 -0.0493212 -0.00042018 0.00078865 -0.00578014 -0.016124 -0.00729266 -0.0311427 -0.0111378 0.014366 0.0200732 0.0320772 0.00572369 -0.00919848 -0.0340211 0.00718159 0.00663328 -0.0256468 -0.00393978 0.0183949
internal_weight=787799 46121.8 741677 257546 37996.7 484131 8125.12 70924.3 24666.7 186621 226717 257414 13330.1 11082.1 4605.58 24143.7 46780.6 7516.77 3884.98 82447.2 3338.24 4508.13 20805.4 144679 2423.18 6476.48 60322.2 23565.7 97.4568 38203.3 2247.99 74185.3 2467.39 3844.74 3752.29 753.126 26691.2 183229 104174 18382.3 84296.2 582.715 37552.5 6374.48 72462.3 51099.3 19877.8 1838.73 1159.01 679.713 332.722 212.239 255.724 221.822 140.515 1243.55 2094.69 106476 93509.3 497.402 245.288 485.789
internal_count=213780 83477 130303 82882 78066 47421 5411 33956 55064 48926 14740 32681 23002 20295 7610 14701 19255 4319 3245 18864 2807 7530 11894 6112 1263 12685 12497 53496 80 1417 2707 13156 1406 6177 6169 906 4234 19525 30062 10631 23625 551 16560 12616 19979 13409 6437 1998 1052 946 442 242 204 144 120 932 1875 4695 4535 702 294 324
cat_boundaries=0 2 3 4 5 7 9 11 13 14 16 18
cat_threshold=8429564 491779 38688 115200 15993344 1661532693 264704 10604560 1 2533351440 65693 821188368 65536 140 687868355 327448 3270590468 66006
is_linear=0
shrinkage=0.05


Tree=42
num_leaves=63
num_cat=14
split_feature=15 21 14 0 13 25 26 26 24 0 26 38 26 26 0 25 25 25 0 38 24 38 24 26 0 26 26 24 25 0 50 26 25 0 0 24 0 0 0 42 24 28 43 0 0 25 21 42 24 25 25 24 25 25 25 25 2 0 13 39 42 25
split_gain=32565.7 4147.11 3163.65 1039.97 940.667 583.167 547.707 464.666 402.504 401.923 322.065 291.387 254.981 249.335 240.39 216.293 293.01 203.171 256.142 201.074 196.992 189.125 182.833 177.248 172.699 159.187 150.725 146.786 208.973 180.034 190.806 237.003 146.653 144.578 139.287 157.108 138.089 123.603 118.051 116.817 115.749 105.135 102.34 100.959 99.2533 179.19 98.8971 98.4482 96.4908 95.7965 92.1053 98.5569 92.7062 113.105 114.008 132.002 115.962 91.8147 90.9072 90.8008 86.7871 116.886
threshold=0.18750000000000003 1.0000000180025095e-35 5.5000000000000009 0 3.5000000000000004 5.0114216919400407 0.0023604272768445005 0.018696443743172704 4.8338585434173682 1 0.010121075296461701 7.5000000000000009 0.12326118821510772 0.06362266792464312 2 5.1120831803488551 5.0114216919400407 3.9054781051154435 3 1.5000000000000002 0.71763298620883775 2.5000000000000004 0.64800579322638152 0.043147680936909807 4 0.022352341910671505 0.015315442105664353 1.5900550855793825 4.7829921748584638 5 18.550000000000004 0.021275401783873254 3.143669503351028 6 7 1.3614361515215407 8 9 10 14.714285714285717 4.1346590360282045 32.500000000000007 5.4000000000000012 11 12 4.000470961758376 1.0000000180025095e-35 5.7857142857142865 5.6037380469429161 4.6489437953667769 1.6761543611374872 0.9987745098039218 3.4474117323741891 3.3908329548871916 3.225608871412931 3.161478875374879 0.8542199457734333 13 1.5000000000000002 0.64583333333333337 3.0142857142857147 8.6946318564515845
decision_type=2 8 2 1 2 2 2 2 2 1 2 2 2 2 1 2 2 2 1 2 2 2 2 2 1 2 2 2 2 1 2 2 2 1 1 2 1 1 1 2 2 2 2 1 1 2 10 2 2 2 2 2 2 2 2 2 2 1 2 2 2 2
left_child=1 6 4 8 7 13 -1 19 9 15 -10 -5 38 36 21 16 22 18 20 -2 -8 58 -3 49 48 39 -24 -11 29 30 31 -29 -25 -14 -34 -36 -4 -16 -7 -20 -39 -26 -22 -15 50 -46 -38 -33 -12 -6 -28 -52 53 54 55 56 -53 -21 -9 -40 61 -19
right_child=2 3 5 11 23 12 17 14 10 27 24 -13 33 43 37 -17 -18 60 25 57 42 -23 26 32 41 -27 44 28 -30 -31 -32 47 34 -35 35 -37 46 40 59 -41 -42 -43 -44 -45 45 -47 -48 -49 -50 -51 51 52 -54 -55 -56 -57 -58 -59 -60 -61 -62 -63
leaf_value=-0.056025219177253574 -0.010096591238839983 -0.057290876167041205 -0.0017126555420732791 -0.022726421660262421 -0.0025905047539435504 0.0037446749900506109 -0.058004883585074288 -0.011317271891071404 -0.049281409994505594 -0.053440289993537428 0.068667742338012303 -0.056164330377723642 0.013045145755985475 0.0023272058238820214 0.0043844877111976687 -0.058698443604713262 0.025412697765926057 -0.027387435105604818 -0.039595146538530406 -0.012467128559633639 -0.0031351194314165084 -0.031058812112192982 -0.047982791735604116 -0.00039709015182103096 0.08477377711114599 0.0022916196986452679 0.044340570838953042 -0.042328061838429777 -0.056250891080599989 -0.042322795447099951 -0.04238384206935894 0.013008289121493788 0.00013980818889286156 0.007471745169239089 0.032000153864445206 0.0058019240993841962 0.0011525737600007959 -0.004622984911585414 0.010451007603057 0.0086280658885185112 0.00052494106440332112 -0.036931937353437312 -0.041330810914693004 0.0053362557941879461 -0.038114350442974398 0.029813760802925634 0.0045748998016922277 0.070675089544855019 0.014262495747557599 0.0010937626423861053 -0.046422295307033859 -0.022142350335293076 -0.04717434818349301 0.045151590624524535 -0.05154219139700026 0.054181526639415417 0.015715750325014637 -0.029849028365054864 -0.0052732720781963642 0.0060586641615946292 0.0069223548871272331 0.011607692023897935
leaf_weight=580.20268514752388 18329.052391171455 459.81350725889206 27382.230782747269 673.04283159971237 46003.140259027481 55214.103186130524 470.3371544778347 7962.9262542128563 345.18983843922615 4268.741641908884 98.576315641403198 22868.19758734107 19834.034213066101 38523.375925302505 6809.1635093092918 509.23863366246223 277.27192789316177 477.4212504029274 461.03349870443344 1276.3124105930328 489.73303198814392 806.65144330263138 526.60622882843018 28599.92412686348 18.313928812742233 1976.3394814133644 71.403028964996338 167.62451475858688 1123.3446398675442 1105.6449718177319 312.16045120358467 264.29916459321976 13488.504530191422 28516.084533929825 584.21317219734192 26171.774527788162 61746.818840146065 31024.78221732378 13213.837117195129 171.81452631950378 16846.272568583488 222.31579560041428 272.64123004674911 101454.10907006264 928.61449027061462 107.58381116390228 32079.755904912949 102.31042787432671 456.38406622409821 28617.026426315308 195.86102074384689 570.10858488082886 138.3016921877861 105.378373503685 135.89680957794189 91.036779761314392 312.18391346931458 2090.4736014604568 28495.981452703476 107803.50003218651 2841.6754142642021 320.21375274658203
leaf_count=1092 8845 980 5240 876 12591 4630 916 4557 690 9365 56 54188 438 4827 1715 1012 126 223 524 852 409 691 943 7080 13 962 83 308 2460 2241 647 315 3005 687 40 4069 10346 13066 935 109 6296 328 325 8697 1474 48 3871 51 222 6715 356 588 194 62 164 38 238 1829 11531 7750 821 30
internal_value=-0.000185372 -0.0417233 0.00230384 -0.0488996 -0.00218116 0.00467767 -0.0092681 -0.00557924 -0.0373644 -0.0401411 -0.00902081 -0.0551861 0.00654596 0.00307117 -0.00402599 -0.02799 -0.024057 -0.0056342 -0.0136525 -0.0121611 -0.0323211 -0.00712236 -0.0278297 0.000510519 0.00848109 -0.00467979 -0.0235555 -0.0473614 -0.0390614 -0.029143 -0.0112584 0.00675408 0.00234024 0.00976262 0.00428562 0.00637294 0.00141094 -0.00191393 0.00566337 -0.026502 -0.00281072 -0.0262496 -0.0168375 0.00450874 -0.0186948 -0.0307386 0.00232253 0.0292636 0.0236167 -0.00117752 -0.0107191 -0.0133569 -0.00853556 -0.00409663 -0.00881625 -0.00279892 -0.00873863 -0.0233925 -0.00659374 0.00653785 0.00283048 -0.0117315
internal_weight=787391 44516.9 742874 36455.4 257106 485768 8061.41 113642 12914.2 11773.4 1140.78 23541.2 224582 261186 91945.8 4429.3 3920.06 7481.21 3841.9 21695.8 1232.71 37265.6 3642.79 143465 795.59 2609.19 3182.97 7344.13 3075.38 1952.04 846.395 534.234 68844.4 48350.1 40244.5 26756 121209 54680.2 176231 632.848 47871.1 240.63 762.374 139977 2656.37 1036.2 93826.6 366.61 554.96 74620.2 1620.17 1548.77 1352.91 1214.6 1109.23 973.329 882.292 3366.79 36458.9 121017 3639.31 797.635
internal_count=213780 83477 130303 78066 82882 47421 5411 49382 23002 21693 1309 55064 14440 32981 37856 6306 5294 4319 3245 11526 1650 16779 5168 33500 619 1595 4188 15387 6022 3562 1321 674 14194 1125 7114 4109 19457 21077 13315 633 19362 341 734 13524 3245 1522 14217 366 278 19306 1723 1640 1284 1090 1028 864 826 2681 16088 8685 1074 253
cat_boundaries=0 2 3 5 6 8 10 12 14 16 17 19 21 22 23
cat_threshold=8429564 491779 40376 738723042 450558 250880 8393744 196611 4 295168 2696147024 10241 1296826571 358357 218238897 487169 16384 3708428514 333948 1090527149 458578 416 4092878872
is_linear=0
shrinkage=0.05


Tree=43
num_leaves=63
num_cat=9
split_feature=15 21 14 0 26 26 25 25 24 0 16 29 26 15 26 29 25 25 0 22 25 0 26 49 24 22 44 24 0 39 26 0 0 29 42 24 2 17 0 49 24 24 25 39 25 26 24 49 24 2 25 39 0 24 24 26 16 26 42 40 25 25
split_gain=30459.7 4078.69 2846.05 1057.67 803.36 525.848 521.426 399.311 389.838 399.582 343.97 315.63 303.343 298.845 238.733 224.817 214.734 270.881 203.27 195.838 189.453 227.081 184.036 181.397 181.185 170.895 165.787 261.424 157.402 150.059 146.501 144.886 130.325 129.465 134.173 180.297 162.992 124.886 122.579 113.367 270.55 304.027 111.555 121.498 111.017 105.331 104.688 103.44 100.523 131.698 122.6 100.276 99.9499 178.358 123.868 125.889 94.5892 92.8141 89.5129 88.0074 87.7985 242.668
threshold=0.18750000000000003 1.0000000180025095e-35 5.5000000000000009 0 0.022090530794665202 0.0023604272768445005 4.9711453398307972 3.1075512374363803 4.8338585434173682 1 1.0000000180025095e-35 4.5637962691458887 0.010121075296461701 1.6875000000000002 0.056555322092099909 4.3780754357226419 5.1120831803488551 5.0114216919400407 2 0.12499999999999996 6.0374288056596823 3 0.039797443351222359 -2.4999999999999996 0.64800579322638152 0.12499999999999996 29.550000000000004 2.5357620320855623 4 0.41428571428571431 0.015315442105664353 5 6 4.2660006009615392 14.714285714285717 0.64800579322638152 0.78574730703237894 8.1009254647998592 7 -5.864285714285713 1.2970588235294123 1.3165559772296018 1.7812887021222121 0.41428571428571431 2.0695150740793391 0.06362266792464312 5.6037380469429161 2.9357142857142859 1.3614361515215407 0.61559370248597556 4.000470961758376 0.2678571428571429 8 2.5755090497737565 0.79852133160956706 0.0069943394024275509 0.34166666666666673 0.023904648500017004 2.9357142857142859 1.8750000000000002 3.2943372666809458 3.2590636133293756
decision_type=2 8 2 1 2 2 2 2 2 1 10 2 2 2 2 2 2 2 1 2 2 1 2 2 2 2 2 2 1 2 2 1 1 2 2 2 2 2 1 2 2 2 2 2 2 2 2 2 2 2 2 2 1 2 2 2 8 2 2 2 2 2
left_child=1 5 4 8 13 -1 15 18 9 16 25 32 -10 28 -8 -4 17 24 42 26 21 47 -20 -14 -3 -5 -11 -28 -2 -13 -26 37 -9 -23 35 36 44 -16 51 -32 -41 -42 -6 59 -35 -17 -25 -7 49 -43 60 -15 53 57 -54 -56 -34 -37 -57 -44 61 -50
right_child=2 3 6 10 7 20 14 11 12 19 -12 29 23 38 31 45 -18 -19 22 -21 -22 33 -24 46 30 -27 27 -29 -30 -31 39 -33 56 34 -36 52 -38 -39 -40 40 41 48 43 -45 -46 -47 -48 -49 50 -51 -52 -53 54 -55 55 58 -58 -59 -60 -61 -62 -63
leaf_value=-0.055866356273992591 -0.0079160023624741949 -0.057202277085805123 0.00055163619867640409 -0.056696090873300388 -0.010518976563297394 0.0011608483723309698 0.00401921961996979 -0.0029807690595700354 -0.048814110335380398 -0.049352018601541085 -0.026991256838106905 0.014531687459205415 -0.049872411493518926 0.01285395168158218 0.0078197077400361473 0.0023498018265068208 -0.058692057651489472 0.023750104432170127 -0.0094291776225292889 0.010598189382671595 0.0074572315279385452 -0.017634800855429702 -0.003281801282546 0.060240010729997732 -0.047467006108329775 0.0065711026161620785 -0.058096879152994732 0.067108555816122198 -0.019217326455805366 0.0036928375108865718 -0.0058598560637096505 0.0060575606921412159 0.018391062608820459 0.071074554618750438 0.033441806203422207 -0.036868806689749588 -0.056815723213790519 0.012849063845676157 -0.0092945862523972893 -0.055772161949747767 0.11629198730393869 -0.056967120587173063 0.0012939167918520893 0.00093271756257062442 -0.015732574892632713 0.004788344488702443 0.008765653661768253 -0.043447207026328497 -0.027840058372151394 0.059181525108473548 0.023737319821861339 -0.0038292242494791608 -0.054331279433423973 0.083962875604782716 -0.030644509857906368 -0.038824541316380239 0.00054672773250601754 0.024044846324674768 0.010618929980995213 0.02908186744986075 -0.053493380298597827 0.1151414340888193
leaf_weight=553.43910518288612 5282.5528843998909 438.05031999945641 73530.782338738441 21317.564370840788 1956.816426217556 161.23192703723907 82623.033905506134 37587.632358849049 331.42896404862404 6748.8506934940815 1047.7227090895176 3518.1886669993401 114.73300242424011 947.06604635715485 43102.816607713699 73465.18116736412 484.45427855849266 281.79727286100388 17673.098448693752 144.39705765247345 2070.5603242516518 1550.9831022620201 39149.154363036156 118.96796882152557 506.24106070399284 106.9334602355957 86.832553744316101 78.357108980417252 7570.44451212883 34547.030980587006 1101.4430814087391 85759.923291921616 751.03533762693405 42.879162788391113 273.99318146705627 85.95818156003952 266.43058449029922 17309.109439849854 13054.290189266205 528.71321389079094 43.498783767223358 33.380123496055603 486.48766773939133 15849.466058075428 228.23269462585449 111533.42889022827 564.23337787389755 663.28248026967049 400.57945781946182 83.477674782276154 116.44449025392532 17995.955214142799 105.3257691860199 98.635270237922668 259.20359462499619 97.352209091186523 59635.874470233917 221.58424031734467 1318.7630897164345 688.40882474184036 275.14793795347214 31.050224721431732
leaf_count=1092 2927 980 12844 53419 726 42 8628 11771 690 15039 1568 435 192 177 1970 10226 1012 126 7775 108 295 1239 13420 71 943 77 212 28 5202 6835 1209 3806 195 31 89 88 469 336 5108 951 24 52 128 4539 150 9611 356 822 493 26 56 6027 123 51 250 37 17506 74 559 111 410 24
internal_value=-0.000179577 -0.0411045 0.00218471 -0.0484687 -0.00207617 -0.00888901 0.0044291 -0.000789082 -0.0366852 -0.0394945 -0.0549866 0.000831317 -0.00868092 -0.00815524 0.00616768 0.00289045 -0.0272737 -0.0233653 -0.00369715 -0.0468708 -0.00538888 -0.0103399 -0.00519309 0.00802272 -0.0271039 -0.0563798 -0.0481409 0.00131021 -0.014595 0.00469511 -0.0228594 0.00738202 -0.00066983 -0.00589926 0.000153789 -0.00320324 -0.0291193 0.00925945 -0.00556793 -0.0180751 -0.0269587 -0.0114243 0.000783209 0.0020836 -0.00177401 0.00382001 0.0178113 -0.0343117 -0.0174565 0.0257597 -0.023621 -0.00299266 0.0031753 0.025197 -0.0019868 0.00131967 0.000768915 0.00693895 0.00719136 0.0175909 -0.0314531 -0.0173004
internal_weight=787000 42982.2 744018 34984.3 256694 7997.85 487324 211843 12512.1 11382.7 22472.2 136040 1129.36 44850.3 228795 258529 4324.28 3839.82 75803.4 7058.44 7444.42 5373.86 56822.3 797.934 3558.03 21424.5 6914.04 165.19 12853 38065.2 3119.98 146172 97974.5 4549.34 2998.36 2724.36 537.542 60411.9 31997.3 2613.73 1512.29 983.579 18981.2 17024.4 271.112 184999 683.201 824.514 940.08 116.858 823.222 18943 2186.82 406.178 1780.64 1675.32 60386.9 307.542 1416.12 1174.9 706.778 431.63
internal_count=213780 83477 130303 78066 82882 5411 47421 63441 23002 21693 55064 36742 1309 19441 14740 32681 6306 5294 26699 15387 4319 4024 21195 619 5168 53496 15279 240 8129 7270 4188 6112 29472 3160 1921 1832 650 2306 11312 3245 2036 1085 5504 4778 181 19837 427 864 1061 78 983 6204 1182 213 969 846 17701 162 596 239 927 517
cat_boundaries=0 2 3 4 5 7 9 11 13 14
cat_threshold=8429564 491779 40376 15810560 5120 1391056912 518 582086704 139267 223872194 286612 2499535104 74917 1245184
is_linear=0
shrinkage=0.05


Tree=44
num_leaves=63
num_cat=14
split_feature=15 21 13 0 14 25 26 13 24 0 16 31 24 49 25 26 0 26 0 47 44 25 0 0 25 9 24 13 0 43 31 24 26 0 25 24 20 0 0 24 0 25 24 24 0 24 44 0 43 29 26 24 28 26 25 3 16 25 3 13 41 0
split_gain=28480.4 4003.1 2586.18 1077.03 827.435 513.965 504.375 424.808 388.301 381.606 359.078 315.007 368.201 467.236 487.765 236.512 229.422 220.473 202.447 194.199 197.748 172.884 231.253 167.521 167.432 149.116 145.369 140.269 135.571 134.847 130.7 128.198 125.149 124.453 121.547 186.304 108.471 121.271 107.379 103.784 249.281 151.917 123.605 163.813 152.513 141.577 139.866 103.286 100.511 96.8166 101.078 93.5248 92.5737 92.3596 92.1275 159.617 91.6731 89.4464 149.286 86.6889 85.1709 83.5939
threshold=0.18750000000000003 1.0000000180025095e-35 5.5000000000000009 0 2.5000000000000004 5.1120831803488551 0.0023604272768445005 1.5000000000000002 1.2599120530565169 1 1.0000000180025095e-35 1.0309897716160625 4.3179935767410429 0.78571428571428581 5.1120831803488551 0.051151530444957308 2 0.12326118821510772 3 2.8681758951124663 29.550000000000004 3.9054781051154435 4 5 4.2323809214117096 1.5000000000000002 2.5357620320855623 1.0000000180025095e-35 6 3.1500000000000008 2.7918572668603274 0.71763298620883775 0.032938703161713163 7 2.4190113469967502 0.95955882352941191 1.4000000000000019 8 9 1.3614361515215407 10 2.2612878619175967 1.460639189886481 1.8803834033613447 11 1.4025673400673402 17.850000000000005 12 5.4000000000000012 4.3484057455078053 0.035990767905530706 3.6764705882352944 42.500000000000007 0.022714891796077503 2.16151095207135 0.74851074817110097 0.34166666666666673 3.0229001902526753 0.8542199457734333 1.0000000180025095e-35 1.0801234497346444 13
decision_type=2 8 2 1 2 2 2 2 2 1 10 2 2 2 2 2 1 2 1 2 2 2 1 1 2 2 2 2 1 2 2 2 2 1 2 2 2 1 1 2 1 2 2 2 1 2 2 1 2 2 2 2 2 2 2 2 8 2 2 2 2 1
left_child=1 6 4 8 7 15 -1 18 23 25 59 -10 13 14 24 38 52 36 53 20 51 22 30 34 39 -6 -22 60 56 -26 -8 -24 -11 -19 35 -3 61 -38 -4 40 57 -42 44 46 45 -41 -44 -17 -33 50 -18 -15 -14 -2 -37 -56 -9 -13 -59 -5 -20 -7
right_child=2 3 5 10 9 17 21 28 11 32 -12 12 16 19 -16 47 49 33 27 -21 26 -23 31 -25 29 -27 -28 -29 -30 -31 -32 48 -34 -35 -36 54 37 -39 -40 42 41 -43 43 -45 -46 -47 -48 -49 -50 -51 -52 -53 -54 -55 55 -57 -58 58 -60 -61 -62 -63
leaf_value=-0.055699039268523758 -0.012359196906401448 -0.038950670535547655 0.0017601123924469238 -0.056679350267548667 0.00061525604472827849 0.0054491236501185668 -0.020162798711358787 0.0099620197958909008 -0.058753334644470301 -0.0037508595116001967 -0.025329885989389456 0.087341821839859932 0.059294584602074624 -0.052815324417168533 -0.058727361666216775 0.0044530850512348166 -0.017333754876034703 0.0051161823221653304 -0.014635431087561844 0.046330030300965434 -0.053693366466974063 0.002596665626867529 -0.048675415601658008 -0.057849220699547121 0.035170650852059802 0.0062060728022225176 0.045787522337059343 -0.012208673499036787 -0.0063899438143212688 -0.017629101513708875 0.0045462511308549348 -0.0026908511510619001 -0.00048203686323522162 0.010660562197838275 -0.052201015381638141 0.062224047128873895 0.003706546422525193 0.0087715969382775767 -0.0020654671223096651 0.1033615590610249 0.056529089238526176 -0.054211050246080188 -0.054369565831743551 -0.035847652584462202 -0.051707432278561186 -0.024528904396763022 0.0081772867387838212 0.001977234974136953 -0.039275923768038894 0.033602028135517624 0.026938690320226832 -0.016214405631496322 -0.044705404335362416 -0.001689695657638471 0.035283070220053808 -0.058035698634133853 -0.0020847672096602067 0.035617993952681802 -0.057613040478246835 0.040950687873207048 -0.027902889810922434 0.0028015578732314508
leaf_weight=527.99266162514687 3442.833153963089 526.67948877811432 53505.334333658218 19781.753795385361 22508.396332502365 68774.872891902924 791.5811108648777 1702.9692515134811 908.23380854725838 45778.630045294762 967.77184450626373 55.748238921165466 22.070924133062363 2814.2840968370438 662.66704013943672 131717.37416338921 349.76758354902267 14701.0779504776 2024.5168969631195 55.068401217460632 58.598239332437515 3645.9083612561226 529.76318749785423 2461.5878362059593 311.96902692317963 25373.402363061905 94.660637736320496 9158.0102760195732 27491.918570518494 196.13605058193207 1646.5951704978943 485.51681262254715 81259.737369179726 33025.848578929901 587.52736362814903 68.559270739555359 18125.377361536026 34265.492488145828 27897.164615869522 31.777852058410645 35.567364871501923 204.96987491846085 101.30264458060265 512.19070103764534 497.65540847182274 62.774385243654251 706.53286874294281 62028.619528532028 305.59364342689514 315.88291329145432 202.83145347237587 187.66738966107368 313.38260886073112 4938.7428338527679 104.47693604230881 80.011697053909302 21554.239774346352 230.81653386354446 51.72541743516922 22.040345430374146 3027.9840116500854 52803.285546541214
leaf_count=1092 2229 1103 8502 51891 6051 5307 612 493 2080 14903 1469 35 20 6787 1496 12475 466 343 1344 62 127 1074 1037 6056 102 3278 43 5757 11370 254 794 409 22977 690 1174 74 1273 1908 5619 27 41 407 205 819 798 118 786 7882 393 197 81 339 567 2498 83 153 8059 106 78 22 2723 4622
internal_value=-0.000173884 -0.0404778 0.00207191 -0.0480233 -0.00209528 0.00415417 -0.00853054 -0.00655312 -0.0364954 -0.000226126 -0.055088 -0.0308334 -0.0276861 -0.0321541 -0.019936 0.0027106 -0.00217263 0.00594575 -0.0122564 -0.0460787 -0.0477073 -0.00515956 -0.0126824 -0.0498635 -0.0113466 0.00357735 0.00761728 -0.0158908 -0.00401388 0.0147848 -0.00346454 -0.0294292 -0.0016599 0.00895631 -0.0347737 -0.022031 0.00511975 0.00702185 0.000448953 -0.0166825 0.00185734 -0.0361526 -0.0222951 -0.0137568 -0.0412631 0.0172299 0.000270202 0.0036608 -0.0168611 0.0114371 -0.00105522 -0.050535 -0.0366041 -0.00606663 0.0131796 -0.0052565 -0.00120154 0.0291324 0.0183894 -0.0565684 -0.0225916 0.0043
internal_weight=786623 41517.6 745106 33584.7 248261 496844 7932.95 73341.2 12813.1 174920 20771.6 8984.28 8076.05 6872.11 3661.83 275148 1203.94 221696 22592.1 3210.28 3155.21 7404.96 3759.05 3828.84 2999.17 47881.8 153.259 14210.5 50749.1 508.105 2438.18 1320.87 127038 47726.9 1367.25 779.727 173969 52390.9 81402.5 2491.06 578.827 240.537 1912.23 1320.03 592.208 94.5522 807.836 193746 791.11 868.482 552.599 3001.95 335.454 8381.58 253.048 184.489 23257.2 338.29 282.542 19803.8 5052.5 121578
internal_count=213780 83477 130303 78066 81682 48621 5411 34473 24684 47209 53382 16041 13961 12630 5272 34478 1331 14143 14551 7358 7296 4319 3245 8643 3776 9329 170 9824 19922 356 1406 1839 37880 1033 2587 1413 13110 3181 14121 3420 667 448 2753 1810 943 145 991 20357 802 744 547 7126 587 4727 310 236 8552 219 184 51913 4067 9929
cat_boundaries=0 2 4 6 8 9 11 13 15 17 19 20 22 24 26
cat_threshold=8429564 508163 34685184 128 2284 49408 1898609409 512 15993344 420 131072 2430729756 73732 1430785671 262740 1090923884 71964 4076696644 36964 296 64 65536 3070091384 65583 1656124342 58241
is_linear=0
shrinkage=0.05


Tree=45
num_leaves=63
num_cat=11
split_feature=15 21 13 0 14 26 13 24 14 0 16 31 24 25 49 24 25 22 0 24 0 38 0 22 0 26 25 43 26 0 25 24 43 9 32 25 24 0 0 39 39 32 47 49 26 24 24 21 24 39 24 0 25 24 24 0 47 24 43 25 26 3
split_gain=26621.4 3935.31 2333.39 1087.08 846.518 461.247 423.21 380.957 353.049 331.469 320.224 313.727 314.911 447.116 520.121 257.353 234.119 221.205 213.99 213.923 203.812 199.289 189.57 176.92 171.303 158.153 153.405 146.508 142.975 128.285 119.925 174.454 119.339 119.152 118.374 116.621 112.008 111.849 106.078 103.309 102.652 102.15 101.611 98.863 138.834 129.734 98.304 98.1365 97.756 96.7917 96.3236 227.545 142.025 119.877 154.31 146.031 131.568 122.766 95.5036 94.171 105.364 93.4185
threshold=0.18750000000000003 18.500000000000004 6.5000000000000009 0 2.5000000000000004 0.0023604272768445005 1.5000000000000002 1.2599120530565169 18.500000000000004 1 1.0000000180025095e-35 1.0309897716160625 4.3179935767410429 5.1120831803488551 0.78571428571428581 1.7343464559736941 3.8943653789966377 0.25732230392156868 2 1.5900550855793825 3 2.5000000000000004 4 0.12499999999999996 5 0.036452618477654804 4.2323809214117096 12.350000000000001 0.048915458605041609 6 2.4190113469967502 0.95955882352941191 3.1500000000000008 1.5000000000000002 5.3542723232738521 4.3723104274829216 4.6521542827657383 7 8 0.46428571428571436 0.46428571428571436 2.8474011770836962 2.8681758951124663 14.328571428571431 0.022352341910671505 0.59633714596949905 0.71763298620883775 23.500000000000004 1.7671720862257949 0.93750000000000011 1.3614361515215407 9 2.2612878619175967 1.460639189886481 1.8803834033613447 10 -1.6201181216241756 1.4025673400673402 5.4000000000000012 2.4668421375839582 0.031064194434663652 -1.7225464241988325e-16
decision_type=2 8 2 1 2 2 2 2 2 1 10 2 2 2 2 2 2 2 1 2 1 2 1 2 1 2 2 2 2 1 2 2 2 2 2 2 2 1 1 2 2 2 2 2 2 2 2 8 2 2 2 1 2 2 2 1 2 2 2 2 2 2
left_child=1 5 4 7 6 -1 17 24 28 33 23 -9 13 14 26 42 18 21 19 43 -14 38 -23 -5 30 49 50 34 -4 39 31 -3 -28 -6 48 37 47 -30 -2 59 -37 -22 -16 44 -7 -46 -20 -27 -17 -11 51 -13 -53 55 56 57 -55 -52 -48 -8 -61 -62
right_child=2 3 8 10 9 16 29 11 -10 25 -12 12 20 -15 15 27 -18 -19 46 -21 41 22 -24 -25 -26 36 32 -29 35 -31 -32 -33 -34 -35 -36 40 -38 -39 -40 -41 -42 -43 -44 -45 45 -47 58 -49 -50 -51 53 52 -54 54 -56 -57 -58 -59 -60 60 61 -63
leaf_value=-0.05553018659747061 -0.0062615001547684963 -0.038204634153175002 0.001912702127405044 -0.056914696845718309 0.00039175365803515339 -0.038912615117301069 -0.0092378089916809597 -0.058749744328771475 0.0066759846762912758 -0.0053731635965217463 -0.025279631093768656 0.027255620367681796 -0.035605807851578422 -0.058770146887840748 -0.057828326211850606 0.084525561561069856 0.002626309822245741 -0.0026155638701365596 -0.047605813081346704 -0.043565609921956926 -0.033162082778695243 -0.011745846258774614 -0.039288651373879761 0.011061631080737098 -0.057793952003057529 0.0019397810959767021 0.032688402863991675 -0.040453357672405266 0.00028416221048979586 -0.0058812234404964706 -0.051853764659449499 0.012444895928090975 -0.016978080742577652 0.006063995450396549 0.069295944641505694 0.013549613064964076 0.0029242096137910606 0.0039095873604567399 -0.015264863006410952 -0.0025145436186067493 0.0049381695921733504 0.018770034989411571 0.044975977289689904 0.025259350005733639 -0.023778321369147669 0.0088104433697198201 -0.0070847385928150671 -0.0018940696995444154 -0.017226083553646725 -0.00140057195162644 0.093993840710827295 0.052113974204076909 -0.053960836439616168 -0.054130782603566331 -0.035180019242351118 -0.051353383782164912 0.0077248707520026069 -0.023766546823569559 -0.038851505135092071 0.00064251034474940513 0.036172132156048246 0.010850719662598606
leaf_weight=504.91885986924171 5025.1456166505814 510.54892244935036 105919.23473572731 18668.785640388727 13981.085809826851 253.94739499688148 854.70914828777313 863.99027067422867 111857.64568853378 22272.948795676231 858.11038610339165 343.30780458450317 313.27887272834778 1194.5913042724133 1378.875458329916 24.199031949043274 3803.9920064508915 5112.0566648840904 512.30675745010376 325.51861849427223 109.02354231476784 1152.787735581398 1438.2763026356697 95.788887858390808 2343.7287654876709 24823.820460677147 318.76993861794472 524.0451537668705 29092.355156898499 29221.55094742775 562.52928686141968 253.84497103095055 193.578892827034 27418.78732407093 51.172244817018509 3564.5136659145355 31136.533116698265 79294.357833623886 9659.5923002958298 21496.405298948288 118891.56760787964 678.77585256099701 23.714714050292969 324.03936767578125 404.72682958841324 1233.812968313694 562.15685832500458 50943.373910784721 372.31859388947487 49226.523228764534 33.257368445396423 36.705732047557831 195.85950830578804 96.780868679285049 495.17443773150444 476.64081120491028 710.47065979242325 61.610794484615326 408.86486166715622 1851.9451720714569 490.78915441036224 1414.6188631057739
leaf_count=1094 2874 1103 14033 51623 3321 293 307 2080 3386 7254 1362 219 573 2971 3608 39 1214 2825 1039 414 170 956 1429 70 6056 6045 102 1211 3925 11772 1174 310 254 3416 51 233 6960 8152 6467 8022 8640 507 32 104 331 458 539 14679 713 14633 27 41 407 205 816 798 786 118 565 604 54 316
internal_value=-0.000168378 -0.0398423 0.00196513 -0.0478598 -0.00146832 -0.00925816 -0.00595353 -0.0359876 0.00424218 0.00011755 -0.0551721 -0.0301934 -0.0269527 -0.0311224 -0.0249226 -0.0423541 -0.00626671 -0.0117539 -0.0146704 -0.00575925 -0.00220983 -0.0144575 -0.0272427 -0.0565669 -0.0494838 -0.000817833 -0.010939 -0.0225348 0.00343374 -0.00360628 -0.0340775 -0.0213838 0.0139168 0.00414761 -0.00150556 0.00413162 0.000399563 0.00293692 -0.0121995 -0.0010571 0.00518899 0.0113994 -0.0560558 -0.000213589 -0.00458885 0.000748226 -0.0296856 -0.000637899 -0.0108067 -0.00263821 -0.0161429 0.00173205 -0.0355252 -0.0216367 -0.0132362 -0.0407156 0.000245052 0.0163122 -0.020492 0.00573159 0.00913966 0.0173911
internal_weight=786264 40123.8 746141 31789.5 297521 8334.28 77717.9 12166.8 448620 219803 19622.7 8496.14 7632.15 6531.07 5336.48 2374.33 7829.37 22387.9 4025.37 2542.05 1101.08 17275.8 2591.06 18764.6 3670.65 178403 2962.16 971.735 336762 55330 1326.92 764.394 512.349 41399.9 447.69 230843 106904 108387 14684.7 26108.5 122456 787.799 1402.59 2216.53 1892.49 1638.54 1483.33 75767.2 396.518 71499.5 2449.81 575.873 232.565 1873.93 1302.43 571.509 807.252 94.8682 971.022 4612.06 3757.35 1905.41
internal_count=213780 83477 130303 77426 91934 6051 35626 24371 38369 56308 53055 15728 13648 12398 9427 5654 4957 14551 3743 1600 1250 11726 2385 51693 8643 49571 3773 2014 34983 21075 2587 1413 356 6737 803 20950 27684 12077 9341 9303 8873 677 3640 1186 1082 789 2143 20724 752 21887 3417 667 448 2750 1807 943 991 145 1104 1281 974 370
cat_boundaries=0 2 3 4 6 8 10 12 14 16 17 19
cat_threshold=8389116 508163 33669120 7604736 236 49408 1932061469 2048 420 131072 2963406364 106500 1627525020 441161 276124432 32832 296 64 65536
is_linear=0
shrinkage=0.05


Tree=46
num_leaves=63
num_cat=13
split_feature=19 0 13 0 16 24 47 24 25 38 0 42 0 24 25 27 16 39 49 0 0 25 24 19 24 24 2 27 0 42 25 27 44 24 27 44 50 32 0 18 23 0 39 25 24 24 44 0 38 44 25 25 47 0 30 30 25 0 0 49 42 42
split_gain=24871.8 2899.23 2109.38 735.429 658.24 620.747 478.299 475.484 427.467 354.67 342.706 292.384 256.985 256.555 280.309 251.172 242.029 239.193 187.726 180.918 170.085 153.022 166.381 152.651 145.761 171.601 182.289 199.394 145.253 143.887 154.011 137.413 136.144 130.825 118.386 174.37 163.966 118.445 116.098 115.945 115.277 114.81 106.664 101.449 97.3276 164.7 144.848 116.617 93.7081 93.59 97.9116 92.9016 88.7337 87.9004 87.4935 202.628 144.335 87.205 85.9814 210.558 134.509 387.928
threshold=0.75000000000000011 0 5.5000000000000009 1 2.9226190476190479 0.71763298620883775 2.9953033731033818 3.7451018099547517 5.1120831803488551 1.5000000000000002 2 4.6571428571428584 3 1.2970588235294123 5.1984264468287211 2.7820684843280383 1.0000000180025095e-35 0.35416666666666669 9.3428571428571452 4 5 3.9054781051154435 1.3165559772296018 98.500000000000014 1.644594226579521 2.0562834224598938 0.78574730703237894 1.0208072590738426 6 4.6071428571428585 5.1120831803488551 1.2899816176470591 22.300000000000001 2.5755090497737565 1.0208072590738426 28.200000000000006 3.1500000000000008 2.8474011770836962 7 1.8750000000000002 1.0000000180025095e-35 8 0.46428571428571436 3.161478875374879 1.5661136249371548 1.8803834033613447 22.300000000000001 9 8.5000000000000018 24.650000000000002 8.4295901173448318 3.1376489346093979 3.7646499238202167 10 1.4898990760493482 1.4738793726893553 3.7328353900785989 11 12 14.714285714285717 9.8357142857142872 7.7357142857142867
decision_type=2 1 2 1 8 2 2 2 2 2 1 2 1 2 2 2 10 2 2 1 1 2 2 2 2 2 2 2 1 2 2 2 2 2 2 2 2 2 1 2 2 1 2 2 2 2 2 1 2 2 2 2 2 1 2 2 2 1 1 2 2 2
left_child=1 5 4 6 9 -1 7 11 28 17 34 13 40 -3 21 29 -5 19 24 -2 -19 22 32 38 -8 -26 -27 -28 43 31 -31 -7 -15 -23 35 -9 -36 -38 -10 -22 -6 -11 57 -4 47 46 -46 54 -17 -39 -51 -20 53 -30 55 56 -24 -40 59 60 61 -13
right_child=2 3 8 16 12 15 18 10 23 41 -12 58 -14 14 -16 48 -18 20 51 -21 39 33 44 -25 25 26 27 -29 52 30 -32 -33 -34 -35 36 -37 37 49 42 -41 -42 -43 -44 -45 45 -47 -48 -49 -50 50 -52 -53 -54 -55 -56 -57 -58 -59 -60 -61 -62 -63
leaf_value=-0.055865607825036578 0.011247298898655778 -0.049021662919565639 -0.0028746363330880939 -0.056396320517887455 0.008400668743536701 -0.054059289547952576 -0.048252437695948037 -0.058536936121929874 0.00261390293308562 -0.025521684911723321 -0.042597234924991373 -0.053098073434745589 -0.0014619095555284127 0.093229075516545468 -0.056333755283487108 0.0032849041174044672 -0.026789801262841612 -0.0029894537366925941 -0.016504350145520583 -0.0027402214454133201 -0.012479276149312163 0.030559877540566396 -0.05757831278650323 0.0095546114589804935 0.058463496783256907 -0.04795689051308321 0.1032977239373125 -0.049530384405120309 -0.0027312435781681114 -0.023456399673760803 0.010476667143036758 -0.019309846383815863 -0.049080452574570138 -0.031327298608093981 -0.041833262446849269 0.013138664090449012 -0.030388853822215112 0.0025555848921027125 0.0068993305837439529 -0.0060220453987079358 0.0018785445928776491 -0.011677510942600567 0.0053004009707370101 0.0015295594488325701 -0.045044269335235955 -0.039177231330966122 0.027602104711976428 -0.054064128704637032 -0.030299330866383825 0.047950889605288094 -0.027556888927822848 0.016403203480944258 0.0070335059160496153 0.0030781298812910299 -0.055565544056065092 0.092667257214720702 0.047473720194254679 0.018719616747791167 -0.055496936504891084 0.020303758392719612 -0.057793160150478765 -0.011036165673881923
leaf_weight=700.30226638913155 4026.6694601178169 1805.0147002637386 16421.474359512329 12754.153853386641 7857.9817548394203 404.53904145956039 502.03820538520813 221.69707491993904 42147.850590467453 2085.402384519577 1159.9516708552837 1671.6712446808815 95825.535310029984 52.628578424453735 527.80723866820335 3820.5051299333572 733.31281927227974 41238.98968654871 377.58348077535629 5402.4368164539337 9364.7810573577881 284.46205002069473 99.322081983089447 19778.255752563477 77.890184760093689 222.29207128286362 48.533934712409973 36.636629104614258 6756.3009765148163 669.77154472470284 665.69435065984726 963.13233494758606 23.674501240253448 120.85653963685036 180.21206843852997 136.42448234558105 150.6535627245903 442.59442839026451 3803.7964904308319 27020.677629232407 49157.274062275887 5578.7192226052284 154923.95435428619 64146.318675756454 89.816801965236664 317.52616631984711 279.67805993556976 459.77892744541168 218.63025540113449 299.00919863581657 49.344020307064056 493.67908495664597 13712.96697974205 175182.2959883213 80.312469720840454 49.380418807268143 47.567408055067062 2692.5123157501221 4977.6523225307465 120.11468067765236 1646.5043791234493 816.81153720617294
leaf_count=1485 1037 4250 3156 36987 1347 552 1018 594 3294 1835 2712 4620 28126 33 1292 1813 1202 15844 241 2145 5564 244 200 229 67 456 21 51 746 707 144 812 57 182 434 143 256 371 315 11263 10648 3873 10130 8799 171 571 364 963 265 259 30 159 1415 20362 149 41 54 175 13714 100 4650 1043
internal_value=-0.000163079 -0.0391944 0.00186391 -0.0458487 -0.00191013 -0.0110792 -0.0391014 -0.0418262 0.00373414 -0.00518523 -0.0224061 -0.0456298 0.000119485 -0.0347357 -0.0241184 -0.00643544 -0.0547485 -0.0042772 -0.0143496 0.00324215 -0.00519068 -0.0151652 -0.0225305 0.00536068 -0.0305231 -0.0073472 -0.0241709 0.0376879 0.0024189 -0.0182293 -0.00654274 -0.0296239 0.0489464 0.0120626 -0.00622943 -0.031258 0.00172135 0.0100981 0.00495314 -0.00768231 0.00277717 -0.0154965 0.00556337 0.000631723 -0.0263974 -0.0128229 0.00985581 -0.0390209 0.00145877 0.0178446 0.0371927 0.00213359 0.00315462 0.00286238 -0.011528 0.00607246 -0.0234344 0.0118408 -0.0506253 -0.0446781 -0.0466795 -0.0393038
internal_weight=785923 38799.2 747124 31356.6 247558 7442.57 17869.1 16110.5 499566 94717.7 2639.89 13470.6 152841 4237.83 2432.81 6742.27 13487.5 87053.6 1758.65 9429.11 77624.4 1905 1499.69 223346 887.391 385.353 307.463 85.1706 276219 2703.14 1335.47 1367.67 76.3031 405.319 1479.93 358.122 1121.81 941.601 203568 36385.5 57015.3 7664.12 161420 80567.8 1423.38 687.021 369.495 736.361 4039.14 790.948 348.353 871.263 195652 181939 276.582 196.27 146.889 6496.31 9232.75 4255.1 4134.99 2488.48
internal_count=213780 83477 130303 77699 81682 5778 39510 37497 48621 41561 4799 32698 40121 8571 4321 4293 38189 35853 2013 3182 32671 3029 2603 14143 1613 595 528 72 34478 2215 851 1364 90 426 2087 737 1350 916 13914 16827 11995 5708 10620 11955 2513 1106 535 1407 2078 660 289 400 22523 21108 444 295 254 490 24127 10413 10313 5663
cat_boundaries=0 1 3 5 7 9 11 13 15 17 19 20 21 23
cat_threshold=40736 16728284 508163 8470544 458755 34818844 65664 175947804 40966 821419785 96 151162807 454016 218629251 69756 67110098 168447 72 65536 2097152 8427520 5046272 262400
is_linear=0
shrinkage=0.05


Tree=47
num_leaves=63
num_cat=8
split_feature=19 21 14 0 13 13 26 24 16 31 24 49 25 26 44 25 0 24 0 22 26 0 25 0 24 0 38 24 25 38 25 26 25 18 0 24 24 25 22 49 31 24 2 30 43 43 37 28 25 26 24 49 25 44 24 0 13 25 2 26 29 26
split_gain=23224.8 3798.48 1939.44 1116.23 596.576 460.061 437.338 380.02 335.848 291.941 328.387 477.864 401.588 256.153 229.723 201.769 192.849 199.73 188.521 183.291 181.454 180.984 177.085 173.79 166.503 145.982 145.457 144.005 137.466 131.369 123.026 111.024 107.858 107.109 106.678 105.267 111.461 134.659 99.5388 96.2175 95.696 95.6293 98.3924 154.74 92.9945 92.7449 92.6444 90.4167 90.2092 94.8111 89.1658 145.979 267.779 132.291 94.8219 88.2397 88.1878 87.52 87.1813 87.0832 86.5341 92.3061
threshold=0.75000000000000011 18.500000000000004 4.5000000000000009 0 2.5000000000000004 10.500000000000002 0.0023604272768445005 0.95955882352941191 1.0000000180025095e-35 1.0309897716160625 4.3179935767410429 0.78571428571428581 5.1120831803488551 0.018414145170253551 29.550000000000004 3.8943653789966377 1 1.5900550855793825 2 0.12499999999999996 0.055322480720840513 3 3.9054781051154435 4 44.051470588235304 5 2.5000000000000004 2.5357620320855623 3.5570163169082316 1.5000000000000002 3.8943653789966377 0.022534799417851904 3.7328353900785989 1.0000000180025095e-35 6 1.8803834033613447 1.460639189886481 3.3147607407517543 0.12499999999999996 5.5357142857142874 5.2384146723304754 0.71763298620883775 0.78574730703237894 0.49739936199665796 3.1500000000000008 5.4000000000000012 1.5000000000000002 42.500000000000007 3.1949956858688364 0.026256676823867554 1.2970588235294123 -5.864285714285713 2.16151095207135 23.850000000000005 1.433560924369748 7 1.0000000180025095e-35 4.7155924901984978 0.70581670320594825 0.014800098652305152 4.3484057455078053 0.037127419131428911
decision_type=2 8 2 1 2 2 2 2 10 2 2 2 2 2 2 2 1 2 1 2 2 1 2 1 2 1 2 2 2 2 2 2 2 2 1 2 2 2 2 2 2 2 2 2 2 2 2 2 2 2 2 2 2 2 2 1 2 2 2 2 2 2
left_child=1 6 4 7 13 18 -1 -3 19 -9 11 12 22 29 38 16 17 -8 39 56 30 40 25 47 -7 32 -23 -16 35 -2 34 -32 -11 -22 -6 36 37 50 -13 57 -15 42 43 -18 -24 -43 -33 -12 -20 -50 51 -27 -53 54 -52 -10 -5 -4 -34 -38 61 -25
right_child=2 3 5 8 20 24 15 9 55 10 23 14 -14 21 27 -17 41 -19 48 -21 33 26 44 60 -26 28 -28 -29 -30 -31 31 46 58 -35 -36 -37 59 -39 -40 -41 -42 45 -44 -45 -46 -47 -48 -49 49 -51 53 52 -54 -55 -56 -57 -58 -59 -60 -61 -62 -63
leaf_value=-0.055250165565814094 -0.0098035085300804889 -0.05373222476520613 0.0034001223076984156 -0.056794855825594272 -0.0077911302518987122 0.0042696807125899554 0.00016892545742386831 -0.058746001393319397 0.012408382537257921 -0.042212688013406094 0.060693536983678069 -0.049490416631704552 -0.058713458856849032 -0.0030313602464519369 -0.057205081899099453 0.0026242855881586807 0.096440128189385521 -0.042661987111017506 -0.0019767156351498502 0.013458061509202857 0.010974822277776519 -0.0074097482080445164 0.028506252407901656 -0.019342091513364704 0.0079538132030218586 0.0058280912778173547 -0.029189972493540245 0.058752680679523321 -0.053810339346612848 -0.021559724947245711 -0.0034729414703631289 0.0010100393728157656 -0.0327802675305763 0.0016355966626943512 -0.0021785049350752607 -0.038271962474020663 -0.051799739185441986 -0.05836517931034127 0.019318460301345795 0.0025533550689191067 0.0068137584826295549 -0.0058549597844507776 -0.057789428141606342 -0.042583312392724115 -0.013326224255362441 -0.037719191820035428 0.011543705993826221 -0.04299887660804988 -0.0031938765515359306 0.0016803707529827521 0.050434288162755428 0.075038205391311952 -0.054045163871559936 -0.056374419144225078 -0.018144741758863919 -0.030725060037536278 0.064369487352202451 0.0094410646684819476 0.070578024300155126 0.020742100008584948 0.031668332362700738 0.024798930058453808
leaf_weight=469.3229846060276 11827.163621842861 2126.4862181544304 13601.041963577271 16961.939835846424 10522.494278788567 246739.7741484642 2199.4298268854618 822.2303723692894 140.83622300624847 772.10191547870636 21.864359617233276 3070.0978436172009 578.84265002608299 25835.43787664175 38.435021251440048 3800.8058133721352 27.735667645931244 309.59122660756111 27947.425055861473 93.172752857208252 3397.7969942092896 19595.527140974998 337.28038543462753 306.64027625322342 35027.124303817749 396.20050564408302 797.11801588535309 82.578228741884232 176.35373267531395 2975.7462431788445 14884.196520447731 33535.457327365875 40.163906544446945 31775.904683828354 43338.017233252525 248.41315296292305 44.010261595249176 138.24616914987564 52.878399908542633 98574.851807355881 2727.7667982578278 550.19068557024002 383.70846477150917 64.956000328063965 217.80888658761978 390.49750262498856 2225.1165627241135 273.23648789525032 11069.354373574257 100935.06774139404 183.06555527448654 45.009298712015152 319.93253326416016 50.300344973802567 68.688276648521423 682.16739824414253 14.21145439147949 10729.261016130447 39.508931994438171 512.8295861184597 298.02035835385323 191.55024152994156
leaf_count=1094 6449 5816 1784 51607 3649 14117 1186 2160 202 1697 20 8434 1496 11614 109 1214 21 414 6217 70 429 10038 118 427 479 406 729 28 331 2576 4583 8758 78 7031 13405 405 83 236 40 15541 995 539 916 102 300 565 331 553 2627 18080 98 41 588 102 70 1160 16 871 33 452 179 71
internal_value=-0.000157796 -0.0385331 0.00176811 -0.0469384 -0.00239742 0.0033241 -0.00843708 -0.0346211 -0.05477 -0.0302949 -0.0275368 -0.0313064 -0.0200978 -0.00640497 -0.045698 -0.00558628 -0.0135347 -0.00510858 0.00181948 -0.0563054 -0.000568035 -0.00466194 -0.0138553 -0.00192256 0.00472771 -0.0186047 -0.00825869 0.0217154 -0.0115542 -0.0121684 -0.00161357 0.000155499 -0.0360755 0.0025382 -0.00327709 -0.00787073 -0.00355344 -0.0121236 -0.0483179 0.00324825 -0.00209005 -0.0282011 -0.0466473 -0.000345319 0.0120884 -0.0191137 0.00166592 -0.0339729 0.000564411 0.00119858 -0.00605693 -0.0151776 -0.0379497 0.0168838 0.0317057 -0.023554 -0.0566893 0.00606456 0.0186516 0.0149172 0.010275 -0.00234453
internal_weight=785603 37541.3 748062 29345.1 203438 544624 8196.24 11452.8 17892.3 9326.29 8504.06 7412.75 4168.76 63758.8 3243.99 7726.92 3926.11 2509.02 262857 17069.3 139679 48955.8 3589.91 1091.31 281767 3034.82 20392.6 121.013 2183.05 14802.9 104505 50644.8 851.775 35173.7 53860.5 2006.7 1758.28 1201.44 3122.98 122905 28563.2 1417.09 476.4 92.6917 555.089 940.688 35760.6 295.101 139952 112004 1063.2 761.142 364.942 302.054 251.754 823.004 16976.2 24330.3 79.6728 556.84 796.211 498.191
internal_count=213780 83477 130303 77426 70587 59716 6051 24371 53055 18555 16395 15145 6534 32401 8611 4957 3743 1600 45120 51693 38186 23376 5038 1250 14596 4620 10767 137 2812 9025 30726 13672 1808 7460 17054 2481 2076 1541 8474 18196 12609 2143 1039 123 418 1104 9089 573 26924 20707 1305 1035 629 270 168 1362 51623 2655 111 535 677 498
cat_boundaries=0 2 3 5 7 9 11 13 15
cat_threshold=8389116 508163 7604736 1121435672 128 1373109021 106504 236 49408 80 32768 16780242 290817 605421568 52
is_linear=0
shrinkage=0.05


Tree=48
num_leaves=63
num_cat=15
split_feature=15 21 14 0 26 26 26 24 13 38 31 24 49 25 25 22 25 25 0 24 47 38 25 0 21 25 0 38 0 24 25 25 36 47 24 25 0 27 24 0 24 45 0 39 0 0 0 25 0 24 24 25 0 47 26 0 29 0 22 26 48 27
split_gain=21677 3719.82 1747.34 1129.78 543.106 432.176 419.296 378.173 304.801 296 291.032 312.188 466.534 392.283 231.23 216.2 188.789 186.052 305.717 194.555 173.346 171.692 163.1 160.548 152.784 146.898 146.548 180.951 138.821 138.162 252.045 131.969 120.762 148.641 143.674 115.524 114.874 113.593 113.495 108.174 107.567 112.194 107.5 120.378 106.157 105.581 104.588 101.973 101.121 98.7568 101.164 129.782 95.6352 150.964 94.5673 154.938 123.644 93.3068 90.8731 89.9986 88.0244 87.6219
threshold=0.18750000000000003 18.500000000000004 4.5000000000000009 0 0.018414145170253551 0.065809824120850513 0.0023604272768445005 0.95955882352941191 3.5000000000000004 7.5000000000000009 1.0309897716160625 4.3179935767410429 0.78571428571428581 5.1120831803488551 4.4179397048849784 0.12499999999999996 5.7184807633204207 3.161478875374879 1 1.433560924369748 2.8681758951124663 1.5000000000000002 3.9054781051154435 2 23.500000000000004 5.0851340877949331 3 2.5000000000000004 4 1.7343464559736941 4.8717799579155825 3.5570163169082316 1.0000000180025095e-35 2.2285660157972824 1.7671720862257949 1.6193911239349281 5 5.2432098564764411 0.79852133160956706 6 0.9987745098039218 1.0000000180025095e-35 7 0.46428571428571436 8 9 10 3.7328353900785989 11 1.8803834033613447 1.460639189886481 3.3147607407517543 12 3.7646499238202167 0.013997491915703602 13 4.2660006009615392 14 0.29019162489557232 0.062795755468148515 1.0000000180025095e-35 1.0208072590738426
decision_type=2 8 2 1 2 2 2 2 2 2 2 2 2 2 2 2 2 2 1 2 2 2 2 1 8 2 1 2 1 2 2 2 2 2 2 2 1 2 2 1 2 2 1 2 1 1 1 2 1 2 2 2 1 2 2 1 2 1 2 2 2 2
left_child=1 6 4 7 21 14 -1 -3 26 -5 -9 12 13 22 48 -11 45 18 38 -20 29 46 28 -13 36 52 27 -6 47 40 32 49 -31 34 -34 -28 -16 -37 -8 -27 41 -14 -18 -44 -26 -7 -2 -12 -4 50 51 -30 -10 -54 55 56 -19 -23 -29 -36 -24 -48
right_child=2 3 5 9 8 16 17 10 25 15 11 23 20 -15 24 -17 42 54 19 -21 -22 57 60 -25 44 39 35 58 31 30 -32 -33 33 -35 59 37 -38 -39 -40 -41 -42 -43 43 -45 -46 -47 61 -49 -50 -51 -52 -53 53 -55 -56 -57 -58 -59 -60 -61 -62 -63
leaf_value=-0.055050628794445181 -0.0047848817032105119 -0.053455370539141678 -0.0023514838742944005 -0.017118910033242084 -0.0062196586016761207 0.0045273116637502319 -0.057204083731854309 -0.058742036455678083 -0.0034925591585562039 -0.056246473794347468 -0.041529278365038072 -0.033242273378913334 -0.055967014378317817 -0.058707836617616062 0.0062689360809826643 0.0096968596461866775 0.009171046315117953 -0.027849246637797517 0.0028357290097068902 -0.041907345865066427 0.039063736929961075 -0.010503741741988259 0.019147919056504689 0.0096978407272526584 -0.0012490314268273027 0.010894207156099935 -0.011812236102694607 -0.045730996043575708 -0.0058326318004973433 -0.029957687832493779 -0.058716085526780294 -0.053541099856462951 0.16462400490170587 -0.045862987730228282 -0.0030701897730917417 -0.0023616938846963004 0.0025288692043878946 0.0057410519835624568 -0.023246786180065718 0.0021655835020649231 -0.058000346243198997 0.10446079265261055 0.022549582870835985 0.0051559680096428398 0.0025507187160520631 0.0018524213371755331 0.045512185481144725 0.017595345109697867 0.00098339151240267597 -0.037517534243891537 0.014029427634236778 -0.058342042411138086 0.00014481510616241267 0.011857373930328381 0.0049818208436798496 -0.025403590858544801 0.029250285006938288 -0.028186250032221138 0.0066382097376293083 0.076510095538329104 -0.039129529835959444 -0.011998953288678782
leaf_weight=448.01532959938049 14492.223732829094 2032.9971025288105 32543.188770055771 512.69554859399796 22332.227111160755 98615.114866733551 426.99873599410057 782.18126928806305 17495.8443338871 16446.651908069849 746.24480205774307 286.49048537015915 21.34314751625061 550.6636763215065 43129.045857667923 124.83677262067795 24479.064690589905 134.97015002369881 1702.5686852037907 282.35500341653824 59.165964037179947 1450.2142795920372 485.31632599234581 800.78538581728935 25056.348683595657 5238.1692683696747 2959.1697478294373 430.36618715524673 1054.5055723190308 467.83379381895065 593.01558816432953 168.58035963773727 18.666092395782471 76.171732038259506 115.22437781095505 51090.690303206444 39284.810802817345 4724.227238714695 586.52310413122177 11023.149857282639 1700.6595301032066 20.317248821258545 1006.7875740528107 78464.98926448822 68940.048052072525 59029.679853439331 65.709877967834473 80.137967139482498 75321.904615402222 240.94948989152908 561.92328932881355 131.55506747961044 57861.70966231823 2887.5089595317841 3516.475633919239 728.31119722127914 312.26324993371964 1631.8660027980804 102.03673523664474 50.248010963201523 73.761388897895813 9296.8388313055038
leaf_count=1094 5749 5816 7220 764 10428 8407 962 2160 4968 52189 1697 573 62 1496 3345 102 712 138 1046 404 74 1056 301 677 3514 822 1511 433 1305 1147 1766 331 20 206 163 21344 4089 1613 679 1884 5104 24 55 2552 9805 6982 8 111 13035 405 535 236 13979 488 900 633 195 1570 86 45 117 4648
internal_value=-0.000152585 -0.0378641 0.00167733 -0.0464571 -0.00228215 0.0031504 -0.00808344 -0.0339245 -0.00127095 -0.054559 -0.0295858 -0.026832 -0.0305947 -0.0194815 0.00180077 -0.0557489 0.004617 -0.00533987 -0.0150662 -0.00352659 -0.0451512 -0.00889413 -0.0133685 -0.00184852 0.00291583 0.000662136 -0.00350876 -0.00690463 -0.0180121 -0.0467915 -0.034539 -0.0111409 -0.0147883 0.0124654 0.0367383 -0.00218595 0.00448731 -0.00167569 -0.0372333 0.00498612 -0.0560543 0.0227691 0.0062712 0.00537599 0.00153791 0.00352616 -0.00745834 -0.0353481 -2.28423e-05 -0.00757551 -0.00342623 -0.0117053 -0.000236487 0.000701685 0.000876546 -0.0113934 0.0117219 -0.0199993 -0.0356913 0.0213799 0.0113941 -0.0115776
internal_weight=785294 36341.4 748953 28202.9 203082 545871 8138.48 11118.7 176145 17084.2 9085.74 8303.56 7216.28 4093.64 284275 16571.5 261596 7690.47 2998.45 1984.92 3122.65 26936.9 3542.97 1087.28 176410 94506.4 81638.7 22864.6 2983.9 3063.48 1321.16 2157.51 728.144 260.31 184.138 58774.1 82413.9 55814.9 1013.52 16261.3 1742.32 41.6604 103951 79471.8 93996.4 157645 23854.8 826.383 107865 1988.93 1747.98 1186.06 78245.1 60749.2 4692.02 1175.54 447.233 3082.08 532.403 165.472 559.078 9362.55
internal_count=213780 83477 130303 77426 70587 59716 6051 24371 57556 53055 18555 16395 15145 6534 41008 52291 18708 4957 3091 1450 8611 13031 5038 1250 20753 22141 35415 10947 4620 8537 3347 2812 1581 434 228 24468 7434 22957 1641 2706 5190 86 3319 2607 13319 15389 10405 1808 20255 2481 2076 1541 19435 14467 1866 966 333 2626 519 208 418 4656
cat_boundaries=0 2 3 5 7 9 10 12 14 16 18 20 22 24 25 27
cat_threshold=8389116 508163 187392 236 49408 603980002 415218 80 32768 14991360 540367812 393384 545353744 3 158613632 327688 3069692464 65672 2969554944 66247 1023942577 449816 688393185 283392 4964352 3807666200 68134
is_linear=0
shrinkage=0.05


Tree=49
num_leaves=63
num_cat=2
split_feature=15 21 13 49 16 16 30 38 30 21 31 13 30 22 21 1 27 22 42 43 38 1 13 27 30 44 29 29 42 30 2 3 42 22 28 28 42 22 28 30 49 49 27 30 21 49 44 43 44 30 30 2 30 49 42 44 43 13 9 42 45 22
split_gain=20221 3636.01 1580.84 1065.64 587.654 469.929 309.952 309.159 272.536 268.524 264.718 244.547 218.897 212.3 196.383 183.426 167.947 145.487 137.944 177.171 137.429 136.112 134.4 130.634 124.164 123.823 115.429 110.262 117.214 142.483 125.805 105.9 95.5978 92.7494 88.639 86.09 84.4347 80.2909 74.2748 147.77 201.722 117.154 76.4136 101.083 73.4249 111.925 112.582 74.7566 72.4897 95.6188 102.428 71.3819 70.972 70.5091 71.7141 70.4344 70.0467 69.3341 69.3336 146.527 68.1283 66.9479
threshold=0.18750000000000003 18.500000000000004 6.5000000000000009 4.5214285714285731 2.9226190476190479 1.0000000180025095e-35 1.044136750931705 2.5000000000000004 4.3784198716947982 11.500000000000002 1.0309897716160625 22.500000000000004 0.55160101585216137 0.33943452380952382 32.500000000000007 0 1.0208072590738426 0.12499999999999996 4.8642857142857148 15.550000000000001 8.5000000000000018 1 1.5000000000000002 3.4733448946313952 5.1139030725366306 31.600000000000005 4.3780754357226419 2.7534622004501528 14.714285714285717 0.63067183036831309 0.61559370248597556 -0.98182534576205283 14.407142857142858 0.12499999999999996 142.00000000000003 142.00000000000003 2.9357142857142859 0.29019162489557232 114.50000000000001 2.6780359802419929 2.9357142857142859 5.5214285714285731 1.5068933823529413 5.7886204882079548 57.000000000000007 9.3428571428571452 31.600000000000005 26.050000000000004 22.550000000000004 0.22058104811029297 0.49739936199665796 0.99635443704902704 6.5251380695415984 -10.121428571428568 -7.4857142857142849 23.250000000000004 1.4000000000000001 1.0000000180025095e-35 1.5000000000000002 9.9071428571428601 1.0000000180025095e-35 0.12491987179487171
decision_type=2 8 2 2 8 10 2 2 2 8 2 2 2 2 8 1 2 2 2 2 2 1 2 2 2 2 2 2 2 2 2 2 2 2 2 2 2 2 2 2 2 2 2 2 8 2 2 2 2 2 2 2 2 2 2 2 2 2 2 2 2 2
left_child=1 12 4 6 7 8 53 9 17 25 -8 26 21 14 35 16 -10 57 19 23 27 48 33 -12 -7 32 -4 -14 29 30 -29 -18 -2 -11 -34 -6 -31 -9 39 56 -41 42 43 -42 45 46 47 -28 -1 -50 -51 -40 -22 54 -3 -45 -38 -5 -46 -60 -33 -25
right_child=2 3 11 5 13 24 10 37 15 22 18 -13 20 -15 -16 -17 31 -19 -20 -21 52 -23 -24 61 -26 -27 44 28 -30 36 -32 60 34 -35 -36 -37 38 -39 51 40 41 -43 -44 55 58 -47 -48 -49 49 50 -52 -53 -54 -55 -56 -57 -58 -59 59 -61 -62 -63
leaf_value=-0.041248216525939234 -0.0034157242377758621 -0.055098176127426526 0.0016046828097176801 -0.056284609354892171 0.0010122604154006597 -0.0075213519495018798 -0.058707079977798761 -0.027345857064626267 -0.058433114195585112 -0.015728278428109668 -0.027979626246611967 0.0058532361097474415 -0.019880597139189975 0.0063212257335240989 -0.0012613508879774811 -0.04903809335947449 -0.052711495552370348 0.0066192025298614891 0.021274308175735009 -0.045883905802591239 -0.035208014154462883 -0.054986738539395813 -0.0047150063711421429 -0.012624057525689743 -0.049697481831348748 0.0057050389681196148 0.0027686976849931929 0.0034404880777018569 0.02899489735871277 -0.039742508242742842 -0.058512557522102507 0.015136797452150947 0.00098057174311146685 -0.0074809202320370131 0.017974393330918687 0.0051781828928539903 5.8482366116488106e-05 -0.0021655910747096353 0.0070674304813109785 -0.042744807400146467 -0.023745965618477534 0.05448120582831855 0.019532070690218867 0.088889305270439783 0.0032016738263394035 0.0058893041688005236 0.010772192361450866 -0.006135685945053683 -0.057275288450772358 0.079354899837757217 -0.0053901321417479907 -0.049324150250627787 0.013583702703983513 -0.052853158911571753 0.086261192082192961 0.0031017942821893753 -0.028483310700567335 0.05903885562984932 0.0076405161427405893 -0.0019048719946309586 -0.053812986034281855 0.051505779347161829
leaf_weight=107.53063723444939 27567.559771537781 16.132209002971649 118760.91205143929 16745.609992682934 42768.032309055328 715.8729033768177 547.07944440841675 1811.0488710999489 162.47545096278191 5095.443547129631 2514.2343357205391 85708.391167640686 869.78527835011482 13746.746170401573 123578.68747192621 878.02639672160149 80.906432241201401 92.34402984380722 175.09681150317192 774.37634539604187 515.03012454509735 367.16333630681038 40143.216555118561 2254.7468337416649 230.13505071401596 6033.038504242897 62952.568688869476 135.98368412256241 311.13531258702278 132.37593501806259 204.23866876959801 408.87526026368141 6722.7735995650291 10322.224336981773 865.34788858890533 17467.920461475849 303.53637886047363 384.35099744796753 2801.2141437232494 185.53809076547623 305.64972248673439 149.54381787776947 526.77827084064484 35.715835809707642 94859.072502851486 60639.943115234375 4316.3969533443451 2447.5591640472412 40.22325336933136 58.770078599452972 87.840195119380951 56.256549030542374 86.405925869941711 1414.9941193163395 17.876148968935013 69.276078581809998 732.74700480699539 12.238859832286833 5138.2962605953217 18465.25890827179 38.255704522132874 40.448407173156738
leaf_count=115 10326 43 14390 55437 9283 1175 1527 1965 534 3523 4588 2152 692 3597 33492 2780 256 70 138 2083 775 935 16329 3575 447 1561 6057 42 151 55 420 490 2405 6148 192 2780 230 333 969 137 256 99 86 16 8550 4595 237 279 114 47 46 75 42 4127 24 42 707 14 362 1747 97 21
internal_value=-0.000147548 -0.0371828 0.00159128 -0.0459552 -0.00124737 -0.0522286 -0.030285 -0.00439269 -0.0539941 -0.00397148 -0.0254843 0.00344811 -0.00774618 0.000327901 -0.00012032 -0.0340127 -0.0139457 -0.0558517 -0.0223178 -0.0236892 -0.00528623 -0.0352854 -0.00623945 -0.0201057 -0.0178284 -0.000911925 0.00288728 -0.00326274 -0.00082973 -0.0024811 -0.0337983 -0.000426583 -0.00204773 -0.0102078 0.00292132 0.00222049 -0.000463295 -0.0229428 0.000549692 -0.00611742 0.00529391 0.0135302 0.00694096 -0.0092072 0.00349943 0.00431829 0.00295168 0.00243529 -0.00844428 0.0100787 0.0288543 0.0059386 -0.0281791 -0.0511416 0.0194047 0.0328952 -0.0201264 -0.0561966 0.00259828 0.000173103 0.0091195 -0.0114698
internal_weight=784997 35202.5 749795 27119.7 296506 19364.7 7754.98 98945 18418.7 96749.6 6305.98 453288 8082.74 197561 183815 1568.54 690.513 16850.2 5758.9 5583.81 7421.21 661.528 55560.9 4809.43 946.008 41188.7 367580 6819.77 5949.99 5638.85 340.222 528.037 35155.7 15417.7 7588.12 60236 5298.63 2195.4 5166.26 2308.79 1272.5 1086.96 937.42 410.642 248819 130356 69716.5 65400.1 294.364 186.834 146.61 2857.47 601.436 1449 34.0084 104.992 1036.28 16757.8 118463 23603.6 447.131 2295.2
internal_count=213780 83477 130303 77426 91934 61300 16126 42782 59678 40484 11932 38369 6051 49152 45555 4157 1377 55521 10405 10267 4794 1257 26000 8184 1622 14484 36217 3977 3285 3134 462 843 12923 9671 2597 12063 2672 2298 2617 1573 636 499 400 314 21827 11168 6573 6336 322 207 93 1044 817 4194 67 58 937 55451 10659 2109 587 3596
cat_boundaries=0 1 2
cat_threshold=2208 16
is_linear=0
shrinkage=0.05


Tree=50
num_leaves=63
num_cat=9
split_feature=15 21 26 0 25 14 26 24 16 31 24 49 25 25 13 25 0 29 22 39 47 25 25 0 24 0 16 0 22 21 0 25 24 17 0 24 25 42 25 24 3 13 24 24 0 25 2 24 25 43 13 25 0 26 24 2 30 13 43 29 49 26
split_gain=18848.5 3542.43 1504.7 1165.14 556.809 552.194 394.828 377.765 353.809 290.879 285.696 499.738 392.314 281.805 244.068 205.165 200.197 195.435 177.392 176.154 168.696 165.286 160.305 168.255 198.33 149.479 138.562 136.644 136.063 127.201 123.734 121.995 117.09 104.946 102.53 101.53 214.217 195.77 188.601 109.612 148.026 100.934 97.9939 97.4279 95.0338 94.0696 104.264 92.6798 127.547 89.5688 88.3255 86.7902 86.171 86.0736 133.46 84.7119 131.981 83.9698 83.525 83.3524 82.8095 126.586
threshold=0.18750000000000003 18.500000000000004 0.040007737799148811 0 4.4179397048849784 2.5000000000000004 0.0023604272768445005 0.95955882352941191 1.0000000180025095e-35 1.0309897716160625 3.7451018099547517 0.78571428571428581 5.1984264468287211 2.3611733746099497 1.5000000000000002 4.4179397048849784 1 4.3484057455078053 0.12499999999999996 0.46428571428571436 2.8681758951124663 3.8533727627417584 3.8943653789966377 2 1.5900550855793825 3 1.238636363636364 4 0.25732230392156868 10.500000000000002 5 3.5570163169082316 5.2738440027963653 8.1009254647998592 6 1.7343464559736941 5.0114216919400407 9.8357142857142872 3.0956278983358874 0.9987745098039218 0.95297903005573359 1.0000000180025095e-35 1.8803834033613447 0.71763298620883775 7 3.7328353900785989 0.70581670320594825 1.460639189886481 3.3147607407517543 5.4000000000000012 86.500000000000014 6.3808308673971199 8 0.022934691305066802 6.2549019607843146 0.78574730703237894 0.49739936199665796 1.0000000180025095e-35 7.6500000000000012 4.3780754357226419 14.328571428571431 0.022352341910671505
decision_type=2 8 2 1 2 2 2 2 10 2 2 2 2 2 2 2 1 2 2 2 2 2 2 1 2 1 8 1 2 8 1 2 2 2 1 2 2 2 2 2 2 2 2 2 1 2 2 2 2 2 2 2 1 2 2 2 2 2 2 2 2 2
left_child=1 6 5 7 13 14 -1 -3 18 -9 11 12 21 -4 28 44 26 30 57 -6 35 25 23 24 60 45 -15 33 34 52 53 42 -16 -21 -2 39 37 38 -37 40 -13 -36 47 55 -7 -11 -47 48 -27 -45 59 -10 -17 -12 -55 56 -25 -5 -40 -29 61 -8
right_child=2 3 4 8 19 15 22 9 51 10 17 20 -14 16 32 29 -18 -19 -20 27 -22 -23 -24 43 -26 31 -28 50 -30 -31 -32 -33 -34 -35 41 36 -38 -39 58 -41 -42 -43 -44 49 -46 46 -48 -49 -50 -51 -52 -53 -54 54 -56 -57 -58 -59 -60 -61 -62 -63
leaf_value=-0.054747445608749279 -0.0059824370963406821 -0.052892135548721575 -0.0035525836567446125 -0.056428089952281449 0.012315251701309054 -0.0010266803880620802 -0.037384552629157956 -0.058733548947912134 -0.013485313002410121 -0.04117113772420037 -0.022811673252042204 -0.056183680953983198 -0.058698696657728991 0.018534681307888403 -0.0054781812886975098 0.0071359815875665818 9.4445586583246854e-05 0.026543123280813909 0.012248808041724903 0.0054290467132522557 0.036275472196194106 0.013949227941836496 0.0024261628255535131 0.080694975750512751 -0.042070227516016967 -0.0046247260117163172 0.0029715290402730736 0.002009284035164836 -0.0031369148374092905 -0.00065490844313068411 -0.039312932434927679 -0.056409175431703512 0.001067309389433484 0.011145244138438648 -0.023241899101780115 -0.047125938242771857 -0.058703402915778052 -0.045658824990776184 0.057446010922239867 -0.057911609790424715 0.13333764216905139 -0.012522477251365866 -0.039102221335955145 -0.004453612835465426 -0.0049231735807893171 -0.056265880823742412 0.075520398166197017 0.014389252873614165 -0.058308686115819901 -0.037323113195964965 0.0073889227232442709 -0.057395681451119389 0.0017980056914537663 0.03478559980788002 -0.032694216752704806 -0.057632235595734674 -0.046389024130679517 0.060259134633798929 -0.014844364555057136 0.0041148790759453543 0.023259528816690175 0.001657382927676713
leaf_weight=416.94635277986526 3194.1110716462135 1859.7584999799728 27912.434126794338 14713.754338204861 6893.5376372933388 37544.975131034851 237.25870084762573 708.30389195680618 641.93782269954681 689.57888442277908 282.67389437556267 23.176969528198242 510.27210381627083 1447.0031585097313 32875.462677240372 9812.0153149366379 96437.473402202129 370.86232191324234 94.518161654472351 52166.834749937057 60.377123266458511 529.4500615298748 3804.3642149865627 30.143311142921448 305.98732247948647 1034.7927890717983 117331.40915554762 72239.574214398861 3914.0636144280434 52073.418714046478 349.68667542934418 128.10898044705391 8622.9685130119324 9493.6243996620178 3455.6986634731293 89.468640297651291 530.30071115493774 264.55473077297211 156.72036400437355 1552.5262544751167 16.98540860414505 6048.7473801970482 201.2718298137188 537.02466309070587 26848.711678028107 23.953979551792145 36.768182158470154 559.44115751981735 122.96681115031242 337.26717722415924 14716.153686523438 135.91202944517136 32960.576761722565 240.62996992468834 104.19080606102943 339.67581254243851 58.380248099565506 14.625654518604277 52.906402856111526 134610.00385183096 345.74773782491684 1612.4356205463409
leaf_count=1094 1961 5816 9063 51607 511 9931 293 2160 1070 1656 528 72 1485 289 12707 1109 20737 291 70 3676 73 372 1214 21 455 1305 15702 7402 2305 12166 753 265 2696 180 3198 219 1734 795 171 5104 14 4098 352 539 8786 54 27 535 236 516 172 292 4898 142 82 916 100 16 130 8716 114 789
internal_value=-0.000142536 -0.0364843 0.00150977 -0.0454168 0.00293902 -0.00199671 -0.00743048 -0.0324144 -0.0541094 -0.0280379 -0.025289 -0.0295826 -0.0179166 0.00117404 -0.00616856 -0.000474232 0.0017871 -0.00430989 -0.0558695 0.00441809 -0.0458615 -0.0116432 -0.00482992 -0.0120869 -0.00440926 -0.0164929 0.00316106 0.00422581 -0.0112901 0.00100452 -0.0160396 -0.00931019 -0.00411798 0.00630837 -0.0138022 -0.0477221 -0.035917 -0.0144039 0.013285 -0.0557997 0.025139 -0.0164052 -0.00618323 -0.0265755 -0.00265236 -0.0354442 0.0233824 -0.0023014 -0.0103763 -0.0171672 0.00364575 -0.0212279 0.00302488 -0.00235705 0.0143459 -0.0463081 -0.00264157 -0.0563078 0.0391935 0.00337956 0.00083411 -0.00336529
internal_weight=784725 34125.7 750599 26100.5 533248 217351 8025.23 10499.7 15600.7 8639.97 7931.67 6583.62 3836.6 243128 58111.1 159240 215216 1348.04 14822.9 290120 2747.02 3326.33 7608.28 3803.92 2501.43 2796.88 118778 283226 16612.6 94846 977.181 2046.58 41498.4 61660.5 12698.6 2686.64 1093.95 563.65 299.095 1592.69 40.1624 9504.45 1918.47 1302.49 64393.7 750.301 60.7222 1717.2 1157.76 874.292 221566 777.85 42772.6 627.495 344.821 428.199 88.5236 14728.4 209.627 206850 2195.44 1849.69
internal_count=213780 83477 130303 77426 66448 63855 6051 24371 53055 18555 16395 14599 6287 45791 26965 36890 36728 1796 51693 20657 8312 4802 4957 3743 1651 4430 15991 20146 11562 18173 1505 2693 15403 3856 9257 8239 3049 1315 520 5190 86 7296 2428 2092 18717 1737 81 2076 1541 1055 16290 1362 6007 752 224 1037 121 51623 301 16118 1196 1082
cat_boundaries=0 2 4 5 7 8 10 11 13 14
cat_threshold=8389116 508163 2599927809 164 15993344 80 32768 545342232 8388880 459008 1398829824 3337994240 66279 2146304
is_linear=0
shrinkage=0.05


Tree=51
num_leaves=63
num_cat=9
split_feature=19 21 14 0 13 24 16 22 25 31 24 49 25 25 44 0 38 29 0 22 0 29 25 24 0 29 0 25 0 24 39 25 25 17 24 22 24 29 24 2 28 25 2 25 25 24 25 24 49 25 44 24 49 43 44 25 0 21 0 42 13 43
split_gain=17567.1 3454.87 1318.53 1174.38 436.971 374.091 358.484 322.447 317.004 288.822 271.082 490.579 382.337 242.685 229.868 222.657 219.902 182.277 176.98 174.38 157.869 155.585 151.206 147.962 142.185 132.744 129.909 117.281 117.236 116.24 115.623 115.622 114.267 107.373 107.262 98.1086 92.0001 91.4072 89.6568 90.4672 88.98 88.3697 92.9556 85.0256 84.0398 83.6671 122.883 82.3504 141.435 253.757 123.654 83.7805 80.4116 152.771 80.3204 80.0696 79.9104 79.7583 110.94 100.743 79.642 79.6133
threshold=0.75000000000000011 18.500000000000004 4.5000000000000009 0 1.5000000000000002 0.95955882352941191 1.0000000180025095e-35 0.12499999999999996 4.603943721594705 1.0309897716160625 3.7451018099547517 0.78571428571428581 5.1984264468287211 3.1473405508241545 29.550000000000004 1 1.5000000000000002 4.3965916953090529 2 0.12499999999999996 3 2.7352273103402625 3.8533727627417584 1.433560924369748 4 4.3780754357226419 5 3.5570163169082316 6 2.5357620320855623 0.38750000000000007 1.0339370996192301 3.9054781051154435 7.934628311360485 0.66301804812834231 0.12499999999999996 1.8803834033613447 4.3484057455078053 0.9987745098039218 -0.29696027566504662 139.50000000000003 3.7328353900785989 0.70581670320594825 6.3808308673971199 8.0511516332111182 1.460639189886481 3.3147607407517543 1.2970588235294123 -5.864285714285713 2.16151095207135 23.850000000000005 1.433560924369748 -7.8214285714285703 0.45000000000000007 17.850000000000005 2.5022058490165455 7 110.00000000000001 8 16.00714285714286 1.0000000180025095e-35 10.500000000000002
decision_type=2 8 2 1 2 2 10 2 2 2 2 2 2 2 2 1 2 2 1 2 1 2 2 2 1 2 1 2 1 2 2 2 2 2 2 2 2 2 2 2 2 2 2 2 2 2 2 2 2 2 2 2 2 2 2 2 1 8 1 2 2 2
left_child=1 13 4 5 7 52 19 16 25 -7 11 12 22 15 35 23 -2 32 -12 60 -9 -10 24 31 41 -4 -18 36 33 -16 55 -1 -6 -23 -17 38 45 -20 39 -13 -27 -11 -43 -8 -15 46 47 48 -26 -50 51 -49 53 -3 -51 -19 -42 59 -59 -30 -5 -39
right_child=2 3 8 6 17 9 43 20 21 10 18 14 -14 44 29 34 26 30 37 -21 -22 28 -24 -25 27 40 -28 -29 57 -31 -32 -33 -34 -35 -36 -37 -38 61 -40 -41 56 42 -44 -45 -46 -47 -48 50 49 54 -52 -53 -54 -55 -56 -57 -58 58 -60 -61 -62 -63
leaf_value=-0.056255595587252731 -0.010146058652052641 0.068808825945581006 -0.0005302439337110512 -0.056289976204163594 -0.0035748553420821292 -0.058728949309737058 -0.01294265621866497 0.00020514167828914023 0.0013025727008575136 -0.040465291085280151 -0.032866878249940466 -0.055537465205563109 -0.058692323387568995 -0.0041775402276987171 -0.056890893632356193 -0.057470649921323204 -0.016623094373416306 -0.0047820279457860557 -0.0041482943555501209 0.01154625216135604 -0.0085959558886974635 0.0048571157966431078 0.013127658648575617 -0.041971526403063342 0.0072099548707977752 0.0002906166265184981 -0.038309752771042337 -0.056275169173431464 0.0041992683349455001 0.053579672195133446 0.00038930319028722014 0.0011250614236983907 -0.00037716004230754519 0.0093369573202422458 -0.024667481123160279 0.035294391334700602 -0.038361513937377544 0.074182377942451957 -0.050949664030212283 0.091890351257670061 0.0038436007627184001 -0.056145842513063995 0.069128611938066437 -0.05731633207745921 0.010721602481989168 0.013537837268328152 -0.058282747537495606 0.048805144370927048 0.071520542942342266 0.07840434683308331 -0.056172280355757713 -0.016400415443139773 -0.056508453847617469 -0.042716848881545255 -0.058602467779419465 0.0093243925238462016 0.00092473384053474755 0.0042200679290980442 0.0007518205659402589 0.012836581526974731 0.055664795282153658 0.015357907899930119
leaf_weight=92.176356196403503 7233.9233293533325 36.116971760988235 70792.683276057243 14029.647592872381 64842.715231895447 673.81103807687759 635.61710411310196 10904.810966968536 55792.156114816666 667.11912137269974 373.02409201860428 18.422486543655396 485.43734553456306 3756.4447990953922 32.024085372686386 397.97906994819641 1616.1515197753906 1197.2434406280518 623.50898924469948 95.296110868453979 9557.3227214217186 79191.710036158562 534.38712218403816 272.61298850178719 389.25554543733597 47733.176826715469 1287.2167885303497 122.14633733034134 77025.647992968559 84.68009027838707 50268.540336608887 1516.447692990303 49092.36224603653 16098.926871299744 674.36416712403297 33.657869517803192 195.07822287082672 72.33841335773468 2449.1127737462521 21.484495401382446 71669.236793518066 22.835320383310318 38.212933659553528 129.45941337943077 1264.1016577482224 564.81444099545479 117.02084943652153 185.24906444549561 45.935275465250015 10.243129193782805 46.723010033369064 66.273600161075592 1565.6726137399673 177.66197100281715 287.71358335018158 6263.1672018766403 34890.166633605957 44551.039942502975 47821.114142894745 3530.6790292263031 15.110687434673308 272.32702207565308
leaf_count=275 4459 44 14534 51607 23512 2160 1070 5051 7497 1656 810 60 1485 2071 109 1135 1372 347 754 70 6011 5775 372 437 406 7427 1208 265 5303 26 12570 1053 15061 343 891 20 352 83 8071 26 7097 54 27 292 189 535 236 98 41 13 102 70 5250 522 575 996 4661 3180 3690 209 16 149
internal_value=-0.000137781 -0.0357908 0.00143249 -0.0448935 -0.00201858 -0.0317075 -0.0538674 -0.00752304 0.00270373 -0.0273353 -0.0246012 -0.0288731 -0.0173099 -0.00711594 -0.0454119 -0.0184857 -0.014815 -0.00103733 -0.00414929 -0.0557077 -0.00390969 0.00370506 -0.0111921 -0.00793686 -0.015908 0.00126229 -0.0264387 -0.00893089 0.00420477 0.0229978 0.00125151 -0.00219273 -0.00219709 0.00561352 -0.0365481 -0.0485865 -0.00591676 0.00719739 -0.0497365 0.0240163 0.00208477 -0.034719 0.022039 -0.0205227 -0.000423766 -0.00219927 -0.0099485 -0.00440856 -0.01342 -0.036739 0.0176975 0.0316074 -0.0525755 -0.0236192 -0.0536292 0.00705959 0.0028884 0.00342791 0.00242517 0.00457805 -0.0561652 0.0278973
internal_weight=784452 33091.5 751360 25117.4 202263 10212.3 14905.1 30599.4 549097 8432.84 7759.03 6417.83 3778.44 7974.13 2639.38 2953.58 10137.3 171664 1341.2 14140.1 20462.1 324011 3293.01 1881.24 2758.62 225085 2903.37 2030.45 268219 116.704 57729 1608.62 113935 95290.6 1072.34 2522.68 1908.31 968.174 2489.02 39.907 154293 728.167 61.0483 765.077 5020.55 1713.23 1148.41 1031.39 733.148 343.892 298.246 251.523 1779.45 213.779 297.957 7460.41 106559 172928 92372.2 80556.3 14044.8 344.665
internal_count=213780 83477 130303 77426 70587 24371 53055 18101 59716 18555 16395 14599 6287 6051 8312 3791 7039 52486 1796 51693 11062 25997 4802 1765 4430 33719 2580 2693 18500 135 13913 1328 38573 6118 2026 8177 2428 986 8157 86 19185 1737 81 1362 2260 2076 1541 1305 1035 629 270 168 5816 566 588 1343 11758 12382 6870 5512 51623 232
cat_boundaries=0 2 3 5 7 9 11 13 15 17
cat_threshold=8389116 508163 8192512 236 49408 1406359813 262692 80 32768 2024176446 34826 545374588 162361 2666905600 5760 3523878912 34178
is_linear=0
shrinkage=0.05


Tree=52
num_leaves=63
num_cat=0
split_feature=15 21 26 49 24 16 25 26 24 26 21 26 25 25 26 39 21 21 26 43 25 49 24 24 50 24 25 24 25 26 24 2 26 39 47 24 22 25 24 25 28 7 28 43 25 26 47 26 3 24 42 44 43 47 24 25 22 28 50 24 24 43
split_gain=16362.4 3367.49 1286.3 1093 490.137 480.267 475.42 369.709 298.636 293.047 256.055 253.086 293.419 206.629 189.42 176.498 154.762 146.818 142.768 140.355 137.001 162.526 258.093 177.98 130.631 127.859 113.837 133.334 108.443 108.393 107.667 107.125 105.26 102.6 101.805 100.5 98.8426 92.4025 122.406 109.687 86.9176 133.926 96.5672 86.8004 113.187 86.1922 84.6721 83.8319 96.2114 83.7001 82.4525 81.9645 107.191 81.3889 80.1502 79.417 79.3238 78.7698 90.3643 76.4835 97.9975 144.34
threshold=0.18750000000000003 18.500000000000004 0.040007737799148811 4.5214285714285731 2.9829152249134951 2.6742424242424243 3.0229001902526753 0.0023604272768445005 0.9987745098039218 0.019015815036661502 12.500000000000002 0.010121075296461701 6.5538668989393214 5.7184807633204207 0.051151530444957308 0.41428571428571431 33.500000000000007 10.500000000000002 0.013534118357487851 29.950000000000006 3.161478875374879 9.3428571428571452 0.71763298620883775 1.2723875432525953 19.900000000000002 4.037051184110009 1.231416256120329 0.64800579322638152 3.1949956858688364 0.057701027493838007 1.493421052631579 -0.29696027566504662 0.057701027493838007 0.35416666666666669 3.7646499238202167 5.2738440027963653 0.12499999999999996 8.0511516332111182 5.6699670385395544 5.1120831803488551 121.50000000000001 1.0000000180025095e-35 63.500000000000007 23.450000000000006 2.0695150740793391 0.12326118821510772 3.7646499238202167 0.0065103722046987002 1.0000000180025095e-35 5.6037380469429161 10.27857142857143 24.250000000000004 3.2500000000000004 -2.9864858566216257 1.460639189886481 3.0956278983358874 0.12499999999999996 67.000000000000014 35.100000000000001 1.4025673400673402 1.2892769607843138 4.4500000000000011
decision_type=2 8 2 2 2 8 2 2 2 2 8 2 2 2 2 2 8 8 2 2 2 2 2 2 2 2 2 2 2 2 2 2 2 2 2 2 2 2 2 2 2 2 2 2 2 2 2 2 2 2 2 2 2 2 2 2 2 2 2 2 2 2
left_child=1 7 5 8 36 10 26 -1 -3 -10 28 56 14 16 40 -15 34 46 -12 -14 21 22 43 51 29 -20 -4 -28 -2 31 -23 -11 -18 -27 -8 -19 -5 38 39 54 41 42 -13 -9 -45 -17 -7 48 49 50 -22 -24 -53 -30 59 -56 -6 58 -43 60 61 -33
right_child=2 3 6 4 11 17 13 20 9 24 18 12 19 15 -16 45 32 35 25 -21 47 30 23 -25 -26 33 27 -29 53 -31 -32 37 -34 -35 -36 -37 -38 -39 -40 -41 -42 57 -44 44 -46 -47 -48 -49 -50 -51 -52 52 -54 -55 55 -57 -58 -59 -60 -61 -62 -63
leaf_value=-0.054393218574021351 -0.0054961173310474282 -0.04998362887494924 -0.013026669518635597 -0.055967003579116742 -0.053252516003329309 0.00087884249498802617 0.0034528264692551252 -0.056573756285615041 -0.042929085937760333 -0.037110923782843606 -0.015135116480304073 -0.057440673469642226 -0.055616774502745242 0.014071695392817716 0.08416854537324131 0.0036551019991921891 -0.00017451443736770536 -0.0035670127046848522 -0.0099051545509863843 -0.0039194765996050825 -0.030250295037009295 0.010905576503191334 -0.027976511742056759 -0.032983029728527298 -0.053024942311923257 0.01283933486001719 0.012888148395865801 -0.0010016199512203157 0.0098722958753711641 -0.0030608864263597171 -0.039171063754182479 -0.058210142542908599 0.0024176316120402322 -0.0044765897734396843 0.0089322636196836318 -0.00014506779414687318 0.0020404879890707924 -0.056323189935460066 0.040919894309651927 -0.056331599488456507 0.0043645655848203544 0.092272276893052479 -0.017168826572627725 0.066283870731723413 -0.04845924417304686 0.0061704569176035734 0.0070945372009794984 0.0034739328283205223 -0.042624974434677262 0.045557086709995469 0.02656433145990247 0.019033160379251748 -0.043574979899540879 -0.00068204409783911325 -0.030611587955401195 0.006418929866857436 0.019092444474829474 -0.023801993241199259 -0.054074478461775627 -0.051262291434979124 0.011198933479744867 -0.0043902576058770367
leaf_weight=387.21035319566727 12685.131080925465 1272.5268471837044 1911.1581320166588 13357.771303117275 1367.5565994381905 58788.05231076479 106926.88445544243 506.18532514572144 1435.8481978774071 716.37850257754326 6293.2578830122948 231.40659081935883 718.21710607409477 4852.4946729540825 51.732518792152405 115662.0464001298 59546.649375259876 39066.880375027657 15887.819107711315 161.06157702207565 209.05446112155914 804.38377323746681 154.82058024406433 490.89127948880196 237.10456249117851 914.96133881807327 1768.9160211086273 72540.073936641216 2084.9347450733185 1323.4003650844097 122.82961052656174 216.56665399670601 114393.57372426987 12930.762932419777 9207.8690843582153 47605.563159942627 73.606442391872406 125.69111010432243 101.71027958393097 148.03737100958824 465.88639011979103 51.580818116664886 419.37235760688782 34.795826017856598 52.777025163173676 48289.72559762001 6041.6316591501236 4082.8618863224983 221.50099194049835 75.54563957452774 90.778181791305542 619.04686331748962 75.845645815134048 14687.511284172535 180.27759078145027 718.14068984985352 38.396375417709351 42.289795428514481 12.439212292432783 179.11757946014404 242.37243184447289 292.41133058071136
leaf_count=1094 5123 4194 1070 50682 4865 10177 11221 1236 3914 1861 3959 829 2417 306 72 6725 13377 12399 8249 228 198 360 111 720 818 315 233 18458 513 2096 213 487 13374 6343 718 10798 66 294 59 463 859 61 1033 26 95 966 919 1338 228 40 62 229 101 5060 300 651 37 103 48 366 246 377
internal_value=-0.000133115 -0.0350867 0.00135923 -0.0443583 -0.0512742 -0.00188795 0.00267599 -0.00680703 -0.0280084 -0.0232739 -0.00546588 -0.0347573 -0.0239639 0.00328339 -0.00861958 0.00467428 0.00247396 -0.000341384 -0.00829305 -0.046168 -0.00435616 -0.0129724 -0.0212194 -0.0090455 -0.0169668 -0.00684426 -0.000980787 -0.00067074 -0.00200789 -0.0149391 0.00423139 -0.0203167 0.00153021 -0.0033311 0.00388739 -0.00168756 -0.0556486 -0.0148422 -0.0123056 -0.0150658 -0.0126142 -0.0230609 -0.0315627 -0.048636 -0.00257763 0.00439603 0.00145828 0.000913098 -0.0165721 -0.00111321 -0.0130012 0.00480019 0.0121397 0.000630148 -0.0116939 -0.00103187 -0.0512611 0.0287453 0.0633656 -0.0219712 -0.0149229 -0.0273693
internal_weight=784195 32109.4 752086 24180.9 16991.3 216987 535099 7928.53 7189.58 5917.06 65484.4 3559.94 2153.99 458879 1274.71 168804 290075 151502 36026.8 879.279 7541.32 2861.58 1934.36 1340.6 4481.21 29733.5 76220.1 74309 29457.6 4244.1 927.213 2920.7 173940 13845.7 116135 86672.4 13431.4 2204.33 2078.63 1976.92 1222.98 757.089 650.779 593.758 87.5729 163952 64829.7 4679.74 596.879 375.378 299.833 849.713 694.893 16772.4 1828.89 898.418 1405.95 106.31 64.02 930.468 751.35 508.978
internal_count=213780 83477 130303 77426 61300 63855 66448 6051 16126 11932 29562 10552 5650 46687 3005 7997 38690 34293 18866 2645 4957 3091 2518 1161 8018 14907 19761 18691 10696 7200 573 5104 26751 6658 11939 23197 50748 3243 2949 2890 2933 2074 1862 1357 121 7691 11096 1866 528 300 260 441 330 5573 2427 951 4902 212 109 1476 1110 864
is_linear=0
shrinkage=0.05


Tree=53
num_leaves=63
num_cat=11
split_feature=19 21 0 26 25 25 16 24 26 31 24 49 25 44 0 38 25 0 47 22 0 0 37 26 25 0 25 48 0 25 25 24 24 47 0 47 26 0 24 3 49 22 0 13 49 43 24 0 26 25 2 32 27 19 20 24 50 24 25 24 43 13
split_gain=15230 3270.88 1198.64 1168.87 530.408 399.83 370.241 369.701 353.197 290.151 253.459 465.903 370.527 231.49 228.384 208.633 184.622 180.31 176.465 170.675 159.13 154.177 138.054 135.511 134.406 132.344 128.028 200.027 127.942 118.404 113.723 112.314 108.528 100.376 118.916 95.7452 94.1133 173.342 92.6879 122.314 91.4671 90.0002 96.7835 86.5934 85.6742 95.4304 84.5449 83.7424 83.6268 82.3547 82.7437 82.1506 81.3835 81.3496 81.0801 80.0023 77.8523 171.205 77.8312 92.751 91.5731 77.7389
threshold=0.75000000000000011 18.500000000000004 0 0.032938703161713163 3.7127746414297218 4.083123661140788 1.0000000180025095e-35 0.95955882352941191 0.0023604272768445005 1.0309897716160625 3.7451018099547517 0.78571428571428581 5.1984264468287211 29.550000000000004 1 1.5000000000000002 2.3611733746099497 2 2.8681758951124663 0.12499999999999996 3 4 1.0000000180025095e-35 0.072995970624649117 3.8533727627417584 5 6.3808308673971199 1.5000000000000002 6 7.5362144677271941 3.5570163169082316 0.68880611455108365 2.5357620320855623 3.7646499238202167 7 3.8901462451385291 0.052071663206110508 8 0.9987745098039218 0.95297903005573359 0.16428571428571423 0.12499999999999996 9 2.5000000000000004 -5.864285714285713 0.45000000000000007 1.8803834033613447 10 0.020038486185837801 3.7328353900785989 0.70581670320594825 2.8474011770836962 3.4733448946313952 16.750000000000004 0.10000000000000066 0.71763298620883775 10.750000000000002 3.6260133861236805 2.16151095207135 1.460639189886481 12.65 1.0000000180025095e-35
decision_type=2 8 1 2 2 2 10 2 2 2 2 2 2 2 1 2 2 1 2 2 1 1 2 2 2 1 2 2 1 2 2 2 2 2 1 2 2 1 2 2 2 2 1 2 2 2 2 1 2 2 2 2 2 2 2 2 2 2 2 2 2 2
left_child=1 8 7 5 14 15 19 44 -1 -9 11 12 24 18 16 28 -5 22 38 61 -12 54 29 -19 25 49 27 36 -2 33 46 53 -15 34 -6 -33 43 -38 39 -13 -39 42 -17 -10 45 55 52 -8 -23 -11 -51 -22 -27 -18 -7 -3 -28 -58 -54 60 -60 -4
right_child=3 2 6 4 17 21 47 9 26 10 20 13 -14 32 -16 41 31 23 -20 -21 51 48 -24 -25 -26 30 56 -29 -30 -31 -32 35 -34 -35 -36 -37 37 40 -40 -41 -42 -43 -44 -45 -46 -47 -48 -49 -50 50 -52 -53 58 -55 -56 -57 57 -59 59 -61 -62 -63
leaf_value=-0.054150388251758524 -0.008872128114289347 -0.05530782423272193 -0.05600712215011288 -0.0030476756744837537 -0.0035408527136002949 -0.0010669791072934127 0.015043048909382488 -0.058720485231324726 -0.011037193443548986 -0.039231851738320722 -0.031288236799800848 -0.055865920657869744 -0.058681058432796522 -0.056702777816408395 -0.0022627067855287798 -0.0076172058626174256 0.019871071567944376 0.0011585664323821878 0.036286929980415626 0.010890173551607103 -0.027396314300173703 -0.0076243873042654633 0.010468656116882875 0.0036908848354603447 0.012672972697994537 -0.012677239294556464 0.012824775346822644 -0.045073844904490075 -0.003482888002059167 0.006291288269473139 -0.056098543444026074 0.0019044797725473195 0.053765879455029711 0.0076465982384560822 0.0033107678206727507 0.019453515239870139 -0.040393756445962589 -0.040800371945671508 -0.051242969035071251 0.11808712137747973 0.0132490379293181 -0.011207046903388879 -0.035097933826908907 0.059227836609492802 -0.058721452603733119 -0.041277256250260207 -0.037036988678890409 -0.026902282912949934 -0.0018247289742916156 -0.05598244795582244 0.063729191240531696 0.013645424848152366 0.080852195756283052 -0.0080246976012792615 0.0025833801946209137 0.073870708746802682 -0.058348710372996118 0.007060244878364483 0.0028574079016469296 0.029677639332016045 -0.053853633074560474 0.053882307462819357
leaf_weight=369.94091817736626 15340.528591036797 17.153846383094788 12781.65298192203 19534.92169547081 6651.098573923111 28699.08851057291 143.5208358168602 618.3801441192627 3526.0715616643429 630.91908007860184 353.3905465900898 20.579428732395172 446.97565370798111 29.094788983464241 67977.380829930305 501.28430515527725 1437.6878616809845 122401.29935801029 60.223245769739151 96.027014493942261 142.22229540348053 8728.7366669774055 8763.2370915412903 92957.760369420052 537.03986036777496 829.56988996267319 1437.0835655331612 341.33740097284317 39203.985892832279 45279.19372844696 114.88553458452225 94159.87730717659 84.568852603435516 12566.178402781487 129477.87306833267 782.78223776817322 181.34066906571388 81.998747110366821 2231.5855968594551 18.05370682477951 1374.5123019814491 3034.1259468793869 996.08004987239838 43.399954319000244 1209.9723477214575 368.15589272975922 185.03055420517921 592.42344903945923 21597.661044001579 21.464520454406738 39.510695338249207 818.51617857813835 35.385604560375214 318.49841022491455 32364.001458466053 34.601545661687851 133.41637068986893 390.19067603349686 463.81631836295128 275.85694393515587 83.044053077697754 15.327128887176512
leaf_count=1094 6976 45 51607 5889 632 7378 220 2160 3194 1656 810 72 1485 109 19707 307 146 17480 73 70 273 3653 1110 5257 372 1117 142 475 13994 1442 265 16701 26 1189 12723 96 341 30 8018 14 621 2131 1070 14 4556 1172 352 1142 6012 54 27 713 25 25 6385 43 75 65 498 231 205 16
internal_value=-0.000128518 -0.0343717 -0.0437892 0.0012898 0.00227456 -0.00265213 -0.053364 -0.0302035 -0.00652144 -0.0258258 -0.0230768 -0.0273623 -0.0160735 -0.0442676 3.91791e-05 -0.00585787 0.00138553 0.00325944 -0.0476672 -0.0553725 -0.00314969 -0.000579786 0.00432972 0.00225155 -0.0101347 -0.0147109 -0.00416748 -0.00804846 -0.00500109 0.00405253 -0.00798561 0.00228133 0.0251974 0.00337073 0.00297593 0.00204942 -0.00561232 0.00430696 -0.0499115 0.0262266 0.0101075 -0.0161663 -0.0261976 -0.0101651 -0.0519516 -0.0323391 -0.00504559 -0.0188671 -0.00349323 -0.0333866 0.0212842 0.00746485 -0.00151535 0.0148074 0.000867532 0.0307241 0.00681146 -0.00967604 0.00927177 0.00609257 -0.00582796 -0.0558709
internal_weight=783952 31178.2 23298.9 752773 602308 150465 13629 9670 7879.29 8040.11 7421.73 6107.6 3663.5 2444.11 184211 59076 116234 418097 2330.44 12893 1314.13 91389.5 202738 215359 3216.52 2679.48 7509.35 5548.66 54544.5 193974 1987.59 96698.8 113.664 148695 136129 94942.7 5207.32 1637.85 2270.22 38.6331 1456.51 4531.49 1497.36 3569.47 1629.88 419.911 1872.7 735.944 30326.4 691.894 60.9752 960.738 1687.67 1756.19 61063.1 51.7554 1960.69 523.607 858.103 822.717 546.86 12797
internal_count=213780 83477 77426 130303 82397 47906 53055 24371 6051 18555 16395 14599 6287 8312 42564 24478 22857 39833 8177 51693 1796 23428 17096 22737 4802 4430 4957 4675 20970 15986 2693 16968 135 14544 13355 16797 4200 992 8104 86 651 3508 1377 3208 5816 1260 2428 1362 9665 1737 81 986 2076 171 13763 88 282 140 959 934 703 51623
cat_boundaries=0 2 4 6 8 10 12 14 15 16 18 20
cat_threshold=8389116 508163 3338130436 82028 849738520 41089 236 49408 3841454172 1891 80 32768 150999035 323850 2097152 184320 878731520 65538 622198784 20
is_linear=0
shrinkage=0.05


Tree=54
num_leaves=63
num_cat=1
split_feature=19 21 26 42 24 14 25 26 26 25 24 31 25 24 9 25 26 25 22 39 25 21 25 2 24 43 24 26 1 25 25 2 43 25 25 26 43 38 38 25 24 21 24 16 26 28 24 25 25 47 16 27 43 44 27 42 26 42 26 50 47 7
split_gain=14170.6 3176.48 1061.32 918.704 562.168 413.297 391.455 337.255 308.545 326.067 263.183 238.339 173.963 220.881 185.078 169.749 161.021 154.061 151.736 148.527 140.818 133.518 122.497 147.225 142.517 119.333 118.522 139.573 130.955 191.25 121.878 131.765 123.618 134.766 114.045 108.413 107.314 104.942 103.209 102.2 110.311 102.199 99.7788 98.1102 91.1758 87.5516 84.7996 147.401 126.046 114.104 83.2205 80.0175 93.0507 91.3699 78.6079 86.7452 74.9096 117.322 73.3569 72.9634 68.234 67.6467
threshold=0.75000000000000011 18.500000000000004 0.040007737799148811 3.914285714285715 2.9829152249134951 2.5000000000000004 3.0229001902526753 0.0023604272768445005 0.015708519889949705 8.0511516332111182 0.9987745098039218 1.0309897716160625 5.1120831803488551 5.4498170235836279 1.5000000000000002 5.7184807633204207 0.018696443743172704 5.5574056331669164 0.12499999999999996 0.41428571428571431 3.6399175004344868 33.500000000000007 3.161478875374879 0.95297903005573359 1.6824618736383445 21.650000000000002 1.460639189886481 0.012854076033517103 0 2.8041304077011548 2.7784219526305605 0.40966402954315223 14.15 2.16151095207135 4.6489437953667769 0.064604640413195705 35.100000000000001 1.5000000000000002 10.500000000000002 1.231416256120329 0.64800579322638152 1.0000000180025095e-35 0.83911698163428283 0.34166666666666673 0.057701027493838007 142.00000000000003 1.4025673400673402 2.8925851473350552 2.5635814707136761 0.64911350787859334 0.087121212121212113 6.020432891466446 29.950000000000006 15.65 4.6499754901960797 14.785714285714288 0.027265797396121755 3.0142857142857147 0.12976504082489268 18.350000000000005 3.7646499238202167 1.0000000180025095e-35
decision_type=2 8 2 2 2 2 2 2 2 2 2 2 2 2 2 2 2 2 2 2 2 8 2 2 2 2 2 2 1 2 2 2 2 2 2 2 2 2 2 2 2 10 2 10 2 2 2 2 2 2 10 2 2 2 2 2 2 2 2 2 2 2
left_child=1 7 5 10 18 16 39 -1 50 25 -3 -12 14 -14 26 21 37 41 -5 -17 -18 45 23 24 54 34 28 -28 46 30 32 -32 59 -34 35 -10 -11 -2 43 -4 -41 -7 -25 -29 -23 -8 47 48 49 -13 61 52 53 -15 55 -9 57 -24 -21 -30 -47 -6
right_child=2 3 6 4 8 17 15 22 9 36 11 12 13 51 -16 19 20 -19 -20 58 -22 44 56 42 -26 -27 27 38 29 -31 31 -33 33 -35 -36 -37 -38 -39 -40 40 -42 -43 -44 -45 -46 60 -48 -49 -50 -51 -52 -53 -54 -55 -56 -57 -58 -59 -60 -61 -62 -63
leaf_value=-0.053895600777625743 -0.0077619812954068286 -0.049151689441969376 -0.012386813620423608 -0.055286656868096244 -0.054241682503854895 -0.0023433722883931473 0.0019985946385985792 -0.010872657361090818 0.0043771749413415119 -0.054747528929004391 -0.058677107539817121 -0.027604317988709187 -0.05860477598651212 0.09777050002995219 -0.046518927508749759 0.012777384287521674 -0.0066122286645056193 0.0018049558773064228 0.014697980954195101 0.003368259029586998 -0.00065966895236314166 -0.00023157040831698727 -0.032362639488073372 -0.056429584382474945 -0.042275269404407137 0.026699210500005878 -0.036681326711747522 0.0095320116151068942 -0.057256989711741729 -0.058680924771925616 -0.055965590250399683 0.088777453771114664 0.065774630473891857 -0.053610004799328995 -0.032937895899955515 0.17269098105169992 -0.0019274869354417906 -0.018743620972839877 -0.041783493575863917 0.01162939638906804 -0.00091687648347865214 0.001354060955096755 -0.016868902604222132 -0.027393403358927156 0.002178973514597872 0.0042707577274752086 -0.036345934898509534 0.020759324491987311 -0.055148302605554922 0.052326144885804254 -0.01969414316481901 0.044796878203270087 0.10783764809733212 -0.032505303555564947 0.015146474502438207 0.039480576260750994 0.0077152983054457752 -0.00064980105286282196 0.0058298078643744733 0.073145350178939958 0.010136610884124547 -0.024348120574049736
leaf_weight=353.5255184173584 15079.383097708225 1183.7592305094004 1889.2646756768227 12205.02287209034 1372.4205769896507 82698.77116471529 51467.535216510296 1292.6656280457973 339.17852146923542 489.47999979555607 434.88800978660583 109.80311852693558 577.80809219181538 13.257307708263395 439.09147734940052 4923.9604697823524 19671.289555430412 52260.762122511864 77.453444182872772 124913.66887539625 20078.517900943756 59593.850206792355 336.69678702950478 266.12951809167862 237.63965699076653 328.73887291550636 279.40504534542561 1399.7828785032034 169.06862013041973 446.55594226717949 21.33201876282692 53.080802500247955 60.92047718167305 37.273705393075943 297.59117835760117 8.8505464792251569 119.94993785023689 2543.2671212553978 127.45985531806946 1794.3516533374786 72451.838123440742 24142.963375210762 399.7046454846859 205.36938208341599 114760.55061715841 59788.133692145348 216.21926540136337 380.84267780184746 168.52776047587395 73.774202048778534 265.04257929325104 59.182264566421509 12.784192174673079 247.02188411355019 525.87487882375717 90.579459667205811 2191.0884975194931 2141.432345032692 39960.228453636169 10.577540278434752 5407.3606381416321 223.03251411020756
leaf_count=1094 7407 4282 1070 50479 5393 23545 6423 1089 793 1721 1551 208 2108 11 1583 306 9591 8235 59 6905 7534 13377 245 677 445 404 684 1651 557 1297 69 26 66 93 907 3 100 2433 265 233 18458 5110 502 357 13374 5182 399 338 339 47 473 20 25 400 336 42 436 1185 786 13 334 705
internal_value=-0.000124167 -0.0336553 0.00122392 -0.0432197 -0.0498357 -0.0017316 0.00241546 -0.00624301 -0.0319648 -0.0157256 -0.0277483 -0.0231694 -0.0201351 -0.03995 -0.015831 0.00296421 -0.00536975 -0.000419625 -0.0548438 0.00422058 -0.00360568 0.00223114 -0.00398379 -0.0122252 -0.0058448 0.00221859 -0.0122345 -0.00395377 -0.0217555 -0.036529 -0.00937996 0.0470256 -0.0246192 0.0203232 -0.0102608 0.00915431 -0.0443797 -0.00934809 0.00133918 -0.000905818 -0.000613443 -0.00150781 -0.0327495 0.0047904 0.00135503 0.00354044 -0.00881452 -0.00076759 -0.0240585 0.0045997 -0.0457701 -0.0074139 -0.0188702 -0.0255018 -0.00128771 -0.00754561 0.000981047 -0.00497187 0.00396492 -0.0491888 0.0047575 -0.0500838
internal_weight=783716 30289.9 753426 22454.5 15726.8 216475 536951 7835.34 3444.28 1583.79 6727.79 5544.03 5109.14 910.054 4199.08 460815 57372.5 159102 12282.5 169798 39749.8 291017 7481.81 2812.59 2146.76 974.359 3759.99 2012.02 1747.98 798.809 352.253 74.4128 277.84 98.1942 645.62 348.029 609.43 17622.7 1732.61 76135.5 74246.2 106842 665.834 1605.15 174354 116663 949.167 732.948 352.105 183.577 1860.5 332.246 273.063 260.279 1909.12 1383.25 4669.22 2478.13 164874 179.646 65195.5 1595.45
internal_count=213780 83477 130303 77426 61037 63855 66448 6051 10499 3928 16389 12107 10556 2564 7992 46687 26965 36890 50538 7997 17125 38690 4957 3091 1912 2107 6409 2957 3452 2121 824 95 729 159 1703 796 1821 9840 2273 19761 18691 28655 1179 2008 26751 11939 1331 932 594 255 6571 456 436 411 1467 1131 1866 1430 7691 570 5516 6098
cat_boundaries=0 1
cat_threshold=2050
is_linear=0
shrinkage=0.05


Tree=55
num_leaves=63
num_cat=8
split_feature=19 0 26 24 0 25 26 22 25 49 42 24 0 13 0 16 0 26 42 25 42 26 47 28 0 24 25 49 24 25 24 25 0 47 0 25 26 39 50 26 16 39 37 50 42 42 26 2 26 24 25 42 24 25 25 24 43 24 42 50 26 16
split_gain=13177.1 2422.36 966.336 691.298 457.968 443.142 440.35 398.76 357.253 323.815 340.015 305.792 301.294 227.16 221.571 207.94 190.21 178.936 167.875 214.125 149.477 144.874 137.514 123.41 120.896 115.783 112.7 150.873 224.886 185.281 182.877 117.537 111.287 108.103 101.926 100.866 99.5472 99.3263 100.355 98.5042 96.2311 94.622 87.6783 101.584 127.642 341.589 133.776 105.016 103.604 98.1038 231.872 118.296 145.694 96.8109 90.4935 243.621 194.692 85.8613 100.194 96.1791 85.5957 84.7173
threshold=0.75000000000000011 0 0.032938703161713163 3.6764705882352944 1 3.143669503351028 0.011859916494805103 0.12499999999999996 3.1949956858688364 9.5571428571428587 14.714285714285717 0.64800579322638152 2 1.0000000180025095e-35 3 0.58712121212121227 4 0.066302887517280321 2.9357142857142859 5.1120831803488551 14.407142857142858 0.0084289049704155527 2.9953033731033818 105.00000000000001 5 4.6876065643648772 3.9549026081620826 -5.864285714285713 1.2970588235294123 3.2943372666809458 1.493421052631579 1.6761543611374872 6 3.7646499238202167 7 3.143669503351028 0.018414145170253551 0.38750000000000007 10.050000000000002 0.014800098652305152 10.520833333333334 0.35416666666666669 2.5000000000000004 2.6500000000000008 9.8357142857142872 8.3214285714285747 0.061835462680324707 0.61559370248597556 0.18261027625254569 1.5900550855793825 5.0114216919400407 0.29285714285714282 1.6127078005115092 3.0956278983358874 2.3611733746099497 0.95955882352941191 11.550000000000002 6.3504901960784323 4.6071428571428585 2.9500000000000006 0.020038486185837801 1.0000000180025095e-35
decision_type=2 1 2 2 1 2 2 2 2 2 2 2 1 2 1 10 1 2 2 2 2 2 2 2 1 2 2 2 2 2 2 2 1 2 1 2 2 2 2 2 10 2 2 2 2 2 2 2 2 2 2 2 2 2 2 2 2 2 2 2 2 10
left_child=1 6 8 7 21 16 57 12 36 11 61 20 13 42 25 -14 37 24 19 26 -8 22 -5 40 -7 60 27 31 -29 30 -30 -13 -19 34 -16 -12 -2 38 -4 -36 -6 -41 -3 47 45 49 -47 -44 -49 54 51 53 -53 -51 55 -45 -57 -1 -59 -60 -10 -11
right_child=2 3 5 4 23 17 9 -9 14 10 35 18 15 -15 33 -17 -18 32 -20 -21 -22 -23 -24 -25 -26 -27 -28 28 29 -31 -32 -33 -34 -35 39 -37 -38 -39 -40 41 -42 -43 43 44 -46 46 -48 48 -50 50 -52 52 -54 -55 -56 56 -58 58 59 -61 -62 -63
leaf_value=-0.041075649192155075 -0.013764541038275555 -0.057925852665088012 0.0035699754578330692 -0.033586680176027665 -0.052154792827537544 0.00024522920764052253 -0.055336394966347936 0.020173238671229655 -0.015765936837151048 -0.058126377306568257 -0.017750334170037005 0.070357945729166677 -0.05583369810196373 0.046208846539549875 -0.010847338021138542 0.014491217712952321 -0.0028507203348518985 0.0047920210917527161 0.0033206640295515098 -0.049145304844052148 -0.0036290117693353573 0.0088792783700618067 0.072739751317094287 -0.024319308026478942 0.0025813628138046853 -0.0028312932968360058 0.01573352210300475 -0.053923195313169407 0.031637765349037512 -0.043449229359936614 -0.031551636707114826 -0.0018345391183948773 0.0026210054429636441 0.0076424388165880434 -0.0040985995502821155 0.045120583489681537 -0.0061693536822803405 0.00068950287080097054 0.021986781089544591 0.011236404640851863 0.13451930949593724 0.00029132477823269924 0.021140888058707331 -0.058259844651458059 -0.054926208805594623 -0.0096550526274442727 0.059590645991082415 -0.033249629703376915 0.082396607850975884 -0.043766390141557754 -0.057671661916851649 0.065906644142948431 -0.03669034875669553 0.03161242966321532 -0.057049688230805543 -0.054251861437426052 0.030850275702082947 -0.048148600782666966 0.082419577212719572 -0.019702203791523487 -0.0060346210964827042 0.020035540471381941
leaf_weight=1487.7285170555115 5477.1058720946312 720.85340481996536 2315.2909539937973 402.41443048417568 1018.9111263751984 83832.113866984844 437.64491885900497 211.30664789676666 3346.3573054075241 677.05505542457104 128.68494713306427 59.181625425815582 8884.5736823678017 73.958067834377289 2269.7678544521332 105.88480252027512 54330.690777182579 118885.82715255022 4340.6789986491203 344.89164927601814 205.65960097312927 1011.850335329771 31.929412603378296 765.21232043206692 163258.69853436947 23335.062902331352 441.3695170879364 408.78940665721893 326.88791543245316 243.93908107280731 174.93939858675003 890.77541568875313 117489.86208480597 4369.5016866326332 13202.391238391399 124.60109996795654 20355.908094227314 62884.932506561279 1086.9000467061996 2032.2467967271805 6.0114054679870597 68605.313156843185 113.02833339571953 438.43467751145363 1403.8672421127558 224.07006686925888 100.07860085368156 751.43857176601887 18.926570415496826 53.236506924033165 460.46407575905323 37.010697588324547 390.79411093890667 197.78422692418098 1243.2687024623156 103.12094312906265 188.55185613036156 67.111702710390091 45.513035178184509 44.979860574007034 6970.9893770813942 35.969768553972244
leaf_count=3329 3216 3195 600 1125 4053 15212 1339 172 1917 2980 61 83 38685 39 630 169 16312 6867 1486 988 69 1276 16 2016 21233 7906 215 995 255 423 292 1162 8140 752 4768 24 8626 13838 195 494 1 16733 97 1775 6081 310 70 1811 18 143 1662 80 1208 326 4466 398 320 125 13 74 2864 52
internal_value=-0.000119799 -0.032934 0.00116153 -0.0435957 -0.0225617 0.00205336 -0.0136027 -0.0479516 -0.00243087 -0.00919247 -0.0364949 -0.00583734 -0.0488813 -0.0403683 -0.0013175 -0.0549423 -0.000657853 0.00272978 -0.00289535 -0.0122287 -0.038845 -0.00147591 -0.0256098 -0.0393551 0.00178891 -0.00478053 -0.00720835 -0.0120274 -0.0241634 -0.00779353 0.00958075 0.002727 0.00371327 -2.8857e-05 -0.00041827 0.0132144 -0.00778035 0.00113968 0.0094598 -0.000134433 -0.050925 0.000606441 -0.0414322 -0.0393445 -0.0421939 -0.0369771 0.0118262 -0.0236951 -0.0302988 -0.0420631 -0.0303195 -0.0117009 -0.0276697 0.015496 -0.0488218 -0.0347451 0.000662761 -0.0373602 -0.00221811 0.0319443 -0.00919261 -0.0541538
internal_weight=783492 29443.4 754049 18957 3236.33 604084 10486.4 15720.7 149965 8841.07 966.311 7874.76 15509.3 6518.89 124132 8990.46 120618 483467 7231.45 2890.77 643.305 1446.19 434.344 1790.13 247091 33652.4 2545.88 2104.51 1154.56 745.766 501.827 949.957 236376 90479.2 86109.7 253.286 25833 66287.1 3402.19 83840 1024.92 70637.6 6444.93 5724.08 4840.68 3436.81 324.149 883.393 770.365 3112.67 1139.29 678.826 427.805 251.021 1973.38 730.107 291.673 1645.33 157.605 90.4929 10317.3 713.025
internal_count=213780 83477 130303 69512 8487 82397 13965 61025 47906 10424 3117 7307 60853 21999 36064 38854 30945 51452 5899 4413 1408 2417 1141 6070 36445 12687 3425 3210 1965 970 547 1245 15007 23377 22625 85 11842 14633 795 21995 4054 17227 21960 18765 16839 10758 380 1926 1829 10378 3419 1757 1288 469 6959 2493 718 3541 212 87 4781 3032
cat_boundaries=0 1 3 5 7 9 11 13 14
cat_threshold=3186616 8601601 458755 5062724 508176 150999015 325916 519401864 65732 219283939 483256 582185520 199307 2097152
is_linear=0
shrinkage=0.05


Tree=56
num_leaves=63
num_cat=3
split_feature=15 49 26 24 2 24 47 2 14 26 26 26 1 22 13 24 44 24 24 49 22 38 49 2 26 47 39 42 24 24 1 1 47 31 39 18 24 24 24 44 15 49 47 39 24 44 44 24 24 24 44 13 38 14 22 47 48 44 42 42 42 2
split_gain=12248.5 1934.2 873.052 693.401 565.025 476.943 438.056 475.353 354.702 281.128 214.009 193.286 192.53 175.198 175.132 142.754 120.539 140.579 137.496 129.521 118.715 122.93 117.6 114.333 115.206 172.746 114.193 108.57 105.02 102.745 114.786 95.416 112.982 94.8417 92.316 93.1275 91.0931 93.5291 88.7116 87.8348 84.9553 84.748 150.273 84.2784 82.9485 167.162 111.051 82.384 110.728 81.331 143.636 93.8233 78.976 78.1059 78.0638 76.1582 75.6915 85.4136 75.1928 286.753 170.12 146.115
threshold=0.18750000000000003 5.1285714285714299 0.040007737799148811 0.71763298620883775 0.8542199457734333 3.2703415247678023 3.5217927809630729 0.46472317204376884 2.5000000000000004 0.014280261795293602 0.035285226582180057 0.06960357886492112 0 0.12499999999999996 1.5000000000000002 1.5661136249371548 22.300000000000001 1.2892769607843138 1.5271739130434785 -7.4214285714285699 0.25732230392156868 2.5000000000000004 -10.121428571428568 0.99635443704902704 0.0096078023767136502 2.9953033731033818 1.0000000180025095e-35 -8.7999999999999989 5.2738440027963653 5.2738440027963653 1 2 3.5217927809630729 1.0309897716160625 0.38750000000000007 2.3750000000000004 1.285453431372549 0.95955882352941191 5.2738440027963653 15.900000000000002 78.625000000000014 -3.3428571428571421 2.1818639990377293 0.73214285714285732 2.1076426024955439 22.300000000000001 19.850000000000005 0.9987745098039218 1.2599120530565169 5.8108368347338937 21.650000000000002 1.5000000000000002 7.5000000000000009 17.500000000000004 0.24881652661064427 3.7646499238202167 1.0000000180025095e-35 31.100000000000005 9.8357142857142872 7.7357142857142867 9.7214285714285733 0.61559370248597556
decision_type=2 2 2 2 2 2 2 2 2 2 2 2 1 2 2 2 2 2 2 2 2 2 2 2 2 2 2 2 2 2 1 1 2 2 2 2 2 2 2 2 2 2 2 2 2 2 2 2 2 2 2 2 2 2 2 2 2 2 2 2 2 2
left_child=1 3 8 22 10 6 13 -8 14 49 33 29 23 52 20 16 17 19 39 27 21 -2 -1 24 25 -7 -14 -12 31 30 -4 32 -10 -5 -13 -36 37 -18 -16 -19 54 -39 -43 53 45 -17 -46 -44 -49 51 -51 -6 -3 -32 -37 -45 -26 -58 59 -54 61 -61
right_child=2 5 11 4 9 12 7 -9 28 -11 15 34 26 -15 38 44 36 18 -20 -21 -22 -23 -24 -25 56 -27 -28 -29 -30 -31 43 -33 -34 -35 35 40 -38 41 -40 -41 -42 42 47 55 46 -47 -48 48 -50 50 -52 -53 58 -55 -56 -57 57 -59 -60 60 -62 -63
leaf_value=0.057118013447568394 -0.0097814734349450407 -0.018952749905094102 -0.0021106101687977 -0.05865531462704951 -0.033266210739375024 -0.039733178206384855 -0.056234670057037917 0.0026152868025934987 -0.0012073413495906973 0.0026482391294097903 -0.046115750373785014 0.0087648022301841481 -0.047449348608017868 0.013688856548338702 -0.0044302378351087583 -0.056920860183164702 -0.057964184913604493 -0.048806463560234145 -0.05792717636543307 -0.051816447491219032 -0.0017083452626388573 -0.024282353489295798 -0.056761773312062225 0.088410016992377341 -0.031433109415170239 0.060158190997697009 -0.012232495164971413 0.11170157596975622 0.0010377115806934696 0.0024660514858354187 0.0030678994402895984 -0.0038499499168358994 0.005414849431064326 -0.031566379214368237 -0.0059865341774937081 0.0025482183002511895 -0.058253483929863972 0.019243407276343195 0.00128374952873049 0.02624654437578311 0.0060194001157264643 -0.057895788810042384 0.12453935837084409 0.00029173703020538347 0.0054927066253748049 0.031167050864927437 -0.026747737156355408 -0.056733845449539425 0.10966896069214485 0.083636639301079008 -0.019888502587763673 0.042810379492708266 -0.056201234535626303 0.013449841956198466 0.0060978186748336626 0.0060605579834263857 0.0096546852859470678 -0.040735045311751684 -0.055365355238216132 -0.048943161305502296 0.032488734626331735 -0.015902508693158558
leaf_weight=22.326765775680542 10539.625636875629 183.65606179833412 34157.168206930161 378.41648769378662 967.13420391082764 564.70311708748341 581.77765941619873 833.87830090522766 49779.289190888405 4620.5426974594593 18.824990019202232 7099.7016740441322 1045.3708697855473 103.00227415561676 32344.841730952263 64.312842577695847 150.38446356356144 43.035134166479111 70.203579857945442 253.87362259626389 3831.9604547023773 1697.459022462368 1134.1634578555822 26.083942770957947 200.46847976744175 45.94959568977356 296.72066652774811 23.461115062236786 72269.742673397064 105693.53489661217 18530.796179711819 29539.221247851849 7396.9862993955612 2280.1002810746431 2859.0454450249672 216350.54802751541 359.17184090614319 139.53046935796738 8596.2917181253433 340.59139131009579 22508.317451477051 148.47369915246964 17.130897879600525 106707.66268706322 501.6191978007555 306.44009131193161 569.06083296239376 29.542214065790176 13.860289692878721 44.262241244316101 127.95971742272377 41.411770343780518 2816.4565517157316 2007.5605916976929 16686.007343411446 6044.4696052074432 647.10660743713379 95.625774458050728 7075.7890603840351 719.58416366577148 104.20435661077499 628.3688557446003
leaf_count=44 7328 302 10677 1486 1316 2024 2704 403 11660 2002 57 940 4252 91 12707 115 637 115 148 760 2305 1929 4177 5 636 24 502 18 13785 10155 3258 9977 1468 5941 1502 17540 1183 208 2696 345 252 582 11 19478 438 473 1339 110 13 17 123 17 12899 71 1881 694 1159 314 32025 3304 103 1055
internal_value=-0.000115602 -0.0322131 0.00110236 -0.0176191 -0.0139072 -0.0437864 -0.0478771 -0.0215888 -0.00158327 -0.00291621 -0.0250745 0.0021793 -0.02551 -0.0510742 -0.00496686 -0.0160236 -0.0262619 -0.0115871 0.00589621 -0.0383247 -0.00939036 -0.0117952 -0.0545115 -0.0133662 -0.0152197 -0.0321224 -0.0393887 0.0418864 -0.000369897 0.00124545 0.000474967 -0.00154307 -0.000350389 -0.0354447 0.00313999 0.0029854 -0.0390537 -0.025133 -0.00323036 0.0177091 0.00308582 -0.0108276 -0.0309225 0.00113767 -0.00458791 0.0157614 -0.0116472 0.0350207 -0.00220854 -0.0246789 0.00701854 -0.0300982 -0.0516544 0.00408355 0.00280243 0.00060109 -0.00424864 0.00311431 -0.0521816 -0.0468913 -0.028805 -0.0335677
internal_weight=783275 28634.6 754640 12665.8 11509.3 15968.7 13046.7 1415.66 215995 5801.31 5708.03 538645 2922.03 11631.1 57010.2 3049.52 1608.08 749.99 453.83 296.16 16069 12237.1 1156.49 1579.94 1553.85 610.653 1342.09 42.2861 158985 273141 167448 86715.5 57176.3 2658.52 265504 258404 858.094 498.922 40941.1 383.627 255545 348.538 209.007 133290 1441.43 370.753 1070.68 60.5334 43.4025 1180.77 172.222 1008.55 11528.1 20538.4 233037 112752 943.201 742.732 11344.4 4268.61 1452.16 1347.95
internal_count=213780 83477 130303 21675 17454 61802 52886 3107 63855 3475 13979 66448 8916 49779 26965 6552 4187 1443 608 835 11562 9257 4221 4162 4157 2048 4754 75 36890 44333 34178 23105 13128 7427 22115 21175 2744 1561 15403 460 19673 924 716 23501 2365 588 1777 134 123 1473 140 1333 49688 3329 19421 20172 2109 1473 49386 17361 4462 4359
cat_boundaries=0 1 2 3
cat_threshold=2220 3587 184
is_linear=0
shrinkage=0.05


Tree=57
num_leaves=63
num_cat=9
split_feature=15 0 26 24 0 26 25 22 0 25 9 16 13 0 0 24 42 0 49 0 25 26 28 39 38 25 26 25 39 25 16 24 24 44 26 16 39 0 25 24 24 50 25 24 42 27 50 26 44 27 24 16 42 42 44 49 24 25 50 27 42 0
split_gain=11374.4 2304.25 801.146 692.502 426.41 404.957 390.752 377.267 313.271 311.527 291.233 208.146 207.793 195.619 193.097 194.769 240.964 173.994 169.711 149.401 148.289 132.246 125.797 124.172 102.612 101.763 101.593 99.3171 114.423 95.7627 92.8806 90.8862 192.255 175.373 89.9784 88.8113 83.6162 116.813 82.2634 84.9157 127.722 79.8372 77.7662 77.2602 85.8655 76.3854 72.8088 71.2139 70.7591 100.458 72.5191 94.1712 69.3368 318.717 125.038 117.936 100.706 150.483 86.5145 69.0094 96.1574 67.9062
threshold=0.18750000000000003 0 0.032938703161713163 3.6764705882352944 1 0.011859916494805103 3.0229001902526753 0.12499999999999996 2 3.1949956858688364 1.5000000000000002 0.57738095238095244 1.0000000180025095e-35 3 4 0.71763298620883775 14.714285714285717 5 9.9071428571428601 6 4.5855060370008847 0.0065103722046987002 105.00000000000001 0.41428571428571431 8.5000000000000018 1.6193911239349281 0.018053049081094903 7.5362144677271941 0.46428571428571436 5.5574056331669164 0.26136363636363641 2.3265250544662313 2.2579185520361995 20.150000000000002 0.018414145170253551 10.520833333333334 0.93750000000000011 7 3.1473405508241545 1.460639189886481 1.3165559772296018 10.65 4.7155924901984978 6.3504901960784323 4.6071428571428585 1.0208072590738426 2.9500000000000006 0.048239205471909859 24.450000000000003 5.2432098564764411 6.0748985801217055 1.0000000180025095e-35 9.8357142857142872 7.7357142857142867 25.600000000000005 4.8642857142857148 0.95955882352941191 2.16151095207135 15.750000000000002 2.7820684843280383 3.0142857142857147 8
decision_type=2 1 2 2 1 2 2 2 1 2 2 10 2 1 1 2 2 1 2 1 2 2 2 2 2 2 2 2 2 2 10 2 2 2 2 10 2 1 2 2 2 2 2 2 2 2 2 2 2 2 2 8 2 2 2 2 2 2 2 2 2 1
left_child=1 5 9 7 21 43 19 8 12 34 14 -10 47 26 18 16 -16 27 31 23 -19 -5 35 -4 59 -25 45 28 41 -15 -20 32 33 -7 -2 -6 37 -30 -35 40 -40 -8 -24 -1 -45 -11 -46 -3 49 -23 51 -50 53 55 -54 56 -49 58 -58 60 -17 -59
right_child=2 3 6 4 22 10 17 -9 11 13 -12 -13 -14 29 15 24 -18 20 30 -21 -22 48 42 25 -26 -27 -28 -29 36 -31 -32 -33 -34 38 -36 -37 -38 -39 39 -41 -42 -43 -44 44 46 -47 -48 52 50 -51 -52 -53 54 -55 -56 -57 57 61 -60 -61 -62 -63
leaf_value=-0.039787087512989157 -0.012985941573505536 -0.04439876714585872 0.016040667585768654 -0.029101508376802983 -0.051519511165027343 -0.05054911232618356 0.016838164819200929 0.018696150628775939 -0.055526830586622757 0.043034880469471438 -0.055147907156640641 0.013033699826232925 0.042431443165671254 -0.001230151701561423 -0.052898371447346604 -0.019645487402783005 0.019365999830796416 0.00038953068952415145 -0.057618998759365804 -0.0026080845090860126 0.0025388535345805779 -0.026803099056117004 -0.0062166640585135631 -0.012840401635409594 -0.027403657230113766 0.0017901136710165759 -0.0030147157825195334 0.0061452216017901006 -0.0020251063400643829 0.0021410458045010424 0.076314548384808792 -0.037315249186388864 0.040167914211930472 -0.01707151927556853 -0.0057186886437739842 0.12499604759729976 0.0037126956158003116 0.0030791602003615161 0.016814180410241027 0.03155281262801457 -0.058113263481498582 0.00040641793179892394 -0.038780799854158547 -0.047345070206333828 0.068964354297913838 -0.010213199159306966 -0.018842235238896186 -0.057803196225328514 0.037602449801777044 0.02051229568603985 -0.019593673881386206 -0.010340399905966517 0.05888103816153311 0.022273416943904566 -0.054936765471318941 -0.057053426708079939 -0.020643464893632012 -0.0035869362820754912 0.077765460667394523 0.0063482740780582249 0.0048645927229633498 -0.03826960820091091
leaf_weight=1399.5398274362087 5399.2175995707512 3795.5521545112133 1463.2872272133827 319.15755331516266 942.38645397126675 273.9245193451643 2490.2711611390114 214.43553844094276 8098.1318547129631 66.990004062652588 319.5286953151226 111.76946446299553 76.189195096492767 57008.476712942123 372.24318519234657 721.22041347622871 166.21073341369629 130766.30277234316 315.74809618294239 60706.605911970139 207760.85113352537 274.35721433162689 365.81376297771931 1249.764517724514 302.08421388268471 23868.420377790928 26265.784543335438 32293.120433688164 17997.83882188797 33409.779254257679 12.629412263631819 329.73351991176605 179.15178710222244 697.69607804715633 20212.314843356609 6.24593162536621 96361.308045625687 29679.364056825638 153.95896176993847 230.87565393745899 88.858665943145752 1052.0901970863342 368.31853879988194 62.936386540532112 49.154532313346863 7151.6875213086605 43.831095829606056 206.96633403003216 403.47627374529839 188.27909159660339 105.9732099622488 136.46636915206909 24.560093879699707 263.61780914664268 483.65694509446621 500.78547403216362 35.256849378347397 226.12812711298466 58.031526058912277 3626.5794736742973 896.15640044212341 424.92625208199024
leaf_count=3329 3216 14018 240 889 4053 935 241 172 38671 8 1514 183 39 17703 1094 693 26 24729 1499 17964 17932 542 882 527 398 5218 8830 992 2167 5674 15 761 65 1093 8626 1 8940 3298 57 199 183 149 1134 125 13 3849 74 930 508 28 169 281 13 274 2319 2299 102 651 44 1559 333 1310
internal_value=-0.000111429 -0.031478 0.00104626 -0.0424298 -0.0210312 -0.0125694 0.00185538 -0.0470409 -0.0480278 -0.00223148 -0.00837157 -0.054525 -0.0391153 -0.00119374 -0.00657826 -0.0019033 -0.0305879 0.00237651 -0.0189402 -0.0012395 0.00170858 -0.000784107 -0.0379657 0.00188613 0.000882305 0.00106149 -0.0044577 0.00363322 0.00308373 1.54674e-05 -0.0522367 -0.0134156 -0.00854144 -0.0146062 -0.00725135 -0.0502216 0.00286529 0.00115245 -0.00616088 0.00990083 -0.0107108 0.0119608 -0.0225916 -0.0360698 -0.00263134 -0.00971247 0.0277612 -0.0402201 0.00737592 -0.00753366 0.0180577 0.0254793 -0.0330695 -0.0282266 -0.0493218 -0.037407 -0.0270104 -0.0183756 0.0406959 0.00251762 -0.00606723 -0.026897
internal_weight=783076 27872.5 755203 17630.5 3110.47 10242.1 605689 14520 14305.6 149514 8686.6 8209.9 6095.67 123903 8367.07 6084.49 538.454 518401 2282.58 87288.1 338527 1427.71 1682.76 26581.5 5546.04 25118.2 33484.5 179874 147581 90418.3 328.378 1954.2 1624.47 1445.31 25611.5 948.632 144039 47677.2 1171.39 473.693 242.818 3542.36 734.132 1555.46 155.922 7218.68 92.9856 6019.48 1108.55 462.636 645.916 539.943 2223.93 1715.71 508.217 1452.09 951.309 744.343 93.2884 5243.96 1617.38 651.054
internal_count=213780 83477 130303 69512 8487 13965 82397 61025 60853 47906 10424 38854 21999 36064 8910 4103 1120 58448 4807 23949 42661 2417 6070 5985 2983 5745 12687 15787 14795 23377 1514 3293 2532 2467 11842 4054 14405 5465 1532 439 240 390 2016 3541 212 3857 87 21960 1528 570 958 789 7942 5610 2332 5336 3037 2107 146 2585 1026 1961
cat_boundaries=0 1 3 5 7 8 9 11 12 14
cat_threshold=3186616 8601601 458755 5062724 508176 150999015 325916 1048728 44425744 516964352 81924 2392080 64 278528
is_linear=0
shrinkage=0.05


Tree=58
num_leaves=63
num_cat=10
split_feature=15 21 0 26 25 24 26 31 21 22 26 25 24 42 25 42 42 39 0 26 0 0 24 0 24 0 25 49 25 0 0 24 25 48 50 24 37 25 0 24 24 49 25 25 24 13 42 24 26 24 25 39 28 42 26 24 25 0 24 24 42 42
split_gain=10557.6 2855.54 1226.9 742.713 373.071 359.934 303.282 289.76 278.545 269.494 262.469 230.953 212.767 443.706 426.255 210.227 224.022 204.678 171.74 169.348 163.648 155.777 141.355 128.551 126.28 284.439 198.509 128.507 125.103 124.55 124.37 120.406 165.215 132.83 109.247 109.171 98.7167 95.4513 213.784 136.578 112.198 94.7903 94.3166 82.6198 78.9392 75.5756 74.7979 113.053 74.1639 73.5092 114.207 73.4089 69.8924 69.7633 85.4341 69.0238 68.4877 68.2611 92.6876 74.1747 76.0953 67.714
threshold=0.18750000000000003 18.500000000000004 0 0.049377376806818453 3.1949956858688364 0.95955882352941191 1.0000000180025095e-35 1.0309897716160625 15.500000000000002 0.12491987179487171 0.016883707070932154 2.4668421375839582 3.7451018099547517 9.8357142857142872 5.1984264468287211 5.7857142857142865 3.914285714285715 1.0000000180025095e-35 1 0.024215354901013956 2 3 0.9987745098039218 4 1.5661136249371548 5 2.2612878619175967 -3.4428571428571426 3.0956278983358874 6 7 1.2723875432525953 3.3147607407517543 1.0000000180025095e-35 0.25000000000000006 1.2047735760971057 1.0000000180025095e-35 3.161478875374879 8 1.4537676912870414 0.79852133160956706 -5.864285714285713 8.0511516332111182 5.7184807633204207 5.4498170235836279 1.0000000180025095e-35 1.2142857142857144 2.2355481283422463 0.03789299120334786 0.64800579322638152 1.8839463754919217 0.46428571428571436 42.500000000000007 14.785714285714288 0.010121075296461701 4.6521542827657383 1.0339370996192301 9 1.7671720862257949 2.5755090497737565 -6.6357142857142852 3.0142857142857147
decision_type=2 8 1 2 2 2 2 2 8 2 2 2 2 2 2 2 2 2 1 2 1 1 2 1 2 1 2 2 2 1 1 2 2 2 2 2 2 2 1 2 2 2 2 2 2 2 2 2 2 2 2 2 2 2 2 2 2 1 2 2 2 2
left_child=1 6 5 4 19 41 -1 -7 21 17 55 56 13 14 15 16 24 45 -19 -2 -12 -6 -18 -21 25 31 27 -27 46 36 -14 33 -33 -9 48 -35 42 38 40 53 -8 49 -13 -31 -22 -4 -26 -48 -34 -3 -51 -45 -32 54 -40 -10 -5 58 -30 -59 -61 -39
right_child=3 2 9 11 8 7 37 12 10 -11 20 29 30 -15 -16 -17 22 18 -20 23 44 -23 -24 -25 28 26 -28 -29 57 43 52 32 34 35 -36 -37 -38 61 39 -41 -42 -43 -44 51 -46 -47 47 -49 -50 50 -52 -53 -54 -55 -56 -57 -58 59 -60 60 -62 -63
leaf_value=-0.058571584964004553 -0.010051353475796568 -0.053927385867877722 -0.055196230674168872 -0.013019577885016379 0.0045579512045137481 -0.058697089775279356 -0.056394748031571129 -0.056932447967230765 -0.014216286767694595 0.005332536414669106 -0.0036372985712750296 0.0030018596279499238 0.0081909121548892003 -0.054768466373758928 -0.058705782618211147 0.048158198516734883 0.073350365888129751 0.013456230299315431 -0.04098092487611079 -0.00062863773924470715 -0.0012069996731335639 0.00054036127949028589 -0.050193776327109058 -0.0055389501659724822 -0.036622962490877924 0.040189615638660491 -0.051754926999229213 -0.054827673109165365 -0.045060537503030844 0.0014483246140745694 0.054654863642333497 0.0199552356651693 -0.055531689060422051 0.047885029884489172 -0.056513124612855514 -0.045388728808841386 0.011125709247391011 -0.009585895112349984 -0.046812889265556906 -0.037191898595040837 -0.017857796656210435 -0.058695566412624273 0.0068104934147747639 0.01066691767393005 0.0016206092779916107 0.049638245601928338 0.1278287303352694 -0.047819189012793133 0.063677635665125173 0.037999463337464963 -0.038134348823862498 0.0029396851263841714 -0.035118085219998589 0.04689772924010735 0.0042449601389386339 -0.0059046664476305986 -0.0017674766613718048 0.030437653094114003 0.0087265897154839775 0.073621786339890624 -0.047015264275233795 0.004734537651868178
leaf_weight=252.32387080788612 10566.536624163389 160.4762102663517 9958.5459498018026 1437.5395300984383 37481.747548758984 503.77529212832451 297.33817203342915 170.95261596143246 3876.4887010753155 201.02051788568497 36960.373805105686 86852.929530382156 947.13885927200317 947.27082712948322 541.04002399742603 141.75439938902855 23.413084596395493 185.99517574906349 627.46132607758045 26264.28804820776 47512.191418021917 67721.633792310953 488.2663688659668 27081.139850437641 239.67886155843735 110.69438070058823 658.78487600386143 51.221527203917503 101.68335327506065 193259.54523646832 22.496484979987144 687.44656214118004 18.388400912284851 76.574567288160324 136.14204522967339 51.671522378921509 4691.0366885662079 1072.2518916428089 85.656684815883636 229.22107845544815 520.50270667672157 964.39815211296082 20002.081920146942 3163.4728089570999 51365.867669165134 16.447338998317719 17.390239834785461 17.412802428007126 39.138863295316696 79.20344278216362 126.6547159999609 107827.22620028257 290.93453066051006 88.237437829375267 1499.6779860258102 7038.4178072810173 22633.927537918091 484.39289021492004 362.94498774409294 15.541581571102141 61.730013325810432 3573.5321558117867
leaf_count=938 5714 682 50137 892 5349 2160 974 483 2394 202 9890 7421 986 4467 2237 90 26 312 2387 8233 15083 12632 2034 10728 539 134 2030 207 178 26271 28 595 41 55 325 77 520 406 152 410 705 4556 474 192 10155 17 21 49 44 159 419 4417 782 46 888 3432 6506 552 281 18 116 1532
internal_value=-0.000107436 -0.0307426 -0.0408712 0.000993044 -0.000856651 -0.0265372 -0.00477879 -0.0221504 8.7816e-06 -0.0519332 -0.00139878 0.00232132 -0.0193951 -0.0236808 -0.0171195 -0.0114162 -0.013644 -0.0530493 -0.0288646 -0.00426843 -0.000799317 0.00197231 -0.0443989 -0.0031227 -0.0088644 -0.0167456 -0.0391022 0.0099485 0.0032592 0.00259699 -0.000879819 -0.000838277 0.00845928 -0.0282004 -0.0322139 0.0102051 0.00402634 -0.00292783 -0.0103637 -0.00107569 -0.0315412 -0.050459 0.0037149 0.00207273 0.000261831 -0.0550179 -0.0266589 0.0409271 0.0251896 -0.0286614 -0.00877578 0.00316007 -0.0276268 0.00388081 0.00145535 -0.00885807 -0.00244017 0.0112838 -0.00304012 0.0227756 -0.0220571 0.00142694
internal_weight=782883 27146.8 19528.1 755736 315869 8538.61 7618.74 7207.88 251957 10989.5 146753 439868 6704.1 5443.53 4496.26 3955.22 3813.47 10788.4 813.457 63912 135838 105203 511.679 53345.4 3301.79 2001.02 820.701 161.916 1300.77 415796 1260.57 1180.31 881.116 299.199 193.669 128.246 111546 7366.42 2720.63 1902.79 817.841 1330.73 106855 304250 98878.1 9974.99 274.482 34.803 57.5273 366.334 205.858 110991 313.431 1673.57 1585.33 10914.9 24071.5 1026.29 464.628 561.664 77.2716 4645.78
internal_count=213780 83477 77426 130303 83610 24371 6051 18555 58935 53055 40954 46693 16395 14599 10132 7895 7805 52853 2699 24675 35128 17981 2060 18961 5745 3991 2371 341 1754 39295 1796 1620 1005 615 410 132 8415 5113 3175 1496 1679 5816 7895 30880 25238 50154 609 70 85 1260 578 4609 810 1086 1040 5826 7398 1145 459 686 134 1938
cat_boundaries=0 2 4 6 7 9 11 13 15 16 18
cat_threshold=8389116 508163 3073376256 6196 24379522 284696 6569984 1794236808 228 360 65536 44122640 8 8388880 458755 187392 296 32768
is_linear=0
shrinkage=0.05


Tree=59
num_leaves=63
num_cat=14
split_feature=19 21 0 26 24 25 38 26 31 13 24 42 25 25 0 21 0 0 26 0 38 25 24 24 24 0 0 25 24 28 0 25 47 49 25 38 42 24 2 26 47 30 0 0 28 23 24 25 2 24 24 0 24 25 2 42 0 0 3 32 0 17
split_gain=9799.26 2756.49 1220.72 670.666 353.24 328.048 327.473 290.3 284.74 264.202 200.499 433.204 414.267 192.778 193.735 187.268 334.877 255.874 171.591 166.843 142.879 136.789 193.016 166.856 116.209 114.323 113.687 103.112 96.9207 131.985 118.863 116.785 121.461 96.1148 95.6123 95.4985 94.3587 169.74 157.799 104.905 114.298 104.857 87.116 82.3024 82.0883 81.6456 79.3327 77.2759 110.105 75.4593 84.6397 72.0872 71.6029 104.266 71.5899 70.9305 67.1182 66.9459 66.5511 66.4921 66.2494 65.4661
threshold=0.75000000000000011 18.500000000000004 0 0.032938703161713163 0.95955882352941191 2.3611733746099497 7.5000000000000009 1.0000000180025095e-35 1.0309897716160625 2.5000000000000004 3.7451018099547517 9.8357142857142872 5.1984264468287211 3.8533727627417584 1 inf 2 3 0.084949876171295416 4 2.5000000000000004 2.1059049874115732 1.7343464559736941 2.2355481283422463 4.037051184110009 5 6 3.5570163169082316 2.737841671994885 77.000000000000014 7 8.0511516332111182 -6.3052123010304308 -5.864285714285713 4.7349668438947559 8.5000000000000018 14.714285714285717 0.59633714596949905 0.78574730703237894 0.050070448810054506 -1.8650572851930549 0.49739936199665796 8 9 142.00000000000003 1.0000000180025095e-35 4.1120837223778404 3.7328353900785989 0.70581670320594825 2.5755090497737565 2.4894385026737971 10 0.64800579322638152 1.8839463754919217 0.61559370248597556 5.7857142857142865 11 12 0.8542199457734333 2.8474011770836962 13 7.934628311360485
decision_type=2 8 1 2 2 2 2 2 2 2 2 2 2 2 1 8 1 1 2 1 2 2 2 2 2 1 1 2 2 2 1 2 2 2 2 2 2 2 2 2 2 2 1 1 2 2 2 2 2 2 2 1 2 2 2 2 1 1 2 2 1 2
left_child=1 7 4 9 33 60 51 -1 -6 19 11 12 13 14 27 17 -17 -7 24 -2 46 58 47 -24 -18 59 -15 -10 45 -30 31 32 -31 52 56 36 37 38 41 -39 -41 -9 -37 -20 -19 -8 -21 55 -49 50 -28 -4 -3 -54 -43 -23 -11 61 -16 -12 -5 -36
right_child=3 2 6 5 8 15 28 35 10 34 25 -13 -14 26 21 16 18 44 43 20 -22 22 23 -25 -26 -27 49 -29 29 30 -32 -33 -34 -35 57 42 -38 39 -40 40 -42 54 -44 -45 -46 -47 -48 48 -50 -51 -52 -53 53 -55 -56 -57 -58 -59 -60 -61 -62 -63
leaf_value=-0.05855877817706872 0.00034267440416894056 -0.053664240390277229 0.021941642416226929 -0.00098300679627209495 -0.058690635191262656 0.0053650875451448175 -0.056143121131987994 0.044855688345228191 -0.00268806793870096 -0.0049887939270559954 -0.02484012675456496 -0.054543429346353089 -0.058699769599644597 0.028108037257199327 -0.051556805325640491 -0.0027178768587358092 -0.0015482667142230745 0.00073341334157230509 0.0060375296795393994 -0.0092070490715425758 -0.022168807915120541 -0.052256341251673312 0.047932034809821264 -0.033454468909024489 0.001563724192128008 -0.026866668905480381 -0.014485241921042773 -0.055551631657784185 -0.056646955248782022 0.18129686121131561 -0.045082390794323683 -0.058161499171873743 -0.00078102540078427575 -0.058688453932234291 -0.0017352179145793973 0.0056119947670441222 0.021876679805708 -0.0047185940790527153 -0.055763202453426267 -0.03992231007314033 0.012656930295838316 -0.003322929876509314 -0.037381514847217807 0.0027077142177851527 0.0031003022648976516 0.05743963889940077 -0.0040660298625389947 -0.057241810347449712 0.058814583836499561 -0.053176487681064644 0.057813844397259444 -0.021704243772019138 0.035290668069154089 -0.03738154979813068 -0.057378201027923431 0.02753239623665318 -0.0011244086582621157 0.0018839846357824451 0.038731994679896006 0.013152588522579859 -0.0055585026004922704 -0.024181381320246432
leaf_weight=240.06929469108582 9512.9808863997459 153.38439032435417 123.97392964363098 15833.713059365749 479.25738617777824 79185.141900718212 8083.1842987537384 79.398745059967041 1720.7709401398897 15296.258117079735 132.94937533140182 904.70121768116951 514.70470289885998 432.58103743195534 24.875758081674576 46607.634643435478 36563.755735874176 78372.797394812107 24793.509862303734 14034.482439696789 1519.4514487981796 880.84131224453449 113.96815240383148 138.2409660667181 167024.50898063183 306.1799802929163 162.98649448156357 96.499273210763931 974.37041285634041 8.4284807294607145 585.94149667024612 95.405827566981316 318.89179287850857 917.47244414687157 12208.221237778664 178.37934097647667 414.4872031211853 3865.3394392430782 273.60968622565269 108.68370324373245 1791.2209074646235 203.64009273052216 345.3291597366333 74095.862611174583 68793.94726973772 15.052370786666868 16142.97429305315 39.350728139281273 40.405175626277924 80.150066122412682 52.741370737552643 315.2748194038868 81.046136304736137 122.8624387383461 86.820934683084488 28.093727439641953 42349.947230935097 37735.733526587486 96.143834963440895 819.47520667314529 15838.555128097534 332.78116321563721
leaf_count=938 3330 682 175 5120 2160 6593 43184 60 2315 5004 273 4467 2237 121 94 6321 10689 9690 1489 8228 1805 3539 155 402 25428 810 327 265 4915 10 2625 482 1063 4556 2849 241 160 2418 886 70 484 72 576 5133 6202 12 8373 162 27 218 81 589 159 419 146 44 11891 6387 145 713 5732 39
internal_value=-0.000103697 -0.0300197 -0.0402574 0.000942554 -0.0258552 0.00168054 -0.0515965 -0.0045676 -0.0215082 -0.0020617 -0.0187931 -0.023033 -0.0165748 -0.0110113 -0.0163273 0.00195322 0.00122687 0.00307339 0.00183476 -0.00546737 -0.00720905 -0.0304966 -0.0356694 0.00334674 0.00100479 -0.000839562 0.0121728 -0.00549672 -0.053487 -0.0435077 -0.0307667 -0.00956271 0.00443016 -0.0501098 -0.00076117 -0.00279496 -0.0012133 -0.00271062 -0.0270467 8.93162e-06 0.00962709 -0.00569668 -0.0233507 0.00354355 0.00183975 -0.0559243 -0.00645733 -0.0456206 0.0014919 -0.0116778 0.00335264 -0.00934699 -0.0279649 -0.00844136 -0.019639 -0.0497572 -0.00215103 0.000832323 0.0198616 0.00774223 -0.00327343 -0.00233126
internal_weight=782689 26447.2 18860.2 756242 8339.68 607109 10520.5 7586.98 7064.92 149133 6585.66 5327.05 4422.35 3907.65 3179.19 575437 349085 226352 302478 41209.9 31696.9 1361.92 1240.9 252.209 203588 1258.6 728.459 1817.27 10081.3 1983.04 1008.67 422.726 327.32 1274.77 107923 7346.91 6823.2 6408.71 643.469 5765.24 1899.9 369.86 523.709 98889.4 147167 8098.24 30177.5 988.691 79.7559 295.878 215.728 439.249 357.293 203.909 290.461 908.935 57646.2 50276.7 121.02 952.425 31672.3 12541
internal_count=213780 83477 77426 130303 24371 82397 53055 6051 18555 47906 16395 14599 10132 7895 7148 71545 49060 22485 42739 21736 18406 4568 4329 557 36117 1796 747 2580 52291 9095 4180 1555 1073 5816 26170 5113 4296 4136 1164 2972 554 278 817 6622 15892 43196 16601 3772 189 626 408 764 1260 578 218 3583 16895 9275 239 986 10852 2888
cat_boundaries=0 2 3 5 6 7 9 11 13 14 16 18 20 22 24
cat_threshold=8389116 508163 428 23330818 262144 6569984 6381568 8388880 458755 112 256 942083 2564 4247552 9125968 65544 907018240 2068 151261178 284936 50859938 358428 2245816721 221313
is_linear=0
shrinkage=0.05


Tree=60
num_leaves=63
num_cat=12
split_feature=19 21 0 26 16 30 25 31 26 21 26 30 42 25 25 25 0 26 0 0 25 30 30 0 38 29 0 37 25 0 43 0 25 49 25 25 0 42 30 3 30 26 0 30 13 25 3 43 42 38 0 30 16 43 0 20 30 30 43 30 30 29
split_gain=9089.56 2655.23 1216.52 619.62 402.464 346.762 320.274 279.854 277.753 238.614 231.243 187.95 423.281 402.882 187.441 176.654 183.913 146.778 142.232 130.831 128.475 185.825 149.562 113.106 110.945 109.095 106.425 109.873 123.222 111.18 102.947 101.11 98.4907 97.4096 90.1769 86.8655 84.3475 79.8593 107.133 153.469 93.8501 82.4935 123.177 125.328 76.9513 74.9057 100.376 74.2847 76.7373 72.9863 74.4786 102.349 76.5462 72.76 72.2657 72.1436 71.8684 74.5431 71.7444 72.8403 161.364 78.9077
threshold=0.75000000000000011 18.500000000000004 0 0.049377376806818453 1.0000000180025095e-35 1.0149608353249 3.1949956858688364 1.0309897716160625 1.0000000180025095e-35 14.500000000000002 0.015908411030283655 3.743435717169453 9.8357142857142872 5.1984264468287211 2.4668421375839582 3.8533727627417584 1 0.024215354901013956 2 3 2.1059049874115732 1.7558112528462411 2.196875052209398 4 11.500000000000002 4.3484057455078053 5 1.0000000180025095e-35 8.6946318564515845 6 15.350000000000001 7 3.5570163169082316 -5.864285714285713 8.0511516332111182 6.3808308673971199 8 14.714285714285717 0.63067183036831309 -0.61559370248597534 0.49739936199665796 0.0060820248065185005 9 2.8059533967383845 1.0000000180025095e-35 3.7328353900785989 0.78574730703237883 2.7500000000000004 16.00714285714286 8.5000000000000018 10 0.91036851985595202 0.26136363636363641 0.45000000000000007 11 0.10000000000000035 2.5879974797532883 2.5048158213303502 0.80000000000000016 1.3839943983197489 1.4489407840759825 5.3169624916079767
decision_type=2 8 1 2 10 2 2 2 2 8 2 2 2 2 2 2 1 2 1 1 2 2 2 1 2 2 1 2 2 1 2 1 2 2 2 2 1 2 2 2 2 2 1 2 2 2 2 2 2 2 1 2 10 2 1 2 2 2 2 2 2 2
left_child=1 8 5 6 24 33 17 -7 -1 19 -11 12 13 15 -5 16 32 -2 -12 47 30 45 -23 -19 44 36 27 28 -16 -29 -18 -17 -9 53 37 -6 -13 38 39 40 -10 42 43 -40 -4 -22 -47 -8 -49 50 52 -52 -43 -3 -51 -21 57 -33 -53 -60 -61 -62
right_child=3 2 4 14 35 7 9 11 34 10 18 25 -14 -15 26 31 20 23 -20 55 21 22 -24 -25 -26 -27 -28 29 -30 -31 -32 56 -34 -35 -36 -37 -38 -39 41 -41 -42 49 -44 -45 -46 46 -48 48 -50 54 51 58 -54 -55 -56 -57 -58 -59 59 60 61 -63
leaf_value=-0.058545324756656747 -0.0093848146569133206 0.026838361582901451 -0.054631624828824332 -0.0021933957115213031 -0.0057051059376182845 -0.058683852024038356 0.0063684558155975377 -0.0025587234842237884 0.041514967901777167 -0.0089348495022022034 -0.0034172711186793896 -0.0005910379599079192 -0.054307054939830929 -0.058693450664474234 0.0022689827782345971 0.026268455359172271 -0.053494697784177585 -0.00061304523765536825 0.00019838184720917442 -0.0026025640310486492 -0.049332538604517154 0.044282618948819713 -0.032655747640624309 -0.0052261771028625191 0.0085493729269007935 0.021192726274874153 0.0013624701392181192 0.001091792868681569 0.005247556629867158 0.012076662310518353 0.047311528259688991 -0.013915998258076628 -0.055373497174621603 -0.058680944202157373 0.0093772893129563644 -0.056756253813350102 -0.034797137373655217 0.014152419039561787 -0.057167343374323644 -0.055591655698253209 -0.018988802293105463 0.017140261228185068 -0.035605248665609511 0.048996580441387078 0.038768035931111708 0.054153579855759408 -0.05716499678769843 0.0013394505500196982 0.010087882636484941 0.013608687829989079 -0.036016582744387411 -0.035664601018596039 -0.035059489330687497 -0.036824382979617369 -0.038131350522257287 0.0013296372812000193 -0.052882067537741467 0.053226043282752558 0.016331488101827277 -0.056024695357632819 -0.0040456099320491405 0.024481778961483805
leaf_weight=228.41237396001816 10447.680807590485 52.008486926555634 9326.8286845982075 23984.112904131413 557.41157954931259 455.93522749841213 17764.929997503757 1717.5051650255919 81.522093057632446 9286.2519000768661 37321.123959600925 624.48074841499329 864.23530188202858 489.65376599133015 200508.52738410234 440.29581266641617 34.466741696000099 26801.513043880463 100208.54622220993 15886.011454790831 871.90650926530361 117.18837291002274 134.65774086117744 26367.716750711203 70.099383041262627 387.9472808688879 164632.86504352093 3612.6728914380074 41999.856523036957 6403.6323347687721 87.776792749762535 161.25690011680126 92.084047496318817 872.83582527935505 1280.1770369410515 97.104763150215149 244.63639478385448 487.70037750899792 37.536454364657402 261.05179482698441 285.85851354897022 805.80036264657974 416.90629534423351 98.9865463078022 21.383473455905914 41.738898277282715 37.4819296002388 24824.85759562254 2787.5525825023651 89.877432256937027 228.98769800364971 144.03923398256302 75.941458493471146 296.71420156955719 239.47738778591156 43883.742719590664 76.660441994667053 54.462892100214958 570.07477366924286 137.1255886554718 1807.1654553115368 278.92485499382019
leaf_count=938 5714 88 51406 7398 1070 2160 2376 2315 60 5140 10095 835 4467 2237 19350 121 133 8480 25748 3967 3583 155 402 10481 268 291 17562 541 981 861 106 327 265 4556 189 292 670 294 61 886 218 469 599 68 19 27 162 3927 385 128 377 68 94 1172 457 7297 218 81 254 120 719 52
internal_value=-0.000100096 -0.0292931 -0.0396226 0.00089465 -0.0512576 -0.0251543 -0.000796942 -0.0208511 -0.00436928 3.41921e-06 -0.00129871 -0.0181792 -0.0223572 -0.0160078 0.00210478 -0.0105884 -0.0157545 -0.0039669 -0.000783005 0.00182161 -0.0298166 -0.0350044 0.00315878 -0.00290204 -0.0539433 -0.000817251 0.00235191 0.00299678 0.00278488 0.0081288 0.0186451 0.0114998 -0.00524916 -0.0497465 -0.00267198 -0.0133618 -0.0106606 -0.00522484 -0.00692789 -0.0263556 -0.00547314 -0.00444598 -0.0226174 0.018241 -0.0544133 -0.0451075 0.00136679 0.00384537 0.00222314 -0.00214282 -0.000297332 -0.00388225 0.012463 -0.0272658 -0.0247408 0.000284353 -0.0112491 0.0031797 -0.00137724 0.000401169 -0.00368693 -0.000219
internal_weight=782506 25784.3 18228.8 756722 10072.8 8155.93 315580 6934.37 7555.57 251963 146816 6478.44 5221.37 4357.14 441142 3867.48 3134.81 63616.9 137530 105147 1325.22 1202.97 251.846 53169.2 9418.31 1257.06 417158 252525 242508 10016.3 122.244 732.676 1809.59 1221.56 7327.15 654.516 869.117 6046.98 5559.28 628.432 367.381 4930.84 553.429 136.523 9348.21 951.127 79.2208 45377.3 27612.4 4377.41 4048.06 3166.32 881.742 348.723 329.355 59769.8 292.38 215.72 2937.33 2793.29 2223.22 2086.09
internal_count=213780 83477 77426 130303 53055 24371 83610 18555 6051 58935 40983 16395 14599 10132 46693 7895 7148 24675 35843 17952 4568 4329 557 18961 51693 1796 39295 21733 20331 1402 239 747 2580 5816 5113 1362 1505 4924 4630 1164 278 3466 728 129 51425 3772 189 6688 4312 2738 2153 1590 563 1260 585 11264 626 408 1213 1145 891 771
cat_boundaries=0 2 3 5 6 8 10 11 13 15 16 17 18
cat_threshold=8389116 508163 428 24379522 284696 7618560 1794236808 740 2729964348 34957 41947428 112 256 8388888 459008 163840 1378304 20480
is_linear=0
shrinkage=0.05


Tree=61
num_leaves=63
num_cat=10
split_feature=15 0 24 26 0 26 0 25 9 13 39 0 25 0 39 16 22 37 44 47 27 24 26 25 0 25 0 25 24 24 42 49 0 50 24 24 2 13 22 0 26 24 24 22 25 24 47 22 13 44 42 16 26 44 24 0 24 28 24 22 24 42
split_gain=8426.86 2036.25 712.437 561.321 449.456 356.586 350.075 283.977 249.721 228.364 170.371 157.6 152.071 148.434 133.411 130.407 125.258 124.483 159.932 118.106 137.679 154.906 115.614 114.801 112.965 102.337 115.203 104.841 128.017 115.886 169.891 103.429 98.3354 110.264 110.117 98.0019 101.693 96.4104 152.564 93.1205 90.8436 89.035 84.2418 84.0998 82.8404 79.9544 78.9272 78.2499 77.4267 84.6211 149.317 103.443 79.1822 76.5072 76.1532 115.522 208.939 75.7865 75.7107 74.1573 73.4076 77.9201
threshold=0.18750000000000003 0 2.4481024667931695 0.032938703161713163 1 0.011859916494805103 2 3.7127746414297218 1.5000000000000002 2.5000000000000004 1.0000000180025095e-35 3 2.7784219526305605 4 0.46428571428571436 0.57738095238095244 0.12499999999999996 3.5000000000000004 28.200000000000006 2.9953033731033818 1.0208072590738426 3.6764705882352944 0.0049488993829708014 2.3611733746099497 5 2.8041304077011548 6 3.143669503351028 2.3265250544662313 1.460639189886481 14.407142857142858 9.9071428571428601 7 18.350000000000005 0.64800579322638152 1.2317558602388328 0.78574730703237894 1.0000000180025095e-35 0.12499999999999996 8 0.015908411030283655 4.7616926182237611 0.75926279602750202 0.25000000000000011 5.5574056331669164 8.809640522875819 3.8901462451385291 0.12499999999999996 1.0000000180025095e-35 28.450000000000003 15.971428571428572 0.087121212121212113 0.057701027493838007 23.700000000000006 1.644594226579521 9 2.0562834224598938 105.00000000000001 3.7451018099547517 0.12499999999999996 6.3504901960784323 4.6071428571428585
decision_type=2 1 2 2 1 2 1 2 2 2 2 1 2 1 2 10 2 2 2 2 2 2 2 2 1 2 1 2 2 2 2 2 1 2 2 2 2 2 2 1 2 2 2 2 2 2 2 2 2 2 2 10 2 2 2 1 2 2 2 2 2 2
left_child=1 5 6 9 17 60 16 11 12 13 47 -5 32 -2 39 -8 48 57 19 20 -19 59 -20 -13 43 -14 27 35 29 30 -29 -31 33 -7 -34 36 -27 38 -15 -9 -23 -24 -36 -16 -11 -26 -25 -6 49 50 52 -51 54 -44 -3 56 -56 -4 -30 -22 -1 -62
right_child=3 2 4 7 10 8 15 14 -10 44 -12 23 25 37 24 -17 -18 18 22 -21 21 40 41 46 45 26 -28 28 58 31 -32 -33 34 -35 42 -37 -38 -39 -40 -41 -42 -43 53 -45 -46 -47 -48 -49 -50 51 -52 -53 -54 -55 55 -57 -58 -59 -60 -61 61 -63
leaf_value=-0.037796958084683703 -0.00084715086829329183 -0.046802302230575951 -0.054042428329309534 -0.0026203880459100813 -0.047194120889249298 -0.049800579912805454 -0.057255088758129673 0.017054759074827425 -0.054363399998286835 -0.0017483193973517703 -0.010837808077310487 -0.0024704015097120422 0.062560063336243019 -0.027028303386914601 0.0027111419104530817 0.014246785479396052 0.022055576603282542 -0.058409017625771734 -0.043289912271365374 0.051561342366453461 -0.042202026304778956 -0.021878331121902246 0.020112388599234844 0.001276389008162725 0.00085805246196653164 -0.054481317759332959 0.0015081510050663416 -0.058421847754351025 -0.058068092979520904 0.024659810782219564 0.0083344910102998403 -0.057305264539259618 -0.036678575248009278 -0.00031072606235447791 0.049981041256133139 -0.048453379808650075 0.12355506239879084 -0.005791862296615987 -0.0079273550296402075 0.0053474318976857761 0.011914152847606913 0.077534590270897041 -0.028941954452478331 0.0065436199811584163 0.0011294383223479374 0.0030064112346594556 0.016994378139848453 0.016654814173009458 0.03619675101108847 -0.053925122748801457 0.021706670153931934 0.041641033122946106 -0.026208080075828477 0.0035226771885518444 0.047595305004689455 -0.041548559343982751 -0.054045091175493311 -0.013432782774095355 -0.005030825032155792 0.052693224293400565 -0.046171556160875343 0.027531101990559283
leaf_weight=1274.7433035075665 13765.635273486376 2012.3634725809097 211.13126601278782 46814.5211545825 1938.9453222304583 402.8830700814724 5341.0821232944727 2203.6833698749542 266.9226098805666 68403.320989251137 429.12374982237816 23194.332164943218 60.428065031766891 1466.5390577316284 162995.91888940334 64.063246935606003 85.733887851238251 152.9727853089571 53.745292752981186 71.848312437534332 336.39880725741386 279.87147353589535 267.29451337456703 113765.64547175169 178240.29508054256 13.698389992117884 4787.8062222898006 157.89102435112 167.73701031506062 457.74815428256989 237.38140690326691 41.037211254239082 294.52657826244831 156.32928514480591 71.774610698223114 293.50671225786209 16.882867097854614 22084.382603645325 3643.6782843470573 7473.354395866394 680.13553616404533 90.044041022658348 255.83747839927673 15694.874045729637 39415.686917543411 57213.108708620071 803.39121222496033 48.622311890125275 33.5152468085289 1073.2566606104374 109.52459111809731 28.32853090763092 1128.7762759774923 617.2306010723114 119.33719310164452 399.61072598397732 86.195130378007889 253.51708972454071 112.62097936868668 21.046684265136719 57.207294940948486 92.401961520314217
leaf_count=3329 5494 8973 1074 14049 10024 1625 30809 221 1514 19410 809 7366 50 1575 13600 98 54 809 104 47 1546 660 219 21053 21132 52 2415 584 612 405 50 241 689 97 94 790 17 12015 2652 705 464 79 380 2015 6760 2160 96 47 21 5731 122 34 4406 549 241 1782 351 997 260 11 125 87
internal_value=-9.65864e-05 -0.0285676 -0.039961 0.000849235 -0.0240992 -0.0107725 -0.0473119 0.00152245 -0.00686338 -0.0019037 -0.0392921 -0.000114407 -0.00529971 -0.00508186 0.00223533 -0.0563001 -0.0375471 -0.008704 -0.00319752 -0.0105874 -0.0136605 -0.00842051 0.0244736 0.000737284 0.0020997 -0.00166089 -0.00228887 -0.0143313 -0.0074587 0.00179069 -0.0183988 0.017805 -0.0181293 -0.0353684 -0.00995921 -0.039562 0.0444482 -0.00722216 -0.0134142 0.00803861 0.00204489 0.0347719 -0.00170028 0.00304765 -0.000696243 0.00138006 0.0013868 -0.0456221 -0.0386514 -0.0391656 -0.0356488 -0.0514275 -0.0373323 -0.00600703 -0.0421157 -0.0264711 0.00466451 -0.0319725 -0.0368742 -0.0364692 -0.0339111 -0.000737421
internal_weight=782331 25153.1 15316.5 757178 4834.7 9836.59 10481.8 608399 8412.24 148779 2416.69 184578 8145.32 40960.2 423821 5405.15 5076.64 2418.01 1953.36 1542.27 1470.43 1317.45 411.084 137763 414144 6346.74 6286.31 1498.5 1174.42 894.058 395.272 498.785 1798.58 559.212 1239.37 324.088 30.5813 27194.6 5110.22 9677.04 960.007 357.339 944.843 178691 107819 235453 114569 1987.57 4990.91 4957.39 3855.81 1101.59 3746.28 873.068 2617.51 605.143 205.532 464.648 280.358 357.445 1424.35 149.609
internal_count=213780 83477 69512 130303 16890 13965 52622 82397 10424 47906 10880 42564 8910 21736 39833 30907 21715 6010 3939 3537 3490 2681 402 28515 38907 5476 5426 3011 2152 1280 634 646 3434 1722 1712 859 69 16242 4227 926 1124 298 1023 15615 26170 23292 21149 10071 21661 21640 15875 5765 15753 929 11347 2374 592 2071 872 1557 3541 212
cat_boundaries=0 1 3 5 7 9 11 12 13 15 17
cat_threshold=3186616 8609793 491779 5062724 509136 687876938 442131 1123115008 65536 849439544 41603 1048728 1053720 39813121 327680 4 17408
is_linear=0
shrinkage=0.05


Tree=62
num_leaves=63
num_cat=14
split_feature=15 21 0 29 16 24 13 31 26 26 24 42 0 38 47 0 24 0 38 24 24 24 0 0 0 26 26 0 47 50 0 24 0 24 20 24 26 41 24 16 0 24 29 0 16 47 29 42 24 0 28 42 24 42 0 47 29 2 42 24 24 24
split_gain=7804.34 2482.35 1172.01 523.907 451.111 336.312 331.169 271.621 266.025 218.487 166.495 401.658 163.86 153.914 148.123 183.591 136.944 139.631 118.878 110.879 103.746 99.6466 98.8135 94.8411 92.8948 85.2741 83.6909 83.239 76.7333 92.4086 76.4029 123.699 75.1404 74.7279 74.3122 73.9868 72.2133 71.5533 73.6368 71.2131 71.0951 71.024 69.6219 69.582 69.0034 68.2981 67.3251 65.2928 91.6247 157.037 76.1607 64.9205 118.793 63.6677 61.2108 60.4198 59.9142 59.8118 59.4824 137.029 58.8675 102.951
threshold=0.18750000000000003 2.5000000000000004 0 2.7352273103402625 1.0000000180025095e-35 0.95955882352941191 1.5000000000000002 1.0309897716160625 1.0000000180025095e-35 0.056555322092099909 3.7451018099547517 9.8357142857142872 1 2.5000000000000004 3.7646499238202167 2 5.2738440027963653 3 11.500000000000002 5.4498170235836279 3.9418194001738631 2.6032868275515337 4 5 6 0.046587769136434858 0.050070448810054506 7 -1.4003690710075796 5.6000000000000005 8 0.59633714596949905 9 3.2278532226287648 0.19999999999999998 0.64800579322638152 0.012854076033517103 0.73718118273352706 44.051470588235304 0.58712121212121227 10 0.75926279602750202 4.3780754357226419 11 0.58712121212121227 -1.8650572851930549 2.7352273103402625 3.0142857142857147 2.4772058823529419 12 55.000000000000007 0.89285714285714279 0.87397275086505199 5.7857142857142865 13 -1.8650572851930549 5.3169624916079767 0.95297903005573359 3.914285714285715 0.9987745098039218 1.5900550855793825 1.8803834033613447
decision_type=2 8 1 2 10 2 2 2 2 2 2 2 1 2 2 1 2 1 2 2 2 2 1 1 1 2 2 1 2 2 1 2 1 2 2 2 2 2 2 8 1 2 2 1 10 2 2 2 2 1 2 2 2 2 1 2 2 2 2 2 2 2
left_child=1 8 5 6 18 22 13 -7 -1 14 11 12 21 24 15 -5 17 -17 34 40 -20 36 35 -12 -2 47 -14 37 29 -29 -27 55 -6 -19 -4 -3 -9 38 -11 -18 -8 -37 -38 -30 -13 -33 -22 50 49 -49 -10 -43 -53 58 -50 57 -47 -32 60 -60 -28 -62
right_child=3 2 4 9 32 7 19 10 25 27 23 44 26 -15 -16 16 39 33 20 -21 46 -23 -24 -25 -26 30 53 28 43 -31 31 45 -34 -35 -36 41 42 -39 -40 -41 -42 51 -44 -45 -46 56 -48 48 54 -51 -52 52 -54 -55 -56 -57 -58 -59 59 -61 61 -63
leaf_value=-0.058521432757227369 -0.0030448092073582528 -0.052158050548681167 -0.054209638718808052 -0.0062288279260872036 -0.026141543757434695 -0.058671327245801957 -0.0045272252026043961 -0.040473641828356846 -0.054498594427366001 0.0026508547975650815 -0.027500135507917214 -0.055780279575143532 -0.034584570300227442 -0.023642343524742343 0.0053920285146666583 0.00094811939792496217 0.020751112088079504 -0.0046074045330022377 -0.041528759601921539 0.00068533390400180288 -0.0067575333833436767 -0.041509191490552211 -0.057808273433966967 0.0054560203520310881 -0.010622949177508507 0.032105716792423786 -0.023641420202947773 -0.0043377892426977533 0.0048407922698643887 0.0011170097857751472 0.084756895383595987 -0.02840482865374977 0.0066048221033843868 -0.0010371415736897965 0.029273766922051928 0.032914771376537165 -0.0022473031154080151 0.0090898721779514215 0.0064122787584194596 0.0018544103710652557 -0.0012260450179344452 -0.057865103311153791 0.070558079370584198 0.0016768500321873829 0.056796371246331558 0.0060125841619747995 0.10585400932981957 0.001589990182943527 0.025449823470678104 -0.028833023835117207 -0.0120168978601612 -0.055175812440810157 0.14371424718393044 0.043930008211849871 0.00087478278811429935 -0.036912026290374648 0.032260630431510777 -0.05364968811406589 0.070561425234946448 -0.056259097009687481 0.054448336946003241 -0.014107759187653644
leaf_weight=210.26879726350307 8441.5626729130745 120.61525243520737 8534.0900056362152 10819.169272482395 370.5937929302454 418.33417148888111 21505.717124700546 122.23840820789337 122.78899371623993 141886.63227462769 263.4067203104496 781.59916293621063 1157.2921355366707 1459.7194726467133 14176.977804839611 74710.524920344353 500.44047486782074 21719.382401704788 79.941058725118637 65561.363720059395 26.7014289945364 184.11523012816906 839.35767310857773 1057.2621024399996 7807.1254320144653 236.45469093322754 271.35757759213448 10530.663361549377 20750.332543253899 29543.896249711514 20.594987750053406 126.18499499559402 320.79689782857895 45082.97547736764 26.082134544849396 80.491478905081749 2028.2370125800371 4970.3945160508156 14327.594493865967 89211.281004726887 67548.54792547226 65.592035785317421 32.374884054064751 107059.32572472095 13.045522421598433 1678.5861275941133 25.021422013640404 1024.8442439436913 291.68031358718872 714.88501876592636 726.48995126783848 16.496844902634621 12.199928104877474 45.0159972012043 1579.0506655871868 244.88847723603249 249.0842188000679 11.335810646414759 23.46236926317215 168.41529735922813 84.22222588956356 152.22104546427727
leaf_count=938 4225 588 51403 2585 892 2160 7021 371 150 11755 701 4461 4318 1719 2384 16289 155 7044 300 11138 97 658 4776 1154 5182 81 838 1122 1504 2600 11 81 533 12360 22 143 2599 654 157 12099 19945 243 7 10365 26 461 41 756 199 1264 391 50 16 47 740 456 63 54 23 820 111 434
internal_value=-9.30423e-05 -0.0278331 -0.0381083 0.00080617 -0.0500807 -0.0238568 -0.00161699 -0.0196766 -0.00323906 0.00151962 -0.0171119 -0.0212349 -0.0151501 -0.0080936 0.000424797 0.000133815 0.000431826 -0.000536966 -0.0532261 -0.000875132 -0.00598583 -0.00625843 -0.0490823 -0.00129591 -0.00669508 -0.00157602 -0.0260341 0.00237206 0.00159245 -0.000316332 0.00568151 0.00283606 -0.011235 -0.00219773 -0.0539513 -0.0214843 -0.00329388 0.00318372 0.00299591 0.00196011 -0.00202399 -0.00133386 -0.00106734 0.00219111 -0.0538568 0.00708267 0.048599 -0.00575507 -0.00281697 -0.0110744 -0.0182217 -0.0306619 0.0312026 -0.0130602 0.00486133 -0.0284636 0.00942179 0.035332 -0.0167914 -0.0404404 -0.00778363 0.0104177
internal_weight=782171 24557.7 17320.6 757614 9383.23 7937.35 172324 6802.6 7237.14 585290 6384.27 5063.6 4268.95 17708.4 256221 242044 231225 141513 8691.84 154616 131.664 2366.97 1134.75 1320.67 16248.7 7026.87 1901.99 329069 167884 40074.6 2567.13 2330.67 691.391 66802.4 8560.17 295.396 2182.85 161185 156214 89711.7 89054.3 174.78 2060.61 127810 794.645 2053.86 51.7229 4459.74 3610.46 1739.73 849.279 94.2888 28.6968 744.695 1870.73 276.819 1927.67 31.9308 699.679 191.878 507.801 236.443
internal_count=213780 83477 77832 130303 53288 24544 49230 18728 5645 81073 16568 14713 10226 11126 52916 50532 47947 35693 51863 38104 438 3635 5816 1855 9407 4707 6591 28157 15591 3722 1207 1126 1425 19404 51425 1040 2977 12566 11912 12254 26966 452 2606 11869 4487 605 138 3500 2959 2020 541 309 66 2273 939 521 524 65 2226 843 1383 545
cat_boundaries=0 2 4 5 7 8 10 12 14 15 17 19 21 22 23
cat_threshold=8429564 508163 440 256 18874370 1389490184 65568 416 748 16640 3545225245 98496 45433464 27321 6815744 1074331651 16064 688043810 268288 4718592 32768 15763968 212992
is_linear=0
shrinkage=0.05


Tree=63
num_leaves=63
num_cat=12
split_feature=15 21 0 14 16 24 31 13 22 22 38 25 24 42 25 25 0 29 0 25 24 24 25 0 49 25 0 38 49 25 0 39 0 25 2 29 42 0 0 0 0 25 25 42 24 2 49 25 27 24 25 38 24 17 25 13 27 24 22 29 0 25
split_gain=7223.86 2377.78 1163.46 483.555 449.481 330.442 266.491 203.785 219.399 189.844 165.375 158.024 155.397 392.234 384.789 160.471 173.68 127.673 126.861 124.727 139.116 162.552 120.888 118.45 99.35 98.3075 105.492 96.1654 104.739 94.0847 87.4913 82.8981 78.1591 77.6289 95.6264 72.5777 71.1619 71.1188 70.8832 70.2299 68.9563 66.3602 66.1121 84.2859 84.1383 124.609 69.7614 90.6558 66.0692 65.5961 83.7177 65.4848 64.0274 75.9964 63.8505 63.4062 60.2747 64.3051 59.6721 61.9921 96.455 58.713
threshold=0.18750000000000003 2.5000000000000004 0 3.5000000000000004 1.0000000180025095e-35 0.95955882352941191 1.0309897716160625 1.5000000000000002 0.12499999999999996 0.12499999999999996 1.5000000000000002 5.0851340877949331 3.7451018099547517 9.8357142857142872 5.1984264468287211 3.8533727627417584 1 4.3780754357226419 2 2.1059049874115732 1.7343464559736941 2.2355481283422463 0.83221946932136726 3 -5.864285714285713 2.772550409816819 4 11.500000000000002 7.6142857142857148 3.5570163169082316 5 0.35416666666666669 6 3.7328353900785989 0.70581670320594825 2.7534622004501528 5.7857142857142865 7 8 9 10 5.0114216919400407 8.0511516332111182 14.714285714285717 0.59633714596949905 0.78574730703237894 10.27857142857143 2.0695150740793391 3.4733448946313952 0.64800579322638152 1.8839463754919217 7.5000000000000009 4.0792542016806737 0.49999999999999573 4.6819445266819075 1.0000000180025095e-35 3.4733448946313952 2.3479430988081513 0.38676139304536045 4.7327102309348907 11 3.1949956858688364
decision_type=2 8 1 2 10 2 2 2 2 2 2 2 2 2 2 2 1 2 1 2 2 2 2 1 2 2 1 2 2 2 1 2 1 2 2 2 2 1 1 1 1 2 2 2 2 2 2 2 2 2 2 2 2 2 2 2 2 2 2 2 1 2
left_child=1 22 5 7 9 24 -7 8 10 27 -2 17 13 14 15 16 29 40 -12 -18 33 -22 -1 -10 49 39 -27 55 -29 56 -14 -28 -17 36 -35 -24 -21 -13 -6 -9 -5 54 43 44 45 46 47 -37 -39 -3 -51 -15 -20 -54 -34 -4 -8 -58 59 60 -19 -61
right_child=3 2 4 11 38 6 12 25 23 -11 18 37 30 51 -16 32 19 58 52 20 21 -23 35 -25 -26 26 31 28 -30 -31 -32 -33 41 34 -36 42 -38 48 -40 -41 -42 -43 -44 -45 -46 -47 -48 -49 -50 50 -52 -53 53 -55 -56 -57 57 -59 -60 61 -62 -63
leaf_value=-0.057656954152503381 -0.0078613960728364223 -0.052677315948478812 -0.054600233182843919 -0.0034477760778993229 0.016812377890889286 -0.058663563910458308 -0.011199200172844891 -0.00080593159536944251 0.0018727590909244293 0.018401724030717881 -0.036573330314445068 0.0034345126450708984 -0.026733307532203418 0.045908300996080953 -0.058679428489992358 0.019797809188919678 0.019575275158910586 0.00055914641072363474 -0.022463532304247469 -0.051123077190581678 0.040578016421164098 -0.035589393068944139 -0.015275049066088557 -0.0065260849670247915 -0.058657811592223288 -0.0025579805521790816 0.0061946082242362232 0.041045575797070244 -0.052009257923139054 -0.055086646655587372 0.0051663405967950762 0.00034512041819927098 -0.027177783192419619 -0.056972824501088849 0.055137583592957756 0.061199385286260045 0.029903140294612742 4.3946546343174439e-05 -0.019771482131224264 -0.0061232455023839949 -8.7501007745369722e-05 -0.05788092847742065 0.010502830924174339 0.018929044847343895 -0.0023710446877566009 -0.055102078793151869 -0.057579979497667737 -0.0094514492338284503 0.0023367886020271749 0.030342741130981885 -0.035409126913693287 -0.055746398242764672 0.076559162544818427 -0.0056253737913743102 0.061719102193953858 0.039790224485860032 0.011296917216349796 -0.044117026039622163 0.0084734147452321835 -0.0014967400059279785 0.0034713666043603717 0.0011346270136973436
leaf_weight=99.114479809999466 6546.3769447803497 131.84433709084988 8083.292965978384 17676.815311431885 168.78640922904015 397.98325835168362 832.28041145205498 11293.543558359146 8135.7895120978355 91.668647408485413 1012.3715255856514 93951.099010109901 257.87267057597637 15.422918036580084 441.90858569741249 579.29909586906433 120.49676929414272 52218.86683177948 891.96876034140587 764.78308287262917 120.31078986823559 164.74178530275822 938.14197343587875 8655.8277339339256 760.53916943073273 31707.658300876617 6803.8699469566345 55.137989968061447 64.542047813534737 85.520753890275955 1061.2284264713526 55128.197597622871 48.825795069336891 33.486067086458206 41.404068648815155 57.255397215485573 27.394269019365311 43734.06696665287 516.69152595102787 13825.306594491005 111613.80711787939 66.710041925311089 1141.5303377509117 408.24020348489285 4118.4066498428583 195.66817681491375 50.323660299181938 204.73404335975647 111615.73272240162 84.122661992907524 111.22221520543098 743.76502852141857 28.399665892124176 648.48063284158707 32.966964542865753 17.103097379207611 801.24750426411629 55.002137988805771 2951.2102466821671 27792.067206740379 62459.501174449921 89333.977160573006
leaf_count=534 4323 682 51344 4211 249 2160 1277 4245 4176 73 1076 6025 701 31 2237 293 242 6624 875 3539 155 493 1021 5826 4556 11440 1192 163 267 265 1154 16054 137 162 27 38 44 5126 1176 5412 24176 256 118 212 2781 741 78 122 6611 159 419 4456 18 566 61 16 920 118 531 5508 6603 9685
internal_value=-8.96734e-05 -0.0271016 -0.0374224 0.000765264 -0.049675 -0.0231548 -0.0190238 -0.00183489 -0.00585161 -0.0529396 -0.0120908 0.00137861 -0.0165078 -0.0205522 -0.0145862 -0.0094083 -0.0144473 0.000714439 -0.0228079 -0.0284466 -0.0337328 -0.00339482 -0.00309381 -0.00245932 -0.0487394 -0.000958153 -0.000213006 -0.0537379 -0.00911151 -0.00420769 -0.00124487 0.000987757 0.0116695 -0.0436853 0.00485293 -0.00232495 -0.0482806 0.00234844 -0.0107878 -0.00373564 -0.000547258 -0.0199173 -0.000354904 -0.00281933 -0.0047432 -0.0239229 -0.00425934 0.00614363 0.00169124 -0.0255606 -0.00705817 -0.053617 -0.0135848 -0.00206195 0.00890484 -0.0543954 -0.00162163 0.0076842 0.00140933 0.00131934 0.0021457 0.000510197
internal_weight=782016 23991 16777.6 758025 8997.22 7780.38 6692.65 144678 25919.2 8311.74 9127.6 613347 6294.67 4975.57 4216.38 3774.47 3046.67 364046 2581.22 1272.62 1152.12 285.053 7213.41 16791.6 1087.73 118759 93639.7 8220.08 119.68 1774.05 1319.1 61932.1 727.802 867.067 74.8901 7114.3 792.177 249301 685.478 25118.9 129291 148.503 6176.16 5034.63 4626.39 507.981 312.313 261.989 155350 327.189 195.345 759.188 1568.85 676.88 81.7928 8100.4 1688.53 856.25 234756 231804 114678 117126
internal_count=213780 83477 77832 130303 53288 24544 18728 55203 16860 51863 6858 75100 16568 14713 10226 7989 7242 57338 2535 4662 4420 648 5645 10002 5816 38343 28686 51790 430 2580 1855 17246 747 3772 189 5111 3583 17762 1425 9657 28387 454 4090 3972 3760 979 238 160 11737 1260 578 4487 1459 584 198 51360 2315 1038 28951 28420 13227 15193
cat_boundaries=0 2 3 5 7 9 11 13 15 17 19 21 23
cat_threshold=8429564 508163 428 2270266561 423924 1406294785 262692 756285939 286672 748 16640 120 33024 581025820 180993 607535104 20 2360636569 245968 18877952 284672 4010621440 271
is_linear=0
shrinkage=0.05


Tree=64
num_leaves=63
num_cat=14
split_feature=15 21 0 26 16 30 31 26 26 14 22 21 30 0 30 42 0 0 22 0 50 0 43 38 49 30 0 26 22 38 26 0 30 30 0 0 0 15 39 0 26 22 20 41 42 16 30 49 30 43 0 30 42 20 13 13 22 42 30 0 28 30
split_gain=6683.46 2277 1151.66 469.22 447.635 322.6 260.907 248.587 217.803 185.443 184.663 174.656 222.803 164.022 145.327 381.884 145.744 140.297 114.17 109.864 107.101 100.931 96.5858 95.3168 96.7054 88.1653 88.1156 84.6757 81.372 80.4279 75.9176 73.645 70.7175 69.2635 68.8766 68.4479 67.9688 70.2305 70.0846 75.2037 65.775 64.5692 67.6884 78.9004 63.0471 63.0053 62.3296 127.889 111.093 79.6474 62.2901 106.568 62.1701 62.1557 61.0639 60.7794 60.3825 59.6037 81.2018 144.098 74.6843 59.593
threshold=0.18750000000000003 2.5000000000000004 0 0.025405064378409305 1.0000000180025095e-35 1.0149608353249 1.0309897716160625 1.0000000180025095e-35 0.062795755468148515 1.5000000000000002 0.12499999999999996 14.500000000000002 3.860235305455975 1 3.743435717169453 9.8357142857142872 2 3 0.12499999999999996 4 12.800000000000002 5 1.2500000000000002 11.500000000000002 7.6142857142857148 2.6243659938090391 6 0.0069943394024275509 0.38676139304536045 1.5000000000000002 0.046587769136434858 7 4.540335330917137 0.68534214926271986 8 9 10 52.500000000000007 0.38750000000000007 11 0.012854076033517103 0.28131127450980392 -0.19999999999999993 0.88826881524704671 0.89285714285714279 0.58712121212121227 1.3225120375997672 -5.864285714285713 1.3405764023283591 4.4500000000000011 12 0.63067183036831309 2.9357142857142859 -0.29999999999999999 13.500000000000002 1.0000000180025095e-35 0.24999999999999997 3.0142857142857147 2.4934768013295696 13 55.000000000000007 0.80242760022810333
decision_type=2 8 1 2 10 2 2 2 2 2 2 8 2 1 2 2 1 1 2 1 2 1 2 2 2 2 1 2 2 2 2 1 2 2 1 1 1 2 2 1 2 2 2 2 2 10 2 2 2 2 1 2 2 2 2 2 2 2 2 1 2 2
left_child=1 7 5 9 10 21 -7 -1 11 19 23 17 31 -14 15 16 25 20 -18 -2 22 33 -5 55 -25 40 53 -16 36 54 57 -13 -28 -3 -29 -6 -10 38 39 -38 -8 42 43 -15 46 -17 47 -42 -48 -49 -32 -52 -53 -11 -21 -4 -31 60 59 -59 -9 -35
right_child=3 2 4 8 35 6 14 30 28 26 -12 12 13 41 27 45 18 -19 -20 29 -22 -23 -24 24 -26 -27 32 34 -30 56 50 -33 -34 61 -36 -37 37 -39 -40 -41 44 -43 -44 -45 -46 -47 48 49 -50 -51 51 52 -54 -55 -56 -57 -58 58 -60 -61 -62 -63
leaf_value=-0.05849781786048304 -0.003112593237663623 -0.05144075721460914 -0.054366011847532508 0.013160894624195424 -0.02862938285067489 -0.058655406879904941 -0.039418741354421728 -0.054263731007058683 0.00044059513239049072 -0.0032703854113476207 0.01727916293266046 -0.0081082684089964201 -0.0033796930853094501 -0.00090521596917511593 -0.037055771274299758 -0.055431106893478549 -0.027485636400156079 0.0004770292467517176 0.032653848883241278 -0.008428282677925154 -0.0069673606390675191 -0.05770467879151752 0.0036380068690397734 0.038077107465142417 -0.051664075534001576 -0.040103932355859087 -0.0064956869143535621 -0.024309141868318708 0.011904367201520209 -0.028383745782840204 0.028933708119730919 -0.0028929861393792332 -0.0016894921797738786 0.029492434618110672 0.0084644592563914243 0.0032368399130068208 -2.1679773143715543e-05 0.0046462285805347085 0.001929978956250789 0.011432870297457773 0.0071223196005266018 0.0037660662000244013 0.0012696908170711338 -0.022095825617463413 0.016318845237297791 0.049743444545912084 0.068146635529802949 -0.057706467111993023 -0.0031904668133041223 0.081630417022921273 -0.027036623749083211 -0.036824740987215346 0.0083980667992323271 0.0018562295233330536 -0.040190807741837205 0.037048721892892288 -0.008387187801159407 0.0016138055794287472 0.0046238929173803714 -0.027785150615902102 -0.01130329163066218 -0.029215080878458068
leaf_weight=194.95111203193665 7579.7547316849232 110.40266291797161 7721.373510569334 2820.9313192367554 281.39960756897926 378.62486377358437 116.22562226653099 117.09766906499863 55590.402002513409 8331.3193855285645 92.778311550617218 9114.7559349238873 28220.851377189159 46463.308687508106 145.3750157803297 711.74572792649269 1738.9501816481352 95765.958850562572 81.777937293052673 7408.3365979194641 2252.8873324394226 762.14805659651756 47381.615372359753 56.506012931466103 61.80078886449337 171.83618286252022 11943.835906088352 180.0504285544157 2099.3681372404099 1061.9577339589596 243.45134887099266 26432.660428851843 21318.251275062561 82.855706363916397 992.19414854049683 398.33728815615177 2247.3035320043564 29912.831268310547 227666.61807578802 3969.8322800993919 184.52553349733353 16138.922861754894 83155.108277618885 442.49111977219582 420.9724333435297 13.747399419546126 56.196155607700348 190.95075690746307 1189.8358447402716 9.9515320956706983 263.53863450884819 78.010145783424377 1985.5479704737663 20354.46537488699 153.6531400680542 17.513295114040375 588.45444250106812 1024.1410637795925 1875.916873216629 693.76081226766109 717.3366729170084 88.206618741154671
leaf_count=938 3592 588 51344 387 721 2160 371 150 6363 2086 73 3613 5470 9287 433 4461 6550 16448 41 4234 389 4776 6080 163 267 658 4789 435 332 1361 81 10380 6701 143 987 704 299 359 20702 484 208 4159 16610 316 372 26 25 532 1457 12 521 34 571 5252 26 16 584 756 939 1264 391 309
internal_value=-8.64483e-05 -0.0263756 -0.0367396 0.000726434 -0.0492575 -0.0224759 -0.0184043 -0.00295282 0.00114974 -0.00292743 -0.0526443 0.000301764 -0.000625869 0.000109402 -0.0159381 -0.0199111 -0.0140658 0.00161586 -0.0246301 -0.00758792 0.00369405 -0.048327 0.00417346 -0.0534727 -0.00879985 -0.00570881 -0.00166394 -0.00119581 0.00209451 -0.0112532 -0.00139676 -0.00423367 -0.00341458 -0.0200493 0.00327487 -0.0103436 0.00202998 0.00236479 0.00207306 0.00731061 -0.00299025 0.00078313 0.00041298 -0.00110569 -0.000906747 -0.0533655 -0.00536188 -0.0229058 7.49005e-05 -0.0504096 0.00543588 0.00282769 0.00666905 0.000366923 -0.00907956 -0.0541537 -0.0212664 -0.00536449 -0.00256556 -0.0104173 -0.0173957 -0.000744321
internal_weight=781866 23450 16256.3 758416 8629.71 7626.57 6582.96 7193.75 679676 78740 7949.97 358189 209968 174421 6204.33 4886.72 4161.22 148221 1820.73 16792.2 52455.4 1043.61 50202.5 7857.19 118.307 2340.49 61947.9 1317.62 321486 9212.4 6998.8 35547.4 33262.1 281.465 1172.24 679.737 319387 263797 233884 6217.14 2168.66 146200 130061 46905.8 2052.43 725.493 1631.46 385.428 1246.03 200.902 2570.55 2327.1 2063.56 28685.8 7561.99 7738.89 1650.41 4428.25 3593.82 1717.9 834.434 171.062
internal_count=213780 83477 77832 130303 53288 24544 18728 5645 101678 28625 51863 73139 49835 35842 16568 14713 10226 23304 6591 9797 6856 5816 6467 51790 430 3635 18828 1855 28539 6205 4707 13993 11490 1040 1422 1425 28207 21844 21485 783 2977 30372 26213 9603 2606 4487 2234 752 1482 544 1207 1126 605 7338 4260 51360 1945 3500 2959 2020 541 452
cat_boundaries=0 2 4 6 7 9 10 12 14 16 18 20 22 23 24
cat_threshold=8429564 508163 24385664 262144 440 256 6569984 1894510592 519 416 2461392904 129 24510466 136961 6892 16384 589827 13952 1090522247 267600 4198688 131584 6815744 15763968
is_linear=0
shrinkage=0.05


end of trees

feature_importances:
week=622
store_std_weekly=482
store_avg_weekly=427
store_product_share=337
lag_1w=240
rolling_mean_4w=218
temp_mean=142
rolling_max_4w=133
weeks_since_nonzero=118
precip_total=99
rolling_mean_12w=98
yoy_same_week=93
rolling_return_rate_4w=92
temp_anomaly=91
week_sin=80
temp_mean_lag1w=79
namn_te=76
wind_max=70
lag_2w=69
active_ratio_8w=68
trend_4w=49
category_season_avg=45
precip_total_lag1w=36
month=35
rolling_median_4w=35
product_avg_weekly=34
product_n_stores=29
product_id_te=28
rolling_std_4w=23
week_cos=19
n_holidays=11
recent_zero_count=11
demand_cv_4w=8
nonzero_mean_4w=7
censored_ratio_4w=6
bad_weather=6
typ_te=5
is_back_to_school=3
is_december=2
is_rainy_week=2
season_winter=1
season_autumn=1

parameters:
[boosting: gbdt]
[objective: tweedie]
[metric: l1]
[tree_learner: serial]
[device_type: cpu]
[data_sample_strategy: bagging]
[data: ]
[valid: ]
[num_iterations: 5000]
[learning_rate: 0.05]
[num_leaves: 63]
[num_threads: -1]
[seed: 42]
[deterministic: 0]
[force_col_wise: 0]
[force_row_wise: 0]
[histogram_pool_size: -1]
[max_depth: -1]
[min_data_in_leaf: 20]
[min_sum_hessian_in_leaf: 0.001]
[bagging_fraction: 0.8]
[pos_bagging_fraction: 1]
[neg_bagging_fraction: 1]
[bagging_freq: 0]
[bagging_seed: 400]
[bagging_by_query: 0]
[feature_fraction: 0.8]
[feature_fraction_bynode: 1]
[feature_fraction_seed: 30056]
[extra_trees: 0]
[extra_seed: 12879]
[early_stopping_round: 0]
[early_stopping_min_delta: 0]
[first_metric_only: 0]
[max_delta_step: 0]
[lambda_l1: 0.1]
[lambda_l2: 1]
[linear_lambda: 0]
[min_gain_to_split: 0]
[drop_rate: 0.1]
[max_drop: 50]
[skip_drop: 0.5]
[xgboost_dart_mode: 0]
[uniform_drop: 0]
[drop_seed: 17869]
[top_rate: 0.2]
[other_rate: 0.1]
[min_data_per_group: 100]
[max_cat_threshold: 32]
[cat_l2: 10]
[cat_smooth: 10]
[max_cat_to_onehot: 4]
[top_k: 20]
[monotone_constraints: ]
[monotone_constraints_method: basic]
[monotone_penalty: 0]
[feature_contri: ]
[forcedsplits_filename: ]
[refit_decay_rate: 0.9]
[cegb_tradeoff: 1]
[cegb_penalty_split: 0]
[cegb_penalty_feature_lazy: ]
[cegb_penalty_feature_coupled: ]
[path_smooth: 0]
[interaction_constraints: ]
[verbosity: -1]
[saved_feature_importance_type: 0]
[use_quantized_grad: 0]
[num_grad_quant_bins: 4]
[quant_train_renew_leaf: 0]
[stochastic_rounding: 1]
[linear_tree: 0]
[max_bin: 255]
[max_bin_by_feature: ]
[min_data_in_bin: 3]
[bin_construct_sample_cnt: 200000]
[data_random_seed: 175]
[is_enable_sparse: 1]
[enable_bundle: 1]
[use_missing: 1]
[zero_as_missing: 0]
[feature_pre_filter: 1]
[pre_partition: 0]
[two_round: 0]
[header: 0]
[label_column: ]
[weight_column: ]
[group_column: ]
[ignore_column: ]
[categorical_feature: 0,1]
[forcedbins_filename: ]
[precise_float_parser: 0]
[parser_config_file: ]
[objective_seed: 16083]
[num_class: 1]
[is_unbalance: 0]
[scale_pos_weight: 1]
[sigmoid: 1]
[boost_from_average: 1]
[reg_sqrt: 0]
[alpha: 0.9]
[fair_c: 1]
[poisson_max_delta_step: 0.7]
[tweedie_variance_power: 1.15]
[lambdarank_truncation_level: 30]
[lambdarank_norm: 1]
[label_gain: ]
[lambdarank_position_bias_regularization: 0]
[eval_at: ]
[multi_error_top_k: 1]
[auc_mu_weights: ]
[num_machines: 1]
[local_listen_port: 12400]
[time_out: 120]
[machine_list_filename: ]
[machines: ]
[gpu_platform_id: -1]
[gpu_device_id: -1]
[gpu_device_id_list: ]
[gpu_use_dp: 0]
[num_gpu: 1]

end of parameters

pandas_categorical:[[1, 2, 3, 4, 5, 6, 7, 8, 9, 10, 11, 12, 13, 14, 15, 16, 17, 18, 19, 20, 21, 22, 23, 24, 25, 26, 27, 28, 29, 30, 31, 32, 33, 34, 35, 36, 37, 38, 39, 40, 41, 42, 43, 44, 45, 46, 47, 48, 49, 50, 51], [1, 2, 3, 4, 5, 6, 7, 8, 9, 10, 11, 12]]
