tree
version=v4
num_class=1
num_tree_per_iteration=1
label_index=0
max_feature_idx=50
objective=regression_l1
feature_names=week month week_sin week_cos is_december is_summer is_swedish_vacation is_back_to_school is_holiday_week n_holidays is_high_impact_holiday is_pre_holiday_week is_post_holiday_week lag_1w lag_2w rolling_mean_4w rolling_mean_12w rolling_std_4w rolling_median_4w rolling_max_4w trend_4w yoy_same_week rolling_return_rate_4w censored_ratio_4w store_avg_weekly store_std_weekly store_product_share product_avg_weekly product_n_stores category_season_avg namn_te product_id_te typ_te season_winter season_spring season_summer season_autumn recent_zero_count weeks_since_nonzero active_ratio_8w nonzero_mean_4w demand_cv_4w temp_mean precip_total wind_max is_rainy_week is_snowy_week temp_anomaly bad_weather temp_mean_lag1w precip_total_lag1w
feature_infos=-1:23:22:21:20:19:14:16:18:17:15:12:11:10:9:8:7:6:5:3:4:2:50:48:49:0:47:1:46:41:43:33:39:45:32:42:40:34:44:38:35:37:30:31:36:29:28:25:27:24:26:13 -1:4:3:5:2:1:8:0:11:10:9:7:6 [-1:1] [-1:0.99270887409805397] [0:1] [0:1] [0:1] [0:1] none [1:2] none none none [0:155] [0:155] [0:137.25] [0:127.125] [0:44.537437435637599] [0:137.5] [0:155] [-26.800000000000004:23.100000000000009] [0:155] [0:0.5] [0:1] [0.33823529411764708:69.320261437908499] [0.69470267868582714:37.750087604805479] [0.00037439161362780001:0.34622248661511001] [0.41176470588235292:16.397058823529413] [1:151] [0.35897435897435898:12.846153846153848] [0.38328590181961691:67.24050314214368] [0.79633512167823561:13.488613475395516] [0.88142569404972193:9.7187410081910954] [0:1] [0:1] [0:1] [0:1] [0:4] [1:12] [0:1] [0:143.33333333333334] [0:2.0000000000000591] [-10.328571428571427:21.928571428571427] [0:74.100000000000009] [13.5:42] [0:1] [0:1] [-6.601661922136242:6.6868820416182189] [0:3] [-10.328571428571427:21.928571428571427] [0:74.100000000000009]
tree_sizes=5490 5749 5815 5874 5879 5898 5875 5925 5889 5945 5866 5949 5933 5920 5954 5937 5973 5946 5954 5924 5955 5966 5949 5973 6007 6023 5973 5996 6014 5950 5942 5960 5992 6011 6011 6004 5987 5991 5969 5993 5991 6001 5996 6012 6017 6026 5971 6016 6008 5935 6013 5976 5996 6011 5979 6000 5931 6008 5957 6010 5979 6012 5978 5996 5961 5934 5900 6010 6012 5957 5924 5969 6013 5972 5993 6006 5960 6018 6044 6014 6026 5978 5982 5967 6010 6007 6000 5957 5979 5939 6047

Tree=0
num_leaves=63
num_cat=19
split_feature=15 13 15 14 16 40 0 13 0 13 0 0 15 0 0 13 40 0 42 39 25 0 15 13 15 16 0 0 13 13 16 26 13 14 25 25 24 0 15 16 0 0 47 0 16 25 29 0 0 32 14 14 0 25 26 0 44 0 16 22 15 17
split_gain=64871.6 5793.93 3528.46 1457.34 1180.25 567.523 511.238 501.227 419.133 403.29 397.765 373.812 361.849 244.718 237.028 229.865 210.793 209.293 154.023 108.082 105.152 96.3227 94.3089 92.6393 85.9007 83.9675 83.6975 81.9701 98.6392 73.0792 70.1667 67.4022 64.3425 62.2037 61.5483 61.3889 56.9763 55.0693 53.1749 50.9666 50.2749 45.042 43.828 41.8185 41.735 41.3663 40.1896 39.157 36.9106 36.2908 36.2037 36.0689 35.1055 33.7472 32.5874 32.5653 32.3156 30.2336 29.9866 29.0757 29.0391 28.7388
threshold=5.0625000000000009 4.5000000000000009 6.9375000000000009 4.5000000000000009 1.0000000180025095e-35 4.1250000000000009 0 5.5000000000000009 1 5.5000000000000009 2 3 8.8125000000000018 4 5 3.5000000000000004 2.4166666666666674 6 6.2000000000000002 0.18333333333333338 3.5570163169082316 7 5.8125000000000009 7.5000000000000009 5.8125000000000009 4.7613636363636376 8 9 5.5000000000000009 6.5000000000000009 5.1742424242424248 0.031770649094885105 7.5000000000000009 3.5000000000000004 5.5834030825639713 2.0129202758764495 3.7451018099547517 10 3.0625000000000004 4.9226190476190483 11 12 -2.1952287398259895 13 4.6742424242424248 2.2187963396053254 4.3484057455078053 14 15 2.8474011770836962 2.5000000000000004 5.5000000000000009 16 2.3611733746099497 0.051010750614839902 17 31.600000000000005 18 4.7958333333333343 0.16075487012987014 4.5625000000000009 2.4494897427831783
decision_type=2 2 2 2 8 2 1 2 1 2 1 1 2 1 1 2 2 1 2 2 2 1 2 2 2 10 1 1 2 2 10 2 2 2 2 2 2 1 2 8 1 1 2 1 8 2 2 1 1 2 2 2 1 2 2 1 2 1 10 2 2 2
left_child=1 3 6 4 10 11 27 14 18 22 20 16 21 56 44 33 -6 23 -5 -17 31 -4 47 -9 37 40 -21 -2 51 -23 48 -1 60 46 41 -33 -22 -11 -18 -16 54 53 -37 -32 61 -20 -13 -8 -15 -38 -30 -29 -26 -12 -10 -24 -7 -27 -53 -45 -19 -3
right_child=2 7 12 8 5 13 9 17 25 24 34 15 -14 30 39 19 38 32 45 26 36 29 55 -25 52 57 -28 28 50 -31 43 35 -34 -35 -36 42 49 -39 -40 -41 -42 -43 -44 59 -46 -47 -48 -49 -50 -51 -52 58 -54 -55 -56 -57 -58 -59 -60 -61 -62 -63
leaf_value=1.7714862346649169 1.8173007726669312 1.7917594909667969 1.8173007726669312 1.8061435937881469 1.7714862346649169 1.7917594909667969 1.7917594909667969 1.7917594909667969 1.7826434135437013 1.7917594909667969 1.7714862346649169 1.7571021318435669 1.8375740289688109 1.7826434135437013 1.7826434135437013 1.7917594909667969 1.7826434135437013 1.7994670212268828 1.7826434135437013 1.7826434135437013 1.8304189801216126 1.7994670212268828 1.7917594909667969 1.8061435937881469 1.7994670212268828 1.7917594909667969 1.7826434135437013 1.7917594909667969 1.7994670212268828 1.8120327472686768 1.7917594909667969 1.7714862346649169 1.8120327472686768 1.7714862346649169 1.8061435937881469 1.7826434135437013 1.736828875541687 1.7994670212268828 1.7994670212268828 1.7917594909667969 1.7826434135437013 1.7571021318435669 1.8061435937881469 1.7826434135437013 1.7917594909667969 1.7917594909667969 1.7714862346649169 1.7917594909667969 1.7826434135437013 1.8120327472686768 1.8061435937881469 1.7994670212268828 1.7994670212268828 1.7826434135437013 1.7917594909667969 1.7994670212268828 1.8061435937881469 1.7826434135437013 1.8061435937881469 1.7826434135437013 1.7994670212268828 1.7994670212268828
leaf_weight=202 918 2049 8171 555 1170 147 903 2053 1457 1218 153 26032 34448 1682 3580 223 335 1797 126 2971 425 1597 772 559 1622 606 4490 573 413 4808 325 65 931 3434 88 31 30 1633 272 1164 2219 371 246 308 809 988 5888 2063 2397 129 3761 537 2932 386 489 1044 185 683 939 356 1043 341
leaf_count=199 739 2022 6759 510 1169 140 892 2023 1451 1210 153 26019 20784 1668 3565 196 330 1750 126 2959 308 1511 765 504 1581 599 4485 558 376 4416 317 65 768 3432 72 31 30 1605 268 1160 2214 371 223 307 795 967 5864 2054 2395 119 3481 513 2838 381 478 1022 173 683 891 354 1027 309
internal_value=1.79486 1.76235 1.82996 1.75548 1.75259 1.75104 1.81186 1.7909 1.7767 1.8056 1.78908 1.7492 1.83709 1.76637 1.78251 1.74827 1.77208 1.80133 1.79863 1.75611 1.80936 1.83048 1.79429 1.79043 1.81292 1.77001 1.75509 1.82249 1.82028 1.82554 1.76367 1.79368 1.80884 1.74655 1.76624 1.8072 1.82423 1.8061 1.79586 1.77544 1.76652 1.76213 1.81746 1.7756 1.79305 1.78795 1.74586 1.7888 1.76072 1.7986 1.82474 1.81132 1.81718 1.77268 1.7728 1.80326 1.80778 1.78114 1.81545 1.76858 1.80513 1.78973
internal_weight=142142 73790 68352 59464 52341 50215 19328 14326 7123 12187 2126 44815 49024 5400 7943 43038 1777 6383 1669 7684 1128 14576 4782 2612 7405 5454 7461 7141 6223 6405 5068 544 3771 35354 998 342 584 2851 607 4744 4165 910 277 989 3199 1114 31920 2966 4079 159 4174 2049 4554 539 1946 1816 332 1289 1476 664 2840 2390
internal_count=124974 72979 51995 59056 52028 50076 18525 13923 7028 11967 1952 44722 33470 5354 7851 42955 1767 6072 1603 7640 975 12686 4733 2527 7234 5425 7444 6558 5819 5927 5041 518 3545 35315 977 319 457 2815 598 4725 4143 905 254 978 3126 1093 31883 2946 4063 149 3857 1962 4419 534 1929 1787 313 1282 1404 661 2777 2331
cat_boundaries=0 2 3 5 6 7 9 11 13 14 15 17 19 21 23 25 27 29 31 33
cat_threshold=44169788 64 37838848 15961712 131328 16384 81936 48324372 67 219054530 456522 3270639224 66240 48709404 16384 151912834 294400 2159188765 147585 278924 294912 32512908 131077 1431437312 131201 132292396 73731 688521602 266256 470286531 58653 1370491836 4741
is_linear=0
shrinkage=1


Tree=1
num_leaves=63
num_cat=18
split_feature=15 15 19 16 13 0 15 0 19 13 0 0 19 15 0 0 0 9 0 13 16 0 13 25 26 0 14 0 20 39 25 23 40 13 16 20 26 0 26 25 15 23 29 15 39 15 13 0 0 16 25 26 0 0 26 0 25 30 0 14 25 30
split_gain=55442.8 5795.1 5364.6 1234.04 761.764 613.439 599.471 432.333 421.434 348.345 330.936 287.993 224.123 179.848 158.762 142.617 142.38 139.245 135.032 119.703 116.626 108.329 115.865 92.9414 78.2584 77.7094 72.9138 67.1171 66.7184 65.1153 61.2102 60.9363 60.6757 57.6239 56.1484 53.2674 52.813 52.3973 50.2184 48.9044 48.363 47.6842 46.9921 46.9754 44.2029 43.8744 42.3684 41.9794 41.3585 39.5094 37.7334 37.6292 35.8284 33.6448 32.9499 32.6689 32.4287 32.1233 31.6421 31.5968 36.7685 29.8291
threshold=4.8125000000000009 6.9375000000000009 4.7500000000000009 1.0000000180025095e-35 4.5000000000000009 0 8.8125000000000018 1 3.2500000000000004 6.5000000000000009 2 3 8.7500000000000018 3.9375000000000004 4 5 6 1.5000000000000002 7 6.5000000000000009 5.8416666666666677 8 5.5000000000000009 5.0851340877949331 0.034544177203220859 9 5.5000000000000009 10 0.50000000000000233 0.22500000000000003 5.5834030825639713 0.62500000000000011 2.1250000000000004 3.5000000000000004 4.7182539682539693 -0.59999999999999931 0.044283591499911908 11 0.06092905144294216 5.4043974797286678 10.812500000000002 1.0000000180025095e-35 4.5637962691458887 6.1875000000000009 0.22500000000000003 3.9375000000000004 3.5000000000000004 12 13 4.3819444444444455 2.0129202758764495 0.039193420389590609 14 15 0.048674112739293458 16 3.7127746414297218 5.4314608114217418 17 3.5000000000000004 2.16151095207135 5.6445552514832826
decision_type=2 2 2 8 2 1 2 1 2 2 1 1 2 2 1 1 1 2 1 2 10 1 2 2 2 1 2 1 2 2 2 2 2 2 10 2 2 1 2 2 2 2 2 2 2 2 2 1 1 10 2 2 1 1 2 1 2 2 1 2 2 2
left_child=2 5 3 10 7 21 14 17 16 20 23 15 18 26 -3 -10 32 -4 52 -16 35 -2 34 24 42 -15 33 -11 -18 -17 -12 -27 -5 49 -23 37 39 -7 43 45 -8 -13 -1 -29 -30 -20 -31 -22 -43 -9 -26 57 -6 -35 56 -47 -14 -37 -53 60 -54 -25
right_child=1 6 4 8 12 9 40 13 11 27 30 41 54 25 19 29 28 -19 36 -21 47 22 -24 61 50 31 -28 38 44 46 -32 -33 -34 53 -36 51 -38 -39 -40 -41 -42 48 -44 -45 -46 55 -48 -49 -50 -51 -52 58 59 -55 -56 -57 -58 -59 -60 -61 -62 -63
leaf_value=-0.019259593486785888 0.024264217615127561 0.024264217615127561 -0.00071920514106750273 -0.019259593486785888 -0.0091160774230957028 0 0.032366632223129278 -0.019259593486785888 0.00045580387115478076 0.0073221537470817616 -0.019817452430725104 -0.018540388345718386 -0.0010136628150939964 -0.0086602735519409231 0.0073221537470817616 0.0077075302600860601 -0.032924491167068484 0.013664897680282596 -0.00038537651300429854 0.019259593486785888 0 0 0.013664897680282596 0.037652866244316102 -0.0081024146080017068 -0.0086602735519409231 -0.0086602735519409231 0.0073221537470817616 -0.018540388345718386 -0.018540388345718386 0.013664897680282596 -0.0086602735519409231 -0.0086602735519409231 -0.0086602735519409231 0.0077075302600860601 0 0.00045580387115478076 -0.0086602735519409231 0.0139987263083458 0.00045580387115478076 0.04675073504447938 -0.018540388345718386 0.0066938674449920632 0.0139987263083458 -0.032924491167068484 0.00045580387115478076 -0.0086602735519409231 0.0073221537470817616 -0.018540388345718386 -0.018540388345718386 0.013664897680282596 0 -0.0096683682501316048 -0.0086602735519409231 0.029440358281135559 0 0.020729060173034664 0 0.0069883251190185573 0 -0.0086602735519409231 0.0085739642381668091
leaf_weight=265 1091 7701 955 792 368 1239 10394 3468 564 1723 760 931 135 2820 1690 131 22591 837 1478 5185 1431 878 3239 343 68 2131 695 1368 540 2071 77 1427 309 372 1328 1306 2398 871 966 703 24054 2983 172 1149 2781 788 1816 2448 6467 743 385 883 197 684 409 1113 338 1061 2115 2097 1757 63
leaf_count=262 899 6322 945 792 364 1229 7540 3462 558 1683 757 930 128 2797 1596 105 22577 784 1460 4768 1423 848 2959 236 68 2120 685 1320 530 2069 62 1426 304 370 1270 1302 2327 867 892 681 13244 2976 164 1101 2772 778 1807 2401 6466 737 352 882 196 682 310 1107 276 1057 2098 2071 1723 57
internal_value=0.00351051 0.0342798 -0.0281807 -0.0387881 -0.0101237 0.0136293 0.0440081 -0.0179505 -0.0406733 0.00849044 -0.00168463 -0.0339344 -0.000733746 -0.0212732 0.0355008 -0.0232843 -0.0444046 0.00501664 -0.00269679 0.029748 0.00358388 0.0265916 0.0235786 0.0141125 0.00515713 -0.0154483 -0.0275356 0.019204 -0.0451643 -0.0266059 -0.0259965 -0.0203685 -0.0258498 -0.0295454 0.0147689 -6.62119e-05 0.00190186 -0.00679536 0.0232098 -0.001554 0.0476065 -0.0385725 -0.00992009 0.0195373 -0.0385144 -0.00405178 -0.0278408 0.0106173 -0.0396778 -0.0321688 0.0197026 0.00258013 -0.00942325 -0.0190587 0.0234938 0.000970032 0.0144409 -0.00213049 0.00630043 -0.00801206 -0.0126061 0.0340172
internal_weight=142142 72120 70022 44109 25913 23096 49024 14132 41976 16560 2133 14963 11781 12340 14576 4582 27013 1792 10899 6875 11354 6536 5445 1296 890 6378 5962 5206 25912 4018 837 3558 1101 5267 2206 7475 6480 2110 3483 4082 34448 10381 437 2517 3321 3379 3887 3879 9450 4211 453 5365 4419 1056 882 1901 473 2367 2998 4051 1954 406
internal_count=124974 55701 69273 43844 25429 22231 33470 14008 41886 16255 1958 14911 11421 12279 12686 4539 26975 1729 10707 6364 11259 5976 5077 1139 846 6343 5936 4996 25879 3981 819 3546 1096 5251 2118 7435 6353 2096 3313 4026 20784 10372 426 2421 3302 3345 3876 3824 9442 4199 420 5339 4354 1052 714 1885 404 2359 2980 3990 1919 293
cat_boundaries=0 1 2 4 5 7 8 9 11 12 14 16 18 20 22 24 26 28 30
cat_threshold=44136976 33644544 16240248 131328 14769432 3270639224 128 16384 16384 1230668256 284488 16384 1106255644 49667 151912832 338432 89556069 99041 754975971 266424 1108779525 4 16777216 262144 14844956 335872 2457945612 65680 17301510 130832
is_linear=0
shrinkage=0.05


Tree=2
num_leaves=63
num_cat=0
split_feature=15 15 15 13 16 15 17 13 15 41 2 2 25 15 2 13 47 17 14 47 2 29 20 47 14 13 14 21 13 13 2 20 17 26 25 43 26 24 16 2 47 22 21 20 25 29 13 22 42 24 17 22 44 39 14 23 26 25 49 16 43 24
split_gain=54863.4 5643.77 3684.35 1858.69 1115.17 762.955 474.481 424.779 313.476 303.308 295.493 294.158 268.163 242.095 213.959 179.139 166.61 141.631 140.69 139.355 125.171 124.082 119.022 104.25 92.7029 83.3213 78.6234 67.7455 66.5936 66.4875 65.3926 64.8495 64.5666 64.2618 71.6247 71.2458 63.5177 61.0739 57.0071 56.9912 69.4734 56.2228 55.9201 55.7923 55.3634 52.1778 51.5664 51.1439 50.1217 49.5757 48.6687 46.5937 45.06 44.3998 41.1063 40.7493 39.8115 42.4266 39.609 38.2301 37.6794 37.0771
threshold=5.4375000000000009 3.5625000000000004 7.4375000000000009 4.5000000000000009 1.0000000180025095e-35 4.0625000000000009 1.4142135623730996 6.5000000000000009 9.4375000000000018 0.2039492231389399 0.8542199457734333 0.8542199457734333 5.0851340877949331 2.5625000000000004 0.8542199457734333 5.5000000000000009 -2.352599585020648 4.3493294502333013 5.5000000000000009 -2.5416686809441722 -0.060268340127661552 4.4337703135064368 0.29999999999999988 -2.5416686809441722 5.5000000000000009 3.5000000000000004 6.5000000000000009 15.500000000000002 5.5000000000000009 7.5000000000000009 0.8542199457734333 -0.099999999999999936 3.9157800414902448 0.019467041108653802 2.3611733746099497 12.350000000000001 0.043215388027847856 2.6032868275515337 4.2613636363636376 0.8542199457734333 -2.5416686809441722 0.29465667846085802 4.5000000000000009 1.5000000000000029 3.0431993085249114 4.5637962691458887 5.5000000000000009 0.15277777777777776 4.2928571428571436 4.1865016480730235 2.3804761428476184 0.25727307098867824 32.800000000000004 0.22500000000000003 4.5000000000000009 0.37500000000000006 0.070758158748336464 4.3723104274829216 13.385714285714288 5.979166666666667 8.7500000000000018 1.9913937165775404
decision_type=2 2 2 2 8 2 2 2 2 2 2 2 2 2 2 2 2 2 2 2 2 2 2 2 2 2 2 8 2 2 2 2 2 2 2 2 2 2 10 2 2 2 10 2 2 2 2 2 2 2 2 2 2 2 2 2 2 2 2 10 2 2
left_child=1 3 7 4 12 9 13 11 29 20 15 24 21 39 27 31 -12 50 25 -16 -3 33 41 -13 -2 45 36 -15 37 30 -4 38 59 -1 -35 -36 -9 -18 -7 -6 -41 -11 46 -24 -30 -8 -26 54 -47 -14 -5 -29 -22 -27 -40 -39 57 58 -52 -17 -23 -25
right_child=2 5 8 17 6 10 18 26 -10 22 16 23 49 14 19 32 28 -19 -20 -21 52 60 43 61 42 53 -28 51 44 -31 -32 -33 -34 34 35 -37 -38 55 47 40 -42 -43 -44 -45 -46 48 -48 -49 -50 -51 56 -53 -54 -55 -56 -57 -58 -59 -60 -61 -62 -63
leaf_value=-0.032680716633796694 0 -0.0077332541346549991 0.01363261862099171 -0.008227259874343874 -0.031278266608715057 -0.008227259874343874 -0.018854472756385812 0.011893827855587003 0.041186274349689495 -0.008227259874343874 0.018340840280056003 0.032167084157466885 0.038549277573823926 -0.016894163787364958 0.00088881754875183019 0 -0.00089391326904296746 0.027821111530065536 -0.008227259874343874 -0.016894163787364958 -0.0077332541346549991 0.012116434991359705 -0.0077332541346549991 0.0063050802350044233 0.0066029486060142587 -0.00038537651300429854 0.01363261862099171 -0.01761336892843246 -0.00028619146347045324 0.023301237940788269 0.032167084157466885 0 0.023948473177850246 -0.018268720865249635 0.0014466764926910347 -0.031933618545532227 0.01363261862099171 0.0076847400665283174 -0.008227259874343874 -0.018296613812446596 -0.031278266608715057 -0.0076972938776016303 0.013279521167278298 0.0073221537470817616 0.0073221537470817616 -0.0064561900496482808 0.006956046059727672 -1.1395096778871184e-05 -0.018296613812446596 0.010025362819433215 -0.0086602735519409231 -0.01761336892843246 0.0072993635535240188 -0.008227259874343874 -0.00036610768735408918 0 0.013975936114788057 0.0073414225727319819 0.0073414225727319819 0.0073221537470817616 -0.0063923368453979506 0.012981652796268462
leaf_weight=291 2554 1520 3215 1830 18001 1947 4212 2160 31445 3005 554 647 322 1560 343 3061 559 386 659 2094 1187 379 2247 251 2991 224 4237 7333 398 8915 1143 4811 211 260 505 141 2721 504 1037 626 5013 576 494 382 1121 205 2622 1761 948 166 679 1072 113 1654 977 1049 212 393 265 443 62 1449
leaf_count=290 2523 1520 2946 1814 17982 1936 4201 2053 18411 2987 492 463 215 1555 339 3024 555 294 643 2092 1181 349 2224 242 2929 197 3899 7333 394 7374 833 4792 168 260 492 141 2496 478 1033 625 5009 567 468 353 1041 197 2583 1752 939 145 672 1072 111 1642 975 1039 184 364 238 432 60 1356
internal_value=0.0034275 -0.0250235 0.0373428 -0.0350529 -0.0378133 -0.0068233 -0.0395243 0.0195754 0.0453386 -0.0187294 -0.000989747 0.0129617 -0.00244241 -0.0419581 -0.0362892 -0.00442101 0.0106892 -0.00127323 -0.028419 -0.0229881 -0.0323272 -0.0121385 -0.0125495 0.0286606 0.00870411 -0.0304314 0.0275573 -0.0395389 0.00678552 0.0388839 0.033791 -0.00775062 0.00501749 -0.0204883 -0.0138864 -0.00493818 0.0232169 0.00103881 -0.0113481 -0.0449302 -0.0405044 -0.0184799 0.012049 -0.00446578 0.0147664 -0.0336088 0.0106243 -0.00775821 -0.0241291 0.0300511 -0.00455473 -0.0413211 -0.0209032 -0.0213385 -0.0131985 0.00614221 0.00196452 -0.00122945 -0.00697884 0.00339372 0.010509 0.0221311
internal_weight=142142 77298 64844 49835 46070 27463 43944 20126 44718 9030 18433 11008 2126 36042 12402 14248 4185 3765 7902 2437 2820 1638 6210 2347 8661 7243 9118 9965 3631 13273 4358 10533 3715 1197 906 646 4881 2112 5722 23640 5639 3581 6107 2629 1519 5365 5613 3775 1153 488 3379 8405 1300 1878 2014 1553 1549 1337 944 3504 441 1700
internal_count=124974 76398 48576 49344 45778 27054 43826 19012 29564 8943 18111 10564 1952 36007 12391 14112 3999 3566 7819 2431 2812 1592 6131 2061 8503 7176 8448 9960 3507 11153 3779 10488 3624 1183 893 633 4549 2072 5696 23616 5634 3554 5980 2577 1435 5337 5512 3760 1136 360 3272 8405 1292 1839 2008 1517 1458 1274 910 3456 409 1598
is_linear=0
shrinkage=0.05


Tree=3
num_leaves=63
num_cat=19
split_feature=15 19 15 16 13 0 15 0 19 13 0 0 15 13 0 0 0 0 50 15 13 0 0 25 0 0 17 13 14 22 0 20 16 26 13 40 29 15 29 25 40 20 15 14 16 39 0 0 16 0 39 16 0 25 26 14 3 0 26 0 16 16
split_gain=53497.3 7375.85 4972.33 1179.08 895.333 603.453 599.471 580.235 423.864 370.554 334.008 284.499 271.999 205.784 158.762 146.276 142.4 142.38 121.078 120.991 119.703 113.435 83.6392 83.3578 76.9138 75.3105 72.7789 72.2957 71.5456 68.7134 66.7576 66.7184 64.9795 64.4897 60.9268 60.6757 57.47 57.3905 54.7538 52.5482 50.1498 48.9101 48.363 46.9694 45.6556 44.2029 43.4456 41.7291 39.9472 38.11 38.0121 35.566 34.809 44.1331 36.3121 31.8326 31.7687 31.0814 31.0418 29.1641 28.8979 28.6881
threshold=5.0625000000000009 4.7500000000000009 6.9375000000000009 1.0000000180025095e-35 4.5000000000000009 0 8.8125000000000018 1 3.2500000000000004 5.5000000000000009 2 3 3.9375000000000004 6.5000000000000009 4 5 6 7 8.7500000000000018 5.9375000000000009 6.5000000000000009 8 9 5.0114216919400407 10 11 4.3755848357254346 5.5000000000000009 5.5000000000000009 0.19999999999999998 12 0.50000000000000233 4.3819444444444455 0.022407286087250202 3.5000000000000004 2.1250000000000004 4.3780754357226419 4.0625000000000009 4.4337703135064368 2.0129202758764495 6.7083333333333348 1.1000000000000021 10.812500000000002 4.5000000000000009 4.7182539682539693 0.22500000000000003 13 14 4.1306818181818192 15 0.22500000000000003 5.0669642857142865 16 2.3611733746099497 0.03266732432318311 4.5000000000000009 -0.98182534576205283 17 0.039486979542317058 18 6.6742424242424248 4.5871212121212128
decision_type=2 2 2 8 2 1 2 1 2 2 1 1 2 2 1 1 1 1 2 2 2 1 1 2 1 1 2 2 2 2 1 2 10 2 2 2 2 2 2 2 2 2 2 2 10 2 1 1 10 1 2 10 1 2 2 2 2 1 2 1 10 10
left_child=1 3 5 10 7 24 14 18 17 40 23 15 28 16 -4 -10 56 35 37 22 -16 48 -11 33 -2 -21 30 44 32 43 -15 -19 46 -1 -17 -5 -18 55 52 -35 49 47 -8 -23 -26 -33 -9 61 -14 -7 -36 -31 53 -12 -55 -3 -6 -38 -24 -60 -27 -13
right_child=2 4 6 8 13 9 42 12 11 19 38 41 21 26 20 34 36 31 -20 25 -22 29 58 -25 27 60 -28 -29 -30 51 -32 45 -34 39 50 -37 57 -39 -40 -41 -42 -43 -44 -45 -46 -47 -48 -49 -50 -51 -52 -53 -54 54 -56 -57 -58 -59 59 -61 -62 -63
leaf_value=-0.018821808826923372 0.022369375803321601 -0.0078158968806266837 0.021885944837331774 -0.017381783121824267 -0.0086602735519409231 0 0.028688986894488334 -0.0171660456776619 0.00038857280015944798 0.006956046059727672 -0.031018787854909892 -0.016732700482010834 -0.0078158968806266837 -0.0003478023029863775 0.006956046059727672 -0.016768660739064214 0 -0.029714353278279305 0.012064610782265662 0.0063613546669483269 0.017131551915407186 -0.0078158968806266837 -0.00036610768735408918 0.032916407506167887 0.0066730711072683357 0.0069743514440953726 0.026918145545199515 0.012615545108914373 -0.0078158968806266837 -0.008226690119504932 0.0073414225727319706 -0.016670645290613174 -0.0078158968806266837 -0.017383177769184112 0.0073414225727319819 -0.0073124291837215472 0.0066005667477846202 0.00044732325077057045 0.0030433574199676518 0.012375831046700481 0.0066258986294269635 -0.0081697891801595594 0.042353884574770934 -0.0082089544899761734 0.012630438527464871 -0.029714353278279305 -0.017911749118566522 -0.016732700482010834 5.6975483894161625e-07 -0.00034941625595092952 -0.0078158968806266837 0.00043358343243599107 -0.030336937618255622 -0.03029958271384239 0.0013743426680564831 -0.00027188189029694334 -0.0078158968806266837 0.00036387251317501204 -0.00034780230298638861 0.0066597916416823895 0.012617159061878925 -0.0063306870013475347
leaf_weight=161 918 423 7701 792 210 1838 10394 1792 564 1638 172 3339 1210 746 1690 2078 4841 22591 670 1666 5185 1439 910 397 511 2733 694 2377 637 1038 1433 540 905 64 124 309 1246 946 183 419 1686 480 24054 1320 904 2781 2304 6452 1567 1892 1816 444 285 196 256 689 3212 1915 365 835 1055 110
leaf_count=158 739 421 6322 792 210 1823 7540 1783 558 1587 172 3332 1201 725 1596 2076 4805 22577 623 1625 4768 1438 898 282 487 2640 529 2166 630 1034 1358 530 899 64 98 304 1198 923 167 388 1641 479 13244 1316 856 2772 2303 6451 1553 1888 1807 440 285 195 247 675 3191 1880 362 816 997 110
internal_value=0.00366951 -0.0258527 0.0355404 -0.0388199 -0.00658126 0.0140615 0.0440081 -0.0149526 -0.0406626 0.00902283 -0.00255155 -0.0339044 -0.0194517 0.00242656 0.0355008 -0.023317 -0.000581619 -0.0444046 0.00596751 0.0151358 0.029748 -0.0128929 0.00821419 0.0176283 0.0296113 0.0198891 0.0143859 0.0262411 -0.0276459 -0.0180256 0.00988303 -0.0451643 -0.0296571 0.00665891 -0.0266803 -0.0258498 0.00306939 -2.18553e-05 -0.0217543 0.0157955 -0.00134669 -0.0385147 0.0476065 -0.0227337 0.017334 -0.0385144 -0.0323395 -0.0393097 -0.00496593 -0.00458188 -0.0203478 -0.00936952 -0.0269725 -0.0192047 -0.0112472 -0.00772237 -0.00910137 0.00831594 0.00157709 0.00686511 0.0237944 -0.034146
internal_weight=142142 73790 68352 44109 29681 19328 49024 15384 41976 14618 2133 14963 12656 14297 14576 4582 11424 27013 2728 9202 6875 7018 3748 1041 4710 5454 2873 3792 5638 4241 2179 25912 5001 644 4018 1101 8002 2058 1092 483 5416 10381 34448 2759 1415 3321 4096 9901 2777 3730 1940 1482 909 624 452 1112 3422 3161 2110 1200 3788 3449
internal_count=124974 72979 51995 43844 29135 18525 33470 15239 41886 14277 1958 14911 12597 13896 12686 4539 11284 26975 2642 8925 6364 6982 3663 892 4248 5262 2612 3509 5615 4228 2083 25879 4985 610 3981 1096 7883 2019 1066 452 5352 10372 20784 2754 1343 3302 4086 9893 2754 3711 1905 1474 899 614 442 1096 3401 3078 2076 1178 3637 3442
cat_boundaries=0 1 2 4 5 7 8 10 11 13 15 16 18 20 22 24 26 28 30 32
cat_threshold=42039824 37838864 11701872 131328 14769432 3270639224 128 16384 151683552 413768 16384 1102060300 49667 4095738990 33007 16384 956957058 266256 1197343048 475780 2493685256 336289 3524698629 1 1097990564 164843 4526477 360448 2186240 2208 17039616 284160
is_linear=0
shrinkage=0.05


Tree=4
num_leaves=63
num_cat=2
split_feature=15 19 15 16 13 15 13 19 1 2 25 42 2 15 47 17 47 13 29 13 20 14 2 47 2 16 14 16 13 16 29 16 24 14 16 44 15 2 49 24 47 15 43 15 39 2 23 20 39 24 23 14 20 2 1 13 43 16 13 43 25 24
split_gain=53216.3 6232.9 5919.99 1181.83 843.375 548.497 432.948 423.564 357.702 284.883 275.897 235.395 207.559 206.359 192.684 182.613 156.309 127.797 114.598 114.077 97.5712 96.9159 95.9946 126.69 94.352 70.7488 69.643 69.0097 65.5935 62.3968 61.361 56.6986 55.7993 53.7434 51.693 51.5282 50.9422 50.8976 50.4774 50.2203 48.4847 47.2272 45.3373 44.9705 44.8281 43.6085 52.1935 42.768 41.5068 41.3709 40.7983 37.9747 37.2499 35.8512 35.4391 39.0527 35.2344 35.0471 31.9046 31.4069 34.1081 54.7394
threshold=4.9375000000000009 4.7500000000000009 6.9375000000000009 1.0000000180025095e-35 4.5000000000000009 8.8125000000000018 6.5000000000000009 3.2500000000000004 0 0.8542199457734333 5.0851340877949331 6.4428571428571431 0.8542199457734333 3.9375000000000004 -2.352599585020648 4.3493294502333013 -2.5416686809441722 5.5000000000000009 4.4337703135064368 7.5000000000000009 1.1000000000000021 5.5000000000000009 0.8542199457734333 -2.5416686809441722 0.8542199457734333 4.3819444444444455 5.5000000000000009 4.7958333333333343 5.5000000000000009 4.3819444444444455 4.3965916953090529 6.5208333333333348 1.9913937165775404 4.5000000000000009 6.3416666666666677 18.000000000000004 2.3125000000000004 -0.060268340127661552 4.3357142857142863 4.1865016480730235 3.8901462451385291 12.062500000000002 1.1000000000000003 5.3125000000000009 0.22500000000000003 0.29696027566504674 0.37500000000000006 0.50000000000000233 0.22500000000000003 2.7966980270369022 1.0000000180025095e-35 6.5000000000000009 1.4000000000000004 0.29696027566504674 1 8.5000000000000018 8.7500000000000018 4.0435606060606073 3.5000000000000004 14.350000000000003 2.3611733746099497 1.644594226579521
decision_type=2 2 2 8 2 2 2 2 1 2 2 2 2 2 2 2 2 2 2 2 2 2 2 2 2 10 2 8 2 8 2 8 2 2 10 2 2 2 2 2 2 2 2 2 2 2 2 2 2 2 2 2 2 2 1 2 2 8 2 2 2 2
left_child=1 3 6 10 8 19 9 22 11 17 18 42 20 26 -11 30 -14 51 35 24 37 31 47 36 28 33 29 53 -4 58 57 54 -16 -13 -19 49 -24 50 -34 -12 -39 -7 -3 -40 -22 46 -29 -5 -49 -1 -9 -2 -32 -15 -8 -56 -20 -6 -10 60 -37 -62
right_child=2 4 5 7 15 41 21 12 13 14 39 25 16 27 32 -17 -18 34 56 -21 44 -23 23 -25 -26 -27 -28 45 -30 -31 52 -33 38 -35 -36 59 -38 40 43 -41 -42 -43 -44 -45 -46 -47 -48 48 -50 -51 -52 -53 -54 -55 55 -57 -58 -59 -60 -61 61 -63
leaf_value=0.019113674279339618 -1.8193625658746715e-05 -0.00068326321482657941 0.010135554555356497 -0.028228635614365338 -0.0073746973016858182 0.027254537549763914 0.012271153502911325 -0.01589606545791029 -0.017016161662638196 0.02508969429541379 0.034975993319824338 -0.0078382630431652178 0.0013563086754083576 -0.0078153556135296849 -0.00064728015255183236 0.021779150911774493 -0.0074498023235797795 0.0062595261845365124 0.011324430591911084 0.020791647595465181 0.001354777701944121 0.012299091328531509 -0.016512693965733051 -0.028228635614365338 0.025113865843713279 0.00041121726989745699 -0.0074251020365953442 0.00042215984791517673 0.010869251805096869 -0.0074251020365953442 7.5903194993742773e-05 0.012407069275118421 0.0053223440398275871 -0.0078159253683686269 0.0063434934910014291 -0.029503335621356964 0.0012099981305003116 -0.015932025714963671 0.005971426679641012 0.0078782743031531651 0.0036238234587013807 0.046125343826562172 0.012701231759637589 0.011998916601091626 -0.0074251020365953442 0.00043298518985510629 -0.0078159253683686269 -0.015837113026082518 -0.028228635614365338 -0.030489105489254001 -0.01589606545791029 0.0063091511234641129 0.0072994753122329727 -0.0074251020365953442 0.0056797237358987345 0.012565611176937819 -0.0062248878741264398 4.3073090910950018e-06 -0.0069699447402358063 -0.028820090737342843 -0.00036849197089673381 -0.015714919746220125
leaf_weight=101 5558 173 1254 18343 4311 15435 392 575 3003 732 327 905 381 1809 370 684 2811 3488 381 8405 150 4102 580 5448 1451 658 614 529 3466 886 2881 676 704 1016 1131 220 171 5509 490 166 52 19013 697 842 490 532 657 369 2102 24 4995 2099 1093 2117 1522 690 62 2951 697 211 343 298
leaf_count=90 5518 173 1172 18332 4248 10643 359 574 2997 574 220 901 376 1804 361 531 2797 3453 350 7134 130 3825 577 5441 1124 649 608 527 3256 882 2835 626 691 999 1110 220 169 5501 477 145 51 10141 644 779 487 528 655 361 2095 24 4995 2059 1011 2104 1491 613 60 2934 694 211 342 296
internal_value=0.00357735 -0.0273402 0.0338501 -0.0388153 -0.00802987 0.0436389 0.0127975 -0.0406602 -0.0162197 0.00802757 -0.00250469 -0.00215173 -0.0339044 -0.020672 0.0214702 0.00179054 -0.0225791 0.00458948 -0.0123675 0.0355008 -0.0369729 0.0227543 -0.0444009 -0.0389105 0.0303216 -0.00974612 -0.0278783 -0.0140647 0.0268788 -0.0299967 0.000262081 0.016335 0.0146219 -0.0145916 0.0111569 -0.0204048 -0.0196077 -0.0380655 0.017867 0.030253 -0.0346539 0.047081 0.0203157 0.0235896 -0.0179329 -0.00569808 -0.011032 -0.0460339 -0.0397836 0.00988095 -0.0414638 0.000626143 0.0052566 -0.0177222 0.0129731 0.0103441 0.00933559 -0.00247074 -0.0328546 -0.0239469 -0.0196578 -0.0137773
internal_weight=142142 70322 71820 44109 26213 49024 22796 41976 14293 15414 2133 3449 14963 10844 3138 11920 3192 12276 1640 14576 11771 7382 27013 6199 6171 2579 5200 5644 4720 4586 11236 3280 2406 1921 4619 1197 751 11131 2036 493 5561 34448 870 1332 640 1718 1186 20814 2471 125 5570 7657 3974 3926 2604 2212 443 7262 3700 1072 861 641
internal_count=124974 69568 55406 43844 25724 33470 21936 41886 14165 15022 1958 3366 14911 10799 2882 11559 3173 12140 1593 12686 11738 6914 26975 6187 5552 2549 5181 5618 4428 4573 11028 3089 2308 1900 4563 1183 746 11121 1947 365 5552 20784 817 1256 617 1710 1182 20788 2456 114 5569 7577 3846 3908 2463 2104 410 7182 3691 1069 858 638
cat_boundaries=0 1 2
cat_threshold=40 5
is_linear=0
shrinkage=0.05


Tree=5
num_leaves=63
num_cat=17
split_feature=15 19 15 38 20 0 15 0 19 0 0 15 0 15 0 0 0 32 0 20 17 20 17 15 0 15 25 20 0 20 0 44 20 38 40 0 25 22 15 40 18 0 15 40 20 15 20 18 24 26 25 0 15 15 0 48 0 24 49 25 26 26
split_gain=52111.9 6175.36 5764.82 829.084 625.844 624.767 558.462 492.793 415.505 321.022 285.54 280.812 248.197 239.058 210.262 160.257 146.696 126.279 121.25 120.175 118.038 106.122 105.234 92.4042 92.1778 78.543 75.7803 69.3694 67.6642 66.5358 65.9523 65.0065 61.572 58.53 56.7029 54.8311 52.3217 50.9137 49.373 48.6057 52.8101 48.3125 46.2471 44.4124 44.3868 44.3561 43.81 43.37 39.6427 51.526 39.8538 37.6859 36.1604 35.7197 35.22 35.0421 34.6928 34.2644 33.6823 35.2236 33.7987 33.4582
threshold=4.8125000000000009 4.7500000000000009 6.9375000000000009 7.5000000000000009 -0.099999999999999048 0 10.187500000000002 1 3.2500000000000004 2 3 5.9375000000000009 4 3.8125000000000004 5 6 7 2.1803621330593699 8 -0.19999999999999993 3.8622100754188242 3.2905711170195783e-16 4.8989794855663584 4.1875000000000009 9 7.6875000000000009 5.0851340877949331 1.000000000000002 10 0.50000000000000233 11 31.600000000000005 0.40000000000000108 8.5000000000000018 2.1250000000000004 12 8.4295901173448318 0.13543604908736487 6.0625000000000009 1.0000000180025095e-35 3.1250000000000004 13 3.8125000000000004 1.0000000180025095e-35 1.0000000000000002 4.5625000000000009 -1.9999999999999996 2.8750000000000004 5.9604147214441339 0.054276175085942506 2.4190113469967502 14 12.062500000000002 5.6875000000000009 15 1.5000000000000002 16 0.93102240896358557 4.9500000000000011 2.3611733746099497 0.03266732432318311 0.041751335166641611
decision_type=2 2 2 2 2 1 2 1 2 1 1 2 1 2 1 1 1 2 1 2 2 2 2 2 1 2 2 2 1 2 1 2 2 2 2 1 2 2 2 2 2 1 2 2 2 2 2 2 2 2 2 1 2 2 1 2 1 2 2 2 2 2
left_child=1 3 5 8 9 18 14 17 16 31 15 24 20 56 -4 -10 34 55 -2 35 41 38 23 27 -7 -16 33 47 -21 -18 45 42 -26 -19 -1 -13 58 -32 -20 -17 -41 -6 -3 -31 -12 -15 -27 -14 49 50 -43 -25 -8 -23 -29 -5 -11 -52 59 -9 -61 -34
right_child=2 4 6 7 12 11 52 36 10 13 44 19 22 30 25 39 29 26 21 28 -22 53 -24 51 32 46 -28 54 -30 43 37 -33 61 -35 -36 -37 -38 -39 -40 40 -42 48 -44 -45 -46 -47 -48 -49 -50 -51 57 -53 -54 -55 -56 -57 -58 -59 -60 60 -62 -63
leaf_value=-0.015687059267446402 0.019069699021561071 -0.0082643638093918507 0.022435495628707114 -0.018969314590871325 0.0072997179429084014 -0.00062813417367636466 0.028491490678779787 -0.026817203833647076 0.00030132872638106712 -0.015396854607194661 -0.015101262185014775 -0.00033038525018841414 -0.017725925694920125 -0.007053846934765573 0.01032578921484203 -0.00036068869981168431 -0.026817203833647076 0.0073574628877341678 0.0053258216931670989 0.0057593007468059731 0.018871395901039235 0.0073230349406227524 0.024725213710145112 -0.0074446702665388557 9.0968128293456027e-07 0.011507707850925621 0.029521787464868277 0.00084333496755734094 0.011371346542358407 -0.015045257374778388 -0.0074077104970589284 0.010826318655170497 0.0056182455357760182 -0.041663564141958959 -0.0061211730262488162 0.0063104410732537589 0.017823456549670547 -0.0074141266249157511 0.011398970771037043 -0.015557737585932008 -0.0066192667247652942 -0.0086668990850187755 0.00044774870617687591 -0.015703895818181334 -0.0078290386062487838 0.00041244695229828435 0.016775733249180014 -0.0074288971963450308 0.0012785027952343265 0.001198534483693542 0.019908812350973495 0.00039057947857678026 0.043819076635234058 0.012002394254431137 -0.0078619108739420799 0.036676836312066766 -0.016138855279669163 -2.300555901230128e-05 -0.021054975174788382 -0.027341731296062467 -0.0041620778018087168 0.006659761181904012
leaf_weight=721 1091 370 11935 217 661 3211 8375 171 558 1313 8801 1050 463 1596 2808 154 22106 687 1683 1657 688 1398 180 1705 4070 412 338 607 2559 687 1625 370 907 51 309 1625 38 1637 739 2978 1786 393 636 2586 506 553 6481 2455 708 1321 97 1478 19013 1977 1054 29 2330 3673 975 182 229 1129
leaf_count=721 899 368 9377 216 630 3196 5306 171 552 1304 8796 1038 461 1582 2684 128 22093 646 1637 1618 555 1317 137 1701 4037 372 236 588 2442 676 1624 353 892 51 304 1594 30 1632 696 2973 1780 391 618 2578 502 546 5590 2446 695 1275 78 1458 10141 1777 1035 19 2327 3625 970 179 223 1088
internal_value=0.00326499 -0.0274595 0.0330957 -0.0388403 -0.00808617 0.0124992 0.0427985 -0.0130723 -0.0406646 -0.017553 -0.0339451 0.00712097 -0.00170789 -0.0209592 0.0367886 -0.0246938 -0.0444243 0.00952363 0.0251044 0.0147773 0.00478615 0.0221152 -0.00787061 -0.00875886 0.00146437 0.0311414 0.016987 -0.0133068 0.0200368 -0.0451849 -0.0143099 0.00497116 0.00506703 0.007977 -0.0249712 0.00648169 -0.0316594 -0.0187886 0.0141539 -0.0275908 -0.0285404 0.00280785 -0.00158391 -0.0384988 -0.0393158 -0.00738194 0.0340506 -0.0179496 0.00141786 -1.732e-05 -0.00274856 -0.00221263 0.0475445 0.0278866 -0.0051414 -0.0226518 -0.030885 -0.00116547 -0.0332766 -0.0236621 -0.0156432 0.0121723
internal_weight=142142 70022 72120 44109 25913 23096 49024 2917 41192 10430 14783 16208 15483 9054 21636 5476 26409 1322 6888 6891 7541 5797 7942 7762 9317 9701 1076 4579 4216 25379 5411 1376 6106 738 1030 2675 1595 3262 2422 4918 4764 6853 1006 3273 9307 2149 6893 2918 6192 5484 4163 3183 27388 3375 1661 246 3643 3770 1557 582 411 2036
internal_count=124974 69273 55701 43844 25429 22231 33470 2741 41103 10354 14731 15905 15075 9015 18023 5433 26372 1168 6326 6692 7249 5427 7826 7689 9213 8646 933 4530 4060 25347 5384 1339 6017 697 1025 2632 1573 3256 2333 4881 4753 6694 986 3254 9298 2128 5962 2907 6064 5369 4094 3159 15447 3094 1623 235 3631 3703 1543 573 402 1980
cat_boundaries=0 2 4 5 6 8 10 11 12 13 15 17 19 21 22 24 26 28
cat_threshold=44136976 64 16223864 131328 33645072 48455448 2195815956 131267 3270639224 704 16384 16384 16384 151781763 290048 420348290 272896 1089603852 98849 403308743 288028 33570816 151912576 309044 940867712 34876 2514520100 204937
is_linear=0
shrinkage=0.05


Tree=6
num_leaves=63
num_cat=3
split_feature=18 19 18 13 39 1 13 13 42 18 40 2 2 21 9 13 13 13 40 19 9 39 26 32 13 14 13 26 24 21 26 19 21 14 1 49 26 9 23 26 23 21 40 1 24 42 2 13 43 30 49 18 21 24 43 50 13 43 13 40 48 17
split_gain=49065.2 9107.6 2351.02 1236.6 929.655 524.297 474.889 374.051 346.333 308.451 280.756 271.64 266.761 256.406 250.804 150.77 113.184 111.964 109.977 106.383 99.1525 95.5646 93.2823 86.3058 79.0839 78.5799 77.1253 75.9065 73.0275 59.9903 59.0713 57.6181 55.6465 55.2079 54.0378 51.1341 50.9204 50.258 49.842 49.0321 48.2551 54.9277 48.0031 47.5729 52.2514 51.8845 46.5794 70.0879 46.3175 45.3123 67.9352 43.1622 42.9121 41.0253 44.1638 40.4903 39.3349 36.1064 34.2535 33.0705 32.4961 32.2073
threshold=5.6250000000000009 4.7500000000000009 7.6250000000000009 4.5000000000000009 1.0000000180025095e-35 0 6.5000000000000009 7.5000000000000009 7.2142857142857144 10.875000000000002 4.7083333333333348 0.8542199457734333 0.8542199457734333 1.0000000180025095e-35 1.5000000000000002 3.5000000000000004 3.5000000000000004 3.5000000000000004 4.7083333333333348 2.7500000000000004 1.5000000000000002 0.22500000000000003 0.022599639248806754 2.1803621330593699 5.5000000000000009 6.5000000000000009 8.5000000000000018 0.056555322092099909 5.4498170235836279 1.5000000000000002 0.039486979542317058 5.7500000000000009 11.500000000000002 4.5000000000000009 1 14.328571428571431 0.015439128643812651 1.5000000000000002 1.0000000180025095e-35 0.039193420389590609 1.0000000180025095e-35 15.500000000000002 6.416666666666667 2 1.285453431372549 -5.7142857142857135 0.8542199457734333 5.5000000000000009 1.1000000000000003 0.87079375476220033 9.3428571428571452 3.6250000000000004 2.5000000000000004 4.7316448801742927 12.350000000000001 11.550000000000002 5.5000000000000009 2.3000000000000007 7.5000000000000009 6.7083333333333348 1.5000000000000002 5.1991577171889194
decision_type=2 2 2 2 2 1 2 2 2 2 2 2 2 8 2 2 2 2 2 2 2 2 2 2 2 2 2 2 2 10 2 2 8 2 1 2 2 2 2 2 2 8 2 1 2 2 2 2 2 2 2 2 10 2 2 2 2 2 2 2 2 2
left_child=1 4 6 5 13 8 12 27 31 26 16 15 24 23 17 40 51 -13 -10 -16 -14 -17 -15 60 52 37 46 28 33 30 -12 -3 -23 35 -30 -5 -25 58 -34 -9 -6 57 -26 -24 -45 -46 47 -4 -38 50 -50 -7 -2 54 -47 -37 -29 -42 -8 -32 -1 -41
right_child=2 3 9 7 11 10 25 39 18 -11 29 14 20 22 19 21 -18 -19 -20 -21 -22 32 43 36 42 -27 -28 56 34 -31 59 -33 38 -35 -36 55 48 -39 -40 61 41 -43 -44 44 45 53 -48 -49 49 -51 -52 -53 -54 -55 -56 -57 -58 -59 -60 -61 -62 -63
leaf_value=-0.012593742757575029 0.0018127746122036049 0.0052706637969311305 0.011257620996728912 -0.0070757171557251477 -0.025476343641964716 -0.015163707772166269 0.010454170330625035 0.010490977103549994 -0.0073752149839861336 0.035738969322942564 -0.0074663270295186046 -0.025476343641964716 0.0077139443600110604 -0.027908835111042862 -0.021452220383420029 0.0016784907471593558 -0.0066824020749483241 -0.0062883033885270286 0.0004272570329465042 -0.00087544539433568333 0.023695669338152172 -0.0058641922189578317 -0.026975420081549698 -0.0017590779825955695 0.0053946739795949217 0.013629585089579588 0.02443014123474099 0.00010725181242263738 0.0040591227626595614 0.00085025346647277797 -0.0070373249722059834 0.01341263723684475 -0.0049600900216754456 5.0621774334458358e-05 3.2316389966757786e-05 0.00080051696240230903 -0.002443023947893086 0.0060427703887391826 -0.0049600900216754456 0.013018085378325184 -0.001373472223965444 -0.025476343641964716 0.0060328386144898882 -0.012988318456491444 0.014379221305240504 -0.0039539739117182785 0.027086964634105926 0.014396605277404563 -0.019525230291476837 0.028045698091624872 0.013666162304611497 -0.0070757029466183841 0.0077266998416725468 0.013359858569888961 -0.026483660215975161 -0.0015073904586167975 0.0063119133948534752 -0.025476343641964716 0.015739365375204852 0.0020628236667674048 0.034842994496463421 0.036632425475037304
leaf_weight=137 2888 590 946 3902 2670 3177 1399 1195 1679 24581 2456 6321 1070 413 499 150 2587 1420 1201 1044 926 918 138 195 2018 5551 10792 2075 1317 557 2509 832 309 4423 2194 821 93 1030 4233 1252 110 20685 1829 188 165 234 1640 4129 43 354 110 1271 336 92 134 660 1645 3425 1844 331 29 380
leaf_count=136 2826 570 855 3873 2659 3168 1356 1089 1672 13609 2449 6312 1010 409 499 130 2582 1409 1166 1033 707 909 138 184 1994 5014 8080 2036 1292 545 2497 746 309 4362 2175 784 90 974 4232 1109 108 20677 1762 188 147 230 1172 3642 43 259 98 1268 324 75 134 659 1603 3417 1603 314 19 243
internal_value=0.00382569 -0.021637 0.0377164 -0.00336243 -0.0369881 -0.013181 0.0230598 0.00513441 0.00194644 0.0442941 -0.0182181 -0.0387004 0.0148043 -0.00621023 -0.0311465 -0.0408571 -0.0249638 -0.0348159 -0.00801631 -0.0127234 0.0309439 -0.03338 -0.0201429 0.0135603 0.0102439 0.0306763 0.0392132 0.0023386 0.000574035 -0.0101375 -0.0117793 0.0221328 -0.0344616 -0.00164117 0.0067611 -0.00504179 0.0204083 0.0255604 -0.0367367 0.0219749 -0.0424155 -0.0431235 0.0150845 -0.0114968 -0.00648665 0.000391374 0.0349829 0.0325936 0.0276123 0.0335531 0.0106818 -0.0298033 0.00446357 -0.0082321 -0.0157046 0.00286437 0.00865224 -0.0373148 0.0286205 -0.00686202 -0.0191317 0.0276148
internal_weight=142142 81163 60979 37054 44109 17190 18891 19864 4302 42088 12888 41784 9067 2325 9284 32500 7035 7741 2880 1543 1996 5610 1364 961 7071 9824 17507 17037 13317 5853 5296 1422 5460 9806 3511 5383 795 4273 4542 2827 26890 24220 3847 951 813 625 6715 5075 600 507 153 4448 3224 460 368 1481 3720 3535 3243 2840 166 1632
internal_count=124974 80046 44928 36202 43844 16977 17570 19225 4154 27358 12823 41694 8623 2150 9253 32441 7018 7721 2838 1532 1717 5580 1321 829 6906 8947 13749 16784 13145 5805 5260 1316 5450 9678 3467 5316 674 3933 4541 2441 26861 24202 3756 912 774 586 5669 4497 490 400 141 4436 3150 439 364 1443 3639 3525 2959 2811 155 1352
cat_boundaries=0 1 2 3
cat_threshold=40 269 264
is_linear=0
shrinkage=0.05


Tree=7
num_leaves=63
num_cat=14
split_feature=15 19 15 39 0 15 0 0 15 20 0 19 19 0 0 15 20 15 0 25 23 15 0 26 17 20 18 38 40 20 25 15 22 20 20 0 26 20 20 39 25 0 22 0 26 25 25 25 0 42 0 26 25 24 39 20 0 24 20 42 3 15
split_gain=47392.7 7521.83 2642.75 881.181 729.456 521.935 468.494 456.268 393.987 316.513 312.903 296.78 191.327 184.045 179.077 165.861 158.764 120.143 112.413 101.491 98.6132 96.747 90.9543 84.3365 82.1251 79.0307 76.4684 72.2557 68.4562 66.6373 64.4844 61.3955 62.0363 57.2149 57.1177 55.2758 54.2146 52.2664 51.5465 48.2825 60.1334 47.1606 48.0968 46.9524 46.9404 46.0615 45.9154 45.6941 45.5642 45.428 44.1953 42.8776 39.9205 39.2408 38.7393 38.3822 38.3486 38.1213 37.726 37.3048 37.0058 35.3439
threshold=5.5625000000000009 4.7500000000000009 7.4375000000000009 1.0000000180025095e-35 0 4.3125000000000009 1 2 10.187500000000002 -0.099999999999999631 3 5.7500000000000009 2.7500000000000004 4 5 6.4375000000000009 1.2000000000000022 6.5625000000000009 6 5.0851340877949331 1.0000000180025095e-35 3.8125000000000004 7 0.036319750020144106 4.8989794855663584 2.7467903161359256e-17 3.6250000000000004 8.5000000000000018 2.4166666666666674 0.3000000000000001 7.0914308043246042 3.6875000000000004 0.14883140756302524 -0.10000000000000005 -0.19999999999999893 8 0.039996653279785806 0.6000000000000022 -0.2000000000000007 0.22500000000000003 3.1292002295143959 9 0.081168831168831154 10 0.034544177203220859 3.143669503351028 3.6278118264294608 5.5574056331669164 11 4.7928571428571436 12 0.03853942677825966 2.0129202758764495 6.2549019607843146 0.93750000000000011 -1.1999999999999975 13 5.4498170235836279 -0.3999999999999998 14.785714285714288 -0.95297903005573337 4.8125000000000009
decision_type=2 2 2 2 1 2 1 1 2 2 1 2 2 1 1 2 2 2 1 2 2 2 1 2 2 2 2 2 2 2 2 2 2 2 2 1 2 2 2 2 2 1 2 1 2 2 2 2 1 2 1 2 2 2 2 2 1 2 2 2 2 2
left_child=1 3 6 10 11 9 17 12 18 31 19 26 -5 28 -13 25 21 22 55 27 -9 58 -2 57 41 -8 29 44 -14 -3 -12 -6 -33 50 48 60 47 -22 -24 40 -15 -11 -43 -36 -1 59 56 61 -17 -28 -25 -48 -46 -41 -44 -4 -23 -7 -16 -38 -35 -18
right_child=2 4 8 7 5 23 15 20 -10 24 30 14 13 39 16 34 36 -19 -20 -21 37 46 38 33 -26 -27 49 -29 -30 -31 -32 32 -34 35 43 -37 45 -39 -40 53 -42 42 54 -45 52 -47 51 -49 -50 -51 -52 -53 -54 -55 -56 -57 -58 -59 -60 -61 -62 -63
leaf_value=-0.0033608365718875823 0.013732962842917518 -0.0099716984100617304 0.010369441408542891 -0.024758191860639767 -0.014474659671449664 -0.0070194692951526588 -0.00037099895814658447 -0.02420252645986648 0.033952020856795433 -0.0071755131252217892 -0.018091686355766381 0.012868869004256923 -0.0066280864029128811 -0.013146699282791564 -0.014952977463706531 0.0065856077126204785 -0.00024363321808800188 0.014257652920719588 0.020092213785534708 0.026643413187043621 -0.02420252645986648 0.0015250969972077978 0.0053744397021423642 -0.0066854872113376379 0.026458593040303725 0.0051626533743188326 0.0010961798161104985 -0.032758048185740865 0.0014993291450045134 -0.005816285028978796 0.0096874058349224919 -0.0067383451372064473 -0.0066838454048386182 -0.0089968177427307509 0.0048990474720334576 0.00077979459754321532 0.0052018238562177473 -0.014692013775672853 0.010018401352364016 -0.011186711419397311 0.015581185367438844 0.00042107115294686141 -0.0083762476339324602 0.010121299960761511 -0.012617693805688912 0.019252826129907655 0.0015516664169620943 0.013344610885986964 0.0026102186763046322 -0.00010723679186757096 1.671919051799975e-05 0.0066334197725692436 0.011692329641135812 -0.00643193370173617 -0.0058849620148014037 0.013999272215251235 -0.00079087156191525181 -0.00024267891539763166 -0.0062322000647266678 0.030538755824267839 1.5438658913224933e-05 0.010250528979408192
leaf_weight=369 2286 1065 728 5092 1924 2237 1950 2583 27388 2216 989 861 566 135 329 1115 734 3568 12453 402 21001 1277 1047 1267 132 2173 956 86 511 1356 56 1216 1608 109 949 1916 517 1841 2188 9369 164 881 931 1438 56 674 1838 312 716 1957 1486 1095 367 522 1349 4149 1267 1853 670 130 1540 182
leaf_count=361 2032 1064 663 5083 1918 2231 1935 2575 15447 2191 979 774 565 134 326 1076 704 3115 9801 288 20995 1257 1018 1261 97 2128 932 86 501 1324 46 1214 1600 109 923 1898 505 1838 2064 9346 135 870 924 1386 56 547 1796 274 708 1938 1478 1060 334 522 1343 3653 1246 1846 657 98 1531 168
internal_value=0.00413383 -0.0213138 0.0368887 -0.0351427 -0.00431491 -0.0104297 0.0203715 -0.0368097 0.043326 -0.0184388 -0.00517842 0.00399153 -0.0301982 -0.0265748 0.00912259 0.0117631 0.00701029 0.0282247 0.0374182 0.0113826 -0.0410342 0.00285549 0.0236228 -0.00254539 -0.0102804 0.00464234 -0.00550984 0.00192833 -0.00665901 -0.0120747 -0.0253267 -0.0278996 -0.0231841 0.00107533 0.0187473 0.00525659 0.0175863 -0.0421002 0.0180052 -0.0286438 -0.00881667 -0.0112393 -0.00723361 0.0238463 0.00667718 0.024618 0.00546641 0.0100041 0.0120879 -4.97598e-05 -0.00433733 0.00972904 0.0180307 -0.0292706 -0.0110894 0.0306148 0.000548134 -0.0081386 -0.011445 0.0150386 -0.00147289 0.0043566
internal_weight=142142 79994 62148 44109 35885 20665 17430 41784 44718 10257 2325 15220 16359 11267 9886 8341 9025 9089 17330 1280 25425 6476 5521 10408 5509 4123 5334 878 1077 2421 1045 4748 2824 6318 4218 3565 2549 22842 3235 10190 299 5377 3161 2387 792 1321 5477 1228 1831 2913 2753 2933 423 9891 2280 4877 2544 4090 999 647 1649 916
internal_count=124974 79025 45949 43844 35181 20511 16385 41694 29564 10157 2150 14670 16286 11203 9412 8156 8638 8229 14117 1125 25408 6342 5114 10354 5425 4063 5258 837 1066 2388 1025 4732 2814 6277 4093 3538 2296 22833 3082 10137 269 5328 3137 2309 751 1150 5359 1146 1784 2870 2739 2856 390 9868 2267 4316 2503 4077 983 603 1640 872
cat_boundaries=0 2 4 5 7 8 9 11 12 14 16 18 20 22 23
cat_threshold=48365084 1 3269590588 196803 1088683800 15961720 131330 16384 16384 755630471 283676 8484880 286130432 389888 1091174593 269824 151650304 264704 739639616 31264 2702049475 3340 42021396
is_linear=0
shrinkage=0.05


Tree=8
num_leaves=63
num_cat=14
split_feature=15 13 15 14 16 40 13 0 15 0 0 0 18 0 0 0 13 0 23 0 15 9 20 9 26 16 22 15 25 0 18 16 13 29 13 25 26 44 13 0 25 13 16 16 13 22 44 0 40 0 37 22 16 0 26 49 25 26 15 25 13 13
split_gain=45737.3 5138.25 4253.11 1613.72 839.391 627.806 587.745 544.421 495.406 454.022 283.379 243.94 227.416 179.947 176.483 163.996 152.911 127.412 112.756 111.641 110.219 108.12 96.9752 94.8802 84.54 84.5015 69.9697 68.3123 67.6805 66.0157 64.1781 57.1732 55.2531 51.6219 51.58 48.7027 52.5207 48.24 47.2384 47.0061 46.9194 46.907 47.0621 45.7085 44.1933 43.514 42.8639 42.0505 41.028 39.6581 39.2963 38.6498 37.1731 37.8495 39.1357 36.8881 36.2713 67.2466 35.8283 35.2527 35.1329 35.0547
threshold=5.0625000000000009 4.5000000000000009 7.3125000000000009 4.5000000000000009 1.0000000180025095e-35 4.1250000000000009 6.5000000000000009 0 9.9375000000000018 1 2 3 2.6250000000000004 4 5 6 7.5000000000000009 7 1.0000000180025095e-35 8 5.9375000000000009 1.5000000000000002 0.70000000000000218 1.5000000000000002 0.039841878709811006 4.7613636363636376 0.19999999999999998 6.0625000000000009 3.1473405508241545 9 12.625000000000002 4.7958333333333343 2.5000000000000004 4.3484057455078053 2.5000000000000004 1.6761543611374872 0.022187582194445051 31.600000000000005 5.5000000000000009 10 3.1473405508241545 5.5000000000000009 4.7182539682539693 3.3416666666666672 6.5000000000000009 0.16542260843731432 31.600000000000005 11 6.8750000000000009 12 1.5000000000000002 0.41528159340659337 6.9226190476190483 13 0.026985060415547303 14.27857142857143 3.1185188977086145 0.046289567334706856 4.0625000000000009 2.0129202758764495 8.5000000000000018 3.5000000000000004
decision_type=2 2 2 2 8 2 2 1 2 1 1 1 2 1 1 1 2 1 2 1 2 2 2 2 2 10 2 2 2 1 2 10 2 2 2 2 2 2 2 1 2 2 8 8 2 2 2 1 2 1 2 2 8 1 2 2 2 2 2 2 2 2
left_child=1 3 6 4 10 7 9 12 17 23 24 21 22 27 46 37 19 44 34 55 49 43 35 41 28 58 47 -8 -1 -22 39 61 -20 -12 -9 -6 -37 45 -31 -10 -18 42 -2 48 -4 -14 -7 -16 -5 -11 -34 -17 53 -15 -55 -3 -24 -58 -13 -26 -19 -28
right_child=2 16 8 11 5 14 13 18 30 20 33 25 15 52 26 51 40 60 32 -21 29 -23 56 -25 59 -27 31 -29 -30 38 -32 -33 50 -35 -36 36 -38 -39 -40 -41 -42 -43 -44 -45 -46 -47 -48 -49 -50 -51 -52 -53 -54 54 -56 -57 57 -59 -60 -61 -62 -63
leaf_value=-0.011687669906085309 -0.00028528966652936473 -0.0060403222024586036 0.0075276703130194526 -0.0071329617007400486 -0.026976288513221203 -0.0018017367887192494 0.0043519429790535641 -0.022992400136873162 0.020982686629349812 0.00036890591414914244 -0.016197792407023594 -0.013876492443342037 -0.0067547275654027301 0.012947453890995454 -0.0066853532169736107 -0.0094968269534295713 0.0040197554620342527 0.01482376933504277 -0.022992400136873162 0.00034930657325968898 0.00036195310757874966 0.0080287923952951142 -0.0119188337584629 0.021010293020511564 -0.0035612669402904753 -0.0060609880125823915 -0.013908988933752376 0.0086219555015828678 0.010283365933168765 0.0053591011365191517 0.038143573294485436 -0.0040998829599545039 -0.0092915421995371957 -0.001698249104850247 -0.0086082973155230617 -0.023643190888896617 -0.022964616866834486 0.0039284544498363492 0.0049734364689479008 0.024984816660935508 0.016717337703070941 0.0075005002843284265 0.006076606093577264 0.0003909254192893119 0.012976811402771772 0.0028193953403284678 0.010886375964570977 -0.0068091003975957803 0.0079401221467017887 -0.00044026132925238941 -0.011024242092472037 0.0048638386594625996 0.013020080196881535 0.0033686462320003385 0.0098973753436126036 -0.0081582708382195064 -0.0098147534683198038 0.017446827952578636 -0.0066878732374425435 0.022796207902918642 0.0221976619020962 -0.0059775694058208486
leaf_weight=200 418 2894 774 768 779 445 999 1993 2563 2851 772 1630 153 2440 970 5362 409 5465 13267 9734 1418 873 655 1118 36 944 983 2030 364 1706 16936 648 10647 348 900 3743 5512 467 1816 9234 1081 962 830 1417 3783 88 185 1783 86 2634 457 75 1946 291 1986 208 621 96 1405 406 6152 386
leaf_count=200 403 2864 729 763 779 434 972 1988 1802 2816 767 1622 153 2169 962 5348 380 4605 13261 9579 1405 816 651 887 36 941 977 1940 309 1659 8931 643 10645 330 898 3738 5501 461 1769 5670 892 928 790 1407 3347 87 173 1781 78 2618 455 74 1749 284 1882 208 599 84 1401 310 4640 384
internal_value=0.00396921 -0.023328 0.0334381 -0.029804 -0.0328426 -0.0341454 0.0161753 -0.0360863 0.04245 0.00952777 -0.00206629 -0.00747403 -0.0291336 0.0256056 -0.0180328 -0.0213871 0.00355238 0.0354433 -0.0405351 0.00179131 0.0043738 0.00294612 -0.03333 0.025575 0.0171042 -0.0156754 -0.0212916 0.0153109 0.00441593 0.00979458 0.0463926 -0.0142443 -0.0416603 -0.0192706 -0.0311835 -0.0350369 -0.0340152 0.00138387 0.0134432 0.0435366 0.0187089 0.0196269 0.0132066 -0.00279269 0.0280309 -0.0167149 0.00685647 -0.0265232 -0.011924 -0.000500365 -0.039036 -0.0243108 0.0302135 0.0278391 0.0227032 -0.00645519 -0.0208267 -0.0130153 -0.0197777 0.033623 0.0382908 -0.0200328
internal_weight=142142 73790 68352 59464 52341 50215 23445 44815 44907 13753 2126 7123 17551 9692 5400 6145 14326 16174 27264 12836 10425 3144 11406 3328 1006 3979 4770 3029 564 4940 28733 2017 24371 1120 2893 10034 9255 708 3522 11797 1490 2210 1248 2271 4557 241 630 2753 854 5485 11104 5437 6663 4717 2277 3102 1372 717 3035 442 11617 1369
internal_count=124974 72979 51995 59056 52028 50076 22271 44722 29724 13275 1952 7028 17475 8996 5354 6123 13923 13321 27247 12651 10267 3064 11352 3008 855 3964 4747 2912 509 4833 16403 2004 24361 1097 2886 10018 9239 701 3428 7472 1272 2121 1193 2248 4076 240 607 2743 841 5434 11100 5422 6084 4335 2166 3072 1334 683 3023 346 9245 1361
cat_boundaries=0 1 2 4 6 8 9 10 12 14 16 18 20 22 24
cat_threshold=48496408 42039824 15894128 131330 1121020184 16513 151945602 293376 16859668 16384 755630471 283916 17465378 283140 419954819 271388 218759559 393224 383786344 98307 3564241068 33231 3231799892 4
is_linear=0
shrinkage=0.05


Tree=9
num_leaves=63
num_cat=22
split_feature=15 19 15 13 16 0 13 0 0 15 16 0 19 0 13 0 42 15 15 0 0 23 0 9 26 0 15 13 20 15 16 0 43 23 40 29 19 25 0 20 16 16 0 0 0 26 20 25 0 0 26 0 32 0 25 47 0 25 0 24 16 0
split_gain=44229.6 6363.34 3466.47 1070.09 940.452 581.902 544.846 473.137 466.261 385.834 334.793 251.895 211.68 187.572 183.315 144.454 141.364 122.91 115.732 110.152 108.78 107.915 105.344 94.2063 80.3924 78.9387 76.069 75.9713 72.995 72.115 58.6302 58.3268 57.124 56.6839 56.6724 55.8606 53.9903 52.4902 52.2886 51.4921 57.1386 51.0442 47.4666 43.5517 43.0286 42.7628 40.995 40.7928 40.7897 39.1308 38.5181 38.4563 36.8 36.4964 35.5034 40.9799 34.9205 34.6721 34.2034 34.1103 34.0864 34.0192
threshold=5.3125000000000009 4.7500000000000009 7.9375000000000009 4.5000000000000009 1.0000000180025095e-35 0 6.5000000000000009 1 2 9.9375000000000018 4.2613636363636376 3 2.7500000000000004 4 6.5000000000000009 5 4.7214285714285724 6.4375000000000009 3.9375000000000004 6 7 0.37500000000000006 8 1.5000000000000002 0.039841878709811006 9 11.812500000000002 5.5000000000000009 0.49999999999999972 6.0625000000000009 0.34166666666666673 10 5.6000000000000005 0.62500000000000011 2.4166666666666674 4.4337703135064368 2.2500000000000004 3.1473405508241545 11 0.50000000000000233 2.3062500000000004 2.9226190476190479 12 13 14 0.053662951848883908 0.50000000000000233 3.4783232288476356 15 16 0.054276175085942506 17 4.4462873998794192 18 3.00035465122648 3.7646499238202167 19 2.0129202758764495 20 3.7451018099547517 3.5208333333333335 21
decision_type=2 2 2 2 8 1 2 1 1 2 10 1 2 1 2 1 2 2 2 1 1 2 1 2 2 1 2 2 2 2 8 1 2 2 2 2 2 2 1 2 10 10 1 1 1 2 2 2 1 1 2 1 2 1 2 2 1 2 1 2 10 1
left_child=1 4 6 5 11 16 7 23 12 22 18 24 46 34 20 29 -3 27 28 -12 54 39 -4 -2 37 -16 38 49 43 -8 32 50 -15 52 -14 -13 -23 -1 -11 40 -10 -32 -22 -7 -19 47 -6 53 -29 -9 -20 -38 -21 -27 -5 -56 -31 -26 -30 -39 -18 -41
right_child=2 3 9 14 8 10 15 17 21 26 19 35 13 30 25 -17 60 44 31 33 42 36 -24 -25 57 45 -28 48 58 56 41 -33 -34 -35 -36 -37 51 59 -40 61 -42 -43 -44 -45 -46 -47 -48 -49 -50 -51 -52 -53 -54 -55 55 -57 -58 -59 -60 -61 -62 -63
leaf_value=-0.010445881986329109 0.0062993750220329938 0.011174910903018498 0.021434035044721769 -6.6950548944499924e-05 -0.022070568755332601 -0.012922154414984411 0.0043571000953991244 0.00049029588248500344 -0.021842780130029507 0.018531102272800703 -7.121333626298188e-05 -0.012888507641091685 -0.0061340855904951537 0.0089325678167540331 -0.0005161507671770871 0.011800330091632949 -0.0052967905972666207 0.0045476044649617629 -0.0060624376238516192 -0.006065532607886448 -0.0065477943092810409 -0.022561985271097009 0.013471317166821928 0.020747488574182994 -0.0033832035932759522 0.0078534796010397267 0.033378471122070728 0.0048820466468263105 -0.0049725934947538082 0.006299130397099395 -0.011340427239553287 -0.0063524397327721699 -0.014319555880883234 -0.0064063506478694411 0.0014032989458702906 0.0058830128883285704 -0.010346391300641945 0.016444377335433625 0.022898567207217193 -0.0087335478505201954 -0.011395880447842944 -0.0052777951677512652 -1.9574863862070747e-05 -0.013565912033786799 0.0059883722701635006 0.012977475011871343 -0.022338122723162959 0.0094977937625656383 0.0043586569581464231 -0.0006626833529146559 0.0015959802843142246 -0.010712635563828822 0.00033401894543466648 -0.001954209043503019 0.0004521247598723799 0.0076005290423138312 0.010026264189883572 0.021173460133790303 -0.014023527560170324 -0.0065703304869580096 0.0039120652208411433 -0.013700555226716794
leaf_weight=178 1873 783 6780 1542 4829 1461 988 1348 2842 2281 2349 936 582 206 679 7243 836 1015 1385 1717 1615 5521 5469 1177 36 234 19957 1359 538 1493 7436 2089 121 974 511 249 5299 242 6495 510 2615 2996 4796 2228 2224 920 587 1249 1241 1953 284 7209 558 404 4833 255 2247 401 562 91 599 712
leaf_count=178 1779 717 5096 1521 4824 1456 961 1323 2841 1645 2325 926 581 176 647 6498 824 996 1379 1712 1603 5518 4727 899 36 214 10695 1341 529 1436 7425 2083 120 974 501 231 5296 193 4063 506 2613 2985 4758 2226 2126 796 582 1138 1230 1936 275 7208 553 393 4772 231 2109 307 561 87 583 710
internal_value=0.00387283 -0.0217811 0.0341957 -0.00513499 -0.0341928 -0.0141985 0.0191725 0.0117296 -0.0358386 0.0430519 -0.0179249 -0.00180178 -0.0294459 -0.0257146 0.00383864 0.0267495 0.00959847 0.00600973 -0.024163 -0.00842918 0.00111524 -0.0402765 0.0356118 0.0287471 0.0173045 0.0140221 0.0462221 0.00171891 -0.0293205 0.019771 -0.0277108 -0.0175831 -0.00684451 -0.0143696 -0.00574728 -0.0170945 -0.0423098 0.00399414 0.0423146 -0.0348421 -0.0369265 -0.0283902 -0.00352616 -0.0326951 0.013841 0.0176881 -0.0376583 0.0134243 0.00811034 -0.00331466 -0.0103839 -0.0404745 -0.0100813 0.00312207 0.00560081 0.00762331 0.0229872 0.0332078 -0.0179791 0.0157036 0.000309889 -0.025507
internal_weight=142142 76999 65143 32890 44109 16363 24161 12190 41976 40982 14145 2133 17268 11852 16527 11971 2218 9140 8547 5598 13041 24708 12249 3050 948 3486 28733 5901 4789 4728 10759 3758 327 3249 1093 1185 18029 511 8776 6679 5457 10432 6411 3689 3239 2807 5416 1887 2600 3301 1669 12508 2275 638 6630 5088 3740 437 1100 333 1435 1222
internal_count=124974 76114 48860 32270 43844 16197 22634 11630 41886 26226 14073 1958 17194 11788 16073 11004 2124 8952 8509 5564 12885 24692 9823 2678 801 3188 16403 5830 4772 4506 10706 3737 296 3239 1082 1157 18022 458 5708 6670 5454 10410 6361 3682 3122 2541 5406 1745 2571 3259 1654 12504 2265 607 6524 5003 3545 343 1090 280 1407 1216
cat_boundaries=0 1 3 4 6 7 9 11 13 15 17 19 21 23 25 27 29 31 33 34 36 38 40
cat_threshold=33644544 42039312 64 48758552 11699824 131328 16384 152994210 293520 3254131516 513 2996928028 140246 3538026104 243 3238920448 414208 1223696156 17539 755630471 413708 16941056 278528 2430766640 205217 403178627 312604 3564110376 108975 559186724 463488 3491233831 73733 77677600 17432578 264208 351280409 360448 2904031232 101572
is_linear=0
shrinkage=0.05


Tree=10
num_leaves=63
num_cat=4
split_feature=13 14 16 13 1 23 14 13 16 16 42 14 1 14 13 25 40 16 13 13 1 20 40 44 42 16 43 25 14 16 14 47 26 16 16 40 13 40 40 21 13 39 20 1 26 26 26 26 44 42 26 21 47 25 26 25 22 25 25 21 31 25
split_gain=39497.6 6481.72 3264.42 1612.18 1020.21 798.212 579.659 533.118 405.438 400.357 382.611 363.271 331.401 267.573 245.376 194.434 179.197 145.633 138.593 117.113 116.036 127.721 110.254 104.166 138.525 92.5225 88.9003 99.3307 87.2149 85.1182 84.665 82.6222 79.9791 78.4752 77.5987 75.7162 73.3042 71.1894 69.8085 68.491 65.2197 64.0995 60.1581 56.675 50.6672 49.4179 49.0503 45.534 41.9719 55.3872 41.7885 41.2518 40.7788 39.876 39.1192 44.5265 39.0957 39.0732 38.6275 37.3996 37.3626 36.6164
threshold=5.5000000000000009 4.5000000000000009 6.9226190476190483 4.5000000000000009 0 0.37500000000000006 6.5000000000000009 9.5000000000000018 1.0000000180025095e-35 3.2613636363636371 7.2142857142857144 7.5000000000000009 1 2.5000000000000004 7.5000000000000009 5.0851340877949331 5.1250000000000009 4.2958333333333343 8.5000000000000018 3.5000000000000004 2 0.50000000000000111 5.416666666666667 31.600000000000005 4.4071428571428592 3.0208333333333335 12.350000000000001 2.18118409169728 4.5000000000000009 12.066964285714286 7.5000000000000009 3.8901462451385291 0.027421095575530106 4.4226190476190483 4.3416666666666677 2.1250000000000004 2.5000000000000004 10.125000000000002 3.8750000000000004 20.500000000000004 10.500000000000002 0.22500000000000003 -0.3999999999999993 3 0.036808169760942859 0.028420347373759404 0.03266732432318311 0.057323475393874959 31.600000000000005 4.4071428571428592 0.067545592673360966 12.500000000000002 -2.1952287398259895 2.6346569415786378 0.057323475393874959 2.3611733746099497 0.14883140756302524 2.4338504930057812 3.8533727627417584 2.5000000000000004 1.0309897716160625 4.7241388674670803
decision_type=2 2 8 2 1 2 2 2 8 8 2 2 1 2 2 2 2 10 2 2 1 2 2 2 2 10 2 2 2 8 2 2 2 10 10 2 2 2 2 8 2 2 2 1 2 2 2 2 2 2 2 8 2 2 2 2 2 2 2 8 2 2
left_child=1 3 6 5 10 8 14 30 15 20 16 17 13 36 28 26 -3 19 39 -6 38 35 43 31 -25 -14 27 -1 54 -9 -4 33 60 -15 -12 -22 48 44 -10 -8 50 47 -27 56 -13 -5 59 61 -7 -50 -16 -30 -34 -36 55 -2 -11 -46 -47 -17 -29 -23
right_child=2 4 7 45 11 12 18 29 9 22 34 37 25 23 40 46 -18 -19 -20 -21 21 41 -24 24 -26 42 -28 32 51 -31 -32 -33 52 -35 53 -37 -38 -39 -40 -41 -42 -43 -44 -45 57 58 -48 -49 49 -51 -52 -53 -54 -55 -56 -57 -58 -59 -60 -61 -62 -63
leaf_value=-0.023267749757278133 -0.0087337605784300054 0.0089172630236037161 0.0091147461436307704 -0.0066256408094804049 -0.0065843314403209903 -0.021432062726793644 0.011286991897620941 0.022001750992328286 -0.011231445748247927 -0.023288443346940548 -0.0013876123506714189 -0.00045630077465707577 -0.020714680866474655 -0.0089004702419115175 0.0064193409679569385 0.018273743544894062 0.02489360363141109 -1.3340668815536861e-05 0.020362333292485671 -0.00098981909406965492 -0.021272986107637362 -0.011174215599694289 0.0016968200916912424 0.0032305795139794704 -0.0092068657437014648 -0.011354801130302433 -0.022330785049900406 0.0086548162013766142 0.00584092330157594 0.034567471073657631 0.015580910114634694 0.0048613379183357402 -0.0073741809037507827 -0.0047309614136165305 -0.010277080283943314 -0.012203653734933595 -0.0092036018455016189 0.019034417917411686 0.0045245292358930492 0.0057652514937623026 0.021606677190746361 -0.01185263544086439 -0.0076080884273547651 -0.0066358821359925437 -0.0027116144782487086 -0.00039223713440204589 0.027501489154140059 0.0055812621078527476 -0.010306497709659647 -0.022245715267715349 0.013626919303787934 0.0041729191749421855 0.0089092297572435763 0.010589243762941493 0.0052616422520904427 0.00025190062976031545 0.0026739980556202748 0.0082753749325224953 0.00079827626509998417 -0.017637773822447522 -0.014012242785823505 0.0075327787449603559
leaf_weight=230 180 1163 4454 1388 2161 6071 2997 13124 1038 69 858 659 10843 7163 2717 160 1981 7661 3499 3145 3385 471 624 502 275 2245 355 92 1950 15096 7501 101 87 655 41 3675 3465 624 216 2779 1242 1296 4149 3503 103 2419 260 158 342 235 676 3309 548 275 977 3248 348 1441 1427 68 326 92
leaf_count=230 180 1054 4138 1374 2146 6065 2675 8421 1033 69 838 647 10841 7148 2559 125 1309 7590 2659 3125 3384 460 595 489 275 2238 355 86 1890 7999 6040 98 86 650 41 3672 3453 466 205 2718 927 1295 4147 3493 103 2387 172 146 339 235 583 3286 512 249 941 3182 337 1355 1394 63 323 79
internal_value=0.00396217 -0.0198057 0.0331897 -0.0282513 0.00466837 -0.0308635 0.0184176 0.041857 -0.0219295 -0.0248484 0.0261712 -0.00122714 -0.0350763 -0.0303956 0.012101 -0.00150212 0.0353243 -0.00476905 0.0281528 -0.0111353 -0.0302889 -0.0322673 -0.0124741 -0.0239732 -0.00648458 -0.0401406 -0.009759 -0.0036176 0.00756286 0.0456077 0.0329997 -0.0256875 0.00288899 -0.0262687 0.00186809 -0.0354759 -0.0359447 0.0150088 -0.0155692 0.023385 0.0215585 -0.0211819 -0.0353706 -0.0155815 0.0107736 -0.00177555 0.0261656 -0.0092036 -0.0390277 -0.0260294 0.0179567 0.0119097 0.0140645 0.0230126 0.00237063 -0.000144357 0.0019743 0.0157249 0.00114245 0.00914847 -0.0140692 -0.0158599
internal_weight=142142 78393 63749 58281 20112 53047 23574 40175 17001 14875 4318 15794 36046 18809 14299 2126 3144 12967 9275 5306 10331 9077 4544 8696 777 17237 1638 1283 9664 28220 11955 7919 1053 7818 1174 7060 10113 2827 1254 5776 4635 2017 6394 3920 2203 5234 488 721 6648 577 3393 5259 635 316 4405 3428 417 1544 3846 228 418 563
internal_count=124974 76776 48198 57853 18923 52698 21600 26598 16720 14768 3491 15432 35978 18752 13548 1952 2363 12861 8052 5271 10274 9036 4494 8660 764 17226 1592 1237 9479 16420 10178 7896 1007 7798 1128 7056 10092 2571 1238 5393 4069 1980 6385 3899 2105 5155 360 685 6639 574 3142 5176 598 290 4303 3362 406 1458 3781 188 409 539
cat_boundaries=0 1 2 3 4
cat_threshold=8 61 8 8
is_linear=0
shrinkage=0.05


Tree=11
num_leaves=63
num_cat=17
split_feature=15 19 15 13 16 13 0 0 15 0 19 0 16 0 0 23 13 15 0 42 0 47 0 25 14 15 15 39 16 13 20 19 13 26 15 22 0 43 13 15 0 0 26 0 26 25 25 20 24 50 41 25 0 26 0 26 25 0 0 14 16 13
split_gain=41094.7 5067.41 4131.16 916.023 873.841 605.525 478.887 449.104 429.02 426.84 301.084 233.502 233.259 198.673 177.377 146.55 137.394 137.258 133.424 124.756 113.319 110.318 98.4825 92.5199 91.3148 80.567 74.0873 72.3461 72.5782 69.8974 68.7901 64.8968 63.31 63.0927 60.4838 59.114 54.6998 51.2422 50.0747 49.7359 49.5956 48.4538 47.5421 47.2801 45.5876 45.4466 44.8176 43.2369 43.1617 42.2961 41.7379 39.2644 38.1739 38.1628 37.8057 36.1276 35.7914 35.5955 35.533 35.0383 34.8864 34.7183
threshold=5.0625000000000009 4.7500000000000009 7.9375000000000009 4.5000000000000009 1.0000000180025095e-35 6.5000000000000009 0 1 10.687500000000002 2 2.7500000000000004 3 4.2613636363636376 4 5 0.37500000000000006 7.5000000000000009 5.9375000000000009 6 4.7214285714285724 7 -2.5416686809441722 8 3.5570163169082316 5.5000000000000009 2.3125000000000004 6.0625000000000009 0.2678571428571429 2.8416666666666672 5.5000000000000009 0.50000000000000233 2.2500000000000004 3.5000000000000004 0.022407286087250202 14.562500000000002 0.19999999999999998 9 8.1500000000000021 7.5000000000000009 4.1875000000000009 10 11 0.041315283703623105 12 0.03266732432318311 3.1473405508241545 2.6945134785005034 0.50000000000000233 2.3020780961957437 8.7500000000000018 0.046808599941788272 2.0129202758764495 13 0.04537212212143691 14 0.047657235601569856 7.0914308043246042 15 16 2.5000000000000004 4.979166666666667 9.5000000000000018
decision_type=2 2 2 2 8 2 1 1 2 1 2 1 10 1 1 2 2 2 1 2 1 2 1 2 2 2 2 2 10 2 2 2 2 2 2 2 1 2 2 2 1 1 2 1 2 2 2 2 2 2 2 2 1 2 1 2 2 1 1 2 8 2
left_child=1 4 5 6 11 7 19 21 18 10 47 23 24 26 49 25 22 54 38 -3 -14 -2 50 33 32 30 -7 37 59 52 -11 -17 57 -1 43 -22 -34 55 -4 -24 -28 -26 48 -10 -25 -18 -44 -6 -23 -12 60 -35 -19 -15 -9 -16 -13 -8 -31 -29 -5 -20
right_child=2 3 8 16 9 13 12 17 34 15 14 56 20 53 27 31 45 29 61 -21 35 42 39 44 41 -27 40 28 -30 58 -32 -33 36 51 -36 -37 -38 -39 -40 -41 -42 -43 46 -45 -46 -47 -48 -49 -50 -51 -52 -53 -54 -55 -56 -57 -58 -59 -60 -61 -62 -63
leaf_value=-0.019263180328963528 0.021856729259857044 0.0098447404877666355 0.0082016046033100871 3.6699317329036422e-05 -0.020159876008134625 0.0038058795697130002 -0.013101680227809775 0.00064744855862914903 0.01820266824074963 -0.02014045843678134 -0.0056652633955122551 -0.010425464701334975 -0.00023777151980715062 0.008958354207797203 -0.0068563202036150631 -0.020398151964218427 0.0027721975619380002 -0.00061229101308152289 0.016126972743185333 -0.00024085474201828163 -0.0057864813633162655 -0.0040153983304573541 -0.0061630299692240209 0.0065917053612904904 0.0016209052672304103 -0.0096953567674474619 0.0054513418721048312 -0.014957450610159517 -0.0072028560779674455 0.0042222068206547725 -0.010489625989213436 -0.0090975267640753376 -0.0047963671755883071 -0.011002863536209906 0.038107122918229153 -0.0052127198428753132 -0.005291264565623211 -0.012614274880549959 0.014461487606202028 3.8408955707447401e-05 0.0087155069794342399 -0.0060131430413608022 0.0027692984373235809 0.023269520886052011 0.025042364141910068 0.014947888547023842 0.010526296625372312 -0.020198743130908262 0.0042966350457603114 0.00099624604226997713 0.00059958047100787675 0.0070194481239287511 0.0050897359251051884 0.013137961135662258 -0.00056417780318099298 0.015724084274592764 0.011997379889933924 -0.011536117902436888 0.0043219371434415014 -0.0087795184198122492 -0.00046481960477776644 0.022056001322321529
leaf_weight=125 949 685 1441 160 6003 1314 1716 2724 3189 3065 421 937 2090 3194 300 4688 409 1016 5035 1343 1576 104 2527 315 464 1658 1571 4132 4554 1342 864 10339 717 66 12020 1352 1689 244 4754 3722 2458 895 245 9846 291 1081 1272 676 1105 672 6274 349 1796 4047 2761 124 50 2857 1472 4236 124 4697
leaf_count=122 703 631 1281 160 5998 1278 1716 2691 2051 3062 419 928 2069 2924 280 4685 380 998 3963 1319 1574 102 2495 273 452 1658 1515 4129 4543 1321 858 10338 710 66 6192 1345 1687 242 3926 3707 2307 891 242 5645 202 892 1167 671 1058 663 6139 327 1740 3556 2743 110 40 2845 1424 4230 123 3168
internal_value=0.00392629 -0.0219484 0.0318595 -0.00597483 -0.0326966 0.0168169 -0.0144423 0.00995435 0.0419051 -0.0342829 -0.0292563 -0.00147376 -0.017872 0.0248784 -0.0252618 -0.0394567 0.00313645 0.00492223 0.0354812 0.00818784 -0.00936342 0.02508 0.00146354 0.0138245 -0.0230118 -0.0325421 0.0174346 -0.0268138 -0.0276635 0.0104132 -0.0364491 -0.0420512 -0.0253216 -0.00109982 0.0459868 -0.0156839 -0.0187349 -0.0107549 0.0294787 -0.00302636 0.02083 -0.011136 0.0200202 0.0436058 0.0273394 0.0175017 0.025919 -0.0380756 0.0125992 -0.0056567 0.00573832 0.00828125 0.00483292 0.0303013 -0.000700875 -0.000223529 -0.0191834 -0.0287812 0.015984 -0.0304331 -0.0129649 0.0392277
internal_weight=142142 73790 68352 29681 44109 27370 15384 14786 40982 41976 21362 2133 13356 12584 14683 20614 14297 11111 15927 2028 5018 3675 12807 1146 8338 5587 5343 13590 12922 5626 3929 15027 6979 540 25055 2928 2406 668 6195 6249 4029 1359 2726 13035 606 1490 1517 6679 1209 1093 6558 415 2812 7241 5485 424 987 4573 2814 8368 284 9732
internal_count=124974 72979 51995 29135 43844 25769 15239 14189 26226 41886 21285 1958 13289 11580 14616 20601 13896 10917 12338 1950 4988 3272 12624 990 8301 5578 5100 13534 12902 5483 3920 15023 6958 515 13888 2919 2397 632 5207 6202 3822 1343 2569 7696 475 1272 1409 6669 1160 1082 6422 393 2738 6480 5434 390 968 4561 2745 8359 283 7131
cat_boundaries=0 1 2 4 6 8 9 11 13 15 17 19 21 23 25 27 29 31
cat_threshold=33644544 42039824 1123548957 4 15912560 131330 220103042 491280 16384 755892615 425756 3254131516 513 2464251420 1267 14685464 40962 151650304 264208 1089472540 212993 218759559 413706 2500329667 58652 3564240940 8655 1829242094 15950 1028261254 267324
is_linear=0
shrinkage=0.05


Tree=12
num_leaves=63
num_cat=17
split_feature=15 19 15 13 16 0 19 0 0 15 16 13 0 13 0 0 9 23 0 0 15 14 16 13 26 0 39 40 14 15 14 43 0 0 0 0 3 40 15 15 0 13 0 13 23 0 15 26 39 13 44 17 44 26 0 26 13 19 13 18 23 13
split_gain=39944.3 6314.71 2792.26 951.304 850.235 564.501 452.648 445.693 383.117 334.036 293.006 245.559 214.562 208.898 163.896 149.676 144.497 135.083 123.892 113.507 104.411 99.2235 98.8976 85.6251 75.482 74.9013 73.0755 76.1688 71.37 64.0092 62.5658 62.0747 59.2405 57.6206 57.053 56.7128 55.7331 55.0965 52.9633 52.0808 51.7565 78.7817 50.7328 59.6589 49.1801 48.3167 46.1463 44.3972 43.7543 41.733 40.6219 40.071 39.663 38.7855 38.6267 37.5991 37.2863 34.7851 38.357 34.527 45.3268 34.4674
threshold=5.5625000000000009 4.7500000000000009 8.3125000000000018 4.5000000000000009 1.0000000180025095e-35 0 2.7500000000000004 1 2 10.687500000000002 4.2613636363636376 5.5000000000000009 3 7.5000000000000009 4 5 1.5000000000000002 0.37500000000000006 6 7 6.3125000000000009 5.5000000000000009 6.4226190476190483 5.5000000000000009 0.034544177203220859 8 0.22500000000000003 2.7083333333333335 5.5000000000000009 14.312500000000002 4.5000000000000009 8.1500000000000021 9 10 11 12 -0.98182534576205283 2.4166666666666674 2.3125000000000004 6.4375000000000009 13 5.5000000000000009 14 7.5000000000000009 0.62500000000000011 15 4.5625000000000009 0.047657235601569856 0.35416666666666669 3.5000000000000004 25.350000000000005 0.95742710775633955 31.600000000000005 0.03853942677825966 16 0.069062758701249852 7.5000000000000009 3.2500000000000004 3.5000000000000004 3.3750000000000004 0.62500000000000011 10.500000000000002
decision_type=2 2 2 2 8 1 2 1 1 2 10 2 1 2 1 1 2 2 1 1 2 2 10 2 2 1 2 2 2 2 2 2 1 1 1 1 2 2 2 2 1 2 1 2 2 1 2 2 2 2 2 2 2 2 1 2 2 2 2 2 2 2
left_child=1 4 7 5 12 16 25 20 14 18 21 39 24 15 37 23 -3 38 -4 -12 40 32 28 -5 -1 51 31 -28 -13 45 44 -16 49 -15 -24 -23 -17 -8 -10 -9 -2 -42 -22 -44 -21 61 -25 -38 -27 -7 -18 52 -6 -35 -30 -14 -20 -19 59 -59 -61 -11
right_child=2 3 9 13 6 10 8 11 17 29 19 22 55 33 26 36 50 57 56 30 42 35 34 46 -26 48 27 -29 54 -31 -32 -33 -34 53 -36 -37 47 -39 -40 -41 41 -43 43 -45 -46 -47 -48 -49 -50 -51 -52 -53 -54 -55 -56 -57 -58 58 -60 60 -62 -63
leaf_value=-0.00028503476279624352 0.011819376737131383 -0.00050497370327439177 0.019135668382190385 0.0002017070742317606 -0.019310568959731156 -0.011181789774161528 -0.0051891420634268548 -0.00035725281207720232 -0.017464394060664346 0.012365048333559649 -1.7582312252728548e-05 0.0026598864607623122 -0.015612870997489849 -0.0033317092390534823 0.0080402319117246056 -0.007323462041130391 0.0033570934085499549 -0.0074743647649567315 0.0085658707955943558 -0.0050263678224974906 0.016558652792323315 0.00090227323036959914 0.00055556301165616835 0.0048426132937844819 0.014922405941294004 -0.021071830332172747 -0.010596724641262779 -0.0080524310658786954 0.0079238058594032108 0.036201766772317699 -0.0054235514568977241 -0.012121301741908308 -0.011355302331573043 0.005660440708867071 0.0083498118179613397 -0.0061353030711221064 -0.0010239437444236777 0.0016464113023031469 -0.0092105889290750916 0.0047886192260840014 0.0044595407664818404 0.007123377735711334 0.006796360445128314 0.01350756511923037 -0.0062435510084563718 0.02179509150065136 0.0055194810258766052 0.00035168540470281728 -0.019354289070795751 -0.0048435688491670573 0.010132154364431691 -0.019094681098572732 -0.01862425012938599 0.015306266960240879 0.0042987068961422683 0.0024926681118484176 0.014259008271455098 -0.01100814638124485 -0.0016664695498585403 -0.0098394302877852901 -0.010558635428852804 0.018968170225026018
leaf_weight=602 1192 1123 7153 4556 4071 2713 582 1721 2051 605 2764 1283 749 190 216 304 289 5204 1048 1178 2949 630 293 1556 621 971 5755 6989 1364 12592 1616 132 2951 773 4340 925 5443 511 1736 1492 871 1884 2013 2723 545 9411 2105 2697 7233 1450 950 618 451 1127 2391 161 4376 1559 2997 342 558 2447
leaf_count=554 1038 1110 5026 4480 4066 2700 581 1701 2045 459 2732 1252 741 182 188 304 280 5203 913 1175 2384 616 287 1519 513 965 5748 6974 1293 6498 1609 131 2951 709 4079 922 5396 501 1735 1436 842 1772 1888 2278 545 5414 2057 2672 7231 1441 858 614 451 923 2321 150 3551 1559 2994 342 558 1517
internal_value=0.00394881 -0.0194137 0.0340198 -0.0038384 -0.0320844 -0.0123545 -0.0336493 0.0208873 -0.0301015 0.0425742 -0.0159775 0.0144393 -0.00128632 0.00394331 -0.024186 0.00207328 0.0103224 -0.0358656 0.0359155 -0.00759256 0.0279906 -0.0218968 0.018429 0.00687227 0.0123541 -0.0412585 -0.0257494 -0.0263864 0.0135731 0.045915 -0.0137746 -0.00313754 -0.0243985 0.0188403 0.0237041 -0.0104402 -0.00260142 -0.00538496 -0.0277574 0.002472 0.0213893 0.0173698 0.0314136 0.0278692 -0.0204437 0.0433525 0.0125737 -0.00181734 -0.0444303 -0.020327 0.0221331 -0.0360309 -0.0377393 0.0213998 0.0170514 -0.0195385 0.0299163 -0.0387764 -0.0359529 -0.0312785 -0.0234129 0.0369882
internal_weight=142142 79994 62148 35885 44109 17134 41976 24516 28632 37632 14772 12884 2133 18751 14185 16661 2362 14447 12577 6103 11632 8669 9671 8217 1223 13344 13092 12744 5038 25055 3339 348 7114 2090 4633 1555 8444 1093 3787 3213 3947 2755 7685 4736 1723 12463 3661 8140 8204 4163 1239 5140 4522 1900 3755 910 5424 10660 5456 2459 900 3052
internal_count=124974 79025 45949 35181 43844 16939 41886 22571 28559 23378 14691 12369 1958 18242 14123 16428 2248 14436 9490 6061 10202 8630 9232 8056 1067 13327 13041 12722 4866 13888 3329 319 7092 1814 4366 1538 8372 1082 3780 3137 3652 2614 6550 4166 1720 7390 3576 8068 8196 4141 1138 5131 4517 1632 3614 891 4464 10656 5453 2459 900 1976
cat_boundaries=0 1 3 5 7 8 10 12 14 15 17 19 21 23 24 25 27 29
cat_threshold=33644544 2195848760 131266 1123516189 4 15912568 131330 16384 1990295068 247 3270639160 32993 2180913980 8705 837156624 2163384093 360619 16908544 16384 16777216 262144 1223690269 216592 8415248 33650696 218759559 413706 1611923524 49152
is_linear=0
shrinkage=0.05


Tree=13
num_leaves=63
num_cat=20
split_feature=15 19 15 16 13 19 0 15 0 13 0 0 0 16 0 15 13 0 9 19 0 15 0 0 15 0 25 20 13 15 13 39 18 41 0 13 25 26 0 17 0 40 22 22 40 0 13 13 43 16 24 0 47 24 26 26 28 0 16 0 0 0
split_gain=38415.7 4777.64 4117.78 827.164 795.554 519.833 510.233 495.534 414.677 357.882 265.785 202.849 194.385 175.807 166.826 134.048 131.113 121.942 121.848 121.137 111.063 110.436 97.9078 95.3332 88.2304 78.5493 77.1921 73.0151 71.8855 63.2859 60.6373 60.485 60.2243 59.0156 57.7591 99.5062 57.5864 57.2717 54.9032 54.3656 54.9979 53.0379 50.1612 46.5833 45.8268 45.4022 43.9391 43.3331 44.3235 41.5328 40.4797 40.0348 39.8982 39.554 38.0029 37.5528 37.1959 36.8294 40.3618 36.1435 35.8496 35.2038
threshold=5.0625000000000009 4.2500000000000009 7.9375000000000009 1.0000000180025095e-35 4.5000000000000009 3.2500000000000004 0 10.437500000000002 1 6.5000000000000009 2 3 4 4.8416666666666677 5 6.3125000000000009 6.5000000000000009 6 1.5000000000000002 2.7500000000000004 7 5.9375000000000009 8 9 13.562500000000002 10 3.1473405508241545 0.39999999999999991 3.5000000000000004 4.4375000000000009 5.5000000000000009 0.22500000000000003 3.3750000000000004 1.3502330360721746 11 5.5000000000000009 2.1329648907264493 0.047163090968748357 12 5.1991577171889194 13 2.1250000000000004 0.18333333333333338 0.059500915750915706 5.8750000000000009 14 10.500000000000002 9.5000000000000018 4.4500000000000011 2.6742424242424243 3.7451018099547517 15 -2.3791120655858928 5.2738440027963653 0.031770649094885105 0.062218101705695604 145.00000000000003 16 4.8416666666666677 17 18 19
decision_type=2 2 2 8 2 2 1 2 1 2 1 1 1 10 1 2 2 1 2 2 1 2 1 1 2 1 2 2 2 2 2 2 2 2 1 2 2 2 1 2 1 2 2 2 2 1 2 2 2 10 2 1 2 2 2 2 2 1 10 1 1 1
left_child=1 3 6 12 8 10 15 14 18 21 19 -7 26 20 -4 34 22 31 -3 52 -10 -8 -6 -11 38 -15 37 41 32 44 59 -13 -19 -29 -2 57 -14 -1 46 40 -18 -12 -27 -34 49 -21 -9 48 -16 -22 -28 -38 -5 -33 -53 -42 -47 -36 -59 -23 -32 -35
right_child=2 4 7 5 16 11 9 24 13 23 27 17 36 25 47 -17 39 28 -20 45 29 30 -24 -25 -26 42 50 33 -30 -31 60 53 43 61 35 -37 51 -39 -40 -41 55 -43 -44 -45 -46 56 -48 -49 -50 -51 -52 54 -54 -55 -56 -57 -58 58 -60 -61 -62 -63
leaf_value=-0.0076241215372859885 0.012027224930665194 -0.0011152851413900322 0.01105120896268752 -0.017694126307529891 -0.0059242965401412832 5.4916816063521616e-05 -0.00012987023123264274 0.011190948321225204 -0.0097819249923384536 0.004214632686863529 -0.01841271591802094 0.003447497043576764 -0.021707722439939903 0.00090117378265257568 0.01849945889851275 0.012849475441745518 -0.0051129963377487325 -0.010195563744937942 0.0075617674830541163 -0.0073511069306490817 -0.011467664444367476 0.0048979540090486997 0.00022540672333856151 0.0076575390259918559 0.032310703150418618 -0.0054673390674861103 0.019739446163988816 -0.018171961840579922 -0.0015831460723656156 -0.0046014919000728514 0.0037525678120617356 -0.0092021893101001291 -0.01071204503224641 -0.019300241493913597 -0.00080696591677220653 0.0070441754537476815 -0.020880057622863324 0.0094589333194870298 0.020123812746871028 0.028251544730724679 0.0048847708931149874 -0.0071462098326610553 -0.0043975686686979825 -0.0093816210175967432 0.00070660045955582844 -0.008031774233267109 0.017302511376141794 0.019996417837095937 0.011680410273901343 -0.0050462169472026315 0.00072727202357600893 -0.013727661307205674 -0.018208076547236263 -0.0030743729145038981 0.00063505752840130054 0.011569887684044556 -0.006324568566129108 0.00021674748922541066 0.0052249354921314779 -0.00055152059027702702 0.0036381993466957142 -0.0073804712198868201
leaf_weight=261 669 1234 5735 566 1449 736 4797 942 4128 2393 8475 176 169 1056 1953 4720 427 2110 996 865 1344 1476 9975 5160 14292 818 495 2263 3202 1360 1193 6666 195 239 365 2936 104 153 8142 344 1689 6250 824 703 265 3783 2821 4223 2874 3491 166 372 4108 1043 413 413 186 537 743 1085 1296 278
leaf_count=261 553 1222 4874 565 1437 730 4774 722 4120 2316 8470 150 169 1039 1420 4013 412 2109 929 860 1340 1430 9847 4878 7437 817 365 2262 3198 1350 1161 6653 195 239 359 2720 104 142 4731 234 1606 6248 821 703 256 3774 1759 2874 2409 3476 153 367 4101 1042 397 360 183 513 711 1066 1275 273
internal_value=0.00387775 -0.0211394 0.0308852 -0.0316146 -0.00568676 -0.0331627 0.015867 0.0409144 -0.0135268 0.0106769 -0.0372934 -0.0256368 -0.00123946 -0.0168681 0.0335889 0.0248868 0.00282172 -0.0269633 0.00642347 -0.0303913 -0.0197842 0.0044014 0.000419694 0.0188701 0.0450471 -0.00548166 0.0136694 -0.0409994 -0.0323091 -0.0155919 0.00956147 -0.0227134 -0.0267846 -0.0335473 0.0194049 0.0172572 -0.0163658 -0.00312048 0.0418482 0.0123678 0.00982016 -0.0424314 -0.0122777 -0.015901 -0.0181719 -0.0248594 0.0361539 0.0378871 0.0346614 -0.0192814 0.0243882 -0.0113989 -0.0361701 -0.023404 -0.00709171 0.013107 -0.027147 0.00743925 0.0113826 0.00415496 0.0151185 -0.0182336
internal_weight=142142 73790 68352 43977 29813 41844 27370 40982 15516 17400 27013 14831 2133 13286 14785 9970 14297 14095 2230 9508 10588 9847 11424 7553 26197 2698 1075 17505 6210 6460 5050 7885 3008 2780 5250 4581 1058 414 11905 2873 2529 14725 1642 898 5100 4834 3763 9050 4827 4835 661 889 4674 7709 785 2102 3969 1645 1280 2561 2489 517
internal_count=124974 72979 51995 43713 29266 41755 25769 26226 15370 16900 26975 14780 1958 13219 11577 8869 13896 14050 2151 9483 10542 9706 11284 7194 14649 2677 921 17492 6205 6422 4932 7845 3007 2774 4856 4303 1037 403 7212 2612 2378 14718 1638 898 5072 4817 2481 6703 3829 4816 518 868 4666 7695 764 1966 3957 1583 1224 2496 2436 512
cat_boundaries=0 2 3 4 5 7 9 11 13 15 17 19 20 22 24 25 27 28 30 32 34
cat_threshold=44170776 128 33644560 15073032 33570816 16172592 131330 755892615 360220 3505864509 8197 1023934691 408918 16941056 278528 151650688 265216 301339564 262151 16384 1024065927 413758 17432896 459264 81920 3 1680 2098184 676725028 203363 3759407136 256835 1074921591 135172
is_linear=0
shrinkage=0.05


Tree=14
num_leaves=63
num_cat=17
split_feature=18 19 18 39 19 0 18 0 18 19 25 0 0 20 0 26 18 47 0 0 19 18 20 20 20 47 19 28 23 17 25 0 23 26 18 29 26 0 23 18 25 47 25 20 0 25 20 0 0 18 21 26 0 26 0 22 28 0 20 0 0 47
split_gain=36551.3 6487.16 2700.62 726.941 620.616 610.266 412.054 405.756 324.832 292.859 267.026 266.857 223.588 189.559 171.586 147.526 145.362 136.555 122.882 107.746 102.717 102.694 92.1567 84.0883 83.6324 88.549 81.4665 80.1643 78.3067 78.225 67.4909 65.4663 65.4407 63.7595 63.5101 61.7301 59.4019 50.6965 50.5536 49.29 46.7178 46.4663 45.5663 45.0262 44.959 44.3669 44.0239 44.7898 43.5184 42.4876 42.2602 41.3384 40.6478 40.4112 40.0502 43.3173 39.3903 38.64 38.1052 37.1349 36.1588 35.698
threshold=5.6250000000000009 4.2500000000000009 8.6250000000000018 0.22500000000000003 3.2500000000000004 0 4.3750000000000009 1 11.625000000000002 6.2500000000000009 5.0114216919400407 2 3 0.70000000000000218 4 0.031770649094885105 6.6250000000000009 -2.7415804409517581 5 6 8.2500000000000018 2.1250000000000004 -3.4741899282172609e-16 -1.8421593373319653e-16 0.3000000000000001 -2.3205047913074854 2.2500000000000004 142.00000000000003 0.37500000000000006 4.7914835310472084 3.1473405508241545 7 0.37500000000000006 0.03266732432318311 4.1250000000000009 3.8712905344132089 0.038202471971612209 8 1.0000000180025095e-35 4.8750000000000009 2.6465923254088959 -2.352599585020648 2.5151456795769582 -0.29999999999999888 9 2.3611733746099497 -0.099999999999999631 10 11 16.125000000000004 11.500000000000002 0.035130851870585955 12 0.051010750614839902 13 0.099999999999999964 143.50000000000003 14 0.70000000000000218 15 16 -2.7415804409517581
decision_type=2 2 2 2 2 1 2 1 2 2 2 1 1 2 1 2 2 2 1 1 2 2 2 2 2 2 2 2 2 2 2 1 2 2 2 2 2 1 2 2 2 2 2 2 1 2 2 1 1 2 8 2 1 2 1 2 2 1 2 1 1 2
left_child=1 3 7 10 11 9 13 20 14 17 15 21 18 32 -4 35 23 -3 -6 45 37 58 39 44 25 -11 -13 34 -14 54 56 -18 48 57 -19 -1 -32 -2 -28 -8 -22 -23 -21 51 -9 -17 50 -48 -7 -10 -34 -39 -24 -42 55 -15 -26 -12 61 -41 -40 -5
right_child=2 5 8 4 12 6 22 16 49 24 33 26 28 29 -16 19 31 27 -20 42 40 41 52 -25 30 -27 38 -29 -30 -31 36 -33 46 -35 -36 -37 -38 43 60 59 53 -43 -44 -45 -46 -47 47 -49 -50 -51 -52 -53 -54 -55 -56 -57 -58 -59 -60 -61 -62 -63
leaf_value=-0.020635520690752342 0.014790952897382104 0.0069970960955247803 0.017394130040561184 -0.0085065606042353577 9.7189541428122084e-05 -0.0089746796596919982 -0.0046232057714445055 -0.00091016309270358642 0.020463598840200325 0.012499992733154691 0.027900847285508915 -0.017489894116566661 -0.0090410148594308182 0.0043534490216655562 0.01333208078304602 -0.019440952324348754 0.0035100977495499011 -0.0048158321704625529 -0.0084448342032441837 -0.0048415791105581923 0.0078058704411997143 -0.00092783929657528361 -0.00040524105260000278 0.0038368072475896023 0.0011412722924964813 0.00021120466003356488 -0.0063785428481630494 0.0018653880894775599 -0.008779244781476148 0.016917422198821207 0.0068761488554677569 0.0076361645102778434 -0.003824684338470974 0.023141203884073439 0.00015124628714404678 -0.0069803160873878837 0.015360979148591192 -0.00064813228007242212 -0.0076590888366498524 -0.0042616615952235154 0.012342211912471635 -0.0072482208009214018 0.0065712453223069293 0.0065140321688363263 0.0035032145951617078 -0.0058442598893243885 -0.00050450785614751807 -0.006777318747904615 -0.004542566617078159 0.037541653835262916 -0.010525358816387265 0.0059793676962050573 0.00035178753031679389 0.018242830966151015 -0.0058280409103599442 -0.0042997783036545726 0.0097880995737402287 -0.0044172108257391823 -0.0080224601380137987 0.00010245438138035135 -0.0067433360350758424 -0.01727594993237952
leaf_weight=1004 630 801 8667 459 726 1346 1789 844 11470 295 135 8761 1686 356 6144 217 1399 4008 7223 366 416 261 2138 2914 861 1575 771 1796 4937 221 1392 6613 416 306 2579 567 1172 404 2806 1749 3108 1706 577 3171 1841 290 354 1359 1858 8996 2080 1053 4407 3309 1740 477 446 220 376 1971 6019 4564
leaf_count=1002 504 759 5774 459 720 1344 1784 833 6437 253 98 8753 1685 335 4751 217 1348 3964 7209 362 373 257 2126 2840 827 1524 771 1758 4934 171 1272 6159 416 209 2543 557 969 398 2806 1744 2593 1702 533 2994 1812 287 352 1357 1847 4585 2075 1001 4360 2526 1718 474 402 204 373 1959 6018 4557
internal_value=0.00374056 -0.0182365 0.0329919 -0.0312348 -0.0331781 -0.00286377 -0.00810637 0.0206628 0.0419736 0.00495749 -0.00996335 -0.0378497 -0.0249293 -0.0155021 0.0363249 -0.0162624 0.0147001 -0.000576483 -0.0191765 -0.0047519 0.027338 -0.0296049 -0.00184944 0.00852589 0.0138184 0.00512827 -0.0411174 -0.00246243 -0.0317523 -0.00439893 0.0180127 0.0190309 -0.0196851 0.0187991 -0.00501594 -0.0268734 0.0227271 0.0220945 -0.0379384 -0.00661434 0.0314084 -0.0198399 0.00528826 0.020111 0.00213887 -0.0230598 -0.0237874 -0.0175875 -0.0142886 0.0460593 -0.0280316 0.0128567 0.00216086 0.0324626 -0.00685509 0.00218602 0.00875 0.00433989 -0.033212 -0.00333109 -0.0390148 -0.0343641
internal_weight=142142 81163 60979 43977 40295 37186 22261 25702 35277 14925 3682 25723 14572 10207 14811 3021 13611 9184 7949 1450 12091 7366 12054 5599 5741 1870 18357 8383 6623 2794 3871 8012 7413 661 6587 1571 2564 5258 9596 5509 6833 1967 943 4628 2685 507 4209 1713 3204 20466 2496 1457 6545 6417 2573 833 1307 355 5399 3720 8825 5023
internal_count=124974 80046 44928 43713 40244 36333 22062 23381 21547 14271 3469 25696 14548 10089 10525 2958 12992 9024 7929 1399 10389 7348 11973 5485 5247 1777 18348 8265 6619 2698 3470 7507 7391 511 6507 1559 2241 4897 9595 5487 5492 1959 895 4393 2645 504 4200 1709 3191 11022 2491 1399 6486 5119 2527 809 1229 302 5389 3703 8824 5016
cat_boundaries=0 1 3 4 6 8 9 11 13 14 16 18 20 22 24 25 27 29
cat_threshold=48365076 2195848760 196738 14778112 3539435325 1 3270639160 35553 33570816 86465 148688 16777603 263184 16384 671613121 17680 2684354818 151721 1007419850 7488 151781377 349441 672399490 35967 3088 2701656483 159020 1376682013 4
is_linear=0
shrinkage=0.05


Tree=15
num_leaves=63
num_cat=16
split_feature=15 19 15 13 39 19 15 15 0 0 0 0 0 0 0 13 0 19 13 15 23 13 0 0 0 25 23 32 15 23 0 13 15 44 20 18 41 0 15 18 0 15 0 19 25 40 39 20 44 22 18 23 30 27 15 19 0 40 22 38 20 44
split_gain=35669.7 4524.48 4047.26 717.436 691.147 828.866 555.326 443.402 366.046 265.46 258.281 245.943 216.786 203.761 191.076 161.321 133.051 127.595 121.985 102.136 101.456 99.5206 92.2533 87.5505 85.3528 82.3887 78.272 76.8633 76.6314 74.9752 67.7015 66.8254 61.1923 56.7047 54.4431 56.4789 53.3238 51.884 48.9151 48.8982 47.559 44.8927 44.5743 43.098 42.4684 41.6829 41.2492 39.9561 39.0917 37.8819 36.9792 37.47 36.3668 45.7477 35.0845 34.8485 34.7536 34.2844 33.9584 33.8037 33.7734 45.764
threshold=5.0625000000000009 4.2500000000000009 8.3125000000000018 4.5000000000000009 1.0000000180025095e-35 3.2500000000000004 6.4375000000000009 11.687500000000002 0 1 2 3 4 5 6 5.5000000000000009 7 2.7500000000000004 7.5000000000000009 4.6875000000000009 0.62500000000000011 8.5000000000000018 8 9 10 6.1439125745712087 0.37500000000000006 2.1803621330593699 4.0625000000000009 0.37500000000000006 11 7.5000000000000009 14.312500000000002 31.600000000000005 0.50000000000000233 2.1250000000000004 0.064516129032258188 12 5.8125000000000009 4.1250000000000009 13 7.6875000000000009 14 2.2500000000000004 3.1473405508241545 3.8750000000000004 0.22500000000000003 0.50000000000000233 31.600000000000005 0.14064846837944664 2.3750000000000004 0.37500000000000006 5.2534515603638008 3.8002618855761487 9.4375000000000018 6.7500000000000009 15 5.7083333333333348 0.12143504140786747 8.5000000000000018 1.2000000000000011 30.300000000000004
decision_type=2 2 2 2 2 2 2 2 1 1 1 1 1 1 1 2 1 2 2 2 2 2 1 1 1 2 2 2 2 2 1 2 2 2 2 2 2 1 2 2 1 2 1 2 2 2 2 2 2 2 2 2 2 2 2 2 1 2 2 2 2 2
left_child=1 4 6 8 13 9 10 14 16 17 60 23 41 25 54 -12 49 47 22 20 52 -16 39 -7 38 27 34 -1 57 -13 -14 -32 -9 -19 35 -11 -31 -22 -17 55 -36 -8 -21 -28 -20 -38 -25 48 -6 -3 -48 -52 53 -10 -4 -5 -55 -18 -23 -29 61 -2
right_child=2 3 7 18 5 11 12 32 19 26 15 29 30 -15 21 24 28 33 44 42 37 58 -24 46 -26 -27 43 59 -30 36 31 -33 -34 -35 40 -37 45 -39 -40 -41 -42 -43 -44 -45 -46 -47 50 -49 -50 -51 51 -53 -54 56 -56 -57 -58 -59 -60 -61 -62 -63
leaf_value=-0.015412676322455111 0.0045367356530417293 0.0013993800352882892 0.016227386684205869 -0.0057600112828997355 -0.01656811010776742 7.0596544825374255e-05 0.0046980397277314291 0.018012860341862759 -0.0096501623086353138 -0.016607574933499094 -0.00023007153529911451 -0.0086051462321332928 0.014585343506730998 -0.010563542912019953 0.0076391510846133938 -0.00077250866866795942 -0.0055081458509161577 -0.0071495819935234409 0.0013337042550523926 0.00068958133936160022 -0.0054795426463734422 0.013114188078296075 0.0003439456277978814 0.003028599023133616 0.0042713507135847539 0.026821251569213646 -0.016615399410738332 0.0068072805425735353 0.00067671175499809397 -0.0010650265296735296 0.0058379208688209509 0.011301818682622061 0.030899060584417739 -0.00433483022227999 -0.0050790124490199375 -0.0058683645252243901 -0.0091804062150367301 -0.0098055640448196264 0.0033430636321001464 1.9346225082916837e-05 -0.0178405323351284 0.0081761720914738552 -0.005044999990511701 -0.0064242571123548477 0.012850685310614441 -0.0085711959700478738 -0.011864960442448292 -0.016433875223255467 -0.01588716419148354 0.0089805381700445285 -0.0070259844836311983 -0.0028492978100761682 -0.0037123062545746269 -0.003314104287062697 0.017561449038802992 0.00057650292172972684 -0.0074757692751211031 0.0036237762558012699 0.013032243442524251 -0.032631684956091887 0.015265621829118371 0.014653009567954501
leaf_weight=182 2795 325 3560 1747 3794 730 4068 8185 2738 3196 4450 1857 2646 1100 1962 1290 2109 4545 409 810 1455 3219 7932 173 3899 204 5920 792 1632 872 3567 3677 12592 469 320 600 3878 1444 1167 2680 453 1944 944 6586 1081 464 1380 511 435 516 1048 4421 1161 1027 6160 448 1179 176 1954 47 676 541
leaf_count=182 2693 310 2669 1730 3791 724 3941 4689 2731 3192 4409 1855 2113 1080 1697 1281 2094 4533 380 807 1449 2418 7790 147 3756 124 5917 718 1603 872 3362 3139 6498 464 316 600 3878 1443 1141 2669 452 1783 943 6585 892 461 1376 506 435 477 1047 4412 1155 1012 3900 435 1178 168 1507 46 568 431
internal_value=0.0037476 -0.0203588 0.0297718 -0.00532116 -0.0305527 -0.0320336 0.0163046 0.0407646 -0.0127663 -0.0372771 0.00933902 -0.0225408 0.0227941 -0.00401763 0.0347321 0.00529676 -0.00119417 -0.0305269 0.00275878 -0.0178656 -0.0200328 0.0283158 0.00118246 -0.0163075 0.0104129 0.00998786 -0.0410889 0.00425147 -0.00507765 -0.029306 0.0273604 0.0247133 0.0456562 -0.024984 -0.0354803 -0.0379497 -0.0324247 -0.0277397 0.00305713 -0.00422534 -0.023314 0.0152075 -0.00683476 -0.0431674 0.0162944 -0.0301393 -0.0180286 -0.036447 -0.0380485 0.0167195 -0.0186635 -0.016809 -0.0163683 -0.0182396 0.0393685 -0.00976548 -0.0128659 -0.0109996 0.0319956 0.0106488 0.0201578 0.0181286
internal_weight=142142 73790 68352 29813 43977 41652 30720 37632 15516 26829 14818 14823 15902 2325 16855 10806 4758 9754 14297 10758 9004 7135 12807 7752 6356 1225 17075 1021 3917 7071 9890 7244 20777 5014 4569 3796 5214 2899 2457 4875 773 6012 1754 12506 1490 4342 7022 4740 4229 841 6849 5469 6105 4944 9720 2195 2206 2285 5173 839 4012 3336
internal_count=124974 72979 51995 29266 43713 41563 28617 23378 15370 26791 14279 14772 14338 2150 12191 10587 4652 9729 13896 10718 8968 5622 12624 7706 6178 1070 17062 946 3865 7066 8614 6501 11187 4997 4560 3792 5211 2892 2422 4834 768 5724 1750 12502 1272 4339 6982 4732 4226 787 6835 5459 6076 4921 6569 2165 2190 2262 3925 764 3692 3124
cat_boundaries=0 2 4 6 8 10 12 14 15 17 18 20 21 23 25 27 29
cat_threshold=46230292 1 15073032 4 42039828 128 2465562429 5 958005667 302876 16223792 131330 3270639160 164545 16384 1293844960 291332 33570816 151912834 294416 96264 154571816 40970 789053456 101602 1899106408 475744 2435847176 370352
is_linear=0
shrinkage=0.05


Tree=16
num_leaves=63
num_cat=21
split_feature=15 19 15 16 19 13 15 0 13 0 0 0 0 16 0 0 0 19 9 19 0 23 13 0 42 13 16 0 23 15 25 25 44 26 16 13 26 20 18 14 15 15 0 24 26 0 0 0 23 23 0 20 44 16 0 0 19 13 0 0 0 19
split_gain=34423.3 5102.48 3384.49 771.03 995.586 707.199 438.069 396.917 380.846 325.38 269.872 203.77 188.671 178.542 177.508 158.071 151.22 128.71 112.794 108.047 107.476 105.854 98.2412 86.8392 84.7734 80.7463 75.6554 74.6677 74.5952 73.8445 72.6446 59.637 59.3066 52.9591 52.8988 52.5868 52.4144 51.9454 58.3488 50.8398 50.1483 49.9262 46.4778 50.0377 53.8668 45.1508 44.5056 43.8005 43.7815 43.7179 43.5749 41.9064 41.56 41.2543 40.7932 40.7468 40.0721 39.3512 39.7102 38.5468 38.4156 37.9208
threshold=5.4375000000000009 4.2500000000000009 8.3125000000000018 1.0000000180025095e-35 3.2500000000000004 4.5000000000000009 11.562500000000002 0 6.5000000000000009 1 2 3 4 4.7958333333333343 5 6 7 2.7500000000000004 1.5000000000000002 8.2500000000000018 8 0.37500000000000006 8.5000000000000018 9 4.2928571428571436 5.5000000000000009 7.9226190476190483 10 0.37500000000000006 14.312500000000002 3.5570163169082316 2.1329648907264493 31.600000000000005 0.061434148449743854 6.2613636363636376 5.5000000000000009 0.022407286087250202 0.50000000000000233 2.1250000000000004 4.5000000000000009 3.9375000000000004 6.4375000000000009 11 5.4498170235836279 0.047657235601569856 12 13 14 0.62500000000000011 0.37500000000000006 15 0.50000000000000233 31.600000000000005 8.9226190476190492 16 17 2.2500000000000004 9.5000000000000018 18 19 20 9.2500000000000018
decision_type=2 2 2 8 2 2 2 1 2 1 1 1 1 10 1 1 1 2 2 2 1 2 2 1 2 2 8 1 2 2 2 2 2 2 8 2 2 2 2 2 2 2 1 2 2 1 1 1 2 2 1 2 2 10 1 1 2 2 1 1 1 2
left_child=1 3 8 14 10 7 12 18 9 24 17 21 57 20 30 50 42 51 -3 35 39 -6 55 -13 -2 41 33 -15 37 59 36 -16 -19 61 47 -18 -1 38 -12 -9 -23 54 -7 44 -44 -39 -43 -27 -29 -25 -10 52 -5 -24 -11 -14 -30 58 -4 -8 -37 -17
right_child=2 5 6 4 11 16 29 13 15 25 28 23 22 27 31 26 19 32 -20 -21 -22 40 53 49 -26 34 -28 48 56 -31 -32 -33 -34 -35 -36 60 -38 45 -40 -41 -42 46 43 -45 -46 -47 -48 -49 -50 -51 -52 -53 -54 -55 -56 -57 -58 -59 -60 -61 -62 -63
leaf_value=-0.017895911720270521 0.018270925953570449 -0.00069934778575109213 0.017898335287240812 -0.015736408970665815 -0.0081587068048526116 -0.0070620170074991336 0.01487547739873254 -0.0058608581859525451 -0.0015103380906968502 0.0032628871006212703 -0.015804979456862812 6.706671758410776e-05 0.010892353814262956 0.00066430615231475318 -0.019313190878202314 0.0060558818677799164 0.00013904384999099406 -0.0068743351248281353 0.0068937993075530281 0.015188575915158764 -0.0082038082053165328 -0.0086222316024261222 0.012013864571767497 -0.0078128346647432963 0.0058291593528590931 -0.00056936171953729802 0.010798360573091172 -0.0038814100134904606 -0.015784629440201415 0.029354107555196851 0.016254351083125031 -0.0059646694153284502 -0.0041180887111659853 0.010546627349167427 0.0036669359414603256 0.0051545887763190306 0.0027254920705927391 -0.0048250618265689438 -0.0055079138460070289 -0.0037319202180798542 -0.0010117752031898574 0.0064403744504313637 -0.0052444448169804373 0.00075808502622033431 0.00042141098566935158 -0.017103022861086916 0.0013622713406378885 0.003302981498257529 -0.0049989374920572762 -0.0074341724798225768 0.0054507932318985878 -0.01561218146209269 -0.015092805981909364 0.012906695186579921 -0.00054790441002763315 0.0035050274308039866 -0.0060849563777042983 0.017324419130776293 0.01117171952059659 0.018539775881097165 0.001504173715719548 0.011452554486175111
leaf_weight=118 836 1095 1889 4221 1522 293 2046 3077 376 1446 3158 736 1105 1532 147 4311 5883 4864 1187 888 5479 3657 2443 2050 2173 958 2334 1379 5652 12592 570 844 469 2699 1767 2413 454 337 596 2302 747 887 2649 1121 1617 404 1001 1756 551 6119 3003 558 444 2675 1832 831 6310 5756 2067 6228 1855 1833
leaf_count=115 578 1083 1262 4218 1520 293 1272 3060 367 1415 3154 730 911 1512 147 4095 5804 4852 1098 708 5469 3654 1944 2022 2009 955 2007 1375 5649 6498 438 824 464 2325 1701 2338 434 333 596 2280 747 838 2620 1089 1587 403 972 1717 551 6107 2865 553 444 1944 1819 765 6309 3663 1650 3469 1818 1535
internal_value=0.0036681 -0.0188682 0.0305327 -0.0300501 -0.0315449 -0.00410975 0.0402465 -0.0114193 0.0170983 0.0107525 -0.0372601 -0.021133 0.0342217 -0.0144997 -0.000723993 0.0226142 0.00314862 -0.0308598 0.00793502 0.00655611 -0.0176623 -0.0283468 0.0277983 -0.0162792 0.0250811 0.00624819 0.0254867 -0.00461883 -0.0413192 0.0450853 0.0126583 -0.0161128 -0.0254115 0.0233882 0.0111658 0.00509703 0.000165794 -0.0358196 -0.0382144 -0.0125501 -0.0323258 0.00199245 -0.0034783 -0.00239811 -0.00487345 -0.0236456 0.00846744 0.00677532 -0.0111257 -0.0177683 0.0129926 -0.0364749 -0.0380294 0.03147 -0.00173681 0.0182215 -0.0434168 0.0388147 0.0349747 0.0413891 0.00932186 0.0208129
internal_weight=142142 77298 64844 43977 41844 33321 37632 16602 27212 12656 27013 14831 16766 14320 2133 14556 16719 10556 2282 11039 10858 5926 7054 8905 3009 9647 11177 3462 16457 20866 1142 991 5333 8843 4481 10151 572 4495 3754 5379 4404 5166 5680 5387 4266 741 1888 2714 1930 8169 3379 5223 4665 5118 3278 1936 11962 9712 3956 8274 4268 6144
internal_count=124974 76398 48576 43713 41755 32685 23378 16428 25198 12004 26975 14780 12139 14247 1958 13194 16257 10531 2181 10668 10809 5921 5564 8859 2587 9417 9962 3438 16444 11239 987 971 5316 7955 4373 9960 549 4486 3750 5340 4401 5044 5589 5296 4207 736 1810 2672 1926 8129 3232 5215 4662 3888 3234 1676 11958 6575 2912 4741 4156 5630
cat_boundaries=0 1 3 5 7 9 11 13 15 17 18 20 21 23 25 27 29 31 33 35 37 39
cat_threshold=33644544 42031104 64 15073048 4 755531970 450554 3270639160 35521 12502640 147714 151650690 281872 1292796320 324096 2163351324 98465 33570816 301863740 262663 16777216 789053440 363747 673579801 137251 151519622 507444 16777216 262144 290759476 496256 688783424 143616 42024968 32832 218759559 284706 312567324 65705
is_linear=0
shrinkage=0.05


Tree=17
num_leaves=63
num_cat=21
split_feature=15 19 15 19 16 13 0 0 0 15 13 15 0 0 0 0 41 13 15 9 0 13 23 23 13 13 14 0 26 18 26 3 13 26 19 0 0 20 0 23 30 0 0 16 16 26 0 26 21 41 16 0 0 13 23 26 0 20 0 0 0 30
split_gain=31344.6 5002.73 2417.6 827.572 880.213 761.839 407.92 334.053 300.995 239.614 234.02 226.22 193.399 169.937 154.646 135.893 146.162 132.678 117.936 112.982 109.627 108.955 105.001 87.6248 84.8909 77.366 76.5345 75.5469 72.904 70.34 68.1396 66.6546 69.079 63.245 62.7403 60.5315 60.5176 78.3738 58.1671 55.0273 52.967 52.3538 51.0165 50.5851 47.3411 47.1829 46.8136 46.6349 41.4235 41.3479 40.3429 39.5717 39.0137 38.9278 37.9568 37.7428 35.9356 35.9 47.5309 35.2693 34.0986 33.8341
threshold=5.8125000000000009 4.2500000000000009 9.4375000000000018 3.2500000000000004 1.0000000180025095e-35 4.5000000000000009 0 1 2 13.812500000000002 7.5000000000000009 4.6875000000000009 3 4 5 6 0.064516129032258188 5.5000000000000009 6.5625000000000009 1.5000000000000002 7 2.5000000000000004 0.37500000000000006 0.62500000000000011 8.5000000000000018 5.5000000000000009 7.5000000000000009 8 0.039996653279785806 3.3750000000000004 0.051010750614839902 -0.98182534576205283 8.5000000000000018 0.04337242513415266 1.7500000000000002 9 10 0.29999999999999988 11 0.37500000000000006 4.738105818366412 12 13 9.0871212121212146 3.5871212121212124 0.042151210175064312 14 0.028588301820823305 15.500000000000002 0.086956521739130196 6.3416666666666677 15 16 8.5000000000000018 0.37500000000000006 0.022187582194445051 17 0.50000000000000233 18 19 20 4.1283200951720787
decision_type=2 2 2 2 8 2 1 1 1 2 2 2 1 1 1 1 2 2 2 2 1 2 2 2 2 2 2 1 2 2 2 2 2 2 2 1 1 2 1 2 2 1 1 10 10 2 1 2 8 2 10 1 1 2 2 2 1 2 1 1 1 2
left_child=1 3 7 4 14 6 19 18 34 13 25 20 17 24 33 44 41 49 60 -3 30 29 57 -22 -4 51 38 -13 -19 -18 40 -14 47 -1 -6 -36 -20 45 -12 46 -8 -17 -16 -26 -5 -38 -23 -33 -25 -7 56 -9 -41 -30 -43 -37 -27 -10 -59 -52 -2 -57
right_child=2 5 9 15 8 12 11 10 22 -11 26 27 31 -15 42 16 21 28 36 -21 23 39 -24 48 43 50 -28 -29 53 -31 -32 32 -34 -35 35 55 37 -39 -40 52 -42 54 -44 -45 -46 -47 -48 -49 -50 -51 59 -53 -54 -55 -56 61 -58 58 -60 -61 -62 -63
leaf_value=0.00085302456083690141 0.01314772382891314 -0.00046607022384423938 0.0067006304159363487 -0.0053085359588851636 -0.034386846735667186 -0.00034586097902284952 -0.0076797640473898034 0.0045445078139481013 -0.014928318876100945 0.027886402177437011 0.0042335547637749552 0.00076831334247844389 -0.00615601024448666 0.016382597034734103 -0.004285712379626461 -0.00012217664706710708 -0.019997971705189778 0.0032876486010918527 0.020052148195005028 0.006949380451716447 -0.0062827463055557201 0.00015709192412703411 -0.014839518131391838 -0.0034242100376121187 0.011735742116918642 0.0011222883540478402 0.0088966838867823306 -0.0044675278961471502 0.0051341253429105895 -0.0075816478239172924 -0.0001096337221548005 -0.0043141655115008113 0.009823374203262604 0.014974037156822573 -0.0064572568443907576 -0.014730987102178673 0.0046528884809007636 0.014549796393456771 0.0087280858563548065 -0.0080953425512684148 -0.002879870062383372 5.478193473845705e-05 -0.017251175056747437 0.013019613168725864 8.6048049713327584e-05 0.010339994637595662 -0.00850887572919189 5.8538060408547259e-05 -0.0088991910800808594 0.00023954038564504289 0.0030084942818976116 -0.00019117273803277436 -0.0072257675948534383 0.022078544560365999 -0.00096118644303035963 -0.0076293509375913284 0.0032566745112271203 -0.0047821988835580424 -0.01609831968675516 0.0051234148904677149 0.0056202227296670909 -0.0058007511379996827
leaf_weight=677 378 1151 737 2168 1867 308 2215 1535 3651 13683 1465 2053 375 11778 628 108 2576 2747 1046 1368 4694 923 11858 534 1333 968 4166 1992 2858 574 1130 2094 522 435 879 2618 945 3689 2035 2280 1084 36 393 3914 472 2155 994 6709 1673 5012 776 1482 3612 475 1088 4030 2006 347 424 2550 2530 1339
leaf_count=609 297 1137 604 2159 1865 307 2201 1473 3647 7098 1362 2024 375 7151 611 107 2575 2644 700 1245 4681 908 11853 534 1002 959 3631 1984 2759 574 1106 2072 448 348 874 2615 851 2863 1810 2274 1079 36 390 2556 470 1812 981 6650 1672 4919 755 1444 3609 344 1087 4022 1960 342 423 2411 2341 1334
internal_value=0.00425835 -0.0155697 0.0320615 -0.0271305 -0.0320237 -0.00253097 -0.0101199 0.0212968 -0.0344653 0.041552 0.016891 -0.0131707 0.00390479 0.0377129 -0.00109888 -0.0175125 -0.0197382 0.0083161 0.0282169 0.00851581 -0.016803 -0.0179147 -0.0387941 -0.020753 0.0305746 0.0115738 0.0233722 -0.00302645 0.0133687 -0.025768 -0.0105732 -0.00128669 -0.000455179 0.0117498 -0.0278337 -0.0260962 0.0314376 0.0295066 0.0179077 -0.0147433 -0.0142258 -0.0360868 -0.015063 0.0328592 -0.0071275 0.0236682 -0.00737487 -0.00150443 -0.0290059 0.00255497 0.014727 0.00498509 -0.0171381 0.0183398 -0.0391145 -0.027475 0.0104857 -0.0322168 -0.0223381 0.0185137 0.019627 -0.0250922
internal_weight=142142 82971 59171 43977 29146 38994 17894 27726 27013 31445 16983 15375 21100 17762 2133 14831 12191 11400 10743 2519 11330 10959 16280 6901 5984 9317 7666 4045 6080 3150 4429 9700 9325 1112 10733 8866 7835 6789 3500 7809 3299 1232 1021 5247 2640 3100 1917 8803 2207 5320 6300 3017 5892 3333 1124 7987 2974 4422 771 3326 2908 5369
internal_count=124974 81894 43080 43713 28933 38181 17663 24669 26975 18411 15805 15281 20518 11313 1958 14780 12151 10973 8864 2382 11273 10921 16265 6887 4162 9002 6803 4008 5747 3149 4386 9545 9170 957 10710 8845 6226 5526 3172 7772 3280 1230 1001 3558 2629 2663 1889 8722 2206 5226 6085 2917 5883 3103 1123 7971 2919 4412 765 3166 2638 5356
cat_boundaries=0 1 3 4 6 8 10 12 14 16 17 18 20 21 23 25 27 29 31 33 35 36
cat_threshold=33644544 44170776 196736 1088782105 3068231196 247 1024065927 423998 16434736 147714 34693380 4 2178948892 73857 1374821188 414432 16384 16384 285868034 265474 2363393 334156 327680 4034926616 188355 1746272548 6754 559975058 297992 151519622 10524 789086208 101606 150995008 279580 16384
is_linear=0
shrinkage=0.05


Tree=18
num_leaves=63
num_cat=17
split_feature=15 15 15 13 23 13 0 0 15 41 0 0 15 0 0 0 13 0 14 39 16 26 9 0 13 20 0 23 25 26 25 0 0 22 13 13 13 29 0 0 25 0 25 26 17 9 16 0 44 26 0 22 26 26 43 23 26 25 25 25 27 24
split_gain=29534.7 4430.46 2515.58 1048.81 774.538 722.486 395.548 377.178 370.925 252.185 225.601 204.635 200.366 155.783 140.431 140.112 133.796 132.077 126.096 125.891 121.454 117.888 107.126 101.045 99.4128 97.3821 104.071 90.9185 87.7011 103.615 79.137 77.6508 75.5579 70.8647 70.1239 68.4916 68.3642 67.2909 66.6526 66.4601 59.7655 58.9877 51.5021 82.0467 50.2777 47.5172 45.4769 42.1242 41.7601 41.6113 40.9936 40.4648 40.4443 40.4428 40.3893 40.2424 40.0979 41.1602 37.889 37.2031 36.9581 36.9282
threshold=5.8125000000000009 3.0625000000000004 9.9375000000000018 3.5000000000000004 1.0000000180025095e-35 4.5000000000000009 0 1 7.9375000000000009 0.064516129032258188 2 3 13.812500000000002 4 5 6 5.5000000000000009 7 3.5000000000000004 0.22500000000000003 4.7958333333333343 0.048952159463910301 1.5000000000000002 8 5.5000000000000009 -0.29999999999999999 9 0.37500000000000006 1.8839463754919217 0.022407286087250202 2.4190113469967502 10 11 0.18333333333333338 7.5000000000000009 10.500000000000002 6.5000000000000009 4.2660006009615392 12 13 6.736241822416539 14 4.7829921748584638 0.035399497328547906 5.5602757725374294 1.5000000000000002 6.325757575757577 15 25.350000000000005 0.041595505016457805 16 0.11904761904761905 0.032849325512600204 0.039841878709811006 1.1000000000000003 0.37500000000000006 0.056555322092099909 3.1075512374363803 5.1984264468287211 2.6945134785005034 1.0208072590738426 1.4025673400673402
decision_type=2 2 2 2 2 2 1 1 2 2 1 1 2 1 1 1 2 1 2 2 8 2 2 1 2 2 1 2 2 2 2 1 1 2 2 2 2 2 1 1 2 1 2 2 2 2 8 1 2 2 1 2 2 2 2 2 2 2 2 2 2 2
left_child=1 3 8 4 10 7 18 22 11 15 21 31 14 47 35 -9 -15 -10 28 23 25 30 59 -5 -13 26 51 -8 -6 -30 -1 -2 -22 -34 52 -4 -19 -12 45 -27 61 -21 43 -26 46 -31 -18 -7 -24 60 -45 -11 -33 -43 -50 -17 57 -49 -40 -3 -39 -32
right_child=2 5 12 19 6 13 27 9 17 20 37 24 -14 16 -16 55 44 36 -20 41 32 -23 48 -25 42 39 -28 -29 29 38 40 34 33 -35 -36 -37 -38 49 58 -41 -42 53 -44 50 -46 -47 -48 56 54 -51 -52 -53 -54 -55 -56 -57 -58 -59 -60 -61 -62 -63
leaf_value=-0.017645375446783164 0.015908517857526339 -0.00512886112794988 0.008685673438666941 -0.0083756604815234843 -0.016188684832531355 -0.005639478466549286 -0.014181902932295898 3.2049072558748558e-05 0.014023368745236088 -0.0080277890267638052 -0.013550080277714783 0.0024435753397834773 0.02649208206856515 0.00013067722500004764 0.016077888407670243 9.7022760949710965e-05 0.0040920552638775308 0.0055812377725168449 -0.0080282002474200923 -0.00020423437292368951 0.0006809419833755326 0.012017683982397271 0.0010335357716323434 0.012532784464839014 -0.00045124533739205886 -0.0035473368480767988 -0.0047281901199600577 -0.014101920025199589 -0.015101593698653049 -0.0079432380452641674 0.0074985680659482856 0.0020367038115539807 -0.0043335973515202025 0.00010585971141872653 0.010267262046948656 0.013480722870359618 0.0088682710501395649 0.0075035333194971021 -0.0090577613621577024 -0.0017331634728407321 0.02295853238237977 -0.0097814635392152963 0.0058371472332878543 0.006026906685557643 0.026522018242962294 -0.00032890772156605189 0.0054991429579687341 -0.0048093735538502274 -0.001398061257173594 0.0013541743937725893 0.0032793246523206976 -0.0083459154229619421 0.0052637418075068615 -0.0012771461818861796 0.0091763977865577002 -0.00091312712087884276 0.00079549334656070503 -9.7702046478703733e-05 -0.0018659069547306895 0.00019477722190888171 -0.0079346710171564645 -0.005116021899958279
leaf_weight=241 948 228 1495 286 1390 336 3100 213 4940 691 2780 2286 13683 5705 9899 37 5173 1053 1357 1393 1991 455 376 809 898 3482 4291 11733 4862 320 230 831 1322 1161 3190 3656 6256 73 6786 4439 136 1852 1796 2386 251 540 985 1137 105 336 2373 1099 3481 1042 1076 1126 1384 3927 170 880 559 1106
leaf_count=241 701 228 1163 278 1390 336 3095 212 3610 691 2764 2231 7098 5634 5847 37 5003 954 1348 1377 1969 377 367 677 889 3473 4269 11731 4856 320 220 796 1315 1150 2725 2295 5259 70 6769 4429 93 1842 1695 2256 166 536 947 1133 104 323 2305 1097 3256 1024 968 1125 1364 3875 168 868 554 1081
internal_value=0.00450177 -0.0147453 0.0314903 -0.0262794 -0.0293433 -0.00317136 -0.0325786 -0.00922129 0.0214723 -0.0115891 -0.0127928 0.0169404 0.0421015 0.00403699 0.0381101 -0.0322404 0.00743052 0.0281996 -0.0268881 -0.00568363 -0.0100555 8.94906e-05 0.00842489 0.00943887 0.0119533 -0.012347 -0.017107 -0.0384495 -0.0283101 -0.026997 -0.0059189 0.0226445 -0.00288156 -0.00867883 0.0208565 0.0310819 0.0237766 -0.0201902 -0.0234227 -0.00869036 -0.00155804 -0.00954874 0.0147632 0.0124152 0.0123939 -0.00986797 0.0114946 -0.00203017 0.0169095 -0.00886997 0.0150305 -0.0272599 0.0167157 -0.0135955 0.0215271 -0.0388799 -0.00111395 -0.00317769 -0.0250459 -0.003422 -0.0164218 -0.0047831
internal_weight=142142 82971 59171 41556 36174 41415 30258 22517 30438 19852 5916 18189 28733 18898 15050 1376 12114 12249 15425 5382 18476 2168 2665 1095 9739 14002 6081 14833 14068 12678 1713 8450 4474 2483 7502 5151 7309 3748 7816 7921 1472 4287 7453 5657 6409 860 6158 6784 1557 968 4759 1790 4312 2894 1181 1163 6448 5064 6956 1108 632 1336
internal_count=124974 81894 43080 41134 35936 40760 30213 22302 26677 19767 5723 16854 16403 18458 9305 1374 11750 9823 15387 5198 18393 2012 2535 955 9376 13959 6057 14826 14039 12649 1635 7478 4434 2465 6777 3458 6213 3711 7793 7902 1394 4243 7145 5450 6116 856 5950 6708 1439 947 4561 1788 4052 2866 1072 1162 6372 5008 6937 1096 624 1301
cat_boundaries=0 1 2 4 6 8 10 12 14 16 18 19 21 22 24 26 27 29
cat_threshold=318242589 33636352 49399352 256 2191654460 196803 152994176 327424 3171549575 415806 3411981 4 2191652888 196769 17564488 66048 4160749698 417174 16384 299774972 519 81920 544113304 275468 1445552644 66549 16777216 1951662144 37412
is_linear=0
shrinkage=0.05


Tree=19
num_leaves=63
num_cat=4
split_feature=15 19 15 13 23 15 13 13 2 20 29 1 23 13 15 1 2 42 40 13 9 26 25 9 2 2 25 29 2 28 13 26 13 23 15 9 25 25 26 26 25 25 1 25 25 42 26 25 15 26 25 24 1 26 26 17 44 43 44 24 26 19
split_gain=28080.3 4495.36 2477.79 1250.66 735.185 395.195 288.019 276.583 266.442 216.809 200.493 198.8 191.357 165.379 154.632 132.023 129.748 129.524 119.037 91.3558 87.7386 83.1322 89.8045 81.552 79.359 79.3485 73.1814 69.795 69.1752 65.4853 62.4158 62.4054 61.9053 58.203 54.382 55.153 53.3378 52.2165 50.9451 47.5988 52.9623 46.6756 45.7348 42.7264 42.3263 41.9857 41.9493 49.2243 40.0577 39.0657 39.0117 71.8464 40.9006 38.4444 36.1965 36.0451 35.1941 38.0032 35.1656 35.5585 34.5936 33.6206
threshold=5.8125000000000009 3.2500000000000004 9.4375000000000018 4.5000000000000009 1.0000000180025095e-35 4.5625000000000009 7.5000000000000009 12.500000000000002 0.8542199457734333 -2.9981021586516549e-16 3.5810815730206191 0 0.87500000000000011 6.5000000000000009 3.0625000000000004 1 -0.060268340127661552 5.5357142857142874 1.0000000180025095e-35 5.5000000000000009 1.5000000000000002 0.018015003204793451 2.3611733746099497 1.5000000000000002 0.8542199457734333 -0.060268340127661552 5.0851340877949331 4.1733648679859972 0.8542199457734333 142.00000000000003 9.5000000000000018 0.044840354978400755 9.5000000000000018 0.37500000000000006 18.812500000000004 1.5000000000000002 6.736241822416539 3.1075512374363803 0.065449229474120615 0.026073826631400805 1.6761543611374872 4.7081806541068119 2 5.1984264468287211 3.1473405508241545 6.2000000000000002 0.040519511562898354 5.5574056331669164 1.5625000000000002 0.043550373561447357 2.2612878619175967 2.7966980270369022 3 0.046704040531612055 0.027987654526915304 3.2015621187164265 23.050000000000004 8.1500000000000021 30.300000000000004 1.8803834033613447 0.038749053463972657 4.7500000000000009
decision_type=2 2 2 2 2 2 2 2 2 2 2 1 2 2 2 1 2 2 2 2 2 2 2 2 2 2 2 2 2 2 2 2 2 2 2 2 2 2 2 2 2 2 1 2 2 2 2 2 2 2 2 2 1 2 2 2 2 2 2 2 2 2
left_child=1 4 6 5 10 9 11 24 25 12 36 17 14 29 27 45 -14 -2 26 -13 30 55 49 39 32 33 53 -3 61 37 -8 44 42 -6 35 -9 50 -5 41 -10 -41 -21 -4 -33 -15 -7 47 -24 -25 -23 -1 52 -52 -12 -39 -11 -22 -58 59 -30 -19 -16
right_child=2 3 7 13 8 15 20 34 23 21 18 19 16 31 28 -17 -18 60 -20 38 56 22 46 48 -26 -27 -28 -29 58 -31 -32 43 -34 -35 -36 -37 -38 54 -40 40 -42 -43 -44 -45 -46 -47 -48 -49 -50 -51 51 -53 -54 -55 -56 -57 57 -59 -60 -61 -62 -63
leaf_value=-0.016299963412836804 0.018854580254115086 -0.0089349229815673167 0.012763949001473896 -0.0011877476428215018 -0.013516042256128369 0.0095936341745428699 0.0072976073475659493 0.017895431808945195 -0.014346514013720403 -0.0095374382552492701 -0.0020084571424144604 0.0031333726576436407 -0.0014254565431097101 -0.0023956328946418085 -0.006771244477371441 -0.0021724683098735763 -0.0041616200325533814 0.0038681618888372518 -0.0058096882840914417 0.0025290332866801492 0.0092030812299349844 -0.010651785813584247 -0.0040688496643181415 -0.013608435600877301 0.018719912645444783 -0.013546173691140763 0.018716758561353155 -0.0073104209554189061 -0.0090055991421257586 0.00073761667719133292 0.015117645719772366 0.006346110980089548 0.011338020463913879 -0.012829120919294279 0.038285685419818298 0.01486420183610584 0.014431570515341741 -0.00044515219419060119 0.0050760245028083966 -0.016497012038552805 -0.0057787090119743702 0.0037433143215554912 0.0071867045232035798 0.024925319468354391 0.004087873489970484 0.0024344956226591721 -0.00049342184034720791 0.00056214841395427759 -0.0017837590376204528 -0.0047152195761568823 -8.0313021305711279e-05 -0.013294279182716874 -0.012750997067939973 0.0067585709574431389 0.00035131055676085321 0.0063985950889759724 0.0076840298467297681 -9.4549322583303852e-05 0.0052600779607806236 -0.00098084520721812844 0.0093070141133451967 -0.0040978055635278012
leaf_weight=463 982 2803 2163 3082 1655 579 6492 9758 2040 1447 687 3743 1623 528 1717 3652 1684 602 636 3720 1524 618 5055 403 2602 9276 352 1240 235 4216 3918 2000 6859 7709 5623 3130 102 3102 2128 332 2290 2277 1310 268 2280 870 3242 545 535 1094 585 1529 253 299 5638 67 787 482 425 957 1071 4858
leaf_count=463 649 2801 1486 3058 1654 500 5842 5241 2039 1437 675 3594 1623 516 1716 3624 1677 548 635 3590 1288 618 5036 401 1499 9265 254 1232 235 4140 2924 1860 4480 7705 2838 1834 78 3064 1982 332 2284 2174 1033 184 2133 848 3198 537 531 1090 567 1526 253 271 5576 61 695 454 412 943 929 4842
internal_value=0.00435333 -0.0144138 0.030669 -0.00584931 -0.0302294 -0.0119725 0.0197712 0.0402768 -0.033802 -0.0143347 -0.0125729 0.0149095 -0.0182394 0.00363699 -0.0153518 0.000812426 -0.0289132 0.0272862 -0.000250633 0.012105 0.025117 -0.00930442 -0.00773046 -0.0242269 0.0346575 -0.0366769 0.00821135 -0.0233544 -0.0113994 0.00114689 0.0272303 0.0115019 0.0326812 -0.0399354 0.0442008 0.0423924 -0.0208643 -0.000760805 0.0150929 -0.0269344 -0.0224533 0.0127284 0.027215 0.0176708 0.00651299 0.013524 -0.00569886 -0.00831905 -0.0107508 -0.0182107 -0.0221459 -0.0195291 -0.00774136 0.00121074 0.0012121 -0.0202607 0.0172316 0.0110591 -0.00212917 -0.00653395 0.0189038 -0.0136778
internal_weight=142142 82971 59171 53825 29146 32711 27726 31445 24240 27610 4906 14523 15542 21114 12235 5101 3307 2655 1974 11868 13203 12068 10554 5600 12934 18640 1338 4043 8192 16038 10410 5076 10332 9364 18511 12888 2932 11822 8125 4662 2622 5997 3473 2268 2808 1449 8842 5600 938 1712 2830 2367 838 986 8740 1514 2793 1269 1617 1192 1673 6575
internal_count=124974 81894 43080 52961 28933 32430 24669 18411 24211 27458 4722 13466 15481 20531 12181 4972 3300 2126 1835 11340 11203 11977 10479 5587 8498 18624 1200 4033 8148 15838 8766 4693 6999 9359 9913 7075 2887 11698 7746 4655 2616 5764 2519 2044 2649 1348 8771 5573 932 1708 2809 2346 820 946 8640 1498 2437 1149 1590 1178 1477 6558
cat_boundaries=0 1 2 3 4
cat_threshold=8 40 568 1579
is_linear=0
shrinkage=0.05


Tree=20
num_leaves=63
num_cat=1
split_feature=15 19 15 15 23 16 15 39 15 2 15 41 25 21 25 2 16 2 29 2 26 21 2 15 9 26 47 16 1 28 25 47 26 21 42 26 25 16 47 28 3 42 49 24 26 26 24 24 25 25 16 41 47 25 2 16 22 26 25 14 14 26
split_gain=26702.6 4345.78 2428.46 914.922 739.545 291.727 260.767 252.148 242.248 220.805 202.9 235.623 131.845 126.272 112.532 107.406 99.9685 94.1789 93.1613 89.2237 86.923 86.3331 84.2749 83.2076 83.2069 72.9611 72.5153 69.755 65.2177 61.8546 61.482 61.0611 59.8588 59.6295 56.3387 56.3133 60.9799 53.4456 51.3992 48.9203 47.9627 46.2855 45.9244 45.2601 57.3288 44.5917 47.1541 43.8543 58.188 43.8205 43.5287 42.5662 40.8523 44.5058 40.0904 47.4617 46.4612 39.629 39.621 37.927 37.7963 37.6018
threshold=5.8125000000000009 3.2500000000000004 9.4375000000000018 4.3125000000000009 0.37500000000000006 1.0000000180025095e-35 7.3125000000000009 0.35416666666666669 16.562500000000004 -0.060268340127661552 3.0625000000000004 0.064516129032258188 3.1473405508241545 15.500000000000002 4.5194235999296568 0.95297903005573359 6.3416666666666677 -0.060268340127661552 4.2660006009615392 0.8542199457734333 0.03266732432318311 14.500000000000002 0.8542199457734333 11.562500000000002 1.5000000000000002 0.072382981954482367 -2.9864858566216257 8.1742424242424256 0 142.00000000000003 3.6810276167168934 -2.9864858566216257 0.044530235996680802 1.0000000180025095e-35 14.407142857142858 0.022187582194445051 3.0647481538457622 4.2113095238095246 3.8901462451385291 142.00000000000003 0.98182534576205305 14.242857142857144 9.3428571428571452 5.4498170235836279 0.061434148449743854 0.014846119760397453 5.4498170235836279 1.6824618736383445 2.18118409169728 2.5977498971233461 0.34166666666666673 0.082191780821917568 -2.352599585020648 3.5570163169082316 0.8542199457734333 8.7613636363636385 0.075074404761904759 0.041978172826610961 2.7784219526305605 1.5000000000000002 7.5000000000000009 0.022407286087250202
decision_type=2 2 2 2 2 8 2 2 2 2 2 2 2 8 2 2 8 2 2 2 2 8 2 2 2 2 2 8 1 2 2 2 2 8 2 2 2 8 2 2 2 2 2 2 2 2 2 2 2 2 8 2 2 2 2 10 2 2 2 2 2 2
left_child=1 4 6 7 5 12 21 14 23 -6 18 17 47 26 25 32 61 -12 45 38 33 31 41 40 -21 28 -5 43 -3 30 34 -2 -8 -14 -28 -7 -37 49 -11 42 54 -13 58 44 -23 -9 -47 48 -1 -20 -38 -18 -24 -54 55 56 -4 -30 -33 -26 -34 -15
right_child=2 3 8 13 9 35 15 10 -10 19 11 22 20 16 -16 -17 51 -19 37 24 -22 27 52 -25 59 -27 29 -29 57 -31 -32 39 60 -35 -36 36 50 -39 -40 -41 -42 -43 -44 -45 -46 46 -48 -49 -50 -51 -52 -53 53 -55 -56 -57 -58 -59 -60 -61 -62 -63
leaf_value=-0.0086337449022295346 0.01456094454560658 0.0076317266276512644 0.012326131548513454 0.010082377937551158 -0.012187664873329562 -0.013625053216556427 0.0064156352383303757 -0.018018536074845916 0.030241289931328599 -0.012867872315363139 -0.00079619793767941047 -0.0054875596339400978 0.0072451497900593471 -0.0036215129808483183 0.016551940022617506 0.014630984886997302 -0.00060743874339876938 -0.0012879118656760281 -0.008344012819979164 -0.012097838043353527 0.01394179068858299 0.0011286851360296946 0.0057697556950862539 0.014120991744300549 -0.016222192682632943 0.008702537390202875 -0.0013554081415254327 0.0065446165881791647 -0.0095484495525220599 0.0050318322850725133 0.0034697886425884453 -0.0067063373962481078 0.0077161940181507795 -0.015126099154323626 0.0023238650002205263 -0.012857924618619954 0.0031491031136207607 0.001133600804826962 0.0022321747298846839 0.0090904717014114404 0.0034072328780465513 -0.0015198437921818742 0.0068041841097653769 0.0036299944763118989 0.0037556983297846627 -0.0084204693234549606 -0.0056440903877962474 -0.020713519121991132 0.00066981811533606272 -0.0065009999459364814 -0.0045624031652579554 0.0035819460005755868 -0.0023263707518992871 0.0003676453393011481 0.015402299052041424 0.011530606633119073 0.0089547836765487502 -0.00070694682479661714 0.0041005267005577942 -0.0028451507042299706 0.0089890908828765045 -0.00011370755292081092
leaf_weight=327 514 337 1322 574 7709 2841 4186 761 8508 7602 909 9676 315 868 718 1582 50 558 816 3547 529 2872 518 12358 166 321 1765 1245 619 1464 2374 144 2547 287 822 2438 219 424 81 1484 157 5214 1588 2717 1864 5541 951 171 504 1851 1883 2044 1942 1833 2172 5677 1251 508 1836 527 5147 10367
leaf_count=327 365 303 922 487 7705 2838 3703 760 4328 7596 909 9650 274 868 577 1122 50 552 810 3544 416 2798 500 6911 166 276 1756 1150 609 1382 2263 144 2186 278 788 2435 211 416 79 1319 135 5173 1451 2647 1779 5537 946 171 492 1837 1878 2006 1927 1804 1308 3842 965 494 1703 523 4302 10281
internal_value=0.00426679 -0.0140342 0.0299288 -0.00561337 -0.0295843 -0.0181393 0.01914 -0.0106915 0.0394405 -0.0351294 -0.0119243 -0.00905985 -0.00184864 0.00275444 0.00457069 0.0241324 -0.0001009 -0.0283685 -0.0176409 -0.0308575 0.00984541 0.0144266 -0.00758158 0.0367619 -0.0250165 -0.00215286 0.00819214 0.0113111 -0.00689078 0.00666744 0.0039994 0.0192914 0.0224977 -0.00314262 -0.00133114 -0.0228454 -0.0193779 -0.0103638 -0.0340767 0.0176123 0.033492 -0.00936102 0.0144284 0.00947746 0.00652206 -0.0207396 -0.0193893 -0.0150499 -0.0102704 -0.0129854 -0.0131217 0.00992601 -0.00140778 -0.00321637 0.0339053 0.0322985 0.0266298 -0.0126054 0.00933619 -0.00914265 0.0251196 -0.0019709
internal_weight=142142 82971 59171 53825 29146 9514 27726 33497 31445 19632 30994 20650 2133 20328 2503 13462 13329 1467 10344 11923 1131 14264 19183 22937 4240 1785 6999 8698 1464 6425 4961 5566 11880 602 2587 7381 4540 3091 7683 5052 10579 14890 3568 7453 4736 7253 6492 1002 831 2667 2102 2094 4293 3775 10422 8250 2573 1127 1980 693 7694 11235
internal_count=124974 81894 43080 52961 28933 9320 24669 33080 18411 19613 30821 20515 1958 19881 2259 11313 13205 1461 10306 11908 968 13356 19054 14083 4233 1682 6676 8374 1406 6189 4807 4982 10191 552 2544 7362 4524 3063 7675 4617 7172 14823 3298 7224 4577 7243 6483 990 819 2647 2089 2056 4231 3731 7037 5729 1887 1103 1847 689 6488 11149
cat_boundaries=0 1
cat_threshold=168
is_linear=0
shrinkage=0.05


Tree=21
num_leaves=63
num_cat=19
split_feature=15 15 15 23 15 20 20 29 0 0 15 22 0 0 40 0 26 15 0 25 15 20 15 26 0 25 39 26 25 20 0 0 20 16 0 20 9 0 0 20 0 20 20 25 0 25 0 25 26 0 24 0 39 0 47 20 0 20 26 15 47 20
split_gain=25618 3857.21 2452.96 1073.34 525.743 473.408 376.568 361.607 315.53 287.906 286.293 229.158 254.618 203.258 193.207 186.984 157.371 137.411 124.968 124.365 106.748 104.177 95.8626 95.7419 95.4795 88.2478 87.0134 83.1973 82.681 81.6285 77.5729 70.0599 67.0786 68.3614 65.7055 64.7944 63.0981 59.0527 56.451 55.7673 55.4785 54.185 48.1637 47.0651 46.6823 44.8513 65.7111 44.4062 50.0742 42.89 40.9934 40.6147 47.8001 38.6631 38.2444 48.2119 36.816 36.1246 36.0798 35.6127 35.2556 36.286
threshold=5.8125000000000009 3.0625000000000004 9.4375000000000018 0.37500000000000006 4.5625000000000009 0.40000000000000008 -3.1752575534183362e-16 4.2660006009615392 0 1 16.562500000000004 0.047821969696969661 2 3 1.0000000180025095e-35 4 0.029259204107102303 7.6875000000000009 5 3.0956278983358874 7.3125000000000009 0.99999999999999978 2.5625000000000004 0.047015667818420107 6 1.9728273796353162 0.22500000000000003 0.018381298574665101 3.1402559733911395 -0.39999999999999952 7 8 -1.9999999999999996 9.5208333333333339 9 1.5000000000000029 1.5000000000000002 10 11 0.29999999999999988 12 0.49999999999999989 -4.8889577377787301e-16 2.5151456795769582 13 2.7548654045198502 14 4.000470961758376 0.012353796897019702 15 5.4498170235836279 16 0.35416666666666669 17 -1.5989542319874908 0.20000000000000018 18 3.6000000000000032 0.064967138478363509 2.6875000000000004 -2.3293536746722254 0.29999999999999971
decision_type=2 2 2 2 2 2 2 2 1 1 2 2 1 1 2 1 2 2 1 2 2 2 2 2 1 2 2 2 2 2 1 1 2 10 1 2 2 1 1 2 1 2 2 2 1 2 1 2 2 1 2 1 2 1 2 2 1 2 2 2 2 2
left_child=1 3 9 7 6 8 11 16 25 20 13 12 -3 32 23 39 31 30 35 51 60 22 38 28 -13 -5 40 -27 -9 44 -11 47 -4 -34 36 -8 -29 -23 -7 56 -21 53 -15 -25 -19 -16 -47 -1 -49 -30 58 -18 -53 -17 -22 -56 -6 -20 -32 -36 -2 -62
right_child=2 4 10 5 15 21 18 14 -10 17 -12 24 -14 42 45 41 19 29 57 26 54 37 -24 43 -26 27 -28 34 49 -31 50 -33 33 -35 59 -37 -38 -39 -40 -41 -42 -43 -44 -45 -46 46 -48 48 -50 -51 -52 52 -54 -55 55 -57 -58 -59 -60 -61 61 -63
leaf_value=-0.012102309752928864 0.013587642584136739 -0.0017604565810595552 0.0048539849860977482 -0.01529176303608284 0.0039533949824793529 -0.0059937883671938256 -0.0034222488410400377 -0.0079587950944518208 -0.012141606933931071 0.0040805106030145366 0.028729225434762175 -0.0011684666787917352 -0.0012424001610907176 0.012024991926244167 -0.010194134912133501 0.00017569778812999149 -0.011769392791710366 0.00056232427439677495 0.00030980167168259687 0.012571561863153459 0.016099376306742786 0.00042812949319807062 -0.0059074339997556846 0.00030860905471208344 -0.0054827214188797992 -0.014275127502101349 -0.0042105766406707488 -0.0068907270774778541 0.011174598027049704 0.0077556369559749986 -0.00012030683653610486 -0.013170901364846855 0.0090949100042271303 0.010547039281748695 -0.012201985765456742 0.003379590552094686 0.0013572158892438181 -0.0058159380256283316 -0.012339946287940129 0.0051760331610423097 -0.00035769885046160743 0.0018028472112699312 0.014872838919017833 0.019418851960187233 0.0055058936246314754 0.0015491446682357358 -0.0062544276554937165 -0.015217972157551036 0.0021157274706649245 -0.000685329510330357 0.0034543732427499418 -0.00065450778610387506 -0.011522286787362569 -0.00083448449814912951 0.0083545965873113026 0.013531522778395222 0.00037524853203657615 0.022928415330207397 0.0035479782364379545 -0.00446699044325366 0.0045562269821077805 0.0088246808775442886
leaf_weight=686 591 1520 506 1481 1248 1381 4901 428 10241 6195 8508 3181 1597 7220 836 3503 1255 804 7644 262 904 790 996 206 5327 2476 1806 460 465 5239 2191 4221 1725 3899 3983 589 465 838 1668 2847 484 2656 9587 501 1624 653 1107 143 405 338 1678 462 783 4273 1440 2045 2031 98 1157 1736 1752 2106
leaf_count=685 432 1512 378 1481 1177 1375 4868 424 10239 5885 4328 3144 1597 4477 832 3477 1252 766 7562 214 605 766 995 201 5315 2473 1800 459 401 4468 2148 4211 1292 2445 3980 539 461 836 1666 2665 450 2605 5491 378 1458 634 1105 142 375 324 1631 459 783 4255 1191 1506 1982 62 1123 1733 1626 1830
internal_value=0.00411906 -0.0138064 0.0292545 -0.0245685 -0.00300717 -0.0306209 -0.007605 -0.0138974 -0.0341071 0.0184115 0.038814 -0.0141704 -0.0257681 0.0359031 -0.00209372 0.00389486 -0.0189898 0.0148947 -0.00183594 -0.0126252 0.0258781 -0.0178084 -0.022107 0.00984786 -0.00991832 -0.0279349 -0.00485507 -0.026115 0.0014164 0.0200632 0.0113745 -0.0248799 0.0278774 0.0294924 -0.0231896 -0.00759771 -0.0104113 -0.00711786 -0.0265066 0.0108188 0.00949799 -0.000181461 0.0387885 0.0244986 0.0124722 -0.0110108 -0.00647076 -0.0139719 -0.00345173 0.0108769 0.00670935 -0.0205498 -0.0137301 -0.00228816 0.0314453 0.0290433 0.00638567 0.00225655 0.00352195 -0.0251911 0.0204371 0.0186823
internal_weight=142142 82971 59171 41556 41415 26515 24857 15041 20842 27726 31445 11625 3117 22937 4534 16558 10507 18888 13232 5052 8838 5673 4045 1938 8508 10601 2552 9120 1231 7667 11221 5455 6130 5624 6644 5490 925 1628 3049 6126 746 10432 16807 707 2428 2596 1760 1234 548 803 5026 2500 1245 7776 4389 3485 3279 7742 3348 5719 4449 3858
internal_count=124974 81894 43080 41134 40760 26464 24599 14670 20826 24669 18411 11568 3109 14083 4299 16161 10371 17479 13031 4958 7190 5638 4036 1728 8459 10587 2464 9106 1149 6692 10787 5413 4115 3737 6633 5407 920 1602 3041 5824 664 10337 9968 579 2224 2571 1739 1202 517 725 4902 2494 1242 7732 3302 2697 3159 7624 3271 5713 3888 3456
cat_boundaries=0 1 3 5 7 9 11 13 15 16 17 19 21 23 25 27 29 31 33 34
cat_threshold=1392475933 44137496 131072 117276469 5 151650695 421918 1117879868 128 623806617 300044 46234396 205377 3830743588 99299 648627216 90112 3807961625 8604 585465105 10836 3120 327936 2231402631 279903 51104672 240672 14928896 2 2418704835 255940 2219966784 295533 41959936
is_linear=0
shrinkage=0.05


Tree=22
num_leaves=63
num_cat=18
split_feature=18 13 13 14 23 14 13 0 0 16 0 41 0 16 0 20 0 0 0 16 0 16 16 0 0 0 13 16 43 13 9 29 27 16 0 13 13 0 13 43 16 13 23 16 47 41 0 24 0 27 27 27 0 28 22 16 23 14 49 13 0 20
split_gain=23871.1 3870.5 2590.92 1224.24 941.943 571.926 405.596 397.633 261.905 220.224 205.366 200.934 196.249 190.49 154.796 157.813 152.989 147.148 145.026 126.422 113.136 95.3266 90.8783 82.2855 82.0307 79.444 79.2501 75.8591 78.1405 65.0153 63.1803 57.3043 55.3127 54.8198 54.5198 53.9114 53.6225 53.4045 50.7792 48.8366 47.6934 46.2448 44.9325 43.735 41.7549 41.5254 40.9771 39.8342 39.4467 39.2535 38.7034 36.8276 36.0781 36.0733 35.9262 35.5639 35.4795 35.3646 35.6998 35.0192 34.9504 34.3859
threshold=5.8750000000000009 3.5000000000000004 10.500000000000002 3.5000000000000004 0.37500000000000006 8.5000000000000018 5.5000000000000009 0 1 1.0000000180025095e-35 2 0.064516129032258188 3 15.35416666666667 4 -3.1752575534183362e-16 5 6 7 2.8416666666666672 8 3.0208333333333335 7.7613636363636367 9 10 11 5.5000000000000009 9.5208333333333339 2.0500000000000003 7.5000000000000009 1.5000000000000002 4.2660006009615392 3.0218366419346814 6.479166666666667 12 8.5000000000000018 8.5000000000000018 13 7.5000000000000009 1.1000000000000003 9.0871212121212146 1.5000000000000002 0.62500000000000011 3.2613636363636371 3.8901462451385291 1.1780301787479039 14 3.4354648109243704 15 1.0208072590738426 3.5595747423406574 3.5595747423406574 16 142.00000000000003 0.12143504140786747 5.2182539682539693 0.37500000000000006 1.5000000000000002 4.7928571428571436 1.5000000000000002 17 -0.20000000000000004
decision_type=2 2 2 2 2 2 2 1 1 8 1 2 1 8 1 2 1 1 1 8 1 10 8 1 1 1 2 10 2 2 2 2 2 10 1 2 2 1 2 2 10 2 2 10 2 2 1 2 1 2 2 2 1 2 2 10 2 2 2 2 1 2
left_child=1 3 5 4 9 12 11 21 25 17 27 14 26 16 -3 56 40 32 35 34 55 23 24 30 -14 39 -2 28 -7 -12 -6 61 -1 -28 -11 -8 -20 -21 -26 -5 54 -36 53 -9 59 46 47 -33 -10 -19 -27 -51 -23 -18 -4 -13 -16 -32 -59 -25 -35 -22
right_child=2 6 13 8 7 10 18 43 48 19 29 20 22 -15 15 -17 42 49 36 37 31 52 -24 44 38 50 33 -29 -30 -31 57 45 -34 60 41 -37 -38 -39 -40 -41 -42 -43 -44 -45 -46 -47 -48 -49 -50 51 -52 -53 -54 -55 -56 -57 -58 58 -60 -61 -62 -63
leaf_value=-0.0012804138354893801 -0.00067107642970731243 8.7887635925099072e-05 0.011356781452248678 -0.0019272085910228222 -0.010752642297003179 0.016876922547629493 0.0044551082553472955 -0.011690406424034039 -0.0073357300564634298 -0.010152487302107016 0.0047715404022854457 -0.0037852706802627314 0.013276332874063402 0.024371536348113385 0.00067891161685619821 -8.6846829129266778e-05 0.013198231700440278 0.01427621661653058 -5.6346009421615051e-05 -0.0009041066386167862 -0.0015724752853879421 -0.0044608364051876076 0.007151218170643403 -0.029724027397349386 0.00276922444239458 -0.0040946768913696918 0.0015196572154139165 0.013917956350818585 0.0091016838394250236 0.0069280507875762454 -0.014697326673396228 -0.00012836792722829005 0.011039017806440333 0.00053630065433692977 -0.01270547529299984 0.016553413318521559 0.0070126953334235633 -0.0058585346481243809 0.0061557516150877681 0.0051238394275468562 0.010195657033075256 -0.010850912210996278 0.014143823651296761 -0.0064235588908679534 0.0017056683916719885 0.0096645559198553898 -0.00010919294372079836 0.0021443870609858585 -0.0050669327080905885 -0.014268709859450912 0.0013439230705095786 -0.00186582085995064 -0.0064624037078086618 0.014802458664501739 0.0054456627261341489 0.00018015741382710894 -0.00069426803274090791 -0.0091752218911087379 0.0013335344656489668 -0.010718288506515739 0.0047340615361176177 -0.00023192566766127022
leaf_weight=468 1511 352 692 223 1929 1534 3876 8736 2154 1288 1774 5391 577 8885 35 567 3909 85 4429 1194 2102 1158 3337 3154 6569 1987 2716 2312 3765 3845 183 748 670 447 3239 846 919 1799 3121 1019 2661 2989 6401 1653 81 308 3711 1269 3650 519 1168 376 1275 3572 592 762 1071 119 457 5970 2374 7619
leaf_count=427 1486 350 491 220 1927 1007 3741 8736 2150 1283 1552 5372 406 4546 35 566 2378 81 4363 1170 2093 1150 2887 3151 6338 1967 2649 1404 3023 3163 183 735 556 436 3235 644 796 1795 2805 939 1614 2981 3629 1650 79 269 3673 1233 3641 517 1137 363 1273 2067 477 756 1069 119 455 5961 2215 7560
internal_value=0.00401916 -0.0136433 0.0277893 -0.0228556 -0.0270491 0.018608 -0.000762954 -0.0327256 -0.00750294 -0.0159364 0.0267247 -0.00430502 0.013407 0.0394338 -0.0193707 -0.0256205 0.0364452 -0.00122463 0.00765515 -0.0189006 -0.00291155 -0.0272369 0.0169148 -0.0291025 0.0145934 0.00171166 0.00660079 0.0321103 0.0288387 0.019333 -0.021043 -0.000662418 0.0109617 0.00937974 -0.022362 0.0140281 0.00199571 -0.0102021 0.0134517 0.0123663 0.0274128 -0.024314 0.0389617 -0.0402255 -0.0313959 0.00316299 0.00219846 0.00791174 -0.0144617 -0.015333 -0.00250948 -0.018577 -0.018219 0.0363332 0.0195292 -0.00865428 -0.0367615 -0.008875 -0.0027643 -0.0317474 0.0142612 -0.00303898
internal_weight=142142 81548 60594 47543 37342 33882 34005 24715 10201 12627 13230 23935 20652 26712 2025 1673 17827 2118 10070 10509 21910 14326 13604 11893 10267 4397 7048 7611 5299 5619 2688 15757 1138 5537 7516 4722 5348 2993 9690 1242 3945 6228 13882 10389 9205 6036 5728 2017 5804 980 3155 895 2433 7481 1284 6153 1106 759 576 9124 2821 9721
internal_count=124974 80401 44573 47146 37092 29371 33255 24684 10054 12408 10149 23711 19222 15202 2020 1670 10656 1944 9544 10464 21691 14298 12436 11875 9549 4263 6786 5434 4030 4715 2684 15563 983 5300 7499 4385 5159 2965 9143 1159 2582 6216 8074 10386 9191 5910 5641 1968 5791 961 3104 880 2423 4445 968 6128 1104 757 574 9112 2651 9653
cat_boundaries=0 2 4 6 8 10 12 14 16 18 19 20 21 23 25 27 29 31 33
cat_threshold=1392508703 1 49408786 128 62216712 73888 421036483 289820 2419336228 5 151650694 266496 16565808 409858 1924234772 67645 554598602 282632 94464 16384 33603586 118046736 2080 2178146084 66312 2181130016 141856 738721984 269406 44129036 1 16777216 262160
is_linear=0
shrinkage=0.05


Tree=23
num_leaves=63
num_cat=21
split_feature=15 13 15 14 39 13 13 0 0 13 0 17 17 0 0 0 20 0 15 0 13 25 0 0 42 15 0 9 25 42 27 40 3 25 32 0 0 15 0 21 0 24 13 14 0 0 0 20 20 27 0 47 13 0 50 15 15 25 0 14 41 28
split_gain=22692.9 3429.5 2420.92 1105.27 484.466 352.734 317.723 265.048 261.648 254.879 228.781 183.352 183.276 170.974 162.916 146.797 146.569 142.787 141.176 134.055 108.363 104.635 102.239 101.855 90.0426 87.803 96.9866 85.1174 68.3553 60.3048 59.0818 55.9127 54.4705 52.947 52.4754 52.0843 46.1507 44.4248 44.2836 45.138 56.0272 44.1866 43.8717 44.0435 42.2499 40.875 39.7792 39.5692 39.1593 38.4368 36.8654 40.7688 36.715 36.7125 36.6722 36.4405 36.3882 35.7217 35.2185 34.9977 34.8416 34.3964
threshold=5.8125000000000009 3.5000000000000004 9.9375000000000018 3.5000000000000004 1.0000000180025095e-35 5.5000000000000009 8.5000000000000018 0 1 12.500000000000002 2 0.47871355387816938 1.0000000180025095e-35 3 4 5 -3.1752575534183362e-16 6 3.0625000000000004 7 5.5000000000000009 1.9728273796353162 8 9 4.9500000000000011 18.812500000000004 10 1.5000000000000002 6.1439125745712087 6.4428571428571431 3.0664606058241968 3.4166666666666674 -0.98182534576205283 5.0851340877949331 2.8474011770836962 11 12 4.9375000000000009 13 21.500000000000004 14 5.7335084033613457 4.5000000000000009 5.5000000000000009 15 16 17 -1.0999999999999992 0.39999999999999991 3.5595747423406574 18 -1.9447651457439539 9.5000000000000018 19 8.7500000000000018 1.5625000000000002 3.1875000000000004 8.0511516332111182 20 6.5000000000000009 0.95296318527914736 142.00000000000003
decision_type=2 2 2 2 2 2 2 1 1 2 1 2 2 1 1 1 2 1 2 1 2 2 1 1 2 2 1 2 2 2 2 2 2 2 2 1 1 2 1 8 1 2 2 2 1 1 1 2 2 2 1 2 2 1 2 2 2 2 1 2 2 2
left_child=1 3 6 4 17 11 10 18 27 15 24 14 -9 -8 -3 53 -16 28 21 50 36 -6 37 54 -2 26 -11 49 34 -29 -25 48 -15 44 -1 -20 -12 -13 -22 -40 -41 -42 43 45 -21 -24 -45 -17 55 -5 -7 -52 -34 -4 -23 -14 -10 -19 -32 -38 -35 -46
right_child=2 5 9 8 7 19 13 12 56 25 20 22 31 32 16 47 -18 57 35 33 38 23 42 30 -26 -27 -28 29 -30 -31 58 -33 52 60 -36 -37 59 -39 39 40 41 -43 -44 46 61 -47 -48 -49 -50 -51 51 -53 -54 -55 -56 -57 -58 -59 -60 -61 -62 -63
leaf_value=-0.0095562185053731548 0.016090987067372137 5.7590433130394475e-05 0.016004177082405154 -0.0045337682758184285 -0.013229984895810544 -0.0059647663780478255 0.011283605069062314 -0.010386680961764828 -0.0072798591847203949 0.010651486250332499 -0.00080546734729751717 -0.0040049331803292008 -0.029672379151910101 -0.0020314512014230736 -0.00065955463110386472 0.0060493715348808987 -0.00010522669776312777 -0.011625241493356054 0.00013302404598827255 0.004589398617387286 0.0024659584796783655 -0.0068241846474884739 3.3391619667499929e-05 -0.010453821297196554 0.0068019876322706237 0.032204298563117177 0.015403083222627768 0.006327127836244173 0.022351291892407057 -0.00013077270219005177 -0.0050785380035133776 -0.0068360556351503184 0.005336990381253604 0.0044668411182426987 0.0039461405090985167 -0.0073408577938390068 -0.00063812917806953533 -3.4936237512783745e-05 0.0074278366107955801 3.2446797703578059e-05 0.0021628165297487012 0.004308083214971537 0.00021031979924915901 0.0053376357044984174 0.00071990313638794492 -0.0013424518967485701 -0.00064498694539625874 0.0082135352030877351 -0.010874604088015705 0.0007999171939029881 -0.002485252885000433 0.0010872448437815486 0.0098249658376485371 0.0097734612215850895 -0.00021555436613986958 -0.011656284533856099 -0.0054022232859203441 0.027397659311013602 -0.010071032629476763 0.0043039572015526051 0.020582801579576773 0.0042303251748583518
leaf_weight=223 1085 454 2453 1902 2005 367 4933 3377 1354 3414 1402 4435 3191 195 1107 1186 599 1006 704 2014 4483 354 3056 7757 3064 5623 9166 1041 207 841 2546 2124 2017 895 841 1438 767 1208 2680 731 2652 1474 6962 569 2404 4897 759 2463 2066 1252 572 3139 3480 4428 667 5906 4101 28 2912 1475 412 1279
leaf_count=222 707 452 1358 1889 2004 366 3699 3376 1354 1979 1370 4420 3189 182 1105 843 598 993 689 1885 4323 354 3034 7748 2651 2838 4891 950 127 832 2537 2119 1814 856 768 1428 740 1203 2373 710 2549 1407 6862 549 2374 4864 754 1692 2063 1224 569 3025 2761 2802 660 5904 4087 21 2901 1391 300 1239
internal_value=0.00425906 -0.012612 0.027916 -0.0213223 -0.0253499 -0.000748527 0.0180885 -0.0268102 -0.00698103 0.0383255 0.0143457 -0.00415 -0.031412 0.0250654 -0.0180449 0.0321237 -0.0250408 -0.0031418 -0.0226076 0.00663133 0.0115531 -0.0242116 -0.00277768 -0.0227011 0.0247945 0.0419108 0.0395752 0.00124728 0.00806942 0.00966277 -0.0238731 -0.0287812 0.0190242 0.010819 0.003 -0.0105436 0.00400412 -0.00856827 0.0138503 0.0162089 0.0133481 0.0155898 -0.000759505 -0.00301067 0.00874781 -0.00441853 0.00541384 0.0237281 -0.0301993 -0.00377021 -0.000585718 0.000925578 0.0199791 0.0364836 -0.00721415 -0.0316163 -0.0145527 -0.0168373 -0.0198928 0.00843098 0.0199121 0.00550758
internal_weight=142142 82971 59171 47843 37352 35128 30438 35047 10491 28733 19813 24046 16664 10625 2160 10530 1706 2305 18383 11082 15664 16241 21886 14236 4149 18203 12580 5036 1271 1882 13215 13287 5692 7004 1064 2142 3644 5643 12020 7537 4857 4126 16243 9281 5697 7953 1328 3649 11163 3154 4078 3711 5497 6881 1021 9097 5455 1034 5458 2242 1307 3683
internal_count=124974 81894 43080 47439 37103 34455 26677 34972 10336 16403 18221 23841 16651 8456 2155 6695 1703 2131 18321 10614 14863 16204 21686 14200 3358 9708 6870 4895 1117 1782 13186 13275 4757 6654 990 2117 3501 5623 11362 7039 4666 3956 16063 9201 5498 7898 1303 2535 11156 3113 3960 3594 4575 4160 1014 9093 5441 1014 5438 2131 1156 3613
cat_boundaries=0 2 4 5 7 9 11 13 15 17 18 20 21 23 25 26 28 30 32 33 34 35
cat_threshold=318734109 65536 334621458 139392 42035200 3332472412 98421 2419336292 8197 1190525464 108481 16158328 131330 156139906 419584 554598594 282632 16384 1225392518 479522 8475396 2500329667 321309 420118978 269340 7340033 44130308 65572 3590349876 66273 114314240 1202 16777472 42037248 281228033
is_linear=0
shrinkage=0.05


Tree=24
num_leaves=63
num_cat=17
split_feature=18 19 18 19 16 0 20 0 17 14 0 22 19 19 16 0 18 0 18 0 0 26 0 26 25 25 26 25 0 39 26 26 20 25 0 40 0 25 25 41 20 26 20 20 22 38 0 0 25 0 20 16 20 20 3 0 20 0 47 16 0 20
split_gain=20734.1 2839.31 2524.06 653.621 534.815 338.053 324.508 278.803 278.209 228.395 221.631 178.938 178.867 174.719 161.966 161.368 145.452 139.035 132.128 118.715 113.99 107.929 102.98 101.198 91.6647 89.5033 86.9357 85.809 77.3802 72.1996 69.2466 67.602 67.0018 64.3369 62.8871 62.4649 70.4313 60.0261 59.1976 58.6302 57.3178 57.1228 54.9627 54.1524 53.0543 59.4762 52.2202 51.9629 50.3334 49.2354 49.0059 48.5837 47.3654 46.6549 45.7153 45.5544 45.2531 45.1991 44.6613 44.2864 45.4139 42.6111
threshold=5.8750000000000009 3.7500000000000004 9.6250000000000018 5.2500000000000009 1.0000000180025095e-35 0 -3.1752575534183362e-16 1 0.25000000000000072 14.500000000000002 2 0.041491596638655405 2.2500000000000004 9.2500000000000018 6.479166666666667 3 3.1250000000000004 4 3.3750000000000004 5 6 0.057567322929889551 7 0.03853942677825966 3.1949956858688364 4.0574104091154588 0.014280261795293602 2.4190113469967502 8 0.73214285714285732 0.042735212989607661 0.022407286087250202 -0.10000000000000132 3.7328353900785989 9 23.125000000000004 10 2.4668421375839582 3.7328353900785989 0.18236706814406428 -0.099999999999999631 0.018381298574665101 -0.49999999999999989 -1.3999999999999988 0.059500915750915706 4.5000000000000009 11 12 3.0284969300221403 13 -6.0804220104393239e-16 9.1742424242424256 0.49999999999999972 -0.59999999999999931 -0.12053668025532314 14 -0.89999999999999847 15 -2.7415804409517581 3.2958333333333338 16 -0.49999999999999961
decision_type=2 2 2 2 8 1 2 1 2 2 1 2 2 2 10 1 2 1 2 1 1 2 1 2 2 2 2 2 1 2 2 2 2 2 1 2 1 2 2 2 2 2 2 2 2 2 1 1 2 1 2 10 2 2 2 1 2 1 2 8 1 2
left_child=1 4 5 6 19 13 10 23 17 15 16 -12 20 30 32 51 59 40 -13 26 31 24 -8 25 -9 54 -1 -25 -16 -29 55 -10 -7 -28 -15 36 -11 -23 -33 47 -6 -24 57 -36 45 -19 -18 -14 -43 -41 -17 -4 -22 -39 -5 -2 -53 -26 -27 60 -3 -30
right_child=2 3 9 7 8 14 22 21 12 35 11 18 39 34 28 50 46 44 -20 -21 52 37 41 27 42 58 33 29 61 -31 -32 38 -34 -35 43 -37 -38 53 -40 49 -42 48 -44 -45 -46 -47 -48 -49 -50 -51 -52 56 -54 -55 -56 -57 -58 -59 -60 -61 -62 -63
leaf_value=-0.013672690085941597 0.0020311901528745958 -0.00093367763427911203 0.0078249631165674179 -0.00055158159164394596 -0.00038755790664820049 -0.0003213076069089993 -0.0043897044168504712 -0.0048264594251666961 -0.010747348079658088 0.011980100298307783 -0.0023254079934150519 -0.0064577663888386316 -0.0024574423342298536 0.012990132498154651 0.0030342050984446759 0.010060520114479965 8.0613732472323296e-05 -0.00986734691367659 -0.0031061449271135634 -0.0059515091327199347 -0.010722538733686327 -0.003368338802060783 -0.0068303248040957887 -0.00077004873194111987 -0.00027137783391693041 0.010632943503237924 0.0019048507930982618 0.010917427800267316 0.0036976137238202591 0.0039670135806120664 0.0057164060108838791 -0.010910937167307389 0.0025299435702995313 0.016973710773757734 0.0036119810596405566 0.045456668702710347 0.017644278138718335 -0.0011139986624920939 0.0018032952024772842 -0.010346893595515078 -0.0097350061267459272 -0.0016628992652940934 -8.4095683781387767e-05 0.010525292247652219 -0.0098102207058425438 -0.011616237615633285 -0.0016047426188143367 -0.0016348835567054022 0.00030016684853745312 -0.011987264785972696 0.012355103150585123 0.0071063100608617317 -0.010876262528518622 0.0045115197520703256 -0.008533457067496409 0.0045331196265025351 0.0095488883819585431 -0.0050094531723768824 0.0025752895356549125 -0.0047215483341421565 -0.0077893978288709311 0.0055936792231338741
leaf_weight=202 2078 261 1251 1728 307 2357 7244 2723 1783 3492 1519 1761 536 2537 2521 5258 1332 3733 2596 980 4519 525 779 851 1030 255 539 1213 1811 3232 4997 1592 4084 412 541 2995 6131 657 370 3647 1096 2288 5711 4647 648 329 2938 1187 5030 6516 5951 1229 903 1857 438 1291 3207 1591 2221 824 1645 4216
leaf_count=196 1987 260 945 1681 305 2314 7205 2717 1782 1909 1519 1758 534 1756 2390 3272 1317 3733 2596 961 4515 523 776 835 1016 212 511 1008 1663 3057 4523 1592 3903 290 471 1505 3185 649 364 3641 1094 2275 5623 3560 648 328 2927 1187 4970 6506 3416 843 899 1780 438 1162 1999 1588 2120 821 1644 3770
internal_value=0.00441313 -0.0120479 0.0265665 -0.00506115 -0.0245067 0.0166209 -0.010222 0.000998419 -0.0263995 0.0370386 -0.0160748 -0.0232368 -0.0236698 0.0216585 0.0111897 0.0332305 -0.0100121 -0.0357941 -0.018115 -0.00039597 -0.0289207 -0.00352322 -0.00530863 0.00740728 -0.00581992 0.00202348 0.0104338 0.012138 0.0157089 0.0149224 0.0166601 -0.0219502 0.00520723 0.016854 0.0270962 0.0421345 0.0401543 0.00481743 -0.0155858 -0.0196176 -0.0213897 -0.0014239 -0.00321553 0.0237151 -0.0399481 -0.0421597 -0.00426013 -0.0281584 -5.39691e-05 -0.0181666 0.0367687 0.0261399 -0.0336269 0.00802982 -0.00539686 0.0111113 0.0286444 -0.00920862 0.00851635 -0.0190388 -0.0232276 0.0187885
internal_weight=142142 81548 60594 52249 29299 31080 28217 24032 27166 29514 12876 5876 21053 16091 14989 16896 7000 6113 4357 2133 9167 14094 15341 9938 11055 4642 1153 5296 8548 4445 8366 3745 6441 951 7725 12618 9623 3039 1962 11886 1403 8097 8332 5188 4710 4062 4270 1723 7318 10163 11209 5687 5422 2514 2166 3369 4436 2621 2476 2730 1906 6027
internal_count=124974 80401 44573 51315 29086 27499 28068 23247 27128 17074 12842 5873 21020 13459 14040 10475 6969 6108 4354 1958 9152 13896 15226 9351 10944 4451 997 4900 7823 4065 7672 3738 6217 801 5787 6599 5094 2952 1956 11868 1399 8021 8227 4031 4709 4061 4244 1721 7245 10147 6688 3787 5414 2429 2119 3149 2842 2604 2332 2725 1904 5433
cat_boundaries=0 2 3 5 7 8 10 11 13 15 16 18 20 22 24 26 28 29
cat_threshold=2196110396 196704 48360988 2533227285 8199 2030698919 421914 2455297 16565808 409858 837123857 634357995 283656 150995139 279576 33648664 2349761413 482678 2449563652 1 1076624777 8192 3120578594 260860 46504960 65568 1226182912 65569 81920
is_linear=0
shrinkage=0.05


Tree=25
num_leaves=63
num_cat=17
split_feature=15 15 15 20 23 15 19 0 20 15 0 0 23 20 0 29 23 0 0 0 20 0 15 0 20 0 0 0 26 0 37 25 19 26 0 0 26 25 20 20 20 0 21 47 20 25 39 14 18 25 9 43 26 25 0 26 20 47 26 20 26 47
split_gain=19578.3 2834.18 2070.18 787.01 573.828 503.993 363.641 296.306 274.534 214.147 219.998 196.523 260.293 170.232 150.442 147.706 133.998 132.434 108.573 107.133 101.763 98.5379 92.7688 82.3071 81.3257 80.6171 78.0577 72.6652 68.0926 64.2587 64.0031 62.8856 62.4874 62.2791 62.1048 60.7327 57.4257 56.3275 55.7385 51.3349 51.2026 51.1532 49.5232 49.3628 65.2819 48.797 48.6599 47.2901 47.0002 46.6519 45.8511 44.5936 44.0461 42.8744 42.9152 42.6192 42.3047 40.4409 40.0864 39.1385 37.9761 37.9612
threshold=6.0625000000000009 3.0625000000000004 9.9375000000000018 0.39999999999999991 1.0000000180025095e-35 4.5625000000000009 2.2500000000000004 0 -3.1752575534183362e-16 20.562500000000004 1 2 0.87500000000000011 1.1000000000000003 3 4.5637962691458887 0.87500000000000011 4 5 6 0.20000000000000037 7 8.3125000000000018 8 0.099999999999999853 9 10 11 0.053211930289967159 12 1.0000000180025095e-35 5.0851340877949331 1.7500000000000002 0.035621901802725613 13 14 0.03266732432318311 6.736241822416539 -6.0804220104393239e-16 1.4000000000000004 -0.6999999999999994 15 5.5000000000000009 -2.5416686809441722 0.50000000000000111 5.5574056331669164 0.22500000000000003 2.5000000000000004 11.625000000000002 5.4043974797286678 1.5000000000000002 1.1000000000000003 0.048045872741521604 5.0851340877949331 16 0.046097371495160258 -0.79999999999999838 3.7646499238202167 0.051277965541980962 -0.29999999999999999 0.025234595192552004 -2.5416686809441722
decision_type=2 2 2 2 2 2 2 1 2 2 1 1 2 2 1 2 2 1 1 1 2 1 2 1 2 1 1 1 2 1 2 2 2 2 1 1 2 2 2 2 2 1 10 2 2 2 2 2 2 2 2 2 2 2 1 2 2 2 2 2 2 2
left_child=1 3 7 4 15 8 14 22 11 10 40 29 59 30 32 25 26 39 52 -18 23 -15 43 -9 -21 31 61 -22 49 -3 34 -1 -6 45 -5 46 -27 58 48 41 -4 51 60 -2 -45 -19 -32 -26 -12 -23 -42 -7 -10 54 -20 -29 -35 -43 -17 -13 -25 -8
right_child=2 5 9 13 6 17 16 20 18 -11 38 12 -14 21 -16 37 19 33 53 24 27 28 -24 42 47 36 -28 55 -30 -31 35 -33 -34 56 -36 -37 -38 -39 -40 -41 50 57 -44 44 -46 -47 -48 -49 -50 -51 -52 -53 -54 -55 -56 -57 -58 -59 -60 -61 -62 -63
leaf_value=-0.0050611843555631976 0.012361462721488676 0.00010156279073935126 0.0064461063275698671 6.3583086392615681e-05 -0.027653828076386 0.00050738887404782056 0.00038461150752563402 0.0015131595306042912 -0.0040188249875169777 0.035476299047024297 0.0088238571071522671 -0.0052698179934877135 -0.00088272474425807887 -0.0053637724310008853 -0.010093184709060277 -0.0014317341631471137 -0.0031541044226115924 -0.0019133120923315039 0.00062285837929512147 -0.0011384806595747254 0.0050626026480945054 -0.00025459529986484599 0.011499136687150569 -0.0013173755956298605 0.00014140788920192772 -0.010600661338926627 -0.010764980494619903 0.0053458621636198857 0.010491271837987926 -0.0022719550399515342 0.0058181740123674835 0.011017297080762191 -0.0094923627165729232 -0.0010678470612131509 -0.0048341894510566365 -0.010176709328329836 -0.003865098610238954 0.028500635234105755 0.013396057532654361 0.0092917463476672631 0.0099762138334245978 0.0014589327960088938 0.0085997053921884285 0.0043109703081692045 0.0092114766982976711 0.00054881328852055542 -0.0091263631188859169 -0.0022581581480437987 0.011891637860144339 0.0092137439626342309 0.0084230914983687063 0.0095948612397404945 0.00010512807735645336 0.0014267451154760359 -0.00046394476573562442 0.0089674589085713251 0.00081811724172349283 0.0068672594135156702 0.0087301691452661648 -0.0015652004235992946 0.0033527452012181991 -0.0047430947502727257
leaf_weight=1005 709 1771 1657 1388 1630 270 412 2907 3305 4347 2635 2558 1447 1083 5250 734 1517 3237 2824 2054 3769 1214 3086 413 185 1715 7378 1741 509 4484 333 242 3125 1439 2607 2416 1181 104 10212 817 2451 4828 671 3090 2377 1268 1288 210 5245 243 2186 562 1168 1084 4851 2657 6607 384 294 1365 6164 3439
leaf_count=991 482 1747 1104 1386 1626 263 409 2771 3281 2189 1771 2549 1447 1057 5249 714 1512 3220 2770 2053 3388 1167 2126 395 185 1713 7375 1554 429 4460 318 183 3123 1425 2602 2405 1169 65 5626 701 1463 4715 579 2795 1934 1246 1280 210 2864 218 1386 461 1151 1019 4810 2173 6523 351 259 1365 5736 3436
internal_value=0.0045285 -0.0105032 0.0274361 -0.019881 -0.0240302 -0.00169968 -0.0271694 0.0176507 -0.00641423 0.036829 0.0350021 -0.01202 -0.019029 -0.00846824 -0.0345738 -0.00903052 -0.0222917 0.00433704 -0.00148832 -0.0301979 0.0139363 0.00158852 0.0249536 0.0105992 -0.0367256 -0.0134037 -0.0194964 0.0181005 0.00824229 -0.00595994 -0.0122862 -0.00265898 -0.0278525 0.00127726 -0.00779404 -0.0167273 -0.0179549 0.00696823 0.0378388 0.00991633 0.0267399 0.00833664 0.0134447 0.0214335 0.0198144 -0.00342765 -0.00903493 -0.0160227 0.0346777 0.00277435 0.0294836 0.0198043 -0.00781557 0.00174971 0.000435774 0.0224983 0.00391388 0.00645127 0.0033965 -0.0123713 0.0121382 -0.0135798
internal_weight=142142 85825 56317 41556 30475 44269 25200 27584 24857 28733 24386 11625 5370 11081 10005 5275 15195 19412 13232 3966 18322 3049 9262 10155 2449 4143 11229 8167 1966 6255 8032 1247 4755 12551 3995 4037 2896 1132 18092 6861 6294 6044 7248 6176 5467 4505 1621 395 7880 1457 4637 832 4473 8759 7675 4398 8046 5212 1028 3923 6577 3851
internal_count=124974 84638 40336 41134 30272 43504 25178 23933 24599 16403 14214 11568 5361 10862 9998 5094 15180 18905 13031 3960 16596 2871 7337 9481 2448 4056 11220 7115 1814 6207 7991 1174 4749 12414 3988 4003 2882 1038 10261 6491 3953 5790 6710 5211 4729 4466 1598 395 4635 1385 2849 724 4432 8599 7580 3727 7948 5066 973 3914 6131 3845
cat_boundaries=0 2 4 6 7 9 11 12 14 16 18 20 22 24 26 28 29 31
cat_threshold=44137496 65568 151650695 266302 2466085693 8197 1367310103 1117879836 128 621707417 300044 1110409117 352723950 482824 285769863 263196 14763576 65552 1450273536 73728 151912834 433664 33644556 8193 4270067824 204665 2731300360 75826 16384 2457888032 65697
is_linear=0
shrinkage=0.05


Tree=26
num_leaves=63
num_cat=0
split_feature=15 13 13 14 23 13 14 41 17 16 17 20 9 13 15 2 25 2 9 17 2 26 26 13 14 26 26 25 47 13 7 25 25 23 9 2 22 21 16 16 2 30 16 22 22 21 25 22 16 29 25 49 16 20 29 26 15 16 2 25 16 25
split_gain=18352 2821.87 2045.39 791.466 622.508 346.034 334.656 277.457 265.889 212.891 154.012 142.298 134.196 133.015 246.526 132.484 124.48 119.68 116.285 115.439 114.597 114.171 102.327 98.0949 84.9088 82.0227 80.7148 78.3489 71.4523 70.5685 75.2297 69.8423 68.4213 67.1649 66.2703 66.1025 65.2099 64.2196 63.5286 61.2572 60.9856 56.6418 55.6825 54.8918 53.7417 50.8598 48.2431 46.0423 44.7397 48.0513 44.7207 44.0242 42.53 41.6476 41.5916 41.558 41.4133 41.2651 40.4988 40.296 38.8772 38.5521
threshold=6.0625000000000009 3.5000000000000004 10.500000000000002 3.5000000000000004 0.62500000000000011 5.5000000000000009 9.5000000000000018 0.46681174370702022 0.25000000000000072 16.591666666666672 0.95742710775633955 -0.20000000000000004 1.5000000000000002 2.5000000000000004 2.5625000000000004 0.8542199457734333 6.1439125745712087 0.95297903005573359 1.5000000000000002 0.47871355387816938 0.8542199457734333 0.042735212989607661 0.019186105555582804 7.5000000000000009 2.5000000000000004 0.034269368250076003 0.044189023398133111 5.5574056331669164 -2.352599585020648 4.5000000000000009 1.0000000180025095e-35 3.1075512374363803 5.1984264468287211 0.62500000000000011 1.5000000000000002 0.17992617227144034 0.066666666666666666 1.0000000180025095e-35 8.5871212121212146 2.5871212121212124 1.0000000180025095e-35 4.7200561956667837 3.0208333333333335 0.059500915750915706 0.041491596638655405 13.500000000000002 2.3611733746099497 0.059500915750915706 5.1742424242424248 4.4337703135064368 3.0647481538457622 6.8214285714285721 6.479166666666667 -1.7999999999999992 4.5637962691458887 0.064967138478363509 22.812500000000004 10.174242424242426 -0.17992617227144048 3.1390540433891698 1.9045454545454545 1.6193911239349281
decision_type=2 2 2 2 2 2 2 2 2 8 2 2 2 2 2 2 2 2 2 2 2 2 2 2 2 2 2 2 2 2 2 2 2 2 2 2 2 8 10 8 2 2 10 2 2 8 2 2 10 2 2 2 10 2 2 2 2 10 2 2 8 2
left_child=1 3 6 4 7 19 17 16 11 18 60 -6 39 24 58 -14 22 23 33 29 38 27 -1 48 40 -12 31 59 -22 30 42 -21 46 -4 -19 -16 -20 -18 -8 -5 -10 -27 -3 -13 -44 61 51 -41 -2 53 -28 -23 -25 -50 -52 -48 -11 -38 -15 -7 -9 -24
right_child=2 5 9 12 8 21 20 10 13 56 25 43 15 14 35 -17 37 34 36 26 28 32 45 52 -26 41 50 -29 -30 -31 -32 -33 -34 -35 -36 -37 57 -39 -40 47 -42 -43 44 -45 -46 -47 55 -49 49 -51 54 -53 -54 -55 -56 -57 -58 -59 -60 -61 -62 -63
leaf_value=-0.010719311935212101 0.0003144865038839484 0.00018915935929096907 0.011191482592822932 -0.0067925727051061039 -0.0004904778187060588 -0.0031827256957909222 0.0060291173268375749 -0.013390043980051581 -0.013076286959366601 0.015218764188883883 -0.010480321455173865 -0.0088693203325397544 -0.0025075550272715798 0.00027657462790398605 -0.0049478566656539717 0.0051543462946757714 0.019834176905060709 0.0051478221068858914 0.010625738198808432 -0.0045307218923087205 0.024079431180119355 -0.0050781334005380154 -0.010813876444386595 0.0041077886700644278 -0.012031636663346347 -0.0051188438622886195 -0.00035850334236738892 0.0034498563958835385 0.010354652250148545 -4.4557331079608797e-05 7.1504906311747884e-05 -0.00056761331349465267 0.013762593243919596 0.011201501013216193 0.014177118483802671 -0.0046137834545905585 0.0070819360059955431 -0.00039535695234061975 0.0078908843617143398 -0.0072081469029121386 -0.012408690211138752 0.0033525031054065348 -0.00046617026266502218 -0.0079704955942656811 -0.00029440182029456531 -0.0048018442928379314 0.0027857185073999649 -0.0021366772026997108 -0.0014284234276300324 0.0042455192811118262 0.00032668238092071756 0.0022871765017185909 0.0053964574917014568 0.0021976237017500289 0.0055012607883096146 0.0048013996624776401 0.041410020315223631 0.010272735719034854 -0.00075893709056367169 0.00060114247123558293 -0.010325370191746376 8.3939181971837146e-05
leaf_weight=1833 1499 183 8024 1986 266 1065 2716 3052 2050 4388 4171 4414 1555 561 980 1416 192 1493 2262 2927 779 313 142 2696 1729 2395 3934 1455 1857 704 142 11558 467 6569 761 1468 1287 228 3911 816 3820 286 907 360 235 5354 3439 4984 614 2993 3040 404 5826 4242 1096 1711 3039 1361 1349 4114 776 1948
leaf_count=1823 1450 182 4767 1972 264 1050 2267 3047 2047 2263 4160 4412 1547 561 980 1305 116 1307 1347 2915 406 309 142 2478 1726 2378 3906 1367 1278 701 142 11470 366 3723 492 1464 951 214 2773 816 3817 274 904 360 235 5323 3317 4944 585 2750 3010 394 5074 4111 1039 1610 1524 790 1346 4015 774 1894
internal_value=0.00449403 -0.0100592 0.0266726 -0.0180825 -0.0215223 0.000185568 0.0175495 -0.0156269 -0.0285884 0.0366267 -0.0211867 -0.0382256 -0.00612986 -0.0245229 -0.0175487 0.00290882 -0.00950144 0.0139277 0.0338774 -0.00328366 0.025415 0.00680045 -0.0107076 0.0125564 -0.0285191 -0.0166927 -0.00222313 0.00221477 0.0342416 -0.0142933 -0.0205347 -0.00445568 0.0116014 0.0361207 0.0247871 -0.0280502 0.0272032 0.0170903 0.0218988 -0.00957943 -0.0313907 -0.00986018 -0.0242421 -0.0402084 -0.0283421 -0.00809872 0.0101304 -0.00698069 0.00901647 0.010528 0.00178355 -0.00201253 0.0164373 0.00745213 0.00541334 0.011822 0.0438402 0.0218554 -0.00407902 -0.000665058 -0.029223 -0.00148015
internal_weight=142142 85825 56317 48131 37374 37694 29387 20377 16997 26930 10680 5040 10757 11957 4358 2971 9697 20124 19503 24726 9263 12968 9277 17870 7599 6852 22555 6634 2636 2171 1467 14485 6334 14593 2254 2448 4910 420 6627 7786 5870 2681 1325 4774 1142 7444 5867 5800 9348 7849 8070 717 8522 4856 4136 5150 7427 2648 1910 5179 3828 2090
internal_count=124974 84638 40336 47706 37122 36932 24971 20145 16977 15365 10633 5036 10584 11941 4351 2852 9512 18247 11578 24504 6724 12428 9182 16448 7590 6812 22340 6432 1684 2164 1463 14385 5996 8490 1799 2444 3088 330 5040 7732 5864 2652 1321 4772 1139 7359 5630 5760 8896 7446 7955 703 7552 4696 4049 4927 3787 1741 1907 5065 3821 2036
is_linear=0
shrinkage=0.05


Tree=27
num_leaves=63
num_cat=19
split_feature=15 13 13 14 13 23 0 0 15 0 0 16 23 13 29 20 0 23 0 0 0 0 47 25 26 0 26 0 16 47 25 23 0 26 0 0 16 17 41 29 16 0 21 26 16 0 25 26 16 21 0 28 16 0 26 26 16 17 16 0 18 25
split_gain=16506.7 2580.03 1708.02 740.759 736.926 658.537 395.411 315.913 229.494 227.306 187.399 172.651 159.111 153.214 146.535 114.543 193.737 204.528 107.902 106.084 105.997 101.963 99.4067 97.7043 135.821 92.5574 82.253 81.614 80.6322 78.1029 77.1868 68.4369 65.5288 63.8519 59.4888 58.9714 58.934 146.082 119.709 122.381 57.216 56.7801 52.9839 52.6259 51.8753 51.6075 55.4794 63.4083 51.315 52.7968 61.6975 52.4627 49.7236 48.8674 46.0277 45.7271 45.3172 43.8724 46.6502 93.4434 43.6381 42.2296
threshold=6.4375000000000009 2.5000000000000004 10.500000000000002 2.5000000000000004 4.5000000000000009 1.0000000180025095e-35 0 1 19.812500000000004 2 3 8.2613636363636385 0.37500000000000006 6.5000000000000009 3.5810815730206191 -2.9981021586516549e-16 4 0.87500000000000011 5 6 7 8 -1.7433747071660546 1.7812887021222121 0.023599954872007403 9 0.069062758701249852 10 2.2613636363636371 -3.2415466930527468 6.736241822416539 0.62500000000000011 11 0.040190550161445356 12 13 3.0208333333333335 0.49999999999999228 0.1176470588235294 4.3484057455078053 3.5435606060606064 14 16.500000000000004 0.074199270404639112 10.422619047619049 15 5.0851340877949331 0.030088413827338251 6.325757575757577 13.500000000000002 16 142.00000000000003 5.0669642857142865 17 0.023599954872007403 0.06005594311618976 3.479166666666667 0.47871355387817022 3.0208333333333335 18 8.8750000000000018 3.8672256857240379
decision_type=2 2 2 2 2 2 1 1 2 1 1 8 2 2 2 2 1 2 1 1 1 1 2 2 2 1 2 1 10 2 2 2 1 2 1 1 8 2 2 2 10 1 8 2 10 1 2 2 10 8 1 2 8 1 2 2 10 2 10 1 2 2
left_child=1 3 6 5 12 14 22 29 10 23 -4 26 20 18 34 16 40 -18 -6 36 -3 -13 -2 -7 -25 -15 27 -8 -11 -5 43 44 -26 -9 -1 -28 38 -38 39 -17 -14 -35 -29 -16 -12 -27 55 -48 49 51 -51 -20 -22 -44 -36 -47 -31 58 59 -21 -24 -34
right_child=2 4 8 7 13 9 11 33 -10 28 31 21 15 25 30 19 17 -19 48 57 52 -23 60 24 32 45 35 42 -30 56 -32 -33 61 41 54 -37 37 -39 -40 -41 -42 -43 53 -45 -46 46 47 -49 -50 50 -52 -53 -54 -55 -56 -57 -58 -59 -60 -61 -62 -63
leaf_value=-0.00079023159988108607 0.019805551639839741 0.0020343445525283165 0.012541939013830539 0.011169225520528431 -0.0023677905965313606 -0.016825087775218246 0.0011642295156169436 -0.0090659550558063306 0.029936898507073529 -0.01202602765374431 0.0078295215858243724 0.004444769596215337 -0.0032349598866381613 0.0062095835120291936 -0.0013643444140883478 0.00029553658503305162 -0.0029518084901982047 -0.0010159603164080044 0.00069063161727129791 0.00029553658503305162 -0.0023461948184682782 0.00720004733055597 0.0071086362831159662 -0.011185926568639282 -0.0062108027845434455 -0.0041772883285047134 0.0025979035645864236 0.0060757842712119876 -0.010932971452554752 -0.0013967537492629856 0.02497593595077028 0.0089183544019412319 -0.0096904585526200529 -0.0082210484724220319 -0.011815096006230697 0.0065712662926800287 -0.00062313541358123288 -0.00029084854980842011 -0.00014688425801263617 -0.00044198076919377272 -0.0003183048480446427 -0.0010090539296439549 -0.00033141970857103464 0.01171585996577016 0.0084729864179709079 0.00050548769117086945 0.0028157638121899422 0.015407043868573757 0.002697340092277606 -0.0041992831711170136 0.0001618400441392054 0.0052057172327649509 0.0014285389785439863 0.0030135348215957758 -0.008344068373878721 0.0048680809717876142 0.0031426422670719268 -0.0014996115252880029 -0.0015131330955102885 -0.0015459828685115752 0.010256233435372726 -0.0081021539867023647
leaf_weight=593 1437 2367 11158 303 3801 949 3460 4638 4832 4950 2579 3302 1929 2341 1618 538 2936 1634 3636 239 4851 5329 1607 4342 1236 379 916 3957 1671 1835 165 4488 3068 945 830 2211 300 1724 1951 74 2769 1834 942 171 3778 2656 450 493 1377 603 7860 1080 1051 2413 1292 1044 1012 7508 399 369 1125 797
leaf_count=563 824 2297 6209 260 3774 949 3326 4627 2432 4950 1842 2793 1915 2110 1566 538 2932 1634 3542 239 4825 4059 1332 4339 1227 373 865 3415 1668 1797 108 2661 3064 944 829 1914 300 1719 1951 74 2740 1812 910 136 2149 2577 420 379 1347 601 7819 1024 1047 2290 1279 967 958 7479 399 368 695 792
internal_value=0.00472901 -0.00851488 0.0266498 -0.0197936 -0.00206077 -0.0250839 0.0176946 -0.00893688 0.0355584 -0.0296488 0.0333869 0.0150523 -0.00729912 0.00417927 -0.00844647 -0.00948974 -0.0137442 -0.0210642 0.00173467 -0.00647905 -0.00137183 0.0206146 0.0318529 -0.024925 -0.0234059 0.0102723 0.0116076 0.00953263 -0.036964 0.00433249 0.00199233 0.0285598 -0.0178646 -0.0145591 -0.0159591 0.0187484 -0.000336016 -0.00671358 0.00469774 0.0239723 -0.00656084 -0.00857734 0.0125215 -0.00103073 0.0252351 0.00639678 0.00785239 0.0186917 0.00369294 0.00273483 0.000371574 0.00697371 -0.00495434 0.00790971 -0.0198289 0.00510538 0.00177142 -0.00977539 -0.0195883 -0.0108292 0.0263063 -0.0210642
internal_weight=142142 88608 53534 32249 56359 21682 26699 10567 26835 17013 22003 22530 30639 25720 4669 22370 9268 4570 18357 13102 8269 8631 4169 10392 9443 7363 13899 10772 6621 3150 1954 10845 5101 7417 2715 3127 4587 2024 2563 612 4698 2779 7312 1789 6357 5022 4643 943 14556 13179 8463 4716 5902 3355 2122 3700 2847 8515 1007 608 2732 3865
internal_count=124974 87258 37716 31868 55390 21470 22423 10398 15293 16989 12861 19572 30457 24933 4481 22288 9221 4566 18107 13067 8169 6852 2851 10371 9422 6826 12720 9941 6618 3015 1810 6652 5083 7383 2671 2779 4582 2019 2563 612 4655 2756 6615 1702 3991 4716 4343 799 14333 12986 8420 4566 5872 3200 2108 3544 2755 8485 1006 607 2027 3856
cat_boundaries=0 1 3 5 7 9 11 13 15 17 19 21 22 24 26 28 30 31 32 34
cat_threshold=33636360 38912002 65536 838860575 67584 3002169880 16577 2466083708 8197 151683138 282624 3791660449 248829 2189511197 675 2101346371 288830 548495894 163894 487097219 281755 123648 2157986872 48 3238133943 431433 3825472968 3350 16777600 768 6553600 7602176 69696 275458
is_linear=0
shrinkage=0.05


Tree=28
num_leaves=63
num_cat=16
split_feature=15 13 13 14 23 13 0 0 15 0 0 16 23 16 19 0 20 0 22 0 0 22 15 0 21 0 0 0 16 23 13 26 15 16 17 41 29 0 24 26 42 16 0 16 0 13 43 25 15 14 26 26 43 16 43 42 28 26 25 0 23 17
split_gain=15504.9 2324.9 1911.49 737.161 673.128 598.146 384.132 256.461 240.441 225.815 222.187 209.247 151.515 150.317 147.484 129.719 118.661 180.055 230.739 101.336 100.339 98.2307 97.545 96.7242 95.4401 131.881 90.1074 85.93 84.3394 81.7523 77.5459 68.8833 60.55 59.7773 179.646 106.383 124.716 57.3525 56.4903 66.1145 55.6994 52.7491 52.2637 50.6157 54.3486 50.0007 47.4438 46.3751 44.8043 43.004 42.6865 42.0596 41.8557 41.5067 41.0858 40.9197 40.8714 40.6026 40.4709 40.4531 40.288 38.7986
threshold=6.0625000000000009 2.5000000000000004 10.500000000000002 2.5000000000000004 1.0000000180025095e-35 4.5000000000000009 0 1 20.562500000000004 2 3 8.7613636363636385 0.37500000000000006 1.0000000180025095e-35 1.7500000000000002 4 -2.9981021586516549e-16 5 0.041491596638655405 6 7 0.059500915750915706 8.6875000000000018 8 20.500000000000004 9 10 11 2.2613636363636371 0.62500000000000011 7.5000000000000009 0.03266732432318311 4.1875000000000009 3.0208333333333335 0.49999999999999228 0.1176470588235294 4.3484057455078053 12 5.4498170235836279 0.058537170831122608 6.2000000000000002 3.479166666666667 13 2.3062500000000004 14 13.500000000000002 0.95000000000000007 6.1439125745712087 10.437500000000002 5.5000000000000009 0.038374432887697908 0.041751335166641611 15.350000000000001 5.0669642857142865 5.2000000000000011 5.5357142857142874 143.50000000000003 0.071834598520703966 1.7812887021222121 15 0.87500000000000011 2.3804761428476184
decision_type=2 2 2 2 2 2 1 1 2 1 1 8 2 8 2 1 2 1 2 1 1 2 2 1 8 1 1 1 10 2 2 2 2 8 2 2 2 1 2 2 2 10 1 8 1 2 2 2 2 2 2 2 2 8 2 2 2 2 2 1 2 2
left_child=1 3 6 4 13 12 22 40 10 14 45 24 20 27 -6 32 17 41 -19 -18 -3 -12 54 -13 26 -26 56 47 60 31 57 -16 61 35 -35 36 42 49 39 -27 46 -14 -21 44 -15 -4 -5 -1 -23 -9 -40 -29 59 -22 -2 -24 -8 -17 -31 -50 -11 -7
right_child=2 5 8 7 9 15 11 37 -10 28 21 23 16 43 29 30 19 18 -20 33 53 48 55 -25 25 38 -28 51 -30 58 -32 -33 -34 34 -36 -37 -38 -39 50 -41 -42 -43 -44 -45 -46 -47 -48 -49 52 -51 -52 -53 -54 -55 -56 -57 -58 -59 -60 -61 -62 -63
leaf_value=0.0021322463558076433 0.0093717812822177397 0.0022132951500837164 0.0090096657600721164 -0.0042479182479799931 -0.025402286886870264 -0.0041010055911709477 0.00083836317351230214 -0.0048612280857402886 0.030135138153558241 -0.011339846236958795 0.0087219636630846871 0.008773303287966638 -0.0034329060025858672 -0.0075900284678799392 -0.0091454807829680906 0.00059473583664303446 -0.0014429855033817884 -0.0010828526667093607 -0.0026823572829986157 -0.00048037793379624994 -0.0020333680559657232 0.0072694543285885208 0.022517139666283405 0.004765279377724807 -0.00024684854960559387 0.00023432649580830135 0.006473640158293781 -0.011269741566889858 -0.010379573787433939 -0.0088779328568013519 0.0081139877084646372 -0.0058491161865499523 0.00023808239904876682 -0.00059197864290216895 -0.00026607975185058419 -0.00014807983081112087 -0.00041988173073408412 -0.0098110331820121088 0.0025798732358793377 0.0031653966985406125 -0.0011074218284594761 -0.00049018891513182841 0.00028075975578140122 -0.0034100373504313167 -0.0095669842470690672 0.014211941826893915 0.0051520347931132754 0.018881979639801719 0.011194912129638947 0.00020808314239156855 0.0049046983212562185 0.00031692547586532617 0.0058896467779146816 0.00130628318999656 0.0039268185858790886 0.00963084944390309 0.0064874025974486441 0.0029950855313772618 -0.0086000211736090293 0.007523781257487195 -0.011803000268587794 0.00018938727144869328
leaf_weight=975 1891 2047 5602 183 2013 1650 1580 3584 4267 3170 4463 2643 1880 653 2573 9862 7840 1651 2695 103 5066 1576 797 4382 3038 1930 5267 530 1670 480 1677 1558 8044 349 1955 2285 84 3072 1361 2487 1704 2845 482 790 1133 6448 1287 207 944 562 1690 380 1244 1034 437 1160 724 1250 3762 2386 1780 960
leaf_count=902 1428 1991 3305 182 2009 1644 1465 3577 2148 3170 2601 1804 1869 649 2571 9662 7813 1651 2691 103 5036 1223 412 3636 2938 1868 4478 526 1667 480 1426 1547 7944 349 1950 2283 84 3066 1311 2323 1687 2819 482 781 1132 3406 1191 127 515 544 1564 363 754 1031 399 723 622 1202 3759 1413 1780 898
internal_value=0.00455735 -0.00881953 0.0249431 -0.0194747 -0.0247241 -0.00246363 0.0161238 -0.00852449 0.0345659 -0.0293406 0.0325117 0.0137417 -0.00710146 -0.00790212 -0.0246316 0.00353374 -0.00924425 -0.0136403 -0.0209766 -0.00619856 -0.00126964 0.0271033 0.0299686 0.021071 0.0108997 0.00781336 0.0151803 0.00205208 -0.0366302 -0.0217274 0.00692539 -0.0167098 -0.000543366 -0.000815145 -0.00685249 0.00389002 0.0214104 -0.0137218 0.0113779 0.00777388 0.00332653 -0.0068296 0.029599 -0.0159856 -0.0206463 0.0372187 0.0104657 0.0108927 0.0230198 -0.00981357 0.0166268 -0.00944083 0.025529 -0.0044829 0.0230979 0.0382763 0.00682289 0.00541663 -0.0266074 0.0284584 -0.0399707 -0.00716009
internal_weight=142142 85825 56317 32066 21674 53759 29387 10392 26930 17006 22663 25102 30316 4668 10386 23443 22169 9071 4346 13098 8147 10613 4285 7025 18077 10506 7571 2092 6620 8373 12789 4131 10654 5258 2304 2954 669 7218 7468 4417 3174 4725 585 2576 1786 12050 1470 1182 6150 4146 3051 910 4574 6100 2328 1957 2304 11112 4242 3330 4950 2610
internal_count=124974 84638 40336 31710 21463 52928 24971 10247 15365 16983 13217 22009 30152 4480 10366 22776 22094 9030 4342 13064 8058 6506 2962 5440 16569 10004 6565 1918 6617 8357 12290 4118 10486 5251 2299 2952 669 7187 7066 4191 3060 4688 585 2562 1781 6711 1373 1029 3905 4121 2875 889 2682 6067 1827 1135 2087 10864 4239 1928 4950 2542
cat_boundaries=0 1 3 5 7 9 11 13 15 17 19 20 22 24 26 28 30
cat_threshold=33636352 307347458 65536 838860575 67584 3002169880 180449 1293844960 490400 2466085757 8197 435149406 267266 2189509145 675 11935640 196736 24379523 263184 688640 12043832 147730 2175543861 156384 1074791680 256 1202475032 262743 134774944 8192
is_linear=0
shrinkage=0.05


Tree=29
num_leaves=63
num_cat=4
split_feature=19 19 13 13 16 14 14 13 16 23 23 13 14 29 2 26 16 17 2 17 14 1 23 1 16 26 25 29 25 16 41 16 2 21 42 22 26 2 13 1 41 44 42 25 14 25 21 25 26 23 19 13 22 24 21 26 13 16 26 41 22 1
split_gain=14321.2 2528.75 1623.56 1142.28 777.959 299.641 293.712 270.685 178.819 175.659 152.127 120.772 155.251 116.952 116.225 101.822 94.1586 188.066 157.26 188.571 93.8349 93.8131 93.6529 91.9923 90.551 87.3654 124.688 87.3561 79.1883 76.0057 71.2955 63.7048 63.0689 62.0218 61.9089 61.8819 61.4758 59.2755 58.0088 57.6168 57.449 50.7596 48.2821 47.9704 46.9551 44.8732 44.8709 57.5958 44.0351 43.8508 43.3482 58.3585 40.6902 40.0093 38.4824 37.9786 37.2135 37.0694 36.9412 36.6273 36.1208 44.5086
threshold=8.2500000000000018 2.7500000000000004 10.500000000000002 4.5000000000000009 1.0000000180025095e-35 9.5000000000000018 5.5000000000000009 16.500000000000004 6.0208333333333348 0.87500000000000011 0.37500000000000006 2.5000000000000004 2.5000000000000004 2.7352273103402625 0.95297903005573359 0.034544177203220859 3.0208333333333335 0.47871355387816938 -0.23931566428755757 0.49999999999999228 3.5000000000000004 0 0.62500000000000011 1 23.020833333333339 0.064967138478363509 3.1949956858688364 4.3780754357226419 6.1439125745712087 8.5208333333333339 0.26086956521739174 8.5871212121212146 -0.060268340127661552 13.500000000000002 4.6071428571428585 0.049999999999999954 0.031770649094885105 0.95297903005573359 7.5000000000000009 2 0.4615384615384619 30.300000000000004 14.835714285714287 2.3611733746099497 4.5000000000000009 3.6810276167168934 24.500000000000004 2.2612878619175967 0.028588301820823305 0.37500000000000006 3.7500000000000004 3.5000000000000004 0.17857142857142858 5.4498170235836279 20.500000000000004 0.044189023398133111 2.5000000000000004 2.2613636363636371 0.055299713317128053 0.11764705882352949 0.047821969696969661 3
decision_type=2 2 2 2 8 2 2 2 8 2 2 2 2 2 2 2 8 2 2 2 2 1 2 1 8 2 2 2 2 8 2 10 2 8 2 2 2 2 2 1 2 2 2 2 2 2 8 2 2 2 2 2 2 2 8 2 2 8 2 2 2 1
left_child=1 4 5 6 28 25 10 22 20 13 15 12 -12 57 31 40 18 23 19 27 43 -8 29 42 52 26 55 -13 36 -4 -14 -7 -33 -22 -16 -25 -1 38 -28 -17 -3 -39 -18 -5 -24 58 47 -27 -45 -15 -21 -52 -9 -35 -10 -2 -42 -6 -41 -11 61 -19
right_child=2 3 7 8 9 14 21 24 54 59 11 16 30 49 34 39 17 60 -20 50 33 -23 44 35 -26 46 37 -29 -30 -31 -32 32 -34 53 -36 -37 -38 41 -40 45 56 -43 -44 48 -46 -47 -48 -49 -50 -51 51 -53 -54 -55 -56 -57 -58 -59 -60 -61 -62 -63
leaf_value=-0.0076973311782782662 -0.0058602840368423229 -0.0017093240961962076 0.009120446580150765 -0.0056837923422733971 -0.0090089902211042856 0.0059344818862760778 0.0040177115869328038 0.015437628687163696 0.0057578092435577547 -0.0080794321949808397 -0.011480671083820516 0.00026672176799232841 -0.00081137623952530773 -0.0080995222703070368 0.021266906487223305 0.0032774284298679682 -0.0011625173338950857 -0.0010983013902491235 -0.0017399995385156799 0.00024362307549041784 0.0019791355812637467 -0.00077555615976137584 0.0040437878838494867 -0.00033792110037591529 0.041746588700561721 -0.00085084435670734759 0.0016516109914435639 -0.00038057543103804382 0.016374535663797297 0.0084870503769803093 -0.0066298679184855994 0.0045953217947183938 0.0091238582782691754 -0.00011880772295007059 0.0076997907916269651 -0.00012885226631020874 0.0015388669781858377 0.0042786151722939095 0.0046308905075930166 -0.0034933090768242362 -0.0088426074734307414 0.015300757114824605 0.00010835434915498211 -0.0037454486227406383 0.0086779635580030001 0.0011869225803952444 0.0043089116563142628 0.010152341617143658 0.00036253347395371894 -0.0079159550314444552 -0.0047142711579690024 -0.00031329986874768513 0.0119630223182284 0.00058338134517545994 0.0019972137283556625 0.00062409668559562095 -0.0036093366599857513 -0.0079623109515812428 0.00059107460106668788 -0.0080995508718087594 -0.0014486055804684872 -0.0048361680886569005
leaf_weight=804 493 2964 2548 618 4978 3785 1791 6425 1090 2816 3856 623 1648 1707 806 968 621 1536 6507 1038 5877 2995 259 1130 2595 195 3855 90 271 7467 3971 1705 2825 6323 539 125 1058 681 4635 2296 1903 415 94 1561 7332 1617 3004 1511 3360 2166 333 558 839 2654 5926 922 1386 576 958 1101 6156 1256
leaf_count=791 485 2955 1834 613 4977 3119 1636 3349 985 2815 3853 623 1636 1699 428 931 619 1529 6488 1038 5690 2966 202 1129 1300 185 3635 90 181 4343 3959 1326 1805 6287 400 125 986 592 4090 2289 1897 263 93 1535 4249 1602 2680 1160 3276 2161 333 558 469 2632 5823 867 1370 575 951 1100 6142 1255
internal_value=0.00434911 -0.00785823 0.0249824 -0.00400576 -0.0262337 0.0158618 -0.00878471 0.0334066 0.00408774 -0.0307152 -0.0101332 -0.012067 -0.0167207 -0.0270094 0.0227922 -0.00540767 -0.0098687 -0.0130044 -0.00612514 0.00416005 0.0017184 0.00294443 0.0296868 -0.0269888 0.0400451 0.0115991 0.00915697 0.0261134 0.00180178 0.0265021 -0.0114137 0.0205802 0.0245851 0.00378963 0.0364376 -0.0351066 -0.00187601 0.0112021 0.00978624 -0.00065839 -0.0098409 0.0221468 -0.0120455 -0.00383484 0.0338837 -0.00287689 0.0172989 0.0237815 -0.00218306 -0.0203265 -0.00396114 -0.012046 0.0371638 0.00117454 0.0109726 -0.0046928 -0.0143906 -0.0316643 -0.00626575 -0.0396235 -0.00992234 -0.014642
internal_weight=142142 89306 52836 73829 15477 25371 46420 27465 27409 13344 41634 29542 9475 9427 9660 12092 20067 10918 9149 2642 20393 4786 17606 1970 9859 15711 11001 713 2133 10015 5619 8315 4530 14854 1345 1255 1862 9586 8490 5839 6253 1096 715 5539 7591 4871 4710 1706 4921 3873 1929 891 7264 8977 7016 1415 3289 5554 3254 3917 8948 2792
internal_count=124974 88193 36781 72908 15285 21035 46067 15746 26841 13327 41465 29470 9448 9412 7078 11995 20022 10892 9130 2642 20033 4602 10628 1966 5118 13957 9932 713 1958 6177 5595 6250 3131 14609 828 1254 1777 8580 7725 5773 6222 855 712 5424 4451 4842 4025 1345 4811 3860 1929 891 3818 8919 6808 1352 3267 5552 3240 3915 8926 2784
cat_boundaries=0 1 2 3 4
cat_threshold=40 157 40 55
is_linear=0
shrinkage=0.05


Tree=30
num_leaves=63
num_cat=5
split_feature=15 19 13 13 16 14 14 15 20 22 23 29 1 26 1 23 1 41 13 16 13 26 30 29 25 42 16 18 22 25 25 26 21 26 25 49 40 14 29 1 17 16 41 41 29 25 26 30 25 20 29 21 21 40 25 39 41 43 26 1 40 42
split_gain=13866.6 2352.9 1811.24 828.161 793.561 299.159 266.308 251.805 225.022 201.016 177.499 119.216 115.694 115.589 112.845 110.411 101.293 92.2956 92.024 86.4675 82.6153 81.144 101.841 78.7467 73.3939 70.8687 68.7544 68.6225 66.3 63.3282 61.7409 59.8943 56.6743 54.0526 53.8023 49.1014 49.0539 48.9018 48.6383 48.1313 82.8952 65.7922 210.552 151.069 85.5229 50.5379 46.5038 46.2803 45.1429 44.6244 43.6792 42.2419 41.5842 41.581 41.2554 40.0582 39.9529 39.4147 38.7877 40.3482 38.6925 37.8174
threshold=6.0625000000000009 2.7500000000000004 10.500000000000002 4.5000000000000009 1.0000000180025095e-35 9.5000000000000018 20.500000000000004 4.5625000000000009 -2.9981021586516549e-16 0.047821969696969661 0.87500000000000011 2.7352273103402625 0 0.042735212989607661 1 0.62500000000000011 2 0.25531389540169019 2.5000000000000004 3.2613636363636371 5.5000000000000009 0.063796769805602865 5.4314608114217418 2.7352273103402625 3.1390540433891698 5.5357142857142874 8.5208333333333339 3.6250000000000004 0.35000000000000009 5.1984264468287211 3.4783232288476356 0.038374432887697908 20.500000000000004 0.016239393797977904 4.9524384062156912 14.328571428571431 1.0000000180025095e-35 4.5000000000000009 4.3780754357226419 3 0.47871355387817022 3.0435606060606064 0.1176470588235294 0.15384615384615416 4.3484057455078053 2.772550409816819 0.012896346633733452 2.196875052209398 2.3611733746099497 0.39999999999999991 3.5810815730206191 1.0000000180025095e-35 23.500000000000004 27.625000000000004 2.2007754191586906 0.22500000000000003 0.4573835895089709 24.350000000000005 0.021578953345970403 4 5.7083333333333348 4.0428571428571436
decision_type=2 2 2 2 8 2 2 2 2 2 2 2 1 2 1 2 1 2 2 8 2 2 2 2 2 2 8 2 2 2 2 2 8 2 2 2 2 2 2 1 2 10 2 2 2 2 2 2 2 2 2 10 8 2 2 2 2 2 2 1 2 2
left_child=1 4 5 7 23 21 15 8 9 12 11 49 27 24 25 26 61 -11 60 56 -15 22 32 46 35 -7 -4 -3 51 48 47 -24 -2 -20 38 -5 -13 -17 -16 40 -35 43 -43 44 -41 -42 -1 -25 -22 -6 -26 -21 54 -8 -23 -47 -19 -14 -38 -60 -10 -9
right_child=2 3 6 13 10 14 53 16 18 17 -12 36 57 20 34 37 -18 19 33 28 29 52 31 30 50 -27 -28 -29 -30 -31 -32 -33 -34 39 -36 -37 58 -39 -40 41 45 42 -44 -45 -46 55 -48 -49 -50 -51 -52 -53 -54 -55 -56 -57 -58 -59 59 -61 -62 -63
leaf_value=-0.029672113061822228 0.0036483080164022574 -0.0083824823388818255 0.008892534208667353 -0.0049622765562968964 -0.0089579862885856513 0.020186523168704364 0.017554730973362 0.014101323031287617 -0.0093040936436287035 -0.0010356930798933184 -0.0076754605852317973 -0.0080022714981166417 -0.0047064719381517076 0.00014468085580182644 0.0026093705568737582 0.0041672946356055233 -0.0011964465965044414 -0.0051831562771306912 -0.0046470711247834423 -0.003956788151195662 -0.00094409063249207843 -0.0003359823967263309 0.0024497911345001456 0.0016233920790912626 -0.00018352374338190258 0.0088046281012066682 0.0087233427145954282 -0.00022253202221690361 0.0021579648593151647 0.012775468151928222 0.010687927121551083 0.0045821132030658077 0.00032641500735346445 -0.0017183904491390846 0.0073303283497600626 0.0002488256053007565 -0.0076278022298040928 0.0091411853312640453 0.0060641771672687366 0.0002533856795927103 -0.002388951079163204 -0.00054548365573825475 -0.0002097964899648308 -0.00018398711149636426 -0.00036154665948614497 0.020132844280275099 -0.0015548735537757041 -0.022154690783610754 0.003163116784097897 -0.0076808546573271415 0.0011172429416186347 0.0011109488242684541 0.0034499257474660317 0.051072189754120048 0.008008406571468174 -0.00043562405515943373 -0.0099984743345711072 -0.0017217030502207353 -0.0077342702804269418 -0.0073494606719286155 0.0028253423478659559 0.0028607290504466757
leaf_weight=125 3422 1332 2507 1570 4608 779 2936 136 3483 4563 3917 709 2003 4410 1274 268 4003 2627 1715 3573 717 193 3170 593 5789 1470 9868 898 844 467 609 3222 3949 720 2567 727 1228 9392 3173 781 2372 417 2725 2921 101 144 720 86 5150 946 4605 482 4204 1959 1964 5035 3744 616 415 1521 176 1502
leaf_count=125 3048 1326 1765 1569 4606 406 1497 103 3466 4550 3915 704 1998 4342 1093 198 3967 2624 1705 3567 703 179 2960 566 5725 1002 5608 896 828 366 489 2881 3768 719 1844 706 1226 5316 2379 781 2362 417 2721 2917 101 119 692 86 4927 946 4431 475 3845 981 1566 5006 3736 616 415 1515 169 1415
internal_value=0.0042084 -0.00844202 0.0234871 -0.00455863 -0.0260915 0.0149022 0.0328541 -0.00839291 -0.00974717 -0.0134311 -0.0306178 -0.0268928 -0.0223392 0.00311679 0.0223386 0.0305067 0.00151453 -0.0107013 -0.00604609 -0.0131306 0.00693299 0.011478 0.00931742 0.00222352 -0.000113851 0.0321881 0.0273711 -0.0137416 -0.00813163 0.0105912 0.0100039 0.0139363 0.00530996 -0.0044912 0.0191025 -0.00820061 -0.0201458 0.0345197 0.0157925 -0.00354176 -0.00611507 -0.000466504 -0.00582087 0.00395505 0.0220781 -0.00457428 -0.00962766 -0.000360294 0.00917604 -0.0315923 0.0016734 -0.0107853 0.0161498 0.043412 0.0218003 -0.00180405 -0.0169719 -0.0294848 -0.0228104 -0.0183764 -0.0132363 0.0119436
internal_weight=142142 85825 56317 70348 15477 29387 26930 46913 41272 20682 13344 9427 4849 23435 9263 22035 5641 15833 20590 11270 10744 20124 13763 2133 12691 2249 12375 2230 4899 6334 1288 6392 7371 16931 7014 2297 3873 9660 4447 15216 8271 6945 3142 3803 882 7551 845 679 5867 5554 10394 4055 6361 4895 2157 5179 6371 2619 3164 1936 3659 1638
internal_count=124974 84638 40336 69353 15285 24971 15365 46584 41099 20616 13327 9412 4836 22769 6724 12887 5485 15780 20483 11230 10338 18247 12657 1958 12431 1408 7373 2222 4870 5996 1141 5841 6816 16848 5316 2275 3860 5514 3472 15143 8206 6937 3138 3799 882 7487 817 652 5630 5552 10156 4042 5590 2478 1745 5125 6360 2614 3156 1930 3635 1518
cat_boundaries=0 1 2 3 4 5
cat_threshold=157 8 40 61 3968
is_linear=0
shrinkage=0.05


Tree=31
num_leaves=63
num_cat=5
split_feature=19 19 13 18 16 14 18 13 14 2 1 1 13 40 1 9 42 49 22 21 26 19 16 42 29 13 13 26 19 25 13 41 1 19 16 1 17 41 29 41 14 22 2 18 25 22 26 29 16 25 26 26 13 22 22 25 18 25 26 42 16 22
split_gain=12775.4 2614.02 1547.47 947.679 781.557 317.811 221.459 196.838 153.023 137.496 123.369 120.336 118.932 113.671 113.302 105.844 96.2062 93.1892 91.9234 76.3472 75.5688 74.6668 71.2086 70.2853 68.362 68.9408 64.4896 64.2321 61.4884 61.4252 61.2549 87.9682 88.0245 70.6187 191.448 160.398 132.97 127.776 99.4779 92.5966 92.4195 63.5387 58.1857 56.8366 56.7914 56.3375 55.0597 53.991 53.7023 50.6605 54.4146 50.6212 50.4013 47.7869 46.8946 46.4637 45.7971 43.5591 43.5478 43.1482 41.5763 41.3324
threshold=8.2500000000000018 2.7500000000000004 11.500000000000002 4.1250000000000009 1.0000000180025095e-35 9.5000000000000018 24.125000000000004 2.5000000000000004 5.5000000000000009 0.8542199457734333 0 1 8.5000000000000018 1.0000000180025095e-35 2 1.5000000000000002 5.5357142857142874 6.2000000000000002 0.062554347826086973 1.0000000180025095e-35 0.032495350426806908 1.7500000000000002 6.0773809523809534 7.2142857142857144 3.8712905344132089 4.5000000000000009 14.500000000000002 0.04537212212143691 1.7500000000000002 6.1439125745712087 3.5000000000000004 0.13205891141466716 3 3.7500000000000004 3.0208333333333335 4 0.49999999999999228 0.21633936555429631 4.3484057455078053 0.18236706814406464 3.5000000000000004 0.049999999999999954 1.0000000180025095e-35 3.8750000000000004 5.5574056331669164 0.10272817460317456 0.019467041108653802 2.7352273103402625 8.7613636363636385 2.3611733746099497 0.044189023398133111 0.022187582194445051 5.5000000000000009 0.16071428571428567 0.099999999999999964 1.6761543611374872 1.6250000000000002 5.0114216919400407 0.035130851870585955 4.8642857142857148 3.5208333333333335 0.083333333333333273
decision_type=2 2 2 2 8 2 2 2 2 2 1 1 2 2 1 2 2 2 2 8 2 2 8 2 2 2 2 2 2 2 2 2 1 2 8 1 2 2 2 2 2 2 2 2 2 2 2 2 8 2 2 2 2 2 2 2 2 2 2 2 8 2
left_child=1 4 5 7 19 12 15 11 24 13 16 23 14 47 17 26 -7 -2 43 29 56 -15 45 -3 25 -5 -4 44 -11 -1 33 32 -32 34 35 36 38 54 -9 -37 53 59 -23 -13 58 -14 -21 -6 -12 -33 57 -30 -16 -35 -36 -53 -20 -51 -10 -34 -55 -44
right_child=2 3 6 8 9 10 -8 30 27 28 48 18 22 21 52 -17 -18 -19 20 46 -22 42 -24 -25 -26 -27 -28 -29 51 -31 31 49 41 40 37 39 -38 -39 -40 -41 -42 -43 61 -45 -46 -47 -48 -49 -50 50 -52 55 -54 60 -56 -57 -58 -59 -60 -61 -62 -63
leaf_value=0.0028098809111355761 0.011434132590272372 0.002114347659370003 0.0078934172142145435 -0.0020425645589617347 -0.010256464732392412 0.019275385806646964 0.037105649777827619 0.00024071639561307201 -0.00070849394598362372 -0.022833748359678521 0.0047189573902392647 -0.011423757878314983 0.006940944809884342 -0.025201311405947627 -4.5767422189457735e-05 0.0082376042893182351 0.0085676428456598949 0.0022068660657397102 -0.010996513257946672 -0.017035469818641021 -0.0037823000699856004 -0.0064466582807855225 0.0061682078706835957 -0.0096442813328955213 0.00056006534964663239 1.6644364614532003e-05 0.012418032627937432 0.0025553552021409191 -0.0067626849723042117 0.017196897552310554 -2.5832811281900626e-05 -0.0035447096547550961 -8.5701448449526657e-05 -0.0052403582037166777 -0.00051820947295133646 -0.001089178372815558 0.00016551609227001275 -0.00018047060236928703 -0.00036178153967116879 -0.00032852378811983887 -0.0034962410710772497 -0.00054250487016296314 -0.0070518553429152813 0.00012499958654395017 0.0023835007910983754 0.0006418113984113516 -0.00024451640747509274 0.00095151464002855022 0.0049404041523614609 -0.0014035528727880499 0.00083767704772639293 -0.0068512267410735794 0.0023311227265410796 -0.0044731196277539914 -0.00066658017586531673 -0.0070895170428874055 -0.0091991297210449133 0.0011085893155985515 0.0015865467482753582 -8.5701448449526657e-05 -0.00087189121212786222 -0.0066941600092896847
leaf_weight=748 903 1389 7265 2775 625 815 2739 668 2805 1135 3181 2271 1308 2654 2758 4886 3616 670 1187 251 4669 3561 5722 662 6519 5579 8211 6730 838 192 849 1854 194 1758 826 941 1866 608 58 2182 3251 357 1498 184 1819 1194 942 299 4691 7673 3280 176 4877 921 216 966 3923 1425 2959 717 714 1592
leaf_count=692 621 1360 4235 2763 624 425 1376 668 2759 1134 2633 2268 1111 2650 2653 2911 2450 609 1187 249 4655 3558 4630 661 6379 5542 4333 6478 838 116 846 1846 194 1752 825 939 1863 608 58 2175 3238 356 1497 183 1754 1086 901 295 3205 7624 3196 176 4503 921 216 964 3920 1381 2867 715 711 1591
internal_value=0.00410147 -0.00742825 0.0235894 -0.00351138 -0.0261109 0.016046 0.0332978 -0.00809168 0.00349454 -0.0306028 0.0221997 -0.0129319 0.0117017 -0.0334062 0.00779618 0.0314981 0.0289385 0.0199779 -0.0148056 0.00198922 -0.0126426 -0.0350682 0.0160723 -0.00167071 -5.68105e-05 -0.00305147 0.0335268 0.00718492 -0.021388 0.0126408 -0.0058136 -0.00373364 -0.0132413 -0.00824019 -0.00486628 -0.000532715 0.00864195 -0.0198637 0.0268157 -0.00815093 -0.0119782 -0.0214973 -0.0322226 -0.0234711 0.00402756 0.00902717 -0.00640285 -0.0166432 0.0183426 -0.0023182 -0.00116286 -0.01605 0.00525046 -0.0177504 -0.0304842 -0.00918198 -0.016845 -0.00315364 0.00159497 -0.0286678 -0.0115801 -0.0271741
internal_weight=142142 89306 52836 73829 15477 29735 23101 44643 29186 13344 12303 14285 17432 10229 9208 20362 4431 1573 12234 2133 9779 9305 8224 2051 14873 8354 15476 14313 3115 940 30358 16349 2117 14009 7365 5715 2592 1650 726 3123 6644 1268 6651 2455 7583 2502 1193 924 7872 14232 12378 1980 7635 3393 1042 1142 5110 9098 5764 911 1635 3090
internal_count=124974 88193 36781 72908 15285 23926 12855 44366 28542 13327 8713 14234 15213 10215 8386 11479 2875 1230 12213 1958 9762 9296 6827 2021 14684 8305 8568 13858 3112 808 30132 16158 2111 13974 7352 5703 2589 1649 726 3114 6622 1265 6646 2451 7380 2197 1150 919 5838 14047 12201 1978 7156 3384 1041 1140 5107 9005 5626 909 1632 3088
cat_boundaries=0 1 2 3 4 5
cat_threshold=40 8 8 215 3970
is_linear=0
shrinkage=0.05


Tree=32
num_leaves=63
num_cat=14
split_feature=15 19 13 16 13 0 0 14 0 0 13 16 9 13 9 16 20 23 0 16 23 23 0 0 0 16 20 0 0 26 13 41 2 0 0 24 16 44 0 26 42 19 18 14 14 23 20 26 44 16 26 23 18 23 20 0 41 26 40 16 23 16
split_gain=12203.6 2585.46 1488.67 792.568 739.199 339.276 274.904 226.77 199.14 194.73 174.465 168.165 144.596 139.36 131.109 105.928 103.691 158.262 281.977 96.534 94.8067 88.9604 87.7218 86.401 77.1349 76.4326 73.9763 72.8636 71.6038 70.2296 65.8289 64.589 91.6734 59.6257 58.1314 55.3044 51.4076 50.003 48.0415 47.856 47.3741 46.0356 44.6 44.1457 43.6526 42.6128 41.2704 41.2382 40.6049 39.1556 43.4073 37.6423 36.6466 34.728 34.6621 37.0263 34.4858 34.4332 34.2397 34.1786 34.0955 33.1794
threshold=6.4375000000000009 2.7500000000000004 11.500000000000002 1.0000000180025095e-35 4.5000000000000009 0 1 20.500000000000004 2 3 2.5000000000000004 8.1742424242424256 1.5000000000000002 6.5000000000000009 1.5000000000000002 2.479166666666667 -2.9981021586516549e-16 0.87500000000000011 4 9.3416666666666686 0.37500000000000006 0.87500000000000011 5 6 7 3.5435606060606064 -0.40000000000000108 8 9 0.021578953345970403 8.5000000000000018 0.086956521739130196 0.17992617227144034 10 11 0.83911698163428283 26.479166666666668 27.550000000000004 12 0.014280261795293602 3.7357142857142862 1.7500000000000002 3.8750000000000004 2.5000000000000004 4.5000000000000009 0.62500000000000011 0.50000000000000233 0.062218101705695604 25.950000000000003 6.479166666666667 0.044189023398133111 0.62500000000000011 4.1250000000000009 0.62500000000000011 -0.10000000000000032 13 0.45756572334974271 0.046289567334706856 10.125000000000002 5.5871212121212128 1.0000000180025095e-35 2.077380952380953
decision_type=2 2 2 8 2 1 1 2 1 1 2 10 2 2 2 10 2 2 1 10 2 2 1 1 1 10 2 1 1 2 2 2 2 1 1 2 8 2 1 2 2 2 2 2 2 2 2 2 2 10 2 2 2 2 2 1 2 2 2 10 2 10
left_child=1 3 5 24 6 12 14 9 21 44 15 26 19 23 59 43 17 25 31 30 46 29 57 52 39 -12 -7 -18 -13 -5 -2 32 -19 42 -28 -16 -9 45 -24 -1 -37 -31 -17 51 58 -11 -10 -40 -41 50 -36 56 -6 -46 55 -30 -8 -15 -4 -3 -42 -22
right_child=2 4 7 8 13 11 10 36 20 37 16 28 -14 22 35 33 27 18 -20 -21 61 -23 38 -25 -26 -27 34 -29 54 41 -32 -33 -34 -35 49 40 -38 -39 47 48 60 -43 -44 -45 53 -47 -48 -49 -50 -51 -52 -53 -54 -55 -56 -57 -58 -59 -60 -61 -62 -63
leaf_value=-0.010262829389650664 0.0041482266729430343 -0.001453687229866091 0.00303626290375848 -0.0069314614407950392 -0.0034604199471654608 0.00043359124592263766 -0.0085024325944506648 0.01632021808988977 -0.0073778033326228343 0.0048347872951338472 -0.0037795595207017144 0.0026334409968246987 0.013246005735654865 0.0036191322388424044 -0.020731855397893628 -0.0030501322297002975 -0.0017617448949203418 0.00022139127464523292 -0.00063054523813487753 0.0083545475786085625 -0.0080662563199334625 -0.0071830672608196094 -0.0070532316706108491 0.00041028446611722784 -0.0047020159993716231 -0.00078766342079145688 0.00385723013009327 -0.00021488908811588827 0.0026937055367496025 -0.0094225096430336167 0.0065974504598688144 -0.0024767874119194845 -0.00076869566073983764 -0.0059590377886532993 -0.0017399653246846114 0.011436842867654824 0.052438952093471158 0.0082617365740118021 0.0016229648537116283 0.0033095269380108375 0.0088132424830547514 -0.0064242841234364752 0.0014283380908388156 -0.0094230747704991957 0.010084289951156662 0.0064123230874395315 -0.0079626655115027766 0.005154161917999423 0.011337375826952656 0.0029680076423441062 0.0028936768879579411 -0.010208973343017924 -0.00018667771754117269 0.010189268679472896 0.0048652739169934289 0.0058376236941277476 -0.010626858946613405 0.0071668554692331972 0.011557875666233886 0.0065357039528081808 0.002739008504044016 -0.0064012527765513923
leaf_weight=218 3542 2561 419 2077 1790 3216 545 3045 1837 2659 3042 2049 2292 1164 46 2003 4713 210 1351 1575 4183 1545 244 12303 930 5991 3903 11410 1865 757 2666 1151 233 5186 981 235 1785 2034 3836 687 324 1560 775 2983 5613 1996 338 1138 298 2147 1183 1143 4256 4836 3042 2404 1353 981 282 106 2058 1047
leaf_count=213 3095 2545 305 2075 1773 3017 545 1550 1835 1636 3037 1717 1384 1078 46 1990 4692 210 1351 963 4182 1544 240 12093 907 5963 3493 11356 1482 754 1953 1144 231 5173 947 205 893 1174 3633 621 291 1554 758 2975 3090 1163 337 1024 217 1969 1084 1142 4234 2600 2323 1726 1352 851 152 102 1939 1046
internal_value=0.00392559 -0.00746194 0.0227738 -0.0260269 -0.00353258 0.0156271 -0.00723418 0.0325031 -0.0305504 0.029896 -0.00858777 0.0119559 0.0231653 0.00329386 0.00346283 -0.0131528 -0.00631788 -0.00984181 -0.0199067 0.0199313 -0.0360767 -0.0235538 0.00910443 0.00096158 0.00227038 -0.006558 0.00789039 -0.00369914 0.0169314 -0.0199534 0.0171195 -0.00547975 0.0106869 -0.00936535 0.0104072 0.0113157 0.0421227 0.0229918 0.00556416 0.0105807 0.0122785 -0.0139538 -0.00340445 -0.0181568 0.033984 0.0201557 -0.0273185 0.00663892 0.01536 0.00635007 0.00161432 -0.0224014 -0.00392851 0.0348273 0.0192495 0.0163571 -0.0180595 0.0175997 0.021859 -0.00436469 0.0101532 -0.0397811
internal_weight=142142 88608 53534 15477 73131 30865 47419 22669 13344 17839 42089 20790 10075 25712 5330 13988 28101 11978 2945 7783 7405 5939 7363 18349 2133 9033 11430 16123 9360 4394 6208 1594 443 7964 8214 2663 4830 6689 5218 1203 2617 2317 2778 6024 11150 4655 2175 4974 985 4311 2164 3041 6046 10449 7311 4269 1898 2145 701 2667 2382 5230
internal_count=124974 87258 37716 15285 71973 25153 47047 12563 13327 10120 41919 17758 7395 24926 5128 13935 27984 11936 2936 6011 7400 5927 6826 18100 1958 9000 10510 16048 7248 4383 5048 1585 441 7921 7493 2481 2443 3973 4897 1051 2435 2308 2748 6014 6147 2799 2172 4657 838 4000 2031 3039 6007 5690 5531 3208 1897 1929 457 2647 2230 5228
cat_boundaries=0 2 3 4 6 8 10 12 14 16 18 20 22 24 26
cat_threshold=42302472 65536 33644544 822050577 3002464792 50881 3506182071 73733 10576406 165942 218800578 487440 16090676 147715 30310466 266240 150994947 279580 290888196 221312 1685062230 156278 16777472 512 4027056256 45283
is_linear=0
shrinkage=0.05


Tree=33
num_leaves=63
num_cat=14
split_feature=15 19 13 16 15 20 0 14 0 0 0 22 0 16 0 15 13 18 20 20 19 0 0 22 37 20 0 16 32 0 41 0 16 0 22 20 26 20 42 13 42 0 16 41 29 22 0 39 26 16 20 16 32 26 20 13 16 26 22 15 24 43
split_gain=11474.8 2693.58 1283.41 818.862 747.718 309.974 302.12 249.943 228.989 199.818 179.825 294.574 145.242 143.663 129.358 113.651 101.65 85.7193 74.8881 74.263 73.8602 72.6768 70.1466 68.9333 64.4362 63.3417 73.9182 59.83 58.5657 53.9346 52.47 51.9312 50.3395 49.6276 49.1896 49.23 49.1864 48.6717 46.4255 46.3595 45.1064 43.7587 58.4538 90.4109 89.2568 77.1306 43.3396 64.1313 43.2926 41.4864 39.9984 39.2492 38.9763 38.4467 38.4056 37.5464 37.2106 37.1482 35.4326 34.2672 34.2275 34.1592
threshold=6.5625000000000009 2.7500000000000004 11.500000000000002 1.0000000180025095e-35 4.5625000000000009 -3.1752575534183362e-16 0 25.500000000000004 1 2 3 0.041491596638655405 4 8.3416666666666686 5 9.4375000000000018 3.5000000000000004 3.6250000000000004 -0.40000000000000108 0.49999999999999989 1.7500000000000002 6 7 0.025104166666666653 2.5000000000000004 -0.30000000000000021 8 2.4226190476190479 3.0525803304411752 9 0.14184105300093919 10 2.077380952380953 11 0.083333333333333273 0.3999999999999998 0.045742507782549756 -1.0624364534156791e-17 4.2928571428571436 6.5000000000000009 4.3357142857142863 12 3.0208333333333335 0.16495721976846445 4.3484057455078053 0.049999999999999954 13 0.86607142857142871 0.015904188795997903 2.3416666666666672 1.3000000000000027 6.0773809523809534 3.0525803304411752 0.022812590712915252 -0.29999999999999999 18.500000000000004 4.3416666666666677 0.058144204428977157 0.16071428571428567 19.062500000000004 5.4498170235836279 2.6500000000000008
decision_type=2 2 2 8 2 2 1 2 1 1 1 2 1 10 1 2 2 2 2 2 2 1 1 2 2 2 1 10 2 1 2 1 10 1 2 2 2 2 2 2 2 1 8 2 2 2 1 2 2 8 2 10 2 2 2 2 8 2 2 2 2 2
left_child=1 3 6 21 5 10 15 8 55 20 17 22 28 18 39 36 41 31 -8 32 -5 48 30 -10 56 26 -15 -13 -6 51 -12 -3 -11 -26 35 -22 38 -14 -2 -7 -17 42 43 44 -16 -44 59 -48 -1 -33 -30 -20 -23 -36 -29 61 58 60 -18 -25 -39 -4
right_child=2 4 7 9 12 14 13 -9 23 19 11 27 37 25 16 40 24 -19 29 -21 34 52 -24 46 33 -27 -28 54 50 -31 -32 49 -34 -35 53 -37 -38 57 -40 -41 -42 -43 45 -45 -46 -47 47 -49 -50 -51 -52 -53 -54 -55 -56 -57 -58 -59 -60 -61 -62 -63
leaf_value=-0.0090943086991546185 0.0099962447966361282 0.00052901656346937 0.010812802370218378 -0.021313924056799018 0.00067886607162620516 -0.0034024674875820782 0.00038545955948162682 0.032628419684262687 0.0072310578918344474 -0.021885549921537385 1.4927713751339278e-05 -0.0093282968555554509 -0.00024963672128570648 0.0055844894629716261 0.00023942503023821615 0.016008358199103078 0.00020114012668182024 4.7332702674807162e-05 -0.00021100105377711565 -0.0067533630110002581 -0.0061659035432531824 -0.012276429140157709 -0.0038995069660880234 0.0065963119044683662 -0.0072302240564870342 0.0043638406211992109 0.0017032193462914959 -0.0033748511723409092 0.0026110515893926658 0.0036891626887747167 -0.0084355867585424581 -0.0092383791618622767 -0.0060969725543382203 0.0097349390609401346 -0.005792121837076003 -0.0064556101634721808 0.0072919225968030021 -0.00021852241212427792 0.0032002594798770326 0.0016335502513737388 0.0074321528672688826 -0.0011441047002831439 -0.00048155454489796635 -0.00017846065709798965 -0.00031463579512247541 -0.00019082274450833437 0.0084740419772422974 0.0047080725016236729 0.0058069812060668859 -0.0031428526919876076 0.0084941724270878542 0.0027862757315775923 -3.4725410096003716e-05 -0.0060964708416158314 -0.0008667070322203041 0.017544878697987765 0.00063053145923116507 0.0026569752385976701 -0.0027770988022250143 0.012361226878560522 0.0012225069586669747 0.0088400512061776459
leaf_weight=211 375 837 2240 2058 3466 7131 3001 2762 2822 5274 245 2270 6838 2187 402 790 5658 3318 1274 793 1356 331 1699 3092 124 3876 2546 4425 6133 3965 773 1880 1338 853 949 451 3522 3406 2118 588 2946 6352 320 1848 64 800 786 3383 1004 3372 1011 2252 587 1125 2444 2103 2622 1671 2911 519 1715 4930
leaf_count=205 257 829 1192 2054 3351 7101 2785 1390 1557 5273 245 2268 6774 1564 402 425 5580 3285 1188 791 1354 330 1698 1814 121 2972 2063 4413 5829 3534 772 1879 1336 696 948 450 2752 3352 1848 543 1802 6332 320 1828 64 791 469 2039 862 3358 864 2048 561 1121 2444 1081 2589 1614 2890 260 1681 2736
internal_value=0.00377082 -0.00693566 0.0226208 -0.02593 -0.00302479 -0.00646475 0.0156273 0.031533 0.0295706 -0.0305279 -0.0110725 -0.0151677 0.00420342 0.0119477 -0.00316253 0.0227971 -0.00120168 -0.00588713 0.00802392 -0.0360632 -0.0235202 0.00283271 -0.0296339 0.0244413 0.00184855 0.0167416 0.0128528 -0.0108802 0.00858629 0.0106974 -0.0185569 -0.00941626 -0.0378489 0.0141564 -0.0194861 -0.0255227 0.018558 0.000784033 0.0131696 -0.0087251 0.0296749 -0.00499591 -0.000433962 0.00410151 0.023758 -0.00980821 0.0220274 0.0183361 0.0108034 -0.0112474 0.0111819 0.00613373 -0.00774489 -0.0142145 -0.00855095 0.0353668 0.000772427 0.00378257 -0.000822054 0.0261582 0.00166829 0.0336627
internal_weight=142142 90653 51489 15477 75176 50936 28852 22637 19875 13344 21263 11856 24240 19101 29673 9751 21954 9407 10492 7405 5939 2133 2717 10602 12168 8609 4733 9139 10610 7491 1018 6089 6612 977 3881 1807 6015 13630 2493 7719 3736 9786 3434 2314 466 1120 7780 4169 1215 5252 7144 3526 918 2074 6869 9273 11191 6792 8569 3611 5121 7170
internal_count=124974 89198 35776 15285 73913 50448 23238 12538 11148 13327 21191 11840 23465 16154 29257 7084 21613 9351 9555 7400 5927 1958 2715 6139 11876 6599 3627 9125 10044 6770 1017 6066 6609 817 3873 1804 4857 13421 2105 7644 2227 9737 3405 2294 466 1111 4582 2508 1067 5237 6693 3236 891 2069 6857 5009 11059 6647 8470 2074 5033 3928
cat_boundaries=0 2 4 5 7 9 11 13 15 17 19 20 22 24 26
cat_threshold=42302488 65536 2733734424 49664 822050577 2456648453 73729 1186037372 2 1091469386 267264 11814580 147715 76546298 4 1165132580 11008 2433384834 269443 33570816 768 66048 2852143360 41967 1342473344 146477
is_linear=0
shrinkage=0.05


Tree=34
num_leaves=63
num_cat=19
split_feature=15 19 13 16 13 0 18 0 0 0 13 16 0 47 9 0 26 21 0 0 24 20 25 24 0 19 25 26 9 0 13 19 28 20 0 47 0 47 26 25 16 0 16 13 0 24 25 26 20 19 0 0 0 0 44 26 0 17 26 20 28 26
split_gain=10398.7 2814.29 1232.25 773.056 674.064 277.329 253.814 242.597 235.867 219.686 202.486 181.933 117.03 111.565 100.895 99.7713 96.0459 84.4489 105.069 83.5025 78.4991 77.9232 74.3075 69.8937 69.0138 66.3349 61.2854 81.946 60.5594 59.6962 59.5572 62.4843 58.645 58.5838 58.3714 55.5086 67.5987 52.6989 52.5291 68.366 52.4955 51.5005 49.2147 48.4266 48.0603 46.7102 46.1132 43.9981 42.6985 42.5998 55.7303 53.4076 42.1417 41.5754 40.7465 40.5661 40.4894 40.4833 40.1356 39.471 44.3917 39.1311
threshold=6.5625000000000009 2.7500000000000004 11.500000000000002 1.0000000180025095e-35 3.5000000000000004 0 27.250000000000004 1 2 3 6.5000000000000009 8.7613636363636385 4 -1.7433747071660546 1.5000000000000002 5 0.032495350426806908 20.500000000000004 6 7 5.2738440027963653 0.49999999999999989 6.1439125745712087 4.2473958333333348 8 10.750000000000002 1.6761543611374872 0.023307777408508052 1.5000000000000002 9 2.5000000000000004 3.7500000000000004 143.50000000000003 -0.39999999999999991 10 3.7646499238202167 11 -3.5546966268966185 0.027987654526915304 4.083123661140788 3.7613636363636371 12 2.0208333333333335 14.500000000000002 13 5.4498170235836279 5.5574056331669164 0.06005594311618976 -0.69999999999999785 4.2500000000000009 14 15 16 17 33.800000000000004 0.059059443797563609 18 0.95742710775633866 0.031095642796586605 0.80000000000000104 55.000000000000007 0.069062758701249852
decision_type=2 2 2 8 2 1 2 1 1 1 2 8 1 2 2 1 2 8 1 1 2 2 2 2 1 2 2 2 2 1 2 2 2 2 1 2 1 2 2 2 10 1 10 2 1 2 2 2 2 2 1 1 1 1 2 2 1 2 2 2 2 2
left_child=1 3 5 22 8 13 7 43 14 26 12 17 40 -2 -3 -12 20 24 -19 33 30 42 29 -18 59 -15 -5 54 48 -1 56 41 -26 -13 -25 36 -14 -16 46 61 -6 -32 -11 -4 -22 55 52 -17 -9 50 -41 -51 -38 -33 -28 -20 -10 -29 -47 60 -7 -40
right_child=2 4 6 9 10 11 -8 28 16 21 15 19 35 25 37 47 23 18 45 -21 44 -23 -24 34 32 -27 27 57 -30 -31 31 53 -34 -35 -36 -37 38 -39 39 49 -42 -43 -44 -45 -46 58 -48 -49 -50 51 -52 -53 -54 -55 -56 -57 -58 -59 -60 -61 -62 -63
leaf_value=-0.012209559782114155 0.014092158485846995 -0.0024488832334866651 0.007733484863509177 -0.01966236308013335 -0.00320229638616828 -0.0053596627409554015 0.041007205398089996 0.0039509596967491232 -0.01061254962917918 -0.020703693660707786 0.0050655159630007057 0.0017841499709481902 -0.0032880020616134378 0.0039405070654000007 0.010791169156517606 0.00070214049388703801 -0.0022013100639244275 -0.0010255809763456193 -0.00022523840367749681 0.0054061760942844712 0.00038932047999443723 -0.0064105073370592514 0.014057481822095486 0.00051535916138246713 0.00097018682698555301 0.0076862548952310707 -0.0061328296552985778 -0.0062323099172412856 0.0048546775953960458 0.00074083285412410724 -0.0013870951071620953 -0.0053535815213736626 0.0057989595597224943 0.0039975192517993641 -0.0015153559193826329 0.0026689887168259265 -0.0062060935392733441 0.0027782060748516636 -8.7296082482035696e-06 0.00014508623418408862 -8.7542207766910796e-05 0.00011079620285999737 -0.005837727149287486 0.012596464561472365 -0.0035041745910869338 0.00073825395286195592 0.00041615331394954106 0.0042111429996389066 0.0069609073237252078 4.6027251383362614e-06 0.00019469174504226362 0.0024655005765837901 -0.00028475279586849257 -0.0042239540088561513 -0.0060360689334563906 0.0024216693665089608 -0.0088556999448123012 0.0037865106788603944 0.0038432267990891611 0.010173403472268396 0.0060844848554855724 0.00068501670730908293
leaf_weight=340 1417 1452 4936 632 4319 135 2168 984 1230 5475 2913 1934 625 1201 233 4030 10845 1895 1506 5431 1247 819 271 2100 1976 1762 2538 2010 2863 1522 1391 662 1054 1771 2596 852 1373 2218 10016 327 5165 1365 1392 6408 1997 597 1623 1475 5278 2028 496 2432 2150 1527 199 2214 4245 279 2197 625 3137 2244
leaf_count=339 805 1438 2775 632 4291 123 1088 536 1230 5474 2630 1551 622 1019 204 3840 10808 1797 1442 3742 1242 815 181 2070 1749 1109 2536 2005 1773 1438 1390 662 861 1391 2580 791 1368 2087 9940 317 5145 1364 1390 3342 1992 579 1601 1340 3024 2017 496 2354 2136 1524 199 2040 4239 276 1998 450 2582 2195
internal_value=0.00388408 -0.006308 0.0218284 -0.0257233 -0.00231048 0.0149757 0.0305612 0.0288346 -0.00764732 -0.0301907 0.00188963 0.0128822 0.000154379 0.026576 0.00389499 0.00882468 -0.00918829 0.00955826 0.00618847 0.0184738 -0.0122499 -0.0357405 0.00222352 -0.00650142 0.0136468 0.0211016 -0.0225428 -0.0207271 0.0226516 -0.00133924 -0.0143647 -0.0103811 0.0078905 0.0125525 -0.00140409 0.0020017 0.00154386 0.0100918 0.00199317 0.00329714 -0.00454924 -0.00536634 -0.0375284 0.0337556 -0.005453 0.00919464 -0.00244706 0.00483049 0.0254343 0.00805167 0.0185012 0.00611858 -0.00565976 -0.0166872 -0.0265687 0.0055348 -0.0179593 -0.0137314 0.0140948 0.0180514 0.015886 0.00124745
internal_weight=142142 90653 51489 15477 75176 28852 22637 20469 33108 13344 42068 24472 33650 4380 3903 8418 29205 15336 8409 9136 13664 7686 2133 15541 6927 2963 5658 5026 9125 1862 10420 4945 3030 3705 4696 24166 23314 2451 22689 17543 9484 2756 6867 11344 3244 6514 5146 5505 6262 5283 823 4460 3523 2189 2737 3720 5475 2289 2794 3897 3272 12260
internal_count=124974 89198 35776 15285 73913 23238 12538 11450 32830 13327 41083 20305 33273 2933 3729 7810 29101 13621 7856 6684 13643 7679 1958 15458 5765 2128 5648 5016 5333 1777 10409 4940 2610 2942 4650 23837 23046 2291 22424 17319 9436 2754 6864 6117 3234 6059 5105 5180 3560 5184 813 4371 3504 2186 2735 3482 5469 2281 2577 3155 2705 12135
cat_boundaries=0 1 3 4 5 7 9 11 13 14 16 18 19 21 23 25 27 29 31 33
cat_threshold=33636360 3002432024 49665 33636352 821526289 151945667 276480 2159108694 133174 24379394 263168 3103793223 292414 7607296 4355 198336 2359434020 239725 2097152 1371977492 348560 1509342480 131105 47205912 33794 1347420184 214996 1611664436 180814 3825238222 291822 67110046 168014
is_linear=0
shrinkage=0.05


Tree=35
num_leaves=63
num_cat=22
split_feature=19 19 13 16 18 0 16 0 13 20 0 16 47 19 0 0 22 14 13 0 0 26 40 0 0 13 22 0 22 0 0 0 20 0 13 0 25 0 26 25 0 0 20 26 39 47 22 30 13 25 0 1 25 22 24 24 16 29 39 0 0 38
split_gain=9630.91 2741.26 1194.86 726.576 680.78 309.663 254.221 234.082 231.906 225.349 180.81 131.996 130.747 124.282 151.509 134.168 120.962 105.331 103.928 93.333 92.0783 80.4731 75.634 71.4512 70.2237 66.4862 65.3188 63.0393 61.8672 62.2939 59.9677 57.4993 57.1091 53.3069 52.8069 51.7924 51.2713 48.3363 47.6605 52.1998 72.1722 45.6158 45.1606 44.396 44.2205 44.0648 44.3695 43.9204 41.611 40.9188 40.1375 39.2837 39.1564 38.9022 38.2854 37.3389 37.2993 37.2753 37.1832 37.1233 37.0598 36.5737
threshold=8.7500000000000018 2.7500000000000004 12.500000000000002 1.0000000180025095e-35 3.8750000000000004 0 29.812500000000004 1 9.5000000000000018 -0.29999999999999999 2 6.0208333333333348 -2.3293536746722254 4.2500000000000009 3 4 0.17857142857142858 11.500000000000002 4.5000000000000009 5 6 0.051277965541980962 1.0000000180025095e-35 7 8 7.5000000000000009 0.083333333333333273 9 0.025104166666666653 10 11 12 -0.29999999999999971 13 5.5000000000000009 14 3.7503179629276109 15 0.018381298574665101 2.5977498971233461 16 17 0.29999999999999971 0.022187582194445051 0.77500000000000013 3.7646499238202167 0.062554347826086973 4.3834862224018609 2.5000000000000004 3.9054781051154435 18 19 6.1439125745712087 0.19999999999999998 3.9418194001738631 1.644594226579521 2.077380952380953 4.2660006009615392 0.81666666666666676 20 21 11.500000000000002
decision_type=2 2 2 8 2 1 8 1 2 2 1 8 2 2 1 1 2 2 2 1 1 2 2 1 1 2 2 1 2 1 1 1 2 1 2 1 2 1 2 2 1 1 2 2 2 2 2 2 2 2 1 1 2 2 2 2 10 2 2 1 1 2
left_child=1 3 5 23 9 12 10 26 17 16 45 13 -2 14 -6 27 19 25 41 -3 48 36 59 52 -10 33 44 -15 -12 -30 -18 -19 -16 -7 55 -13 -14 -27 -22 40 -40 -17 -41 -28 57 46 -4 -31 60 -45 -20 -25 61 -43 -23 -29 -24 -5 -52 -9 -11 -1
right_child=2 4 6 7 11 8 -8 22 24 20 28 35 21 15 32 18 30 31 50 -21 38 54 56 51 -26 37 43 34 29 47 -32 -33 -34 -35 -36 -37 -38 -39 39 42 -42 53 -44 49 -46 -47 -48 -49 -50 -51 58 -53 -54 -55 -56 -57 -58 -59 -60 -61 -62 -63
leaf_value=0.0025404283848696474 0.014525069830913812 -0.006425761088664184 0.011222089462779711 -0.0070945561184660227 -0.00034889211933661904 0.0035936695797233135 0.037200630033996367 -0.0016752277016772177 0.0036686837672006423 0.0010695409393189248 0.0070317646322492827 0.0035187225011093395 -0.00012091894856549602 0.0055399252670834459 0.0028881017024668279 -0.00077240533266700331 -0.0069126092489705361 0.0076620148599795268 -0.004835608829615601 -0.0089431151013603157 -0.0076024515037729501 0.00610869927638873 -0.0064066678372942448 -0.0006394851492529497 0.0050505635901831776 0.0038873069812623176 -0.00535915926630185 -0.0024079623201666402 0.0005019890927934423 0.0048353013409852767 -0.0018981236982888118 0.0023770610297538354 0.00015596260909594983 -3.0710387034194043e-05 0.002275664877626149 0.0010562352059235059 0.0053756616362976078 0.0018871011005246797 -0.00049360805954915541 -0.00160487789542636 -0.0073537258103896219 -0.0027293066693870995 -0.0003136572849979036 -0.0058451913160699588 -0.0062558761760917458 0.01621333541609072 0.010081424173498188 0.006721344791228212 7.7709710299067594e-05 0.0058998060714118067 -0.0025104160780561103 -0.023733064079038069 0.014776960731939282 -0.0010135944883985671 0.0080478449923353963 0.00031842150464991283 -0.0055558718854775927 -0.0055498770662180345 0.00018218679307980824 -0.010657766197084263 -0.0077464715833302951 -0.03111145252335908
leaf_weight=987 1515 2274 4699 1576 1162 2635 2124 218 2677 762 2216 2373 522 883 427 3635 1815 1344 478 2219 2445 1130 4517 734 7885 3440 1512 567 557 1388 3014 604 1788 4255 2647 6128 2053 3109 1425 4322 1826 2146 5853 1585 1689 741 4091 3768 7552 263 1372 150 211 1107 2046 3739 1205 454 10104 325 1803 51
leaf_count=917 876 2267 2495 1573 1157 2410 1070 217 2076 746 1198 2249 461 749 424 3622 1812 910 477 2217 2426 831 4517 710 5412 2924 1511 564 338 853 3003 474 1787 4025 2542 5986 1550 2841 1409 4320 1825 2144 5784 1582 1688 377 2225 2096 7473 260 1355 150 131 1106 1304 3672 1203 451 10026 325 1801 50
internal_value=0.00370539 -0.00629975 0.0206353 -0.0254325 -0.00229054 0.0148587 0.0304312 -0.0297636 0.012286 -0.00730636 0.0284402 0.00230295 0.0239927 0.000746773 0.00978242 -0.000397129 -0.0139757 0.00837308 -0.00268366 -0.019881 -0.00491342 0.0205746 -0.0368619 0.0016612 0.0179963 0.0067965 -0.0233914 0.00509685 0.0227261 0.0199939 -0.00847723 0.0192381 0.0174057 0.00336598 0.00348148 0.00780346 0.0139926 0.0104038 -0.00728781 -0.00612162 -0.0116375 -0.00757657 -0.0043578 -0.0183561 -0.027996 0.0331319 0.0321687 0.0216944 -0.0011794 -0.0131395 0.000133417 -0.00915642 0.00932143 -0.0118704 0.0259034 6.84932e-05 -0.0386152 -0.0229911 0.000730826 -0.0190165 -0.00668161 0.00538499
internal_weight=142142 89343 52799 15477 73866 33215 19584 13344 25949 35310 17460 38556 7266 30055 3377 26678 9322 15387 18842 4493 25988 5751 6265 2133 10562 13439 7079 7836 7929 5713 4829 1948 2215 6890 6953 8501 2575 6549 15871 13426 3251 6888 10175 3360 3719 9531 8790 5156 10117 1848 11954 884 1249 3253 3176 4306 5722 2030 11476 543 2565 1038
internal_count=124974 88228 36746 15285 72943 26094 10652 13327 21072 35083 9582 37860 5022 29625 3368 26257 9299 13584 18730 4484 25784 4146 6262 1958 7488 12200 7065 7527 4485 3287 4815 1384 2211 6435 6778 8235 2011 5765 15764 13338 3234 6872 10104 3353 3712 5097 4720 2949 10020 1842 11858 860 1098 3250 2135 4236 5720 2024 11381 542 2547 967
cat_boundaries=0 2 3 5 7 8 10 12 14 16 17 19 21 23 25 27 29 31 33 35 36 38 40
cat_threshold=42033168 65536 1912602395 854941336 164360 48471835 262146 44125756 569338717 4097 2921427969 76789 16156220 131347 151158976 393752 16384 16777474 65792 3825476826 400079 141958029 4096 1967554572 30849 1118638860 518 3228832684 166677 282067082 447496 2170425664 49825 16777216 262144 3102 100663296 366630 33570817 128
is_linear=0
shrinkage=0.05


Tree=36
num_leaves=63
num_cat=22
split_feature=18 13 13 18 23 13 0 0 13 0 16 0 9 22 16 0 14 20 18 0 17 29 22 16 21 22 0 16 18 13 20 0 0 25 0 44 0 0 47 22 22 0 41 0 20 16 29 24 0 14 29 47 0 0 28 25 0 50 0 0 0 1
split_gain=8870.14 2215.51 1223.64 859.259 666.64 335.625 283.208 275.405 264.057 236.753 196.843 174.773 120.907 115.558 109.695 105.926 101.316 96.4813 114.509 98.6382 90.6878 85.5621 82.7931 79.4157 75.0834 74.0203 73.4219 65.6525 65.4202 64.7511 63.3032 61.6974 55.6818 53.7378 51.8404 54.2952 47.9358 47.661 47.3572 46.4265 45.3403 62.2268 44.3977 220.631 101.052 209.834 111.972 52.0797 50.8593 44.3467 44.2829 40.4546 42.8625 40.4496 39.5786 38.8773 46.5264 46.926 38.5096 38.4116 38.2656 38.2415
threshold=6.1250000000000009 2.5000000000000004 10.500000000000002 2.1250000000000004 0.37500000000000006 23.500000000000004 0 1 5.5000000000000009 2 1.0000000180025095e-35 3 1.5000000000000002 0.025104166666666653 7.5871212121212128 4 1.5000000000000002 -0.20000000000000004 3.3750000000000004 5 5.0621125098440309 2.7352273103402625 0.23333333333333336 9.6742424242424256 26.500000000000004 0.041491596638655405 6 2.2613636363636371 28.125000000000004 13.500000000000002 -0.10000000000000055 7 8 5.5574056331669164 9 26.050000000000004 10 11 -4.4143483621346364 0.010990338164251202 0.083333333333333273 12 0.057142857142857099 13 -3.1752575534183362e-16 3.0208333333333335 4.3780754357226419 5.4498170235836279 14 1.5000000000000002 4.5637962691458887 -2.6794649873701935 15 16 142.00000000000003 1.7812887021222121 17 5.2000000000000011 18 19 20 21
decision_type=2 2 2 2 2 2 1 1 2 1 8 1 2 2 8 1 2 2 2 1 2 2 2 10 8 2 1 10 2 2 2 1 1 2 1 2 1 1 2 2 2 1 2 1 2 8 2 2 1 2 2 2 1 1 2 2 1 2 1 1 1 1
left_child=1 3 6 4 10 9 12 25 17 29 31 50 23 -11 30 53 21 18 -3 51 -17 -12 26 38 -16 55 -20 -9 -7 -4 -8 -1 -18 58 35 -15 -24 -32 -2 -28 41 -13 43 -21 -45 46 -46 -44 -49 -27 -5 -19 -53 -10 -40 56 57 -6 -26 -23 -47 -33
right_child=2 8 5 11 7 28 14 27 15 13 16 40 -14 34 24 20 32 19 22 42 -22 59 36 -25 33 49 39 -29 -30 -31 37 61 -34 -35 -36 -37 -38 -39 54 -41 -42 -43 47 44 45 60 -48 48 -50 -51 -52 52 -54 -55 -56 -57 -58 -59 -60 -61 -62 -63
leaf_value=0.0032850675047468082 -0.00092390974343332661 -0.0037303257173032624 0.0067843400179406601 -0.00025117554385180042 -0.007678733898437518 0.01533980736916294 4.509716460967539e-05 -0.0085009579322641981 -0.0058970264757514327 0.005300525015507979 -0.0075751087807856892 -0.0051357708423155459 0.010717492973195443 0.0034066112672218596 0.0067943414724931156 0.0023228443146094957 0.0013927490218541673 -0.0071528809394850517 -0.00031812309765937301 -0.00069882811349231133 0.018119302621219569 -0.0017489412906867175 0.0046620675360450337 0.0075728311866004819 0.00070477637939503346 -0.0088218849195374534 -0.0038976458507780868 -0.0072567607265304652 0.041798736719609812 0.010465306221506376 0.0032549403514209431 -0.00066808627696511862 -0.0055699434273024651 0.0039706911071802466 0.0060701284445297881 0.0059346896843872404 -0.00088152635732814959 0.0015206573285273973 0.0036179460162440117 -0.001827102747706877 -0.0035525731320092736 -0.012032526283280377 -0.00021348622580757428 0.0001377245841417074 0.00033739297365936727 2.9302464742031464e-05 -0.00022881732813061497 -0.00042267466069784713 0.0011900630488610676 -0.0051775421748219315 0.0037016720881494882 -0.0054797853876589536 -0.00063143666211448182 0.00043871452829473694 0.0070284278875329788 -0.0065515387175486273 -0.018405699748109097 0.0016558835092414514 0.002567061456208353 -0.0059235431873721663 -0.00026716741968553227 -0.022546410875086166
leaf_weight=1264 399 1455 3718 2466 86 1875 4137 4974 430 3989 2378 619 2325 3872 1911 7712 836 431 3574 963 506 695 988 912 1866 1443 852 1163 1880 4622 2725 700 1647 2176 5280 1286 1061 3187 2990 2974 5225 516 17951 888 608 237 69 1501 2126 1823 1582 987 4063 5576 1817 2857 451 27 3640 1129 552 150
leaf_count=1112 371 1452 2167 2431 86 958 3934 4973 428 2259 2376 617 1427 2490 1353 7376 825 429 3540 959 336 685 958 560 1673 1440 849 1162 943 2413 2501 678 1644 1784 3065 772 1052 2989 2557 2961 5211 515 17794 888 608 237 69 1495 2091 1821 1486 981 4031 5381 1420 2852 451 27 3202 1127 552 150
internal_value=0.00353584 -0.00632934 0.0193496 -0.0168002 -0.0224817 0.0270518 0.0120752 -0.029754 -0.000286371 0.0247648 -0.0118801 -0.0049952 0.0197356 0.0208232 0.00876685 0.0055884 -0.0160851 -0.00231087 -0.00634525 -0.00086233 0.00927148 -0.0208173 -0.0043328 0.0160639 0.0125959 -0.0225956 -0.0067957 -0.0374504 0.0409065 0.0315166 0.00511891 0.00141608 -0.00806965 0.0103859 0.0180664 0.0143732 0.00455854 0.00843819 0.0136729 -0.0115963 -0.0101546 -0.0192298 0.000475588 0.00586046 0.0140782 0.00606339 0.0264676 -0.000351963 0.00511163 -0.0172314 0.00312762 -0.00692735 -0.00568105 0.000530996 0.0150468 -0.0277747 -0.0398142 -0.00762097 0.00775286 -0.0126548 -0.0114494 -0.00893728
internal_weight=142142 87535 54607 32031 21623 26522 28085 12824 55504 22767 8799 10408 8443 14427 19642 14224 6685 41280 10904 30376 8218 4202 9449 6118 9593 6687 7400 6137 3755 8340 10049 2114 2483 7682 10438 5158 2049 5912 5206 3826 6360 1135 24895 3317 2354 1466 677 21578 3627 3266 4048 5481 5050 6006 4807 3421 564 113 5506 1824 789 850
internal_count=124974 86136 38838 31669 21409 15067 23771 12812 54467 13166 8597 10260 6335 8586 17436 13521 6657 40946 10812 30134 7712 4188 9360 4908 8012 6677 7350 6135 1901 4580 9424 1940 2469 6659 6327 3262 2010 5490 4348 3810 6343 1132 24693 3313 2354 1466 677 21380 3586 3261 3917 5441 5012 5809 3977 3416 564 113 4875 1812 789 828
cat_boundaries=0 2 3 5 7 9 11 13 15 17 19 21 23 25 27 29 30 31 32 34 36 38 39
cat_threshold=42291224 65536 318209823 313621016 32768 326486528 65536 189694368 422848 21921792 262144 1473540948 41281 16090684 131347 3268068889 16640 151683427 332656 333669121 246398 1819281508 4918 144663 30720 11624221 2050 405811403 64540 16809984 16777472 332800 611319939 279684 32129304 466176 603979968 136320 3102
is_linear=0
shrinkage=0.05


Tree=37
num_leaves=63
num_cat=21
split_feature=19 19 14 16 15 0 14 16 20 0 0 0 26 25 0 23 0 20 23 23 25 20 0 20 26 24 0 21 0 25 0 0 0 26 25 29 0 0 24 26 0 19 0 0 15 23 25 26 25 15 0 24 26 25 0 15 0 0 15 20 26 25
split_gain=8416.09 2677.13 1020.84 677.189 492.877 276.599 271.78 246.215 223.38 191.674 158.11 144.617 130.59 102.062 115.397 96.4482 96.4295 93.3072 92.0734 91.3516 84.4458 80.8465 77.5042 76.9582 74.0359 81.7533 73.2714 68.6852 67.8066 65.4853 79.0765 64.01 63.3979 63.1499 79.3018 59.7534 57.9883 57.6946 56.9628 62.7482 55.939 55.1642 52.4221 52.3691 50.0256 49.487 49.0479 48.4229 49.7375 46.8137 45.4191 43.844 42.9861 42.8749 50.5307 41.8133 41.0202 40.3245 40.2491 39.6905 37.0312 36.4772
threshold=8.2500000000000018 2.7500000000000004 12.500000000000002 1.0000000180025095e-35 3.6875000000000004 0 25.500000000000004 8.3416666666666686 -0.29999999999999999 1 2 3 0.035399497328547906 3.0647481538457622 4 0.37500000000000006 5 1.2000000000000011 0.87500000000000011 0.87500000000000011 5.5574056331669164 -0.10000000000000032 6 0.10000000000000016 0.026412588020079255 5.2738440027963653 7 20.500000000000004 8 3.3147607407517543 9 10 11 0.063158327889785662 3.00035465122648 2.7352273103402625 12 13 5.4498170235836279 0.044002126367829159 14 4.2500000000000009 15 16 1.5625000000000002 0.62500000000000011 3.6399175004344868 0.023307777408508052 3.1075512374363803 14.812500000000002 17 2.2355481283422463 0.071834598520703966 5.5463952396574863 18 4.9375000000000009 19 20 34.062500000000007 0.49999999999999989 0.051648584872417753 3.2358737863179616
decision_type=2 2 2 8 2 1 2 8 2 1 1 1 2 2 1 2 1 2 2 2 2 2 1 2 2 2 1 8 1 2 1 1 1 2 2 2 1 1 2 2 1 2 1 1 2 2 2 2 2 2 1 2 2 2 1 2 1 1 2 2 2 2
left_child=1 3 7 35 8 19 9 10 18 49 16 60 20 28 -15 59 61 33 42 47 36 27 -20 -12 25 40 -23 -13 -14 30 -26 -29 -31 34 -18 43 -6 -22 39 -25 -10 -16 -3 -1 -44 53 51 57 -49 -4 -41 -37 -30 -11 -55 -43 -27 -5 -8 -7 -9 -2
right_child=2 4 6 5 12 15 58 11 24 45 23 21 13 14 41 -17 17 -19 22 -21 37 26 -24 38 29 56 -28 31 52 32 -32 -33 -34 -35 -36 46 -38 -39 -40 50 -42 55 44 -45 -46 -47 -48 48 -50 -51 -52 -53 -54 54 -56 -57 -58 -59 -60 -61 -62 -63
leaf_value=0.00052602134928301798 0.001684797931667359 -0.002205430370801498 0.0085441883712962571 -0.0047572605662873028 -0.00014001066837925901 -0.0052943114356694305 0.01471697120036073 0.00549088878785799 -0.0026275083835650918 0.0033735808618120425 -5.0250379821070729e-05 0.0069365994683673882 0.00044716885596335912 0.0017689108415133382 0.00013083835493462592 -0.0051675913885439462 -0.0063231840199670097 0.008556854545802484 -0.0071011412952359078 -0.0055187717609378245 0.0016285176532245815 0.0025952598100631554 -0.0081553637965734345 -0.0018778383064689042 -0.0026395350458778832 -0.0041994657576524983 0.0047684182921511444 -0.00056063583373195953 -0.0018260356376538834 -0.0010886761516478716 -5.0545838331783616e-05 0.0030747858546536725 0.00041038567051490118 0.005514898261262508 0.0030918888486522579 0.0012671783881763267 -0.0025307908789893641 -4.9679522685119887e-05 0.0057180482817483337 -0.0036569590232068184 -0.0081098486422512221 -0.00064471479406732481 -0.010335539903331104 -0.0095526409089871089 -0.0049715436653502481 0.0051321857130490313 0.0084773658398470848 -0.0057125239659982507 -0.0025829700585680128 0.011949523114381511 0.0042976466122977451 -0.020274756659097004 0.0001984797836449892 0.0041162579434531393 0.0073806738086527497 0.00070565718562545787 0.00056718899510280749 -0.0057284123133079625 0.051301332320095351 -0.0061901858520373339 0.0085870416774663557 0.013198188521278487
leaf_weight=385 124 2242 4427 733 5553 1532 1456 1529 3392 2457 3696 823 3941 8494 449 4530 364 3100 737 1760 1446 1369 690 946 5016 845 4091 952 3405 2328 5333 3616 4481 1889 3946 614 5003 2263 1564 262 2637 2826 397 460 4901 3116 586 1660 892 3577 2115 88 1407 694 1474 4821 1222 1913 1436 324 3182 631
leaf_count=363 91 2236 2499 733 5474 1530 742 1035 3371 1489 3500 519 3854 8147 449 4529 346 2317 736 1759 1388 1006 689 892 5003 841 2818 787 3386 2309 5277 2731 4424 1501 3391 585 4992 2242 1329 249 2630 2813 397 454 4894 1698 468 1658 883 1827 1817 88 1393 391 800 4754 1209 1911 718 324 1924 364
internal_value=0.00339443 -0.00596364 0.0192118 -0.0248705 -0.0019998 -0.0290517 0.0286267 0.0140803 -0.00639486 0.0260349 0.010202 0.0187236 0.00179745 0.00395143 0.0062561 -0.0366101 0.0144555 0.0130231 -0.0131741 -0.0220254 -0.00202895 0.0154893 -0.0248214 0.0051949 -0.00398713 -0.00792825 0.019794 0.0111545 -0.000416381 -0.00212687 -0.00463237 0.00875356 0.00168062 0.00949113 0.00614591 0.00128632 -0.00430946 0.00445957 0.00931772 0.00560921 -0.0108698 0.00197299 -0.0109661 -0.00903664 -0.0136739 0.0203102 0.00806439 -0.0187142 -0.0137857 0.0315028 0.00994323 -0.000846373 -0.00439457 0.0170439 0.0221738 0.000973457 0.000650387 -0.0234586 0.0427221 -0.0270302 0.026079 0.0316514
internal_weight=142142 89306 52836 15477 73829 13344 18637 34199 34221 15745 18637 15562 39608 25343 16590 6386 10054 9299 8967 6958 14265 10851 1427 8583 25254 8096 5460 5391 8753 17158 10349 4568 6809 6199 4310 2133 10556 3709 4887 3323 6029 8096 7540 845 5298 7741 1288 5198 2552 8004 2377 702 4812 4625 2168 7647 2067 2646 2892 1856 4711 755
internal_count=124974 88193 36781 15285 72908 13327 10164 26617 34016 8704 15797 10820 38892 24796 16163 6383 8010 7555 8952 6944 14096 7861 1425 7787 25064 8051 3824 4037 8633 17013 10280 3518 6733 5238 3737 1958 10466 3630 4287 2958 6001 8016 7527 817 5291 4378 1141 5185 2541 4326 2066 673 4779 2680 1191 7567 2050 2644 1460 1854 2959 455
cat_boundaries=0 1 3 5 6 8 9 11 13 15 17 19 21 23 25 27 29 31 33 35 37 38
cat_threshold=1895825179 49413176 33280 551935488 215072 111206168 2863529732 2734 16384 1391165271 8193 17170498 267776 517030001 185556 554680180 131075 5242881 262200 1509884042 263688 2264228396 3169 3257229432 165635 2667149826 132325 63699456 32 1268 180496 16777480 295424 2299003204 65936 20972271 446574 12603408
is_linear=0
shrinkage=0.05


Tree=38
num_leaves=63
num_cat=20
split_feature=15 19 13 16 13 0 0 15 13 0 0 19 13 17 16 0 22 20 0 26 29 0 0 9 40 30 25 26 0 15 13 0 0 13 44 0 26 14 20 16 0 0 47 0 19 0 15 29 0 0 25 42 25 0 25 0 26 20 25 26 43 22
split_gain=7806.16 2687.97 982.178 681.224 483.021 300.338 289.941 218.99 170.038 163.842 152.515 145.904 144.403 115.463 173.009 133.018 103.821 137.124 127.631 93.0537 89.5541 89.1636 85.5405 84.2589 79.0043 74.6219 73.798 69.9618 66.2804 61.4439 73.5711 60.9593 58.1457 57.4815 90.2394 55.4787 54.9127 53.0208 52.7121 51.0575 48.6072 47.9032 46.9348 59.8169 50.3257 132.36 63.5944 53.3284 45.9202 45.5949 44.4713 43.8951 43.8126 43.4 42.3161 52.7237 42.0723 41.8416 40.8796 46.3613 40.7487 47.3841
threshold=6.5625000000000009 2.7500000000000004 14.500000000000002 1.0000000180025095e-35 3.5000000000000004 0 1 32.875000000000007 9.5000000000000018 2 3 12.750000000000002 6.5000000000000009 1.0000000180025095e-35 3.0208333333333335 4 0.057692307692307661 -0.099999999999999825 5 0.040190550161445356 4.3780754357226419 6 7 1.5000000000000002 1.0000000180025095e-35 5.2534515603638008 1.6761543611374872 0.022812590712915252 8 2.5625000000000004 2.5000000000000004 9 10 9.5000000000000018 30.300000000000004 11 0.040519511562898354 3.5000000000000004 -0.89999999999999847 7.5208333333333348 12 13 3.7646499238202167 14 4.2500000000000009 15 3.4375000000000004 4.1733648679859972 16 17 4.7829921748584638 3.7357142857142862 6.1439125745712087 18 2.4190113469967502 19 0.031770649094885105 0.29999999999999988 5.5463952396574863 0.054474245154080204 23.450000000000006 0.052777777777777757
decision_type=2 2 2 8 2 1 1 2 2 1 1 2 2 2 8 1 2 2 1 2 2 1 1 2 2 2 2 2 1 2 2 1 1 2 2 1 2 2 2 10 1 1 2 1 2 1 2 2 1 1 2 2 2 1 2 1 2 2 2 2 2 2
left_child=1 3 5 31 9 11 26 10 39 23 50 33 21 14 15 -11 17 18 -15 25 -17 37 -14 -3 -8 -18 40 -28 -21 30 -19 -1 -10 34 -2 -16 -13 -6 -34 -7 -5 -27 43 -23 45 46 -45 -46 -12 -41 -4 -25 56 -32 -49 -56 -33 -29 -24 -60 -50 -62
right_child=2 4 7 6 12 8 24 -9 32 13 48 36 22 16 35 20 19 29 -20 28 -22 42 58 51 -26 41 27 57 -30 -31 53 52 38 -35 -36 -37 -38 -39 -40 49 -42 -43 -44 44 47 -47 -48 54 60 -51 -52 -53 -54 -55 55 -57 -58 -59 59 -61 61 -63
leaf_value=-0.017215114334842862 0.0034609938376509832 -0.0020902724173174517 0.0079339091467535202 -0.0027425069915253623 -0.0037522446508319153 0.00088690255424481732 -0.0067380865600985551 0.044857993080929241 0.0027417191204753611 -0.00068613043204117656 0.0011932981466499905 0.0052422615017138526 0.0046459428195225359 -0.0060229306197735651 7.3180579791887194e-06 0.00035667182871587102 -0.0053077819024898833 -0.008927322422492584 -0.008373055543308805 -0.002821481337786369 -0.00016543256314708322 -0.0032279807180289389 0.00094256013309487188 0.009599926785307529 -0.0049617291295889435 0.0015185605214987352 -0.0049041203691384209 -0.0050757715446136612 0.00037247892484751913 -0.0024838045425041311 -0.00035538436821009879 -0.0052363952425569906 0.0019187177521369503 0.005372383241867635 0.0080921893151110376 -0.00041016179349234738 0.0085679722661422941 -0.00010134285000412691 0.0040319245993370115 0.00432051592521161 -0.017933862863149266 -0.0028645015331638436 0.0026194499562236075 0.0010074133319572854 -0.00024571691107069251 -1.6845303677870406e-05 0.0002472068312195708 -0.0010814766888179173 0.0078112041057252224 0.0018452309955863555 0.011700850291834087 0.0026066827251620354 0.013847558252640835 0.00090272452810360451 0.0039402875215207526 0.00044297810779839745 0.0018587162603652396 -0.0039182872232470861 0.003771414094287784 0.016691645810585753 0.0076432598323249229 0.0021326633790013762
leaf_weight=115 5363 1452 2345 105 3420 5432 556 1560 2726 356 355 964 2635 1803 275 766 11221 445 1255 2936 70 625 4821 233 5830 1297 3258 2126 4588 886 627 763 1425 2503 935 460 5145 5555 7129 1733 671 1548 852 838 10351 2984 1210 864 3551 4476 4669 2218 262 672 1461 5490 993 798 823 139 598 580
leaf_count=115 4565 1438 1251 105 3394 5157 555 780 2010 355 197 631 2364 1797 274 766 11205 442 1254 2927 70 622 4610 204 5828 1289 3255 2122 4541 884 625 750 858 1687 605 460 2924 5534 4752 1389 670 1543 791 838 10288 2955 1210 860 1927 3987 2402 2087 172 669 1378 5403 921 792 747 89 317 337
internal_value=0.00323192 -0.0055987 0.0187793 -0.0245733 -0.00169194 0.014629 -0.028767 0.0302727 0.0110171 -0.00620964 0.0279936 0.0201592 0.00186349 -0.00749401 0.00432832 0.0160897 -0.00833223 -0.0143426 -0.0215414 -0.00674795 0.0267946 0.000398057 0.00772004 0.00340956 -0.0365007 -0.00914872 -0.0215806 -0.0197792 -0.00225847 -0.00596541 -0.000512894 0.0016612 0.0153971 0.0160469 0.0134934 -0.0147351 0.0261121 -0.00386657 0.0174308 0.00678105 -0.0361583 -0.00191321 0.0019503 0.00153815 0.00195161 0.00637691 0.0161219 0.000726317 0.0212159 0.00987842 0.0328249 0.00907219 0.00374322 0.00549615 0.00384404 0.00514169 0.000907797 -0.0141521 0.00428806 0.013702 0.0225411 0.0144996
internal_weight=142142 90653 51489 15477 75176 37831 13344 13658 22921 33108 12098 14910 42068 29205 1927 1192 27278 5688 3058 21590 836 33650 8418 3903 6386 14066 6958 6182 7524 2630 1744 2133 11280 8801 6298 735 6109 8975 8554 11641 776 2845 24675 23823 23198 5032 2048 18166 5084 6209 7014 2451 2018 1299 7815 6951 1756 2924 5783 962 4729 1178
internal_count=124974 89198 35776 15285 73913 28565 13327 7211 18153 32830 6431 10412 41083 29101 1925 1191 27176 5671 3051 21505 836 33273 7810 3729 6383 14037 6944 6169 7468 2620 1736 1958 7620 6857 5170 734 3555 8928 5610 10533 775 2832 24345 23554 22932 5003 2048 17929 2778 5376 3653 2291 1843 1294 7641 6781 1671 2914 5446 836 2581 654
cat_boundaries=0 2 3 4 6 7 9 11 13 15 17 19 21 22 24 25 27 28 30 32 34
cat_threshold=44399896 32768 1895825179 33636352 3002432024 410209 1106681622 1357791007 10241 151945667 274432 10576470 133174 1615201494 52247 3 1216 151158784 262672 524291 400402 537137152 3321011480 205105 2097152 3489669120 216061 16777472 269648420 70144 298499370 69632 33637376 2080
is_linear=0
shrinkage=0.05


Tree=39
num_leaves=63
num_cat=18
split_feature=19 19 13 16 18 0 18 0 20 0 13 9 23 23 16 19 0 0 23 13 0 16 13 16 0 0 14 0 0 13 0 0 18 13 28 25 26 26 15 20 0 25 0 19 29 16 15 13 23 0 13 0 0 14 0 26 20 44 28 32 29 20
split_gain=7272.47 2606.38 1018.16 649.55 465.519 297.064 287.32 251.96 231.647 181.437 145.196 136.639 111.253 107.136 97.0818 110.725 129.828 102.225 95.592 85.8477 81.4266 79.2862 73.3273 73.278 72.9096 69.3994 65.7602 65.9824 64.7077 72.8084 61.5358 57.6596 56.6675 55.2643 54.0057 53.6303 66.2171 52.1116 51.7465 49.3231 51.1832 48.455 46.8159 45.6224 91.2731 98.8195 85.1532 55.7974 41.1697 40.8049 40.639 39.9579 39.5903 39.5708 40.1937 38.9123 40.0364 40.4343 38.7199 37.7532 37.6662 40.5137
threshold=8.7500000000000018 2.7500000000000004 12.500000000000002 1.0000000180025095e-35 3.8750000000000004 0 33.625000000000007 1 -0.29999999999999999 2 8.5000000000000018 1.5000000000000002 0.87500000000000011 0.37500000000000006 6.0208333333333348 4.2500000000000009 3 4 0.87500000000000011 2.5000000000000004 5 8.5208333333333339 4.5000000000000009 6.2613636363636376 6 7 10.500000000000002 8 9 25.500000000000004 10 11 1.8750000000000002 18.500000000000004 142.00000000000003 2.9614914616579728 0.058840338523293352 0.023087669066025402 3.9375000000000004 -0.79999999999999838 12 3.1075512374363803 13 3.2500000000000004 3.5810815730206191 3.0871212121212124 2.9375000000000004 3.5000000000000004 1.0000000180025095e-35 14 8.5000000000000018 15 16 4.5000000000000009 17 0.057013797354072505 -0.30000000000000099 25.950000000000003 139.50000000000003 2.1803621330593699 4.4337703135064368 -1.9999999999999996
decision_type=2 2 2 8 2 1 2 1 2 1 2 2 2 2 10 2 1 1 2 2 1 10 2 10 1 1 2 1 1 2 1 1 2 2 2 2 2 2 2 2 1 2 1 2 2 8 2 2 2 1 2 1 1 2 1 2 2 2 2 2 2 2
left_child=1 3 7 30 8 18 9 11 12 33 26 21 32 -7 15 16 -6 34 37 25 -21 35 -19 -12 -14 -10 60 -28 -11 55 59 -16 52 58 -17 50 -37 51 -18 40 -25 -39 -41 44 45 46 -22 49 -34 -45 -2 -5 -3 54 -24 -30 -57 -58 -4 -1 61 -9
right_child=2 4 6 5 14 13 -8 10 19 28 23 -13 24 -15 31 17 38 22 -20 20 43 -23 53 39 -26 -27 27 -29 29 -31 -32 -33 48 -35 -36 36 -38 41 -40 42 -42 -43 -44 47 -46 -47 -48 -49 -50 -51 -52 -53 -54 -55 -56 56 57 -59 -60 -61 -62 -63
leaf_value=-0.0043253639036092252 -0.0026214354144170949 -0.01274688037670922 0.0062963297263875619 -0.0041819849802605669 -7.7754356756648557e-05 -0.0050944320924677933 0.045182195259081043 -0.0045195815633611415 -0.0020204254450512551 0.0015428439566829045 0.0023284641023373909 0.010707769332677121 -0.006241756357758377 -0.0046611253626372973 0.0039678627516557263 0.00035944961269972491 0.0011543662090795215 -0.0011699790877495399 -0.0049976482647118075 -0.0015442777953154742 0.0005645413830225321 0.0060686254830808473 -0.011301024564706625 0.0035081431815514653 -0.0074144899478372 -0.0076766189284702586 0.0067471530699811048 0.00043176249940508616 0.003218309477230247 0.013305060445464135 -0.0038358237603609126 0.00099451805533703488 0.00036852594491809665 0.013613472061243604 0.0027114512809845006 0.0035857438897773986 0.0065929110090958698 -0.0051646887717396901 0.00010932217732035899 0.0022309257168218856 -1.340720926500394e-05 -0.0021823990210861456 0.0040422339978610387 -0.0044277555092324004 -0.00024943330762445263 -9.0390683479057998e-05 0.00030687701145102334 0.00024583865131874716 -0.0041020779039986693 -0.0018584299662354753 0.0039619997550387918 -0.00524713955178523 -0.0076614362739298673 0.00023156570373389362 -0.00095613576907858109 0.0030992760821296709 0.0050330481682299873 0.0067362913785128714 0.0082167184061008643 0.0047995095091163623 0.0023667113082560644 0.00038394472046359156
leaf_weight=208 476 421 2292 784 1541 1856 1478 664 3242 707 2513 2178 709 4530 1796 6372 1041 6888 1760 7562 1880 2770 113 979 779 2884 909 597 1637 716 923 5618 974 3058 2470 3661 1894 1672 876 1859 1074 898 6711 752 1499 744 669 5483 5768 1273 342 1844 671 7702 4139 1363 2711 1336 4286 1002 3073 3515
leaf_count=197 452 421 1285 784 1533 1854 739 631 3220 415 2196 1280 708 4529 1670 6173 1040 6872 1759 7500 1878 1758 113 646 778 2884 651 507 1029 367 897 5503 969 1570 2335 3031 1372 1670 876 1481 750 889 4926 751 1492 744 669 5385 5756 1261 268 1842 667 7634 4111 718 1516 722 2291 864 2776 3369
internal_value=0.00311303 -0.00558118 0.0178247 -0.0242373 -0.00167186 -0.0283323 0.0268672 0.0124923 -0.00581957 0.0251336 0.00934467 0.0185532 -0.0125813 -0.0361568 0.00212659 0.000902129 0.00933651 -0.000151526 -0.021064 -0.00339355 -0.00179706 0.0158842 -0.0022328 0.0126737 -0.0251142 -0.00856781 0.00436066 0.0138653 0.0196905 0.0210246 0.00138004 0.00726837 -0.0101972 0.0298637 0.00428047 0.0128091 0.0145689 -0.0176755 0.0179694 0.0144903 0.00751947 -0.0126002 0.0161586 0.000714402 0.00452639 0.00918185 0.0138608 -0.00171727 -0.00848213 -0.008808 0.000848596 -0.0226303 -0.020764 0.000133417 -0.00373736 0.0195013 0.0215478 0.0240477 0.0272982 0.00875921 0.00238453 -0.000704545
internal_weight=142142 89343 52799 15477 73866 13344 19584 33215 35310 18106 21894 11321 9322 6386 38556 31142 3458 27684 6958 25988 19862 9143 18842 13136 1488 6126 8758 1506 8470 7763 2133 7414 7834 9636 8842 6373 5555 5198 1917 10623 2053 2570 8570 12300 4792 3293 2549 7508 6742 2025 818 2628 1092 11954 4252 7047 5410 4047 6578 1210 7252 4179
internal_count=124974 88228 36746 15285 72943 13327 10652 26094 35083 9913 17933 8161 9299 6383 37860 30687 3449 27238 6944 25784 19680 6881 18730 9999 1486 6104 7934 1158 4767 4352 1958 7173 7813 5146 8508 5123 4403 5185 1916 7803 1396 2559 6407 12180 4783 3291 2547 7397 6725 2012 720 2626 1088 11858 4224 3985 2956 2238 3576 1061 6776 4000
cat_boundaries=0 1 3 5 7 8 10 12 14 16 18 20 22 24 26 28 29 31 32
cat_threshold=1895825179 42301468 65536 49643160 163912 132374395 263170 44133948 31359820 278528 1386706263 8193 2599505669 270489 1097991937 39940 16777474 256 7652924 131331 1116295944 6 1163034946 25350 151126208 262722 1476395138 231038 1086345232 2693006579 471704 16777216
is_linear=0
shrinkage=0.05


Tree=40
num_leaves=63
num_cat=18
split_feature=19 19 13 16 18 13 0 0 20 0 13 22 23 47 29 0 13 25 0 23 0 0 21 0 0 0 16 0 18 19 0 29 24 0 0 20 25 40 16 28 0 25 18 0 25 28 25 0 47 18 24 41 22 22 44 21 20 20 0 24 43 20
split_gain=6784.89 2472.11 982.705 612.259 421.156 299.678 270.422 238.25 222.782 175.06 143.14 125.927 123.776 121.027 89.8618 81.1372 79.7004 79.2937 77.5061 74.8821 74.1818 73.513 84.4937 68.5948 67.481 65.226 64.8798 64.3615 63.7101 63.2683 61.5023 57.0486 54.2138 53.2711 52.1338 51.0733 50.4001 49.7079 49.2591 48.4734 44.0953 42.8519 42.7103 40.6911 40.2388 40.0876 39.9208 46.44 39.8058 39.6942 39.5745 39.5368 39.2146 38.8594 38.3075 37.5758 36.9971 36.4294 35.6351 35.174 34.8987 34.5364
threshold=8.7500000000000018 2.7500000000000004 12.500000000000002 1.0000000180025095e-35 3.8750000000000004 24.500000000000004 0 1 -0.29999999999999999 2 7.5000000000000009 0.12499999999999996 0.87500000000000011 -2.5416686809441722 4.1733648679859972 3 2.5000000000000004 4.3723104274829216 4 0.87500000000000011 5 6 27.500000000000004 7 8 9 29.812500000000004 10 10.125000000000002 11.250000000000002 11 2.7352273103402625 4.7111632092450515 12 13 -0.099999999999999936 4.9524384062156912 1.0000000180025095e-35 6.6742424242424248 146.50000000000003 14 3.6399175004344868 1.8750000000000002 15 3.2358737863179616 146.50000000000003 6.1439125745712087 16 -5.8820085401547644 2.1250000000000004 1.4170008912655974 0.07698003589195021 0.41666666666666669 0.27360625485625489 31.600000000000005 6.5000000000000009 -0.30000000000000021 -1.7999999999999974 17 1.4537676912870414 1.1000000000000003 -0.40000000000000108
decision_type=2 2 2 8 2 2 1 1 2 1 2 2 2 2 2 1 2 2 1 2 1 1 8 1 1 1 8 1 2 2 1 2 2 1 1 2 2 2 10 2 1 2 2 1 2 2 2 1 2 2 2 2 2 2 2 10 2 2 1 2 2 2
left_child=1 3 7 31 8 9 19 13 11 46 25 15 37 44 17 -3 24 27 53 54 -18 38 -23 39 49 28 -7 -6 -9 59 42 33 43 -1 51 40 -25 58 -12 -24 -29 50 -13 -11 45 -2 47 57 -27 -10 -33 -19 -32 -16 -5 -20 -40 -4 -8 -15 -46 -34
right_child=2 4 5 6 14 26 12 10 16 32 21 30 -14 29 18 -17 20 34 55 -21 -22 22 23 36 -26 48 -28 35 -30 -31 52 41 61 -35 -36 -37 -38 -39 56 -41 -42 -43 -44 -45 60 -47 -48 -49 -50 -51 -52 -53 -54 -55 -56 -57 -58 -59 -60 -61 -62 -63
leaf_value=0.00051532467834978222 -0.0061805229218884761 -0.0060736269717156293 0.0040061176904015398 -0.004699087528635848 -0.0032722675452012129 0.014224170209512534 -0.010215427511442766 0.0023963100979862762 -0.0063853288937513082 -0.0010195003944741821 0.00060112065539366102 -0.0091053234108916699 -0.0043286813276140262 -0.0013820463046509746 0.0012131182887425429 -0.0070878115355955231 -0.0011072070146041612 0.00015712057612714549 9.6098955965684407e-05 -0.0046999473907719082 0.00013448358182113206 0.0063081216185357893 -0.00059005292265374993 0.0023308673091742894 -0.0072630658491057657 0.0079245637295418895 0.041908244629375216 3.6718402205959682e-05 0.0070376023973218738 0.0061801399281266045 -0.0023428950473763479 0.0034127856886757013 0.0029464860444053109 -0.0088990823141269944 0.00062267170621535528 0.00010646998676090426 0.0044809789408860046 -0.0044970116268858717 0.0012523703651575293 0.0046873583482184072 -0.0016667166151657642 0.0075359253451688264 -0.0045369088236281276 0.0032299516234925774 0.0054431990370452437 0.0076412047846386002 0.01018640267352291 0.0055895620069867707 -0.00061239001347113131 0.00091119355571114835 -0.0083763992953719731 -0.00054169425442294192 0.0045221266199475313 0.0069613077025418415 -0.0023436014768296099 0.0039321760394991582 0.002917640853921666 0.009137061560132026 -0.0021740570810099115 0.0037556047965913611 0.014149947279481668 0.0050749595743733063
leaf_weight=432 75 1644 111 4275 1884 1829 230 3355 1778 213 2121 437 2339 282 6130 1161 11006 568 8994 1578 8856 4589 1248 2329 2903 147 1490 2045 470 2879 3330 426 1141 413 5501 6258 1611 4038 1746 278 2386 586 2500 1688 202 72 2990 3563 3684 1445 276 3258 250 904 497 628 3467 2875 387 3580 1080 3684
leaf_count=410 64 1640 60 4264 1884 938 230 3102 1766 138 1917 437 2338 253 5841 1160 10902 560 8873 1577 8778 3213 1029 1886 2903 118 745 2023 299 1771 3321 402 604 407 5422 6216 1156 4035 1302 178 2372 468 2495 1044 133 42 1561 1952 3451 1435 271 3233 246 823 497 613 2723 1545 386 2872 585 2065
internal_value=0.00298217 -0.00541553 0.0171921 -0.0235848 -0.00160823 0.0260758 -0.0275605 0.0119534 -0.00555337 0.0232783 0.00952047 -0.0121844 -0.0343747 0.0193735 0.00200469 -0.0210424 -0.00317423 -0.000100224 0.00477247 -0.0199646 -0.00163596 0.0120325 0.0148167 0.0106265 -0.00815978 0.00382591 0.0397726 -0.00269167 0.00843196 0.0165893 -0.00836836 0.00128632 0.016995 -0.00880024 0.00339247 -0.00118178 0.0140964 -0.0296918 0.00818176 0.00155823 -0.00528994 0.00790923 -0.0137195 0.00985542 0.0326189 0.00773649 0.0276592 0.0254878 -0.000792556 -0.00313698 -0.00041963 -0.0010933 -0.00392509 0.00875727 -0.0168647 0.0018473 0.0108065 0.0302619 -0.0164159 0.0123984 0.0354599 0.0198394
internal_weight=142142 89343 52799 15477 73866 19584 13344 33215 35310 16265 25045 9322 6994 8170 38556 2805 25988 21900 16656 6350 19862 17389 10055 5466 6126 7656 3319 12573 3825 6741 6517 2133 6726 845 9327 10689 3940 4655 7334 1526 4431 1288 2937 1901 1429 147 9539 6549 3831 3223 702 3826 3580 7034 4772 9622 5213 2986 617 3862 1282 4825
internal_count=124974 88228 36746 15285 72943 10652 13327 26094 35083 8969 20374 9299 6989 5720 37860 2800 25784 21710 16150 6338 19680 13404 7462 4249 6104 6970 1683 12495 3401 4896 6499 1958 3851 817 9215 10611 3042 4651 5942 1207 4395 1141 2932 1182 824 106 5118 3557 3569 3201 673 3793 3567 6664 4761 9486 4025 1605 616 3125 718 2669
cat_boundaries=0 1 3 5 7 9 11 13 14 16 18 20 22 24 26 28 30 32 34
cat_threshold=1089470235 42035224 65536 318078616 165966 1676639063 65539 312567297 423474 31378430 286728 420118721 269547 7602176 2599505685 8345 1968603396 14464 956341376 266240 1680606418 360139 1276 180496 95584769 491014 102720273 131650 1090519072 1 44112400 32768 1048804 9088
is_linear=0
shrinkage=0.05


Tree=41
num_leaves=63
num_cat=19
split_feature=19 19 13 39 13 0 0 14 41 19 13 0 16 22 20 0 0 26 0 16 23 26 23 0 0 44 0 26 0 26 25 25 25 47 16 0 20 26 25 21 0 25 26 0 0 19 0 0 0 0 29 0 25 25 47 22 26 40 20 22 25 25
split_gain=6359.13 2382.58 957.297 620.876 345.187 297.737 257.607 234.804 167.672 158.126 137.199 123.783 129.53 117.968 125.874 148.964 110.079 109.479 107.933 103.309 94.429 93.4248 84.4199 73.8135 68.5885 67.9603 66.1181 61.7359 63.9145 60.6382 72.7046 58.4884 58.1854 56.1939 56.1355 55.9451 52.0095 82.0685 52.5939 49.6035 60.992 49.5285 53.9506 48.7619 48.1378 47.5055 65.0264 47.087 46.797 46.5782 45.7017 45.0717 44.4199 44.1754 43.6313 43.1944 42.1252 40.9207 40.5161 40.1815 40.1253 38.7081
threshold=8.7500000000000018 2.7500000000000004 14.500000000000002 0.22500000000000003 3.5000000000000004 0 1 26.500000000000004 0.12420546382981333 11.750000000000002 9.5000000000000018 2 3.0435606060606064 0.057692307692307661 -0.20000000000000004 3 4 0.018758660100355304 5 5.2613636363636376 0.87500000000000011 0.039486979542317058 0.87500000000000011 6 7 27.850000000000005 8 0.024093904703545953 9 0.067545592673360966 2.9614914616579728 6.5361703219115208 4.083123661140788 3.4052348542560442 7.5208333333333348 10 -0.89999999999999847 0.041751335166641611 3.1075512374363803 21.500000000000004 11 3.3147607407517543 0.048952159463910301 12 13 3.7500000000000004 14 15 16 17 3.5810815730206191 18 5.5834030825639713 2.6346569415786378 -2.5844375838089015 0.025104166666666653 0.023087669066025402 2.7083333333333335 -0.10000000000000032 0.12323520923520921 6.5361703219115208 4.2323809214117096
decision_type=2 2 2 2 2 1 1 2 2 2 2 1 8 2 2 1 1 2 1 8 2 2 2 1 1 2 1 2 1 2 2 2 2 2 10 1 2 2 2 8 1 2 2 1 1 2 1 1 1 1 2 1 2 2 2 2 2 2 2 2 2 2
left_child=1 3 6 21 8 22 9 16 11 29 34 -3 50 14 15 57 25 47 53 24 -7 26 56 -14 59 48 52 -11 32 30 -2 33 -29 -18 -8 -36 -12 60 -39 40 -32 42 -20 -41 61 46 -16 -15 -4 -21 -13 -47 -1 -19 -30 -50 -5 -10 -26 -6 -38 -23
right_child=2 4 7 5 19 20 10 -9 13 27 36 12 23 17 45 -17 31 18 41 49 -22 44 -24 -25 58 -27 -28 28 54 -31 39 -33 -34 -35 35 -37 37 38 -40 43 -42 -43 -44 -45 -46 51 -48 -49 55 -51 -52 -53 -54 -55 -56 -57 -58 -59 -60 -61 -62 -63
leaf_value=-0.0024994161710666044 -0.0030284976146153111 -0.0010069869151208444 0.0059781461502245621 -0.0042552689837850547 -1.4590923636120801e-05 -0.004385415329736575 0.00021268604529145474 0.024088173431841997 -0.0082238738073379114 0.0010097803069098799 0.0009989075983776075 0.00034192116988386313 0.00094325422493607425 -0.0049363217346253263 -0.0011056104514941879 -0.007667107352846903 0.0067817541629139229 -0.001826337111845422 -0.0052058502903099104 7.7466462230901822e-05 -0.004138374992114691 0.002571254142726609 -0.0044369113578819732 -0.00019609509879172651 -0.00063134448120574782 0.0077384777158069577 -0.0085601919570400982 0.004928893882018115 0.0018664461086839558 0.0056609175874569491 0.0081580614739183901 0.011719629624061379 0.0098434427220112312 0.010867144635290772 0.0039607450169309114 0.0011995986617286125 -0.0010814944323349618 0.0012234498106273085 0.0035467717198389482 -0.00033932112964070172 0.0024323641735200631 -0.00098307056553050844 -0.00092987771879532444 0.0031500140414244763 -0.0010858163618089778 -0.00059609351767813128 0.00038210479418877564 -0.0085411269261869826 0.0052656363681015455 0.0012720687171841384 0.00020675249222857907 -0.0064831212937314642 0.013345682301271778 0.00099740130001891854 0.005808154804651789 0.0011260815729582097 -0.0041259985572391078 -0.0030040204759143154 0.00019704928723536242 -0.0021371183310303524 0.0038822214637810105 0.014528905340592048
leaf_weight=853 531 513 1101 2018 6997 4375 5079 2476 394 451 1502 832 809 1990 1048 1070 4598 1588 4546 4254 2354 449 1563 368 2423 994 950 492 455 2390 1873 2373 1736 557 2043 3033 924 681 6606 1247 1486 6524 2073 1435 491 374 1098 1374 462 8926 260 690 161 5277 6469 1231 2049 1462 12845 6131 574 214
leaf_count=839 491 512 583 2016 6942 4372 4834 1243 394 339 921 829 749 1983 1044 1069 2470 1574 4543 4213 2353 428 1562 368 2392 528 939 313 305 1795 1421 1224 955 283 1655 2709 800 542 4396 1148 1264 6501 2069 1176 478 371 1095 1374 244 8661 253 686 123 5173 3970 720 2043 1452 12613 6083 417 132
internal_value=0.00278941 -0.00534054 0.0165463 -0.0231777 -0.00160281 -0.0282075 0.0125422 0.0278688 -0.00548125 0.0168091 0.00865374 0.00625045 0.0112478 -0.00658765 -0.0127579 -0.0202579 0.0248118 -0.00496706 -0.00356315 0.00140931 -0.0353331 -0.00323661 -0.0195878 -0.00020798 -0.000288587 0.0176612 -0.00987023 0.0212771 0.022167 0.0120378 0.00955348 0.0283453 0.0296985 0.0253772 0.00453377 0.00825192 0.0127279 0.0141982 0.0163893 0.011113 0.0151622 -0.00621446 -0.00926662 0.00603615 0.00804762 -0.0059156 -0.00162785 -0.013312 0.0137013 0.00506752 0.0236917 -0.0145493 -0.000873171 0.00151905 0.0196676 0.00830106 -0.0158174 -0.0114596 0.00198933 -0.00293744 0.00353235 0.016684
internal_weight=142142 89343 52799 15477 73866 12359 39007 13792 32290 18565 20442 2782 2269 29508 6136 2926 11316 23372 20008 41576 6729 3118 5630 1177 28396 3788 1964 9603 9152 8962 6572 7528 2228 5155 10155 5076 10287 8785 7287 6041 3359 13143 6619 2682 1154 3210 2146 3364 2794 13180 1092 1064 1014 6865 6924 1693 4067 1856 15268 13128 1498 663
internal_count=124974 88228 36746 15285 72943 12346 29451 7295 32039 13177 16274 2711 2199 29328 6111 2915 6052 23217 19860 40904 6725 2939 5621 1117 28030 2075 1901 5882 5543 7295 5500 3977 1268 2753 9198 4364 7076 6155 4938 5009 2685 13113 6612 2324 1038 3196 2139 3357 1547 12874 1082 1057 962 6747 4275 964 4059 1846 15005 13025 1217 560
cat_boundaries=0 1 3 4 6 8 10 12 14 16 17 19 20 22 24 26 28 30 32 34
cat_threshold=1626341139 1189444124 65536 1106652700 1409122071 8193 1560936934 102795 2190590760 8577 81923 397312 253660098 405514 14142492 475155 33576984 270173472 37632 6569984 107216896 65536 3933812 231424 297860412 131104 3011247112 67189 402653412 36875 956465347 384145 46421253 36864
is_linear=0
shrinkage=0.05


Tree=42
num_leaves=63
num_cat=19
split_feature=19 19 13 39 13 0 0 13 0 26 18 25 0 0 20 25 15 18 0 0 0 9 0 26 0 20 21 42 25 26 25 0 26 24 17 0 25 26 0 25 0 0 26 0 25 24 50 47 43 26 24 25 42 42 0 0 0 26 28 28 29 26
split_gain=5989.48 2126.95 1194.42 634.852 352.315 298.124 253.722 251.648 184.326 176.562 175.606 161.647 141.115 113.71 109.83 108.163 98.3141 95.4984 89.8654 86.1469 84.6478 77.4423 75.85 71.4579 68.046 63.0431 60.1241 62.7318 58.7466 63.9126 58.0675 57.7241 57.2797 56.2203 56.013 55.9436 54.9291 71.4131 54.7868 52.4238 46.405 44.7698 44.348 56.6953 43.5967 42.4249 41.8564 41.2717 40.6802 38.916 38.4982 38.4213 38.1264 51.9883 37.7061 37.6103 37.1583 36.6049 33.1643 32.8525 32.7288 36.0522
threshold=7.7500000000000009 2.7500000000000004 11.500000000000002 0.22500000000000003 21.500000000000004 0 1 2.5000000000000004 2 0.042297692156242954 2.1250000000000004 4.0574104091154588 3 4 -0.20000000000000004 3.225608871412931 49.875000000000007 3.6250000000000004 5 6 7 1.5000000000000002 8 0.049546990842082007 9 0.19999999999999937 15.500000000000002 5.7857142857142865 1.6761543611374872 0.023087669066025402 5.0851340877949331 10 0.013942736644204652 5.6699670385395544 1.0000000180025095e-35 11 2.4190113469967502 0.062692626555197667 12 3.2358737863179616 13 14 0.040322696682795658 15 1.9728273796353162 5.4498170235836279 2.0500000000000003 0.25662529283394525 1.1000000000000003 0.043865344292880755 4.6521542827657383 5.0114216919400407 14.27857142857143 10.27857142857143 16 17 18 0.040807898977232103 146.50000000000003 18.500000000000004 4.2660006009615392 0.012896346633733452
decision_type=2 2 2 2 2 1 1 2 1 2 2 2 1 1 2 2 2 2 1 1 1 2 1 2 1 2 8 2 2 2 2 1 2 2 2 1 2 2 1 2 1 1 2 1 2 2 2 2 2 2 2 2 2 2 1 1 1 2 2 2 2 2
left_child=1 3 6 18 8 28 21 10 -4 15 38 13 -12 36 17 -8 19 35 -1 -6 26 49 -13 44 30 -24 46 -28 40 -30 -17 45 -22 42 -7 -9 -11 -38 -3 58 47 -19 43 -34 -20 55 -16 -5 -41 -2 -29 54 53 -32 -31 -10 -35 -57 -23 -54 61 -46
right_child=2 7 4 5 16 34 9 14 31 11 12 22 -14 -15 20 24 -18 41 23 -21 32 39 25 -25 -26 -27 27 50 29 51 52 -33 33 56 -36 -37 37 -39 -40 48 -42 -43 -44 -45 60 -47 -48 -49 -50 -51 -52 -53 59 -55 -56 57 -58 -59 -60 -61 -62 -63
leaf_value=-0.0083204642755065669 0.00064114374434327554 -0.0067246940066265533 0.0070239476221635351 0.0026719116235114585 0.0073591829716972649 -0.0039756287259909654 -0.0046894575741659675 -0.0015740617766182353 -0.00090537921905829439 -0.00085737764514881576 0.0013558056835648591 0.0054738864072453155 -0.0042269600887982371 0.00042806622738587045 -0.0017595651330806262 0.0010394013287362781 0.051174155728572646 0.00048750223484899107 -0.015483619459461884 0.013407773105800292 -0.0041129562092892093 -0.0020197369757188445 0.0016237246606157886 0.0059604326217918896 -0.00047378338950322397 0.0045024033045428791 -0.00031433325509930835 -0.0076136952993270616 -0.0038956630486271628 -0.0033303118094594689 0.003744898319489032 0.0044146931168458749 -0.0011886123233314173 0.0010350731099962151 -0.0041714573675019967 -0.0026132809607966601 0.0020184497369646892 0.0046935069192557636 -0.0069741829129462756 0.0013342226820926006 -0.015999548506206308 -0.00081014022086781665 0.00022481380735160929 0.00010532965810672312 -0.018882673033577903 0.0036533383975501988 0.00055986922923980666 -0.0042571559971070986 0.012680884298854346 0.0047343162189656292 -0.0018082753296854049 0.012293162547345866 -0.0035543725135768868 -0.0011243931897159775 -0.0043165197833029299 -0.0031094998567850586 0.00015578729133093329 0.0030239857989431853 0.0066858961697236711 0.0047942342364336536 0.0026270553203692204 -0.00062161426403711806
leaf_weight=640 472 3140 7013 56 753 2205 988 1099 470 640 3454 5483 6244 5989 1901 4002 966 2835 128 3069 1222 117 3685 690 3243 1862 1287 1214 2656 1067 1484 7239 4465 2345 4524 1474 2654 3529 2921 125 550 4925 12908 7452 275 2109 2783 48 1247 1098 712 55 30 496 1198 192 2748 1290 90 1201 571 814
leaf_count=633 419 3131 3818 56 394 2204 971 1095 311 592 3358 4046 6231 5485 1873 3646 483 2787 128 1562 1216 101 3015 599 3089 1541 1281 1212 2653 1064 1229 4099 4455 2330 4521 1472 2318 2691 2917 76 550 4906 12759 7399 275 1217 2735 48 702 817 710 54 26 445 1196 157 2726 814 56 976 530 774
internal_value=0.00264448 -0.00632321 0.0143913 -0.0229839 0.0233765 -0.02807 0.00899014 -0.00236366 0.0202165 0.00776822 -0.00786453 0.0102208 -0.00369059 0.00639936 -0.000607543 0.00266448 0.0354552 -0.00519112 -0.00281981 0.0318323 0.000605692 0.0225775 0.0146582 0.00152471 0.00415941 0.0104615 -0.00401429 -0.00928594 -0.019446 -0.0176201 0.00685839 0.016205 0.00177827 0.00221247 -0.0351996 -0.0135373 0.0108055 0.0122647 -0.0145406 0.0304715 -0.0335802 -0.00242172 0.00123036 -0.000968703 -0.00374231 0.0113323 -0.000404482 -0.000826087 0.0340095 0.0147645 -0.0149948 -0.0115446 0.0118758 0.00756941 -0.012553 0.00603943 0.00699745 0.00990958 0.00694712 0.0187865 -0.00156231 -0.00664679
internal_weight=142142 80606 61536 15477 23101 12359 38435 65129 18313 35286 15759 23842 9698 12812 49370 11444 4788 10333 3118 3822 39037 3149 11030 2478 10456 5547 7897 3213 5630 4976 7213 11300 31140 29918 6729 2573 6823 6183 6061 1579 654 7760 24825 11917 1788 4061 4684 104 1372 1570 1926 2320 3211 1980 2265 1952 5093 1482 207 1231 1660 1089
internal_count=124974 79878 45096 15285 12855 12346 32241 64593 10416 30070 15637 19688 9589 11086 48956 10382 2439 10260 2939 1956 38696 2171 8602 2306 9411 4556 7811 3203 5621 4967 6322 6598 30885 29669 6725 2567 5601 5009 6048 935 654 7693 24613 11854 1707 2499 4608 104 778 1236 1922 2314 2676 1674 2260 1282 5056 971 157 1002 1579 1049
cat_boundaries=0 1 2 4 6 8 10 12 14 16 18 20 22 24 25 27 29 30 32 34
cat_threshold=1626341139 33570824 45186584 32772 324386848 65537 16101380 84132 738201923 1996 218631424 38996 21399808 262144 3501694768 6152 3841407060 65891 1627554211 327968 1185667940 41219 2078506756 41264 537165824 1204122385 163904 738203358 54024 4447488 1090519328 262400 3019974252 131993
is_linear=0
shrinkage=0.05


Tree=43
num_leaves=63
num_cat=19
split_feature=19 19 14 39 18 19 0 0 20 18 22 0 23 14 0 19 0 25 0 26 0 0 26 15 0 0 26 23 0 0 26 25 20 26 0 26 25 0 0 25 26 0 26 0 25 25 42 49 44 26 20 0 17 29 25 25 44 25 24 25 25 0
split_gain=5538.01 2252.73 828.076 621.741 334.975 313.342 310.599 216.164 205.369 156.519 132.151 124.536 98.9166 87.9505 87.3713 86.2546 103.733 83.366 95.1953 81.4642 80.0129 79.1105 77.2841 73.7497 73.5133 72.2396 71.9766 70.5335 66.8451 61.9854 57.1963 55.6835 53.2546 63.1586 52.7316 48.8996 48.2184 65.5117 48.3043 48.0227 45.5782 45.5073 45.2099 44.1352 45.1272 43.9558 42.6211 64.6603 48.9823 41.5653 41.2146 40.1707 39.8518 39.283 37.8117 37.7739 36.276 35.2645 35.828 34.5282 34.1084 33.7983
threshold=8.7500000000000018 2.7500000000000004 18.500000000000004 0.22500000000000003 3.8750000000000004 11.750000000000002 0 1 -0.099999999999999825 35.625000000000007 0.083333333333333273 2 0.87500000000000011 5.5000000000000009 3 4.2500000000000009 4 4.0252901617905907 5 0.041751335166641611 6 7 0.063158327889785662 2.0625000000000004 8 9 0.063158327889785662 0.87500000000000011 10 11 0.047015667818420107 4.7241388674670803 1.0000000000000002 0.033267198828193505 12 0.040322696682795658 6.5361703219115208 13 14 3.2358737863179616 0.065449229474120615 15 0.024621259427599254 16 2.6465923254088959 6.0374288056596823 4.4071428571428592 14.021428571428574 24.250000000000004 0.023087669066025402 -0.19999999999999893 17 0.478713553878168 4.2660006009615392 4.4179397048849784 6.736241822416539 33.800000000000004 2.2612878619175967 2.3265250544662313 4.5194235999296568 4.3723104274829216 18
decision_type=2 2 2 2 2 2 1 1 2 2 2 1 2 2 1 2 1 2 1 2 1 1 2 2 1 1 2 2 1 1 2 2 2 2 1 2 2 1 1 2 2 1 2 1 2 2 2 2 2 2 2 1 2 2 2 2 2 2 2 2 2 1
left_child=1 3 5 20 8 17 27 32 10 14 11 52 -8 15 -4 16 -6 18 26 29 -1 57 36 41 -17 50 -2 49 -21 -19 55 -27 33 -7 -25 39 37 42 -38 51 -20 -12 -9 44 -15 -16 59 48 -48 56 -24 -23 -3 -46 -34 -22 -5 -10 -59 -35 -51 -29
right_child=2 4 9 6 13 7 12 22 21 -11 23 -13 -14 43 45 24 -18 19 40 28 30 35 25 34 -26 31 -28 61 -30 -31 -32 -33 54 46 -36 -37 38 -39 -40 -41 -42 -43 -44 -45 53 -47 47 -49 -50 60 -52 -53 -54 -55 -56 -57 -58 58 -60 -61 -62 -63
leaf_value=-0.0084688215313366236 0.001050643266241158 0.0024662176411829329 0.005652270176642449 -0.0039643115979186797 -3.0096461637912909e-05 0.00057788130412598224 -0.0039356481390703689 -0.0067341805546904006 -0.0066210835987659256 0.039868370953923794 -0.0055302791467913394 -0.0064074047140362028 -0.0037063550097938048 -0.00088747127029653041 0.007909948113439369 0.00031342440774036477 0.00018899759440627051 0.003895627309993821 -0.0044869834476426009 0.0017646812286517656 -0.0027376230598576746 0.00021631652930416135 0.0011285600721131605 -0.0034923180776987753 -0.00061805322231703883 0.0038504744507624426 0.0037599014117657872 -0.0038977862457013515 0.0052451925807310397 6.3245055722549467e-05 0.0056624109907023046 0.0058465883158529243 0.0064852490865306206 0.006107887422783476 -0.00043313132248187227 0.00026771892221623129 0.0054929055405238854 -0.00048961507164596574 0.0016709305471370286 1.1078805316572238e-05 0.00029960383861579178 -0.0068832087029890195 0.003186923157652666 0.00047519125848762835 0.0010147285291283558 0.012573456498399183 0.0053330975043696834 0.0066213305587460476 0.0017073838588260949 -0.0039843059053448204 0.0025070938108965324 -0.0049209808275048287 -0.0049858616603317696 0.0034196761634272769 0.0084913583723536575 0.012200507140368955 0.0004214965482238431 0.00085901142572785696 -0.0026342586621935561 0.012586619041668979 0.0074251774687410406 -0.0041464828343949376
leaf_weight=574 3627 120 1666 1949 1643 486 4106 183 1191 1348 1038 1408 2286 633 1620 9003 1843 2398 980 2210 1638 792 1441 3563 11124 4167 2904 764 3748 2304 742 2609 1658 197 4266 5632 1033 1577 1170 6939 1237 1102 2957 8700 2863 2218 625 2225 1505 2008 1358 2660 1486 2747 2681 164 182 1025 4088 667 197 867
leaf_count=571 3269 117 868 1947 1635 335 4103 167 1188 674 1035 1407 2285 611 852 8832 1842 2002 949 1928 1607 782 946 3558 11068 2640 2359 764 2937 2145 645 1443 1022 119 4252 5551 629 1187 760 6880 1135 1101 2039 8573 2779 1126 355 1282 911 2006 810 2652 1484 2520 1501 116 182 1004 4072 356 193 866
internal_value=0.00250941 -0.00507751 0.0153474 -0.0224218 -0.00144307 0.0129286 -0.0274551 0.0164599 -0.00496149 0.0315621 -0.00996188 -0.019136 -0.035139 0.00177905 0.0278102 -0.000120479 0.00713937 0.00809908 0.00447994 0.0110679 -0.00246714 -0.00205325 0.0129071 -0.00718606 -0.00137843 0.0158255 0.00751223 -0.0191276 0.0149513 0.00614395 0.00136791 0.0186231 0.0222571 0.0190931 -0.0049355 -0.000183672 0.00888528 0.00602904 0.0149932 -0.00221757 -0.00446364 -0.015411 0.0101857 0.00478085 0.00798609 0.032007 0.0206983 0.0186742 0.0124331 -0.0158162 0.0089484 -0.00703591 -0.00939703 0.00942702 0.026462 -0.00343594 -0.0207997 -0.00679256 -0.00499511 0.0308613 -0.0109905 -0.02803
internal_weight=142142 89343 52799 15477 73866 45947 12359 26539 35310 6852 12983 3014 6392 38556 5504 23613 3486 19408 8748 10660 3118 22327 16495 9969 20127 9575 6531 5967 5958 4702 2544 6776 10044 5705 7829 16023 6920 4717 2203 10391 2217 2140 3140 14943 6243 3838 5219 4355 2130 4336 2799 3452 1606 5610 4339 1802 2131 6304 5113 864 2205 1631
internal_count=124974 88228 36746 15285 72943 33226 12346 16502 35083 3520 12954 3008 6388 37860 2846 23377 3477 16724 7712 9012 2939 22129 10621 9946 19900 5839 5628 5958 4865 4147 2368 4083 5881 3358 7810 15865 4782 3393 1389 10314 2084 2136 2206 14483 5910 1978 3023 2548 1266 4328 1756 3434 1601 5299 2523 1723 2129 6264 5076 475 2199 1630
cat_boundaries=0 1 2 4 6 8 10 12 13 15 17 19 21 23 25 27 29 31 33 34
cat_threshold=1626341147 48332312 1940876575 1 3104442113 381309 48488315 265730 1258287237 84137 738197827 1996 27164750 115701564 33345 687866051 276961 1297617031 353730 619014302 176898 1629226386 319214 3290202308 108997 2013692193 263936 2069560100 2416 581158988 132646 1646264320 9454 357658
is_linear=0
shrinkage=0.05


Tree=44
num_leaves=63
num_cat=22
split_feature=19 19 13 23 18 0 0 20 16 16 25 0 20 14 26 26 23 0 23 26 25 13 15 0 29 21 0 0 16 0 29 20 0 25 0 0 0 0 25 0 0 0 24 16 41 29 17 49 0 0 0 0 25 47 0 47 44 17 41 25 0 25
split_gain=5105.8 2149.47 716.646 546.619 388.466 276.105 224.921 203.889 174.892 157.178 127.605 120.56 119.396 118.728 113.577 111.694 110.982 118.604 107.718 89.5199 99.5692 84.2253 78.0678 76.9964 72.6096 72.5042 68.0525 65.4333 62.8755 66.4706 58.1132 57.8335 53.4944 50.7614 50.5959 50.3553 49.1298 48.1831 47.6955 47.3668 46.419 45.942 45.8927 43.7527 109.014 91.2927 54.7211 42.7346 44.7631 41.792 41.6599 40.0395 39.7011 38.3683 38.0218 43.13 38.04 36.9513 36.4423 36.1018 34.7539 33.7177
threshold=9.2500000000000018 2.7500000000000004 18.500000000000004 0.37500000000000006 3.8750000000000004 0 1 -0.099999999999999825 29.812500000000004 1.0000000180025095e-35 4.6819445266819075 2 1.0000000180025095e-35 6.5000000000000009 0.040807898977232103 0.061807696328717208 0.87500000000000011 3 0.87500000000000011 0.041751335166641611 4.0574104091154588 2.5000000000000004 2.1875000000000004 4 3.8712905344132089 1.0000000180025095e-35 5 6 8.4226190476190492 7 2.7352273103402625 -0.20000000000000004 8 2.6465923254088959 9 10 11 12 6.5361703219115208 13 14 15 3.2278532226287648 3.0871212121212124 0.086956521739130196 4.3780754357226419 0.49999999999999228 14.021428571428574 16 17 18 19 3.1473405508241545 3.4052348542560442 20 -2.5093292670702847 28.800000000000001 4.7914835310472084 0.35294117647058859 2.3611733746099497 21 3.0284969300221403
decision_type=2 2 2 2 2 1 1 2 8 8 2 1 2 2 2 2 2 1 2 2 2 2 2 1 2 10 1 1 10 1 2 2 1 2 1 1 1 1 2 1 1 1 2 8 2 2 2 2 1 1 1 1 2 2 1 2 2 2 2 2 1 2
left_child=1 3 5 9 7 10 -5 16 11 30 15 -4 28 24 -12 25 22 58 -8 42 40 37 34 59 31 49 -11 -26 -7 -30 39 41 -33 -15 -3 -35 -24 -9 -13 -1 -21 -6 -14 44 45 -25 -45 48 -17 -2 -27 -22 60 -31 55 -16 -57 -56 -18 -23 -32 -29
right_child=2 4 8 6 13 12 18 21 -10 26 14 38 19 33 54 47 17 -19 -20 20 51 23 36 43 27 50 -28 61 29 53 52 32 -34 35 -36 -37 -38 -39 -40 -41 -42 -43 -44 46 -46 -47 -48 -49 -50 -51 -52 -53 -54 -55 57 56 -58 -59 -60 -61 -62 -63
leaf_value=0.00043954119649085581 0.0039145064178446104 -0.0053778546708011582 0.0059083752690824668 -0.0038379175381218936 -0.0017334233775133656 -0.00051170435210688985 -0.0036561247048552238 -0.0020093550745915569 0.031942445192163375 -0.0025362350072114627 0.0044379843517149574 0.0081969458364141278 -0.0060609726000866899 -0.0007022629909624545 0.016353988838180799 0.005103809279181859 0.00053476544617494517 -0.0058773814210706602 -0.0036769170961036381 -0.00091394729984577985 0.0027746165960699344 -0.0032279029901235048 -0.00064450839284148082 0.00027504751264390004 -2.4625089984126049e-05 0.00041562896417680629 -0.0044916380611055963 0.00017417494428664251 0.00026821394730360828 0.0020312304243743028 0.0062673438517287577 -0.00075579499043777483 0.00015192544247939478 0.0024857809799418099 -0.006801336359507127 0.0010959318267086849 -0.00342233843830172 -0.0069694742924767518 0.012712905113282269 -0.0076315968604100115 0.0031122481856507237 -0.00011591298356489755 0.0019877245766769694 -0.00023773177343611174 0.0003320610154038173 -0.00021801318916360169 5.8716970096917013e-05 0.0066279722402178502 0.0013595499334531748 -0.00080557536640207816 0.0066538406488439398 0.0042845302211369117 0.0063754806445596836 0.0048980223860749742 0.0051936883160770666 0.0077655645077562953 0.0018269554130280865 0.011614605226509657 -0.0078820595157311664 -0.00044645326734928938 -0.005015922666574424 0.0017739808528886903
leaf_weight=408 656 1209 1956 3745 3622 2312 2885 2181 1654 2003 2719 1929 266 914 500 2757 530 1299 2655 521 1673 1731 4512 674 6649 390 2056 2564 2950 3045 249 3131 8475 4986 1242 6209 4013 1580 1680 437 2486 3343 1729 398 5234 111 2619 2142 1045 1629 1269 3407 744 862 3275 1796 225 584 258 8116 295 5608
leaf_count=386 478 1206 1040 3743 3606 2118 2882 2163 827 1997 1893 993 244 877 256 1737 527 1298 2653 410 1123 1725 4493 674 6534 295 2052 2516 2048 2054 239 3116 8397 4531 1241 5995 4007 1580 848 431 1866 3312 1411 398 5157 110 2599 1278 758 1338 870 2122 608 531 1961 1028 136 321 258 8011 294 5374
internal_value=0.00245735 -0.00404035 0.0162776 -0.0211167 -0.000785566 0.0135489 -0.0287901 -0.00468929 0.0307265 -0.00960681 0.0178306 0.0264723 0.00931082 0.00227781 0.0221148 0.0139038 -0.00966358 -0.0202323 -0.035218 0.013071 0.0154111 -0.00181917 -0.00765191 -0.000457795 0.000739526 0.00737516 -0.0153805 0.00334941 0.00518484 0.00758895 0.00138004 -0.00134315 0.000818041 0.00651899 -0.0155159 0.00744418 -0.00538881 -0.00865098 0.0319185 -0.00880024 0.00819315 -0.00494473 0.00357966 0.00287333 0.0053397 0.0227036 -0.00203612 0.018233 0.0150394 0.00159449 0.0153283 0.0196802 0.00806439 0.0118543 0.0257632 0.030784 0.0276187 0.0223372 -0.00462453 -0.0035144 -0.00219266 0.00634181
internal_weight=142142 96685 45457 15477 81208 38238 9285 35707 7219 6192 18987 5565 19251 45501 9099 9888 13063 2087 5540 10082 8087 22644 10976 18883 33392 3944 4059 14821 9169 6857 2133 18571 11606 12109 2451 11195 8525 3761 3609 845 3007 6965 1995 9036 6019 785 3017 5944 3802 2285 1659 5080 1288 3907 6380 2521 2021 3859 788 9847 544 8172
internal_count=124974 94990 29984 15285 79705 26276 9278 35447 3708 6007 12349 2881 13927 44258 5595 6754 13030 2083 5535 7176 5521 22417 10947 18674 32855 2981 4049 14424 6751 4633 1958 18431 11513 11403 2447 10526 8500 3743 1841 817 2276 6918 1655 8938 5941 784 2997 3773 2495 1816 1165 3245 1141 2585 3702 1420 1164 2282 785 9736 533 7890
cat_boundaries=0 2 3 5 7 9 11 13 15 17 19 21 23 25 27 29 31 33 34 35 37 39 40
cat_threshold=115703324 165888 1078329119 3305774368 170324 1384736023 1 299813758 278528 636417297 6806 3981084918 198082 2835349505 327933 185767937 290849 2069560096 35184 35780636 217902 2398353965 74001 3002167077 323624 1276 164112 150995008 328493 2968524453 351517 8746000 2048 41959424 4201472 16908352 358144 41965576 32768 6570760
is_linear=0
shrinkage=0.05


Tree=45
num_leaves=63
num_cat=20
split_feature=19 19 13 23 15 0 20 0 15 41 0 16 22 0 25 20 13 26 26 26 25 15 0 25 0 0 0 25 21 0 16 0 0 22 0 0 26 0 0 0 40 26 24 0 22 49 0 42 25 25 24 47 25 22 0 0 26 25 38 24 25 25
split_gain=4690.97 1885.05 688.018 503.313 356.285 242.464 201.152 182.076 173.236 137.952 136.839 135.318 131.056 143.753 120.409 114.183 110.216 106.963 103.68 84.7395 89.0923 81.174 77.0884 66.0176 72.5035 71.9791 61.1076 59.0576 58.6397 55.7886 55.5782 58.4654 53.9317 52.2378 56.7916 51.8883 48.7905 47.2145 47.0128 46.3294 44.4353 43.4366 43.0278 42.8041 43.8953 41.9243 45.1059 41.9119 42.2919 41.3762 39.2317 39.1877 44.0348 37.7891 36.9475 36.7051 35.2999 34.7764 41.4592 34.3682 33.1307 32.9574
threshold=9.2500000000000018 2.7500000000000004 18.500000000000004 0.37500000000000006 4.9375000000000009 0 -0.20000000000000004 1 49.875000000000007 0.28571428571428675 2 1.0000000180025095e-35 0.044669913419913408 3 4.6819445266819075 1.0000000180025095e-35 2.5000000000000004 0.062692626555197667 0.040807898977232103 0.041751335166641611 4.0574104091154588 2.1875000000000004 4 2.6465923254088959 5 6 7 6.5361703219115208 1.0000000180025095e-35 8 8.7613636363636385 9 10 0.24734241452991454 11 12 0.042647509403704056 13 14 15 2.5833333333333335 0.013942736644204652 8.809640522875819 16 0.022747564935064902 14.021428571428574 17 16.00714285714286 2.6465923254088959 4.6327647222819719 4.1120837223778404 3.7646499238202167 4.0574104091154588 0.10416666666666667 18 19 0.069062758701249852 6.736241822416539 11.500000000000002 6.9467320261437919 2.8686472686008151 5.1984264468287211
decision_type=2 2 2 2 2 1 2 1 2 2 1 8 2 1 2 2 2 2 2 2 2 2 1 2 1 1 1 2 10 1 10 1 1 2 1 1 2 1 1 1 2 2 2 1 2 2 1 2 2 2 2 2 2 2 1 1 2 2 2 2 2 2
left_child=1 3 5 11 6 14 12 -5 10 -9 49 35 13 40 17 30 29 28 -16 42 39 26 47 24 -6 -25 -14 -12 38 -8 -7 53 -13 37 -35 -1 51 -23 -2 -21 -3 -24 -17 -22 -45 46 -19 48 -18 -4 -20 52 -27 -32 -30 -38 -51 58 -37 -57 -41 -43
right_child=2 4 8 7 23 15 16 9 -10 -11 27 32 21 -15 18 19 22 45 50 20 43 33 41 25 -26 36 -28 -29 54 -31 31 -33 -34 34 -36 57 55 -39 -40 60 -42 61 -44 44 -46 -47 -48 -49 -50 56 -52 -53 -54 -55 -56 59 -58 -59 -60 -61 -62 -63
leaf_value=-0.014815466917839165 0.0043212568637450936 -0.0071259826264723717 -0.0002982307381584504 -0.0036615361117167122 0.002449058514313296 -0.00037101633613397802 -0.0011115242814285387 -0.0029619000946347952 0.045024907134839642 -0.017916011578419311 0.0078370760155008767 -0.004602094353468711 -0.0045335496686448543 -0.0052507927697487133 0.0041540417211841435 -6.3005101088098312e-05 -0.0031331441966261143 0.0010556930262499932 0.011777576594831342 -0.00086824993485348778 0.0026358857662664437 -0.0031936076974600604 -0.003576359772904214 0.00023757124450773937 -0.002251112944387468 -0.00095237783293307128 -0.0065487729738570588 0.012609366688845491 0.00023344552201622906 -0.0061510016187903199 -0.00047141751714158131 0.0023891946544771338 -0.0024938204740264092 0.0023844859120724319 -0.0015878931069078618 0.00049413260559179057 0.0031478244103027133 -0.00094459043702759264 -0.0007375173440251682 -0.00065513774558809698 -0.00079648807596530711 7.2284332125305273e-05 0.0042659781347137438 0.0032849325103210592 0.0042392105023724373 0.0062935343888216536 0.0047513174305469979 -0.0089434373209595856 -0.00026496731953362662 0.0033885571421169661 0.0059763191335037609 0.0036720345493529653 0.0010870469137664763 0.0025273278065138238 0.0063159665867079887 0.0012805865090704917 0.0077829123933832569 0.015700674660290705 -0.023092040034778785 0.0062888344520677271 0.0034382496406199616 0.00086767944150122349
leaf_weight=115 704 313 283 3602 663 2630 2679 2913 966 2770 1927 1591 831 1651 2754 1607 1773 944 956 521 1673 2661 1235 10166 1650 1982 1007 1967 400 2604 1497 3820 2468 1921 2321 1684 3015 5015 1684 352 1373 20702 354 939 2278 2101 2893 403 5693 686 5588 482 4427 1167 1290 4571 1390 230 104 140 2086 1930
leaf_count=115 511 313 158 3600 639 2390 2656 2912 483 2766 991 1588 828 1650 1921 1375 1769 689 533 410 1123 2656 1226 9946 1618 1938 1006 990 304 2603 1006 2488 2461 1888 2317 1592 2698 4993 1385 308 1363 20513 252 534 1454 1250 1832 403 5622 374 3281 437 4217 826 885 4395 712 149 102 122 1519 1889
internal_value=0.0024081 -0.00382005 0.015655 -0.0198117 -0.00077202 0.0129814 -0.00311561 -0.0271748 0.0298123 -0.0327792 0.0267581 -0.00876716 -0.00760179 -0.0164904 0.016926 0.00894085 -0.0010439 0.0131272 0.021034 0.0126893 0.0150121 -0.00544414 6.91622e-05 0.003908 -0.00416811 0.00466208 -0.0152229 0.0325467 0.00688772 -0.00772994 0.00491443 0.00740093 -0.0141244 -0.00393447 0.000517323 0.0014269 0.00690764 -0.00639508 0.00183968 0.00815709 -0.00606659 0.00148442 0.00338685 0.0191566 0.0225666 0.0174095 0.01429 -0.00421891 -0.00337418 0.016981 0.0244607 0.00385157 0.00281513 0.00168037 0.0140124 0.00964087 0.0194969 0.00334894 0.00100335 0.00682867 0.0110229 0.00198361
internal_weight=142142 96685 45457 15477 81208 38238 54112 9285 7219 5683 6253 6192 17093 3337 19314 18924 37019 10016 9298 9810 7849 13756 31736 27096 2313 24783 1838 3894 4078 5283 9114 6484 4059 11918 4242 2133 14617 7676 2388 2959 1686 23867 1961 4890 3217 5938 3837 7869 7466 2359 6544 6891 6409 2664 1690 7726 2076 2018 1788 4711 2438 22632
internal_count=124974 94990 29984 15285 79705 26276 53695 9278 3708 5678 3225 6007 17014 3326 12591 13685 36681 6856 5735 6975 5348 13688 31422 26010 2257 23753 1834 1981 3085 5259 6710 4320 4049 11854 4205 1958 13807 7649 1896 2237 1676 23628 1627 3111 1988 3771 2521 7794 7391 1244 3814 6592 6155 1832 1189 7215 1086 1843 1694 4517 1827 22402
cat_boundaries=0 2 3 5 7 9 11 13 15 17 19 21 23 25 27 29 31 33 35 36 38
cat_threshold=115703356 165888 1111883547 3305774378 170839 1114471191 1 17730114 262144 2664431616 69776 2572715395 388304 2069551904 32880 2463190821 270465 687865921 327933 3657501422 288040 2342775296 385592 3 1216 4028695682 346238 41959424 131072 150995008 328493 16908352 358144 6292012 163840 4201472 42287616 524
is_linear=0
shrinkage=0.05


Tree=46
num_leaves=63
num_cat=18
split_feature=19 19 13 23 15 18 16 0 20 13 0 0 23 0 25 47 13 47 44 0 0 17 16 20 0 0 15 0 13 0 50 0 0 20 15 0 20 16 0 47 18 44 41 0 43 25 0 0 16 41 17 47 43 9 0 24 25 27 27 20 2 25
split_gain=4255.33 1512.23 790.455 470.265 270.378 265.829 210.886 188.576 186.783 132.942 128.239 111.61 96.9186 100.675 92.5471 90.4679 85.5114 81.3944 76.1325 75.0564 73.3547 71.3522 71.1441 68.5679 86.9527 60.4936 57.2849 55.2558 53.6819 51.1369 50.389 49.8432 49.2803 56.2026 47.6102 47.2816 46.1075 63.1221 45.9327 41.6777 40.3335 40.304 40.2337 37.7944 37.0298 36.3715 35.7646 33.7178 43.978 63.6111 42.2006 33.2648 33.0918 40.5649 32.7092 33.9783 32.3826 31.333 30.8755 37.2656 30.8633 30.8341
threshold=8.7500000000000018 2.7500000000000004 14.500000000000002 0.87500000000000011 49.875000000000007 3.8750000000000004 1.0000000180025095e-35 0 -0.099999999999999825 7.5000000000000009 1 2 0.62500000000000011 3 3.5311177908194544 -0.07331923339080236 21.500000000000004 -2.5416686809441722 27.850000000000005 4 5 0.49999999999999228 6.0208333333333348 0.80000000000000104 6 7 1.6875000000000002 8 2.5000000000000004 9 4.6500000000000012 10 11 -0.59999999999999798 9.9375000000000018 12 1.2000000000000011 13.520833333333334 13 -5.8820085401547644 2.3750000000000004 31.100000000000005 0.38655075682671464 14 1.1000000000000003 3.1473405508241545 15 16 3.0435606060606064 0.15384615384615383 0.49999999999999639 3.7646499238202167 22.450000000000006 1.5000000000000002 17 3.4354648109243704 3.0849575280961488 3.5595747423406574 5.4311013767209024 0.80000000000000182 -0.61559370248597534 2.18118409169728
decision_type=2 2 2 2 2 2 8 1 2 2 1 1 2 1 2 2 2 2 2 1 1 2 10 2 1 1 2 1 2 1 2 1 1 2 2 1 2 10 1 2 2 2 2 1 2 2 1 1 10 2 2 2 2 2 1 2 2 2 2 2 2 2
left_child=1 3 7 6 10 8 31 14 12 25 18 -5 26 42 15 58 51 44 46 61 -11 -13 32 29 -25 34 -3 -8 -21 30 -22 45 -7 43 -9 -28 37 -19 -24 -27 -15 -18 57 -34 -16 -1 -4 48 49 -30 -50 -12 53 -32 -47 -56 -31 -14 59 -2 -33 -10
right_child=2 5 4 11 -6 22 27 9 19 20 16 21 13 40 17 -17 41 36 -20 28 23 -23 38 24 -26 39 35 -29 47 56 52 60 33 -35 -36 -37 -38 -39 -40 -41 -42 -43 -44 -45 -46 54 -48 -49 50 -51 -52 -53 -54 -55 55 -57 -58 -59 -60 -61 -62 -63
leaf_value=-0.00060342890902984623 -0.00043751916889618326 -0.0063691102995834309 0.001372134263757885 -0.0034784593061308769 0.042773661778097653 0.00038982376637251018 -0.0037104072228633933 0.0019093617362318184 -0.0066928254446675054 -0.0018858222297566285 0.0054594231248045301 -0.003347209951972541 -0.0027264727343926931 -0.0069832031633830453 0.0038691880257270442 -0.0022964820568139202 0.011710831607554607 0.0028704549549423367 0.0067655784563653513 -0.0037714712770108186 0.0049956822410024198 -0.0032651808431374166 0.0029835361318624742 0.0025405293458597659 0.0051238292972912271 0.0072811224401700793 0.00018265750488646317 -0.0028205768472984397 0.00022087146403543256 -0.00073590643629795624 0.0025987875891846871 -0.018581045743299076 -0.0043630967256286296 2.2388667697426093e-05 0.0056295949484912455 -0.0031908755768505549 0.0065291467015476615 0.0091722809149169301 0.00064567270145107216 -0.00060924902471407591 -0.0041575024620561342 0.0066951981686045993 -0.0059754416427464487 -0.0011477861172721315 0.011802372558290503 -0.00037089269107364324 0.00400497252496933 -3.9963252189290091e-05 -0.00028982065190065188 0.0004777285804866194 0.00026915923566950273 0.011291362499184811 0.0069032173223233968 -0.00089550179217847694 0.011292442749552545 -0.00019298762382218839 0.0014259339653687865 0.0020291957213119604 0.0066198339132544698 0.0074641404379118597 -0.0020930842947579965 -0.0024765340186622465
leaf_weight=528 404 637 1592 1074 972 10831 4413 3048 720 649 5789 2183 1016 667 125 595 2422 3100 1006 2952 2332 660 2246 2601 4787 147 2966 5014 447 675 2255 112 955 16664 510 4325 1618 478 5168 4149 1751 174 1127 2692 1019 215 1441 10798 240 1961 1400 396 262 779 369 127 8608 494 570 296 782 3809
leaf_count=517 324 637 904 1074 486 10561 4406 2827 719 550 3094 2182 1015 666 71 520 1233 2179 533 2934 1570 659 2110 2079 3445 118 2959 5006 446 574 1583 112 955 16500 321 4311 1063 251 5063 3877 1750 88 1125 2671 549 177 757 10693 240 1925 1391 200 176 584 275 123 6218 491 362 210 754 3781
internal_value=0.00236097 -0.00428954 0.0136145 -0.0185001 0.0239031 -0.00131175 -0.013424 0.00997603 -0.00444606 0.00817171 0.0219714 -0.0334724 -0.0092148 -0.0146252 0.0167168 0.0069373 0.0253805 0.0196176 0.0144556 -0.00167256 0.0100961 -0.0386983 0.0015586 0.0105758 0.0145209 0.00255824 -0.00576302 -0.0166361 -0.000207479 0.00862694 0.0123949 0.000770853 0.000510388 -0.000942082 0.00736761 -0.00450425 0.0169511 0.0137734 0.00596022 -0.00143836 -0.0219823 0.0330362 -0.00775869 -0.00656387 0.0316987 0.007236 0.010529 0.0010167 0.00490145 0.00921337 -0.00139854 0.0222026 0.00843039 0.00695058 0.0146699 0.0214892 0.00632074 -0.0024454 0.0144729 0.00741084 -0.00817127 -0.00741079
internal_weight=142142 89343 52799 15477 13792 73866 11560 39007 35310 30802 12820 3917 12983 5055 8205 1865 8781 6340 4039 22327 22948 2843 38556 22299 7388 7854 7928 9427 17798 14911 5628 2133 31142 20311 3558 7291 5196 3578 7414 4296 2418 2596 2637 3647 1144 1239 3033 14846 4048 2408 1640 6185 3296 3034 711 496 9283 1510 1270 700 894 4529
internal_count=124974 88228 36746 15285 7295 72943 11370 29451 35083 23922 6809 3915 12954 5047 5529 1416 4615 4113 2194 22129 16779 2841 37860 16229 5524 7143 7907 9412 17629 10705 3913 1958 30687 20126 3148 7270 3493 2430 7173 3995 2416 1321 2631 3626 620 1092 1661 14695 4002 2371 1631 3294 2343 2167 575 398 6792 1506 896 534 866 4500
cat_boundaries=0 1 3 4 6 7 9 11 13 15 17 19 21 23 25 27 29 31 33
cat_threshold=42027016 1829372323 104388 522015 315581311 17 17727562 16777217 262144 426464 12544 894869508 71808 338889964 484643 73663350 188416 7751348 131347 2417321532 200 2597509153 98576 1116689162 131078 603979906 394518 84541696 128 2921332737 3063 131584 131072
is_linear=0
shrinkage=0.05


Tree=47
num_leaves=63
num_cat=20
split_feature=19 19 13 39 18 0 41 0 20 18 26 22 26 25 20 14 0 25 25 26 24 26 29 0 0 25 18 0 22 0 0 13 25 0 0 0 25 20 25 25 28 25 25 29 24 25 0 25 0 0 25 0 26 0 0 22 22 0 22 0 22 0
split_gain=3974.1 1535.94 663.711 379.896 304.986 224.963 214.616 214.427 182.474 156.684 113.943 109.129 107.629 105.698 105.119 96.8788 93.7621 74.5881 72.2022 67.6303 69.4525 66.1897 62.3145 60.1353 59.3675 64.0291 58.8686 58.3309 57.0527 54.1419 53.3403 52.6282 50.8783 50.6855 49.809 46.9614 46.1985 44.8227 44.0837 43.1466 43.0029 41.9548 62.0255 67.7279 60.5343 47.384 58.7982 41.3979 43.0307 41.1986 40.6171 40.5463 38.1467 43.3175 37.9182 39.8521 37.0131 36.9411 36.6064 35.8974 35.8009 34.6152
threshold=9.2500000000000018 2.7500000000000004 20.500000000000004 0.22500000000000003 3.8750000000000004 0 0.28867513459481342 1 -0.29999999999999999 48.750000000000007 0.056555322092099909 0.12499999999999996 0.041093939493837259 5.0851340877949331 2.0507313112450125e-16 6.5000000000000009 2 4.5194235999296568 3.225608871412931 0.028769390445734754 5.2738440027963653 0.034544177203220859 2.7352273103402625 3 4 4.7241388674670803 1.6250000000000002 5 0.019230769230769256 6 7 2.5000000000000004 2.4190113469967502 8 9 10 2.2612878619175967 1.2 1.6761543611374872 6.5361703219115208 143.50000000000003 1.7812887021222121 1.8839463754919217 4.3484057455078053 0.75926279602750202 3.3147607407517543 11 2.6465923254088959 12 13 3.2943372666809458 14 0.025688564393260501 15 16 0.41666666666666669 0.038461538461538457 17 0.41666666666666669 18 0.12499999999999996 19
decision_type=2 2 2 2 2 1 2 1 2 2 2 2 2 2 2 2 1 2 2 2 2 2 2 1 1 2 2 1 2 1 1 2 2 1 1 1 2 2 2 2 2 2 2 2 2 2 1 2 1 1 2 1 2 1 1 2 2 1 2 1 2 1
left_child=1 3 5 22 8 10 7 60 11 16 17 27 39 36 24 21 -4 56 -16 20 31 49 35 32 -14 -26 57 -3 59 -21 -8 61 -23 -33 -30 -1 -12 52 -32 -7 -38 -31 43 -43 -44 50 -47 -17 -49 -6 -46 -22 -19 -54 -28 -56 -2 -13 -25 -20 -5 -10
right_child=2 4 9 6 15 12 30 -9 19 -11 13 26 14 -15 18 47 -18 37 28 29 51 23 -24 58 25 -27 54 -29 34 41 38 33 -34 -35 -36 -37 40 -39 -40 -41 -42 42 44 -45 45 46 -48 48 -50 -51 -52 -53 53 -55 55 -57 -58 -59 -60 -61 -62 -63
leaf_value=-0.00024851548176298979 0.0041765295241940727 -0.005314421943405279 0.005412964050460301 -0.0031987790726662026 0.00057170608048472409 -0.00093903214919441877 -0.005091167894662252 -0.0026464445923044312 -0.0051141575052238821 0.040634978689192774 -0.0029194025464026941 -0.0040891569431598888 6.2669262976106094e-05 0.008221354153991901 0.00094103386166461973 -0.00073970780668493059 0.010452719526509746 9.8630571254437752e-05 0.0018118303592279839 -0.0039705140164621794 -0.0029831777478260936 -0.0006469798907185742 0.0013510759366661242 2.015960053867172e-05 0.0011731642737798393 0.0036230810372332558 -0.004202283533966256 -0.0044848345436699303 0.0038784308919766089 -0.0051195751260668335 -0.016736112413058425 -0.0049154528026303214 0.0013317384871216198 -1.3774765303664617e-05 0.0019323629030437274 -0.0078624992563063045 0.0035425914671014082 0.0071890882588297239 -0.0027135812069352008 0.0020852171256639631 0.0055060674757400514 0.00040309194859327051 0.029067905740974245 -0.00016607771727944476 -0.00034355299693822339 -0.00032686652331681554 0.00092828413987260387 0.0022764525977068575 0.00094362045732942492 -0.00062379911339535135 -0.011994634034305519 0.00089872434139157695 0.0066994216430871951 0.002999087378885568 -0.0011718765637580399 0.0070553683062524689 0.00026032714668982048 -0.0078948668906172366 0.0086971420549472999 0.0041062117392603181 -0.0020021770297615205 -0.0067010144620082814
leaf_weight=737 768 1024 1453 1331 1800 2207 3280 3194 1409 984 176 355 2881 2706 1264 914 3013 603 624 1384 1016 863 1704 15029 3309 2598 2176 1793 4239 532 225 2641 5685 2694 2134 677 3107 1635 3789 1281 4314 331 155 170 8010 2116 3622 4910 6285 9808 64 1362 781 2404 3305 225 1669 515 207 1307 540 808
leaf_count=710 566 1023 759 1330 1766 1947 3275 3193 1403 492 146 353 2085 1453 1011 877 1532 458 386 1377 1012 852 1554 14838 2506 1606 2173 1789 2777 531 225 2631 5482 2668 1473 675 2001 1028 3783 977 2598 331 113 170 7975 2100 3556 4466 6060 9719 64 1342 457 1634 3293 220 1330 515 198 762 540 808
internal_value=0.00229413 -0.0034384 0.0144869 -0.0178734 -0.000687054 0.0122562 -0.0218078 -0.0297167 -0.00414599 0.0308558 0.016372 -0.0101283 0.00882155 0.0198413 0.0103555 0.00202727 0.0268625 0.0118426 0.0139821 -0.00201007 -0.00526583 0.000637709 -0.00227477 0.0022628 0.00640517 0.00926749 -0.00659799 -0.0183623 0.0156767 -3.63137e-05 -0.0163119 -0.00761221 0.00626544 -0.00491848 0.0133896 -0.0100318 0.016813 0.0151079 -0.0123217 0.000772428 0.0174138 0.000839051 0.00134736 0.0186155 0.000726303 0.000376095 0.00384997 0.00585838 0.00669391 -0.00241149 -0.00209226 0.00218369 0.0121127 0.0142954 -0.00474768 -0.00152358 0.00457137 -0.0187084 0.000537483 0.0232117 -0.0159644 -0.014087
internal_weight=142142 96685 45457 15477 81208 40007 12359 5065 35707 5450 18163 9393 21844 10303 18356 45501 4466 7860 9568 26314 9930 33392 3118 21784 8788 5907 6576 2817 8304 16384 7294 7552 6548 5335 6373 1414 7597 5423 4014 3488 7421 15000 14468 501 13967 13812 5738 12109 11195 11608 8074 2378 3788 3185 5706 3530 2437 870 15236 1931 1871 2217
internal_count=124974 94990 29984 15285 79705 27201 12346 5063 35447 2783 11671 9366 15530 6198 12606 44258 2291 5473 6409 26081 9864 32855 2939 21370 6197 4112 6554 2812 5398 16217 7283 7510 6334 5299 4250 1385 4745 3577 4008 2924 4599 14840 14309 501 13808 13695 5656 11403 10526 11485 8039 2354 2549 2091 5686 3513 1896 868 15036 1148 1870 2211
cat_boundaries=0 2 3 5 7 9 11 12 14 16 18 20 22 24 26 28 29 31 33 35 37
cat_threshold=48586264 133120 6815519 755633480 40276 444950320 68 2164261063 328169 2618328224 440252 17694720 272043244 345349 555151222 456832 2417664388 24695 2233524 514736 1492189322 464392 3274772 217898 3556786280 32769 2097903 392222 8405000 1714160850 23786 1272597248 32880 16916932 75136 2482760737 287617
is_linear=0
shrinkage=0.05


Tree=48
num_leaves=63
num_cat=14
split_feature=15 15 13 13 39 14 41 14 0 0 0 20 22 0 21 0 0 20 13 9 49 26 25 0 0 24 0 0 13 0 22 41 26 26 0 26 25 0 26 25 0 25 26 50 24 25 13 29 22 41 25 26 25 40 40 26 28 25 22 47 26 13
split_gain=3607.06 1019.8 953.241 450.55 343.356 295.508 290.595 217.994 212.328 129.53 115.977 106.99 104.935 100.363 97.4671 114.303 83.0632 83.0253 80.3582 73.9955 65.9864 64.6842 91.7396 64.5442 63.9575 62.3549 71.7352 57.568 56.1423 54.0017 53.6535 52.8976 47.8088 47.2804 47.1738 45.7212 46.601 44.194 44.093 43.3567 42.9465 45.2924 42.8364 42.5691 42.2573 41.0947 40.1026 38.772 38.2533 40.3327 38.0981 38.324 37.8839 37.3519 36.5716 35.9775 35.9628 36.525 35.7855 35.7322 35.3831 34.1384
threshold=5.4375000000000009 2.1875000000000004 14.500000000000002 2.5000000000000004 0.22500000000000003 39.500000000000007 0.28867513459481342 7.5000000000000009 0 1 2 -0.20000000000000004 0.083333333333333273 3 28.500000000000004 4 5 0.29999999999999971 7.5000000000000009 1.5000000000000002 9.3428571428571452 0.032849325512600204 5.7184807633204207 6 7 5.4498170235836279 8 9 21.500000000000004 10 0.025104166666666653 0.088823118336865584 0.057013797354072505 0.027903747534621354 11 0.020172236186708551 2.16151095207135 12 0.022599639248806754 4.3065580682064875 13 5.0114216919400407 0.040807898977232103 0.65000000000000002 0.64800579322638152 3.1376489346093979 2.5000000000000004 4.5637962691458887 0.083333333333333273 0.18467994620488704 3.8672256857240379 0.063485157230088921 1.6193911239349281 21.125000000000004 2.7083333333333335 0.023599954872007403 146.50000000000003 4.5194235999296568 0.12499999999999996 3.7646499238202167 0.029611720558944253 1.0000000180025095e-35
decision_type=2 2 2 2 2 2 2 2 1 1 1 2 2 1 8 1 1 2 2 2 2 2 2 1 1 2 1 1 2 1 2 2 2 2 1 2 2 1 2 2 1 2 2 2 2 2 2 2 2 2 2 2 2 2 2 2 2 2 2 2 2 2
left_child=1 3 7 4 27 10 8 16 58 19 30 12 13 46 20 56 18 24 -2 42 43 25 34 35 53 26 -13 -1 59 55 -4 -15 -32 37 -23 -8 -37 -29 -18 -21 -5 -42 -9 -11 -36 -40 -3 -47 49 -26 -19 -52 -35 -17 -33 -14 57 -16 -6 -12 -22 -10
right_child=2 11 5 40 6 -7 23 9 61 14 28 21 29 31 15 17 38 50 -20 39 60 22 -24 -25 48 -27 -28 33 -30 -31 32 54 -34 52 44 36 -38 -39 45 -41 41 -43 -44 -45 -46 47 -48 -49 -50 -51 51 -53 -54 -55 -56 -57 -58 -59 -60 -61 -62 -63
leaf_value=-0.0079291827092266686 0.00085035615075567674 -0.0079355871120854512 0.004601362811470589 -0.0099860663044855861 -0.0030542455091966403 0.032014770739840562 -0.0048278922461760694 0.0017264732191604516 -0.0029639950728284404 -0.0025725400747147911 0.0051134594843668451 -5.0624475864990975e-05 -0.0029775772804366829 0.0051001440818514657 -0.0029900170619871825 0.0017252087920989314 -0.0034182095784388248 0.0011947278731299306 0.004345120414847442 0.003993162475171186 0.0025037532550143296 -0.00031400427846171034 0.010670750728177797 -0.0057742883015042719 4.2395466042699505e-05 0.00018725946338920554 -0.0037916218456563347 0.00073423478914892986 0.010349392490399173 -0.0014393218034871036 -0.0002533442845142453 -0.005919959508343964 0.0038939412312810453 -0.0099489987813105203 0.023771244536380399 -0.0060763904439277263 -0.0020818045240733885 -0.0086542579698840605 -0.00080403958325196982 0.011229914943920661 0.00016623456520233895 0.005254032207633064 0.0043173440382181958 0.0031622131463103554 0.00016224161292760497 0.00022175328872359179 -0.0017159169838747658 0.0026674593413040792 0.0016627084502393642 -0.0028456932042894238 0.0022262485224795237 0.0046166649016935457 0.0032105620064505572 0.0176655415483442 -0.00087764951118218804 0.0011427585301577725 0.0018561294583575917 -4.7741632799080946e-05 -0.0019181175643197712 0.010167446748224652 0.0054060833386434864 -0.0025141223626892087
leaf_weight=334 6059 531 1512 391 1320 1260 2101 992 196 281 4829 5286 835 208 918 3437 576 1009 3377 399 672 5578 439 5853 1870 4429 4796 627 2101 8492 644 296 2985 131 124 710 2917 699 2319 802 3282 396 3374 3898 15332 6136 1234 2537 2453 479 2514 1603 1434 70 2422 3370 495 1068 537 392 3783 2998
leaf_count=333 5684 530 789 390 1319 631 2099 777 195 238 2587 5232 829 205 814 2546 564 861 2764 241 525 5531 363 5845 1405 4386 4774 580 1073 8468 384 296 1591 131 91 710 2905 697 2241 423 3227 352 2223 2898 15130 5899 1233 2225 1876 378 1989 1062 1303 35 2408 3301 322 810 537 198 2523 2998
internal_value=0.00220197 -0.00509314 0.0108982 -0.0136705 -0.0167764 0.0225987 -0.0196714 0.00775684 -0.0296803 0.0104836 0.020262 -0.00124773 -0.00446805 -0.0108578 0.00890823 0.00659012 0.00384647 0.00840733 0.00732455 0.0173799 0.0131899 0.000308323 0.00205109 -0.0153035 0.00532431 -0.00227019 -0.00444263 -0.00184284 0.0243277 -0.00210624 0.0143915 -0.00510555 0.0111143 0.000463473 0.00157808 -0.0114471 -0.00806092 -0.00647702 0.00100138 0.0284068 0.00148526 0.00317024 0.0143794 0.00867105 0.00299961 0.00170972 -0.0202393 0.00329087 0.00155724 -0.00299787 0.0134182 0.0155525 0.00635057 0.0104449 -0.00698602 0.00252491 -0.00326846 -0.00628837 -0.0159234 0.0215712 0.0174248 -0.0375023
internal_weight=142142 77298 64844 23926 19857 13723 16632 51121 5051 30117 12463 53372 17388 4691 24550 15916 21004 13435 9436 5567 8634 35984 21473 11581 8309 14511 10082 3225 7322 12697 5141 2926 3629 2891 21034 5728 3627 1326 11568 1201 4069 3678 4366 4179 15456 10992 1765 8673 4802 2349 5126 4117 1565 3507 2718 4205 2481 1986 1857 5221 4455 3194
internal_count=124974 76398 48576 23621 19652 7253 16608 41323 5049 21946 6622 52777 17270 4672 18282 12098 19377 10152 8448 3664 6184 35507 21115 11559 6240 14392 10006 3044 3858 12598 2764 2909 1975 2711 20752 5714 3615 1277 10929 664 3969 3579 3000 3136 15221 10365 1763 8124 3659 1783 3912 3051 1434 2581 2704 4130 1946 1624 1856 2785 3048 3193
cat_boundaries=0 1 2 4 6 8 10 12 14 16 18 20 22 24 26
cat_threshold=6815519 41998346 2098069987 104391 2843771104 514044 7602176 262144 3840243508 163844 3939169044 43768 84607264 163584 2600026633 68727 771752003 1612 327412236 197160 22938136 262145 513040 446483 17039616 14848
is_linear=0
shrinkage=0.05


Tree=49
num_leaves=63
num_cat=6
split_feature=19 19 13 23 18 29 15 16 13 19 20 18 23 20 42 13 30 20 16 16 16 2 21 28 17 2 29 44 43 22 23 23 1 23 22 22 16 22 29 19 30 44 1 22 9 1 22 27 30 49 43 28 20 1 2 30 17 1 1 29 43 20
split_gain=3382.05 1347.19 597.484 490.32 250.987 208.915 201.495 168.625 167.651 121.165 112.594 112.154 124.853 98.7234 100.094 97.0831 84.7119 91.6363 84.2951 84.2053 82.4349 75.5826 74.1702 67.8044 66.1188 63.4125 61.6827 59.1437 54.984 52.1673 49.973 46.9017 46.5787 46.0065 45.9144 45.5508 44.5939 44.4654 44.2412 43.1577 50.212 42.5269 40.6761 49.1274 39.0072 37.0557 37.0525 36.8971 36.5581 36.8641 35.7138 34.5406 34.177 33.7521 32.7737 32.3703 31.6408 30.802 30.7192 30.4093 30.3983 29.68
threshold=9.2500000000000018 2.7500000000000004 19.500000000000004 0.87500000000000011 3.6250000000000004 4.3780754357226419 49.875000000000007 1.0000000180025095e-35 2.5000000000000004 3.2500000000000004 0.19999999999999987 2.1250000000000004 0.37500000000000006 1.1000000000000003 4.4071428571428592 3.5000000000000004 7.5184380204526713 1.0000000000000002 8.4226190476190492 6.325757575757577 3.1742424242424243 1.0000000180025095e-35 24.500000000000004 142.00000000000003 0.499999999999999 1.0000000180025095e-35 4.3965916953090529 21.950000000000003 2.6500000000000008 0.064634324009323965 0.87500000000000011 0.37500000000000006 0 0.62500000000000011 0.054972527472527462 0.33110047846889951 4.1742424242424248 0.018499850657108702 2.7352273103402625 4.2500000000000009 5.4314608114217418 25.950000000000003 1 0.083333333333333273 1.5000000000000002 2 0.033482142857142856 5.4311013767209024 3.9149319888201526 4.4071428571428592 10.65 137.00000000000003 0.29999999999999949 3 -0.060268340127661552 1.7338521408216121 1.2909944487358052 4 5 2.2322321849929216 66.600000000000009 -7.0912732491488182e-17
decision_type=2 2 2 2 2 2 2 8 2 2 2 2 2 2 2 2 2 2 8 10 8 2 8 2 2 2 2 2 2 2 2 2 1 2 2 2 8 2 2 2 2 2 1 2 2 1 2 2 2 2 2 2 2 1 2 2 2 1 1 2 2 2
left_child=1 3 5 7 8 16 37 38 11 20 25 12 -3 14 28 33 17 -2 51 22 21 24 23 48 26 -5 -10 32 55 -15 -22 -9 -20 36 -17 52 -11 -4 -1 -24 47 45 -13 -44 57 -31 -19 -41 49 -6 -50 -16 59 -18 -14 -7 -45 -39 -42 -21 -29 -33
right_child=2 4 6 10 19 13 -8 31 9 15 -12 42 54 29 18 34 53 46 27 35 30 -23 39 -25 -26 -27 -28 60 -30 41 -32 61 -34 -35 -36 -37 -38 44 -40 40 58 -43 43 56 -46 -47 -48 -49 50 -51 -52 -53 -54 -55 -56 -57 -58 -59 -60 -61 -62 -63
leaf_value=-0.0026225570983062275 -1.846578692255574e-05 -0.0023938887138792221 0.0083200337484411191 -0.0027638996199531255 -0.0026647273622449788 0.00024698127564226624 0.037002491217741108 -0.0027429652499593228 0.00026644611989309344 -0.0023423623870639123 -0.00045079665995908515 0.0001329561327356066 -0.0063854880077211578 0.0061278496387527862 -0.00034631117178455243 0.0011137375413765806 0.000876231816750317 0.004782793708861699 0.0022744325502467078 -0.00043015275156759185 5.814560998268492e-05 0.00021978156253960046 7.480077518073891e-05 0.0031207622769135581 0.00052037190413016803 -0.0035491333561712304 -0.00017039435894658506 0.0022436704011631337 0.0029502560160370229 0.0059103827013864407 -0.00030010059999111552 -0.0022351192632406314 0.0047310332679980915 -0.0026797179220206524 -0.0016886850053036808 0.0073213162885792053 0.0024555717578249817 0.0056203431085097401 0.0021854664314256088 -0.00081092817486211333 0.00076392358710616892 0.0053915363643063713 -0.0072727840465021459 -0.00027349766268424113 0.0041476940852731292 0.0018086890884109531 0.0019018807645068637 0.00053724293239031389 0.0020123958520107291 4.2207570096947092e-05 -0.00035434148528875611 0.0026836279596317405 0.00238303453687474 0.0040217869459231673 -0.0058862580525921582 0.010352240725301132 -0.0045466778781538932 0.0091789952545967782 -0.00019414029109374731 0.00097371610210835737 0.0070743689275401707 -0.0029293643565611927
leaf_weight=845 6343 2586 1523 1791 654 90 966 4059 770 2551 419 3130 973 2895 1634 3309 1372 990 1252 1044 674 3475 2877 3162 1742 1707 65 8720 726 912 588 2413 2155 2201 6136 547 608 584 1288 12506 2841 2313 631 1721 1061 1605 1733 2132 3488 4431 1411 3243 2928 2218 2577 897 1422 2098 2987 5041 127 2955
leaf_count=817 5054 2574 778 1790 642 57 483 4049 770 2543 419 3115 973 1767 1404 3183 877 682 770 1039 674 3466 2876 2936 1739 1706 65 5333 489 588 587 2410 1234 2198 6081 497 601 302 1141 12411 2803 1474 630 1721 562 1153 1344 2091 3333 4296 1381 2587 2759 1432 2572 476 1421 1066 2967 4761 72 2953
internal_value=0.00207745 -0.00321086 0.0133254 -0.0167299 -0.000634105 0.0110397 0.0277066 -0.011547 -0.00381527 -0.00116388 -0.0320176 -0.00831186 -0.0132304 0.0135583 0.0116049 -0.00376503 0.00575136 0.0031758 0.0104509 0.00179468 0.00410048 0.00652486 0.000700055 0.00370389 0.013012 -0.0349514 0.0245754 0.0126638 0.0231301 0.0183206 -0.00751781 -0.0144193 0.0182644 -0.00913915 -0.000714059 0.00597166 -0.00526741 0.0238456 0.00114574 -0.000991475 -0.00179777 0.0151304 -0.00393845 -0.00742272 0.0208988 0.0106215 0.0108462 -0.00336054 0.00168202 -0.00128687 0.00476429 0.00488827 0.00511926 0.0122515 -0.0193171 0.0308148 -0.00488073 0.0241129 0.00212644 0.00298143 0.0105046 -0.0174884
internal_weight=142142 96685 45457 15477 81208 39225 6232 11560 35159 22119 3917 13040 6136 26569 18844 14805 12656 9066 17131 46049 7314 6052 36489 13146 2577 3498 835 12254 1713 7725 1262 9427 3407 5360 9445 9560 3159 5266 2133 23343 20466 4830 6904 3774 3743 2517 2723 14638 9984 5085 4899 4877 9013 3590 3550 987 3143 2682 5828 6085 8847 5368
internal_count=124974 94990 29984 15285 79705 26793 3191 11370 34913 21907 3915 13006 6119 17404 12422 14606 9389 7080 11400 44792 7301 6040 35736 12588 2574 3496 835 7409 1022 4982 1261 9412 2004 5342 9264 9056 3144 2708 1958 23148 20272 3215 6887 3772 1930 1741 2026 14502 9652 4938 4714 3991 8559 2309 3545 533 3142 1368 5770 5800 5405 5363
cat_boundaries=0 1 2 3 4 5 6
cat_threshold=1096 2104 420 2884 1158 711
is_linear=0
shrinkage=0.05


Tree=50
num_leaves=63
num_cat=19
split_feature=19 19 13 23 14 0 13 15 14 23 16 0 19 26 25 0 0 19 13 0 16 41 0 41 15 0 0 0 0 25 29 32 42 26 0 0 0 25 13 0 25 0 26 25 26 0 0 25 42 16 26 0 0 26 25 13 25 41 26 25 25 25
split_gain=3098.7 1215.39 587.753 521.334 242.001 199.249 188.342 162.889 147.128 140.828 129.308 114.966 112.928 110.197 95.3352 90.0648 82.5784 76.964 122.006 101.62 70.7596 86.5865 68.7735 65.5036 60.0127 59.421 57.3218 56.5197 55.5858 50.4127 50.0741 55.6312 49.7481 58.4687 48.3953 47.5672 47.1085 45.3352 43.6093 43.4455 43.3258 42.618 41.784 40.7872 40.1367 48.8842 39.9744 39.8013 39.3564 37.3687 36.0951 50.528 38.2053 35.9341 36.0288 35.9159 125.233 38.3153 35.8848 47.5368 35.6549 35.0046
threshold=9.2500000000000018 2.7500000000000004 21.500000000000004 0.87500000000000011 5.5000000000000009 0 2.5000000000000004 49.875000000000007 2.5000000000000004 0.62500000000000011 1.0000000180025095e-35 1 14.250000000000002 0.062692626555197667 4.7829921748584638 2 3 3.2500000000000004 3.5000000000000004 4 3.2113095238095242 0.086956521739130196 5 0.37974016761746415 1.8125000000000002 6 7 8 9 3.161478875374879 4.4337703135064368 4.4462873998794192 5.5214285714285731 0.020591854244542653 10 11 12 6.5361703219115208 5.5000000000000009 13 5.5574056331669164 14 0.026412588020079255 2.2612878619175967 0.014280261795293602 15 16 2.16151095207135 7.5357142857142874 2.5208333333333335 0.023087669066025402 17 18 0.027987654526915304 2.7548654045198502 1.5000000000000002 1.6193911239349281 0.28571428571428564 0.040519511562898354 3.1949956858688364 1.3678421752551821 3.1185188977086145
decision_type=2 2 2 2 2 1 2 2 2 2 8 1 2 2 2 1 1 2 2 1 10 2 1 2 2 1 1 1 1 2 2 2 2 2 1 1 1 2 2 1 2 1 2 2 2 1 1 2 2 10 2 1 1 2 2 2 2 2 2 2 2 2
left_child=1 3 5 10 6 12 8 15 9 24 36 55 42 14 34 -4 40 19 27 -8 21 -21 -10 -13 41 -11 -16 -19 38 -18 31 39 33 -14 -7 -6 -1 48 -20 -31 -15 -3 -2 -44 -38 61 -26 -37 -17 -24 51 -12 -52 -30 -55 -5 -57 -58 59 -49 -54 -46
right_child=2 4 7 11 35 13 17 -9 22 25 50 23 32 16 26 37 29 18 28 20 -22 -23 49 -25 46 -27 -28 -29 53 30 -32 -33 -34 -35 -36 47 44 -39 -40 -41 -42 -43 43 -45 45 -47 -48 58 -50 -51 52 -53 60 54 -56 56 57 -59 -60 -61 -62 -63
leaf_value=-0.0054444834881399009 -6.1331562410393836e-05 -0.0065352346017432394 0.0045963355961094465 -0.016779149464338197 0.0014260710731386905 -0.0035177162306976872 -0.00027132394111650804 0.035152366656854062 0.00080056943578198374 -0.0065635015629105786 -0.0021176036848996162 -0.0022669105499866227 -0.0073770370441621717 8.7239397510152639e-05 0.0034265671057563288 0.00034545072692181438 0.0014545805889719376 -0.0029645526455765905 1.5406485250746284e-05 0.00027226324728442109 -4.5301204582381965e-05 0.00062007222389731664 -0.0056605933714042106 -0.018313882910570067 0.0010436202708354436 -0.0053732112390934344 0.0010969175635328289 -0.0011410667486857985 -0.0020326923775516813 0.0038770195872348256 0.0040950593803736612 0.0049288447218723778 0.0053151853478381533 0.010040911767937689 0.00039485713696045814 -0.0035730064579087232 -0.0087854913836637131 0.011071962071086384 0.0020306625616613896 0.00013621382247251958 0.0029089817885985581 -0.0034197468633547002 -0.0038725527128369965 0.0037077681125545882 -0.0018251149800619705 0.0002367249713230102 -0.0053014349071046412 -0.0061598239343343747 0.0084849924714385464 -0.0012909458990801983 -0.002462817514696969 -0.0068449771672452146 -0.015415909639579829 -0.0012139565465623615 5.3030324047320666e-05 0.00082512986639727843 -0.0019244905207278229 -0.0015112504704941189 0.0010067089808381336 6.2950767614600164e-05 -0.0013673954010192447 0.010834662501620929
leaf_weight=145 672 565 1230 845 10861 472 3346 966 3755 824 2034 1891 34 2220 2317 241 1725 2772 10319 862 720 2385 2146 288 1382 1437 4688 4705 3893 1071 5781 709 4717 1210 4950 268 358 1624 4123 1407 917 665 155 7624 110 1228 1348 449 727 2834 2105 2502 198 2429 9095 147 481 265 6435 3590 2588 292
leaf_count=145 538 565 642 844 10149 424 3338 483 3699 822 2032 1891 29 1610 1579 125 1329 2771 10208 862 720 2380 2146 287 1370 1437 3358 4682 3846 699 3492 434 2565 647 4118 267 348 817 3981 909 515 664 136 5163 108 1150 1346 449 372 2831 2101 2502 198 2414 8975 147 481 265 6248 3535 2579 207
internal_value=0.00198036 -0.00308157 0.0127468 -0.0159223 -0.000634105 0.0107953 -0.00227737 0.0293161 -0.00713345 -0.0130095 -0.0105782 -0.0316858 0.0155235 0.00819038 0.0047751 0.0246652 0.0112642 -0.000650504 -0.00156935 0.00403951 0.00943816 0.0126062 -0.002947 -0.0394269 -0.00732012 -0.0229642 0.0086276 -0.00728069 -0.000138814 0.0133544 0.0148729 0.00983218 0.0208059 0.0297149 -0.000201918 0.00389951 0.000536551 0.0299635 0.00208919 0.00629084 0.00408037 -0.0164866 0.0118132 0.0128464 0.0025988 0.00594421 -0.00318382 0.00153399 0.0214603 -0.00679122 -0.0130934 -0.0163092 -0.0101073 -0.00222615 -0.000823861 -0.0216095 -0.0147036 -0.0230187 0.00202339 -0.00166955 -0.00618341 0.0208111
internal_weight=142142 96685 45457 15477 81208 40669 59605 4788 14956 6221 11560 3917 14412 26257 12427 3822 13830 44649 37336 7313 3967 3247 8735 2179 3960 2261 7005 7477 29859 10693 8968 3187 5961 1244 5422 21603 2133 2592 14442 2478 3137 1230 8451 7779 1988 1630 2730 10742 968 4980 9427 4536 4891 15417 11524 1738 893 746 10474 4039 2786 402
internal_count=124974 94990 29984 15285 79705 27545 59057 2439 14880 6204 11370 3915 9078 18467 9479 1956 8988 44177 36877 7300 3962 3242 8676 2178 3945 2259 4937 7453 29424 6863 5534 2042 3241 676 4542 20648 1958 1314 14189 1608 2125 1229 5837 5299 1813 1465 2716 10499 497 4977 9412 4534 4878 15235 11389 1737 893 746 10232 3984 2777 315
cat_boundaries=0 1 3 5 7 9 11 13 15 17 19 21 23 25 27 29 31 33 35 37
cat_threshold=48322588 1189609247 65536 218763008 106069 553648259 275424 1106509620 1 309445139 66048 2335183008 491468 872678528 60678 957121730 346236 4238439964 98685 259 315266 586276885 133030 1 1217 1342964064 196616 2525369567 238474 6816816 258 3532847720 495896 3337113602 433023 3592421626 342871
is_linear=0
shrinkage=0.05


Tree=51
num_leaves=63
num_cat=21
split_feature=19 19 13 23 18 0 18 13 14 23 20 16 19 19 20 0 0 0 0 20 16 16 41 16 0 29 0 0 0 21 21 0 0 19 0 0 32 18 0 0 0 25 28 24 29 42 49 43 25 25 18 0 16 0 25 0 25 0 0 17 42 24
split_gain=2853.19 1084.83 567.531 519.117 220.219 187.144 162.188 157.561 128.075 131.967 124.044 121.113 105.444 97.3571 95.9363 95.2885 93.4805 91.0354 88.4155 70.4103 66.6347 65.3255 71.8661 64.1137 61.205 56.8389 64.5519 55.3666 53.4971 65.061 52.0156 101.816 73.702 56.4027 50.2523 47.7006 46.3967 46.1569 48.2554 46.1324 45.571 45.5397 44.054 43.97 43.5997 43.0356 44.7061 42.676 42.5261 42.0265 48.3115 41.0947 40.8682 39.7131 38.4444 38.4377 38.3742 37.3638 36.7619 36.2799 35.2407 34.7268
threshold=9.2500000000000018 2.7500000000000004 21.500000000000004 0.87500000000000011 3.8750000000000004 0 54.750000000000007 2.5000000000000004 2.5000000000000004 0.62500000000000011 -7.6613978152930422e-17 1.0000000180025095e-35 3.2500000000000004 15.250000000000002 0.6000000000000022 1 2 3 4 1.2 6.325757575757577 3.2113095238095242 0.086956521739130196 8.7613636363636385 5 4.4337703135064368 6 7 8 5.5000000000000009 24.500000000000004 9 10 4.2500000000000009 11 12 2.1803621330593699 1.8750000000000002 13 14 15 3.1949956858688364 142.00000000000003 5.4498170235836279 4.3780754357226419 4.4071428571428592 4.4071428571428592 8.1500000000000021 3.0956278983358874 3.1390540433891698 0.87500000000000011 16 2.4226190476190479 17 6.5361703219115208 18 4.0252901617905907 19 20 0.49999999999999872 7.5357142857142874 1.7087710084033618
decision_type=2 2 2 2 2 1 2 2 2 2 2 8 2 2 2 1 1 1 1 2 10 10 2 8 1 2 1 1 1 10 8 1 1 2 1 1 2 2 1 1 1 2 2 2 2 2 2 2 2 2 2 1 10 1 2 1 2 1 1 2 2 2
left_child=1 3 5 11 7 13 18 8 9 37 16 40 15 19 23 -9 -5 -14 -4 45 30 22 44 -7 -11 26 -25 -10 36 48 32 -32 41 34 -33 -27 -16 38 -3 -22 -1 -6 -34 51 -17 46 -2 -43 -30 -19 -51 -35 -29 -39 60 -13 -28 -15 -45 -18 -20 -48
right_child=2 4 6 10 20 14 -8 12 27 24 -12 55 17 57 28 21 59 49 54 -21 39 -23 -24 25 -26 35 56 52 29 -31 31 33 42 43 -36 -37 -38 53 -40 -41 -42 47 -44 58 -46 -47 61 -49 -50 50 -52 -53 -54 -55 -56 -57 -58 -59 -60 -61 -62 -63
leaf_value=-0.012843834051418413 0.0017632895564133944 -0.0030057581325928506 0.0051936107496428742 -0.0031795555307078563 0.00057508661134227372 -0.00016600103983860359 0.036389643305395625 -0.00044318957335508506 0.0010554785179716531 -0.005028987391847684 -0.0012219529702527821 -0.0017796869854526276 -0.0028318744248562234 0.0087979654660390767 -0.0038273832800953867 0.00026757781702564377 -0.0026481399127792796 -0.0017109084695812627 0.00037495663408337876 0.0049828422647110078 0.0022670765618803212 -5.1598894198745529e-05 0.00061647144462739225 -0.00026991724324118007 -0.0061040551220239549 -7.7240843089571029e-05 -0.0010547966800726783 -0.0052074906792404681 -0.00065275440886500844 -0.0018510484245794379 -0.0025594177884847025 -3.9307592099691036e-05 -0.00042658670328387109 0.0013909801445616489 0.00014909632289953346 0.0024958045831277921 0.0026393683400089078 0.0017417694462168011 -0.0069098375031418358 0.00041761273597410998 0.00058197207031287503 0.0047279835796534275 0.0021161583544809293 0.00092996507248886977 -9.4836740221848631e-05 0.0020697224653747682 -0.0013722291511495623 -0.00014291088253934881 0.0044350735671356278 0.0077205865301819276 0.00023656561246859775 -0.0004557300486160765 -0.00080882161061990874 -0.0046281684134974969 0.010864884966207479 -0.0028176600925011066 0.0020968107916018441 0.005126340119632678 -8.9450678101354885e-05 -0.017398188765041567 0.0082839403708074803 0.0087680989664800542
leaf_weight=115 615 622 1455 1034 2383 3935 870 2727 2327 1257 568 4095 5429 793 169 864 2045 3968 220 3433 4580 785 2839 2791 941 755 371 2314 277 282 2783 961 5720 1305 1516 3578 3977 983 672 4979 2018 2258 2007 2559 99 7695 86 519 3190 480 5246 11357 2625 1529 1536 5332 2614 5502 2574 270 707 606
leaf_count=115 427 618 757 1034 2305 3506 435 2719 2301 1257 568 4090 5395 409 154 864 2044 3925 114 2309 4223 785 2834 1876 939 507 288 2312 229 204 2775 961 5584 1268 1515 2157 2831 979 672 4832 1843 2028 1917 2521 99 5482 56 505 2091 409 5190 11267 2621 1528 771 5322 1694 2997 2557 269 362 328
internal_value=0.00195152 -0.00290575 0.0122827 -0.0150371 -0.000593469 0.010365 0.0285644 -0.00353268 -0.00785133 -0.0132548 -0.030767 -0.00970461 -0.000978028 0.0140385 0.00721845 0.0039501 -0.0344313 -0.00336188 0.0242141 0.0114784 0.001713 0.0083395 0.0110689 0.00474155 -0.0230082 0.00684916 0.00359962 -0.00338448 0.0116318 0.0159694 0.000726011 -0.000695914 0.0032701 0.000537149 0.00760492 0.0111779 0.00764854 -0.00761623 -0.0152857 0.00542312 0.00105201 0.00788919 0.000173818 -0.000446449 0.0228683 0.00915195 0.017542 0.0122552 0.0178907 -0.000452859 0.00228654 -0.00202914 -0.00637273 -0.00365897 0.0300101 -0.0121388 0.00869326 0.0191145 0.00345637 -0.0400881 0.0220313 0.0262554
internal_weight=142142 96685 45457 15477 81208 40669 4788 35707 13270 6004 3917 11560 22437 18730 21939 7314 3349 15123 3918 12435 45501 4587 3802 14044 2198 10109 5776 7266 7895 3749 35942 23055 12887 20272 2477 4333 4146 3806 1294 9559 2133 5160 7727 17795 963 9002 1307 2777 3467 9694 5726 12662 4939 2512 2463 9427 2985 6295 5133 2315 927 692
internal_count=124974 94990 29984 15285 79705 27545 2439 35447 13227 5993 3915 11370 22220 12008 15537 7301 3347 14919 2004 8602 44258 4582 3797 10028 2196 6522 3858 7234 5509 2524 35203 22864 12339 20089 2476 2664 2985 3797 1290 9055 1958 4838 7501 17613 963 6293 811 2533 2320 9524 5599 12535 4933 2507 1247 9412 1982 3406 5078 2313 476 384
cat_boundaries=0 2 3 4 6 8 10 12 13 15 17 18 20 22 24 26 28 29 31 33 34 36
cat_threshold=115695128 2048 1105329940 1112012575 958267586 445034 755638056 106325 348647263 32817 3373400065 328551 309379857 553820640 299904 24379392 262144 7618560 42090811 715 822083584 28800 694930176 285810 45830974 197135 3 1216 42532864 3255892520 233496 2747846916 176894 33570816 3766624572 53033
is_linear=0
shrinkage=0.05


Tree=52
num_leaves=63
num_cat=3
split_feature=19 18 13 23 20 29 15 23 25 26 13 26 25 42 24 26 2 25 20 25 26 21 17 25 25 25 1 29 25 24 2 24 44 26 25 26 20 21 26 19 25 21 42 26 49 25 16 1 15 26 44 22 26 47 28 47 47 25 2 1 29 26
split_gain=2613.09 1010.2 557.802 540.488 355.01 180.179 169.622 168.382 137.707 131.298 116.886 113.909 108.282 103.829 101.771 88.6486 78.8167 70.9382 69.1631 65.2706 61.4753 54.4496 96.5014 73.0449 51.8062 51.3062 51.4258 48.5486 48.2696 47.9517 47.1318 46.2284 45.6344 44.6928 46.6227 44.1455 42.4623 42.3729 40.5004 39.3212 55.3872 48.1771 50.7052 39.2104 38.8516 39.3208 37.4429 53.1635 39.0006 37.4019 36.6152 36.3963 35.7838 35.7834 35.448 34.317 36.8419 33.8387 32.9631 32.9415 32.2316 31.5221
threshold=9.2500000000000018 2.1250000000000004 21.500000000000004 0.87500000000000011 5.4935806322718507e-17 4.3780754357226419 56.625000000000007 0.37500000000000006 5.5574056331669164 0.040190550161445356 2.5000000000000004 0.049546990842082007 4.6819445266819075 4.4071428571428592 5.4498170235836279 0.062692626555197667 -0.060268340127661552 3.7127746414297218 1.1000000000000003 2.4190113469967502 0.05600279129766466 15.500000000000002 1.0000000180025095e-35 3.1949956858688364 3.8533727627417584 2.4668421375839582 0 4.2660006009615392 3.1390540433891698 6.9467320261437919 0.8542199457734333 3.8638114336643752 22.450000000000003 0.014280261795293602 6.5361703219115208 0.023087669066025402 1.1000000000000003 1.0000000180025095e-35 0.077411507314524522 3.7500000000000004 2.7548654045198502 12.500000000000002 14.835714285714287 0.020591854244542653 7.9571428571428582 3.143669503351028 3.0208333333333335 1 2.9375000000000004 0.022407286087250202 30.300000000000004 0.018499850657108702 0.090008844718914807 -4.4722001423359119 139.50000000000003 -2.6794649873701935 3.5217927809630729 6.5361703219115208 -0.060268340127661552 2 4.1733648679859972 0.034870875303131606
decision_type=2 2 2 2 2 2 2 2 2 2 2 2 2 2 2 2 2 2 2 2 2 8 2 2 2 2 1 2 2 2 2 2 2 2 2 2 2 10 2 2 2 8 2 2 2 2 10 1 2 2 2 2 2 2 2 2 2 2 2 1 2 2
left_child=1 3 5 7 16 8 51 11 24 14 35 19 15 50 21 37 -5 38 20 -1 -15 23 58 44 -2 -17 54 33 -13 30 -19 -24 -22 -21 -35 -9 52 -7 39 46 -41 42 -42 -33 -3 -46 47 48 -11 -16 -14 -4 -10 -26 -27 -25 -57 -53 -23 -38 -30 -55
right_child=2 9 6 4 -6 12 -8 10 36 17 -12 28 13 18 49 25 -18 29 -20 27 32 22 31 55 53 26 -28 -29 60 -31 -32 43 -34 34 -36 -37 59 -39 -40 40 41 -43 -44 -45 45 -47 -48 -49 -50 -51 -52 57 -54 61 -56 56 -58 -59 -60 -61 -62 -63
leaf_value=-0.0056364938265387804 -0.0020775165096610371 -0.0033434406563630226 0.0077908465649427112 -0.0028109016380627907 -0.0007206848645908815 0.00032438260135124746 0.034570161140125857 -0.0047362914757436095 0.0013058324428297575 0.00064389077749121837 -0.0003160719833740389 0.000360968388393057 0.0047412127492293295 0.0015460095545959064 -0.00026997984926387943 -0.001006640645025314 -0.0037329414459424171 0.0004928440806766021 0.0056941555627189281 -0.0070984931286380733 0.0051841480624843731 0.00013621070304777882 -0.0056483016831998635 0.0053256524805467388 -0.0053469904667567186 0.0017924261274597565 0.0013901379463826637 0.0007754932075080712 0.0024385366445919044 0.0048649944035413124 0.0033263738825366485 -0.0057354225590265486 0.0023953513413076167 -0.0015246650703295674 0.010263830773024219 -0.0032688480711563165 0.00068103579805769423 0.0033908406900831967 0.00064169929674690604 -0.0011345139652054026 0.00098907812249725562 -0.00015634474379796484 0.012612950897407639 -0.0010939770799593851 4.8737432545825632e-05 -0.0069396026193746969 -0.00016507799363936205 0.00012236370768344828 0.00023482222059252323 0.00054928289615749912 0.013380431645069302 0.0044103404967318852 0.0043750614999125362 -0.0022228190743141365 0.0043335498682713748 -1.9667063292638789e-05 0.0031753823632759528 0.008761958052491187 -0.00068832686428793588 0.0059592999333301592 0.013956542416111706 0.0011336811025487337
leaf_weight=1427 1610 1745 1168 1932 1391 3339 842 3577 4344 386 2047 1284 609 2897 3271 390 2029 9578 3246 1381 1450 892 2635 456 232 1226 2739 2056 423 402 2537 1594 3078 4395 166 4526 344 2185 4475 4969 2986 7161 328 8893 2067 132 505 925 279 8088 586 1075 532 643 5985 4220 829 1703 337 1239 361 3995
leaf_count=1426 1414 1739 594 1931 1390 2702 421 3575 2979 386 2031 1263 360 1987 3241 332 2028 9361 1923 1376 807 892 2632 410 209 791 1838 1971 380 356 2295 1593 1750 4363 130 4518 230 1570 4317 4926 2863 7108 276 8869 2041 132 503 925 279 7933 304 556 295 585 3644 4135 792 868 336 787 268 3038
internal_value=0.0018678 -0.0027806 0.0117547 -0.0109922 -0.0252186 0.00985358 0.0278962 -0.00747297 0.00498029 0.000400267 -0.0121658 -0.00332739 0.012127 0.0157407 -0.00175043 0.00942294 -0.0328483 0.00259021 0.0141721 -0.00565935 0.0115062 -0.00360888 -0.0055494 -0.000660847 -0.000168955 0.012155 0.0128525 -0.00389986 0.0072958 0.00559554 0.00503013 -0.00680447 0.0151457 -0.00619132 -0.00380206 -0.0148624 0.0101463 0.00430679 0.00088099 -0.000202109 -0.00107446 0.000987495 0.00597134 -0.00531512 -0.00585425 -0.00142955 0.00622376 0.00999057 0.0206287 0.00214305 0.0297199 0.0235356 0.00783166 0.00240094 0.0150713 0.00305939 0.0018703 0.0204012 0.00784146 0.0172633 0.0170637 0.00336172
internal_weight=142142 96685 45457 26995 5352 40669 4788 21643 12939 69690 10150 11493 27730 11866 35159 15864 3961 34531 10671 9425 7425 23800 14351 9449 6480 10340 9950 7998 2068 12517 12115 13122 4528 5942 4561 8103 6459 5524 22014 17539 15444 10475 3314 10487 3944 2199 2095 1590 665 11359 1195 3946 4876 4870 7211 5505 5049 2778 1229 1583 784 4638
internal_count=124974 94990 29984 26650 5349 27545 2439 21301 9537 68340 10124 11177 18008 7131 34745 10877 3959 33595 6467 9266 4544 23571 14322 9249 5246 6605 6273 7840 1911 12012 11656 13094 2557 5869 4493 8093 4291 4272 21583 17266 15173 10247 3139 10462 3912 2173 2093 1590 665 11174 664 2018 3274 3832 4435 5337 4927 1424 1228 1017 648 3623
cat_boundaries=0 1 2 3
cat_threshold=312 3856 648
is_linear=0
shrinkage=0.05


Tree=53
num_leaves=63
num_cat=15
split_feature=19 13 23 13 0 26 19 0 29 14 19 25 26 20 26 0 0 24 14 0 20 25 23 25 0 0 0 0 20 0 25 29 25 0 47 19 0 16 25 0 0 25 25 25 25 25 44 0 47 26 13 25 21 26 28 20 26 26 20 22 43 25
split_gain=2367.25 847.905 556.199 527.564 281.168 188.031 184 176.348 118.221 109.039 101.162 95.5304 94.7714 93.418 93.045 89.2044 87.6145 85.327 81.86 79.9351 75.0325 72.3234 67.362 66.3099 83.2287 68.0114 64.4186 59.7307 59.3828 58.231 56.6606 55.6956 54.0481 51.8797 51.0394 50.8382 48.0584 44.7458 44.3367 47.8003 42.0884 41.6091 39.4125 39.2864 39.2397 39.0695 39.3474 38.3114 36.8858 35.3906 34.881 33.9991 33.7738 33.9218 33.3964 33.0208 32.5252 32.3024 32.0784 31.5516 31.0305 34.7744
threshold=9.2500000000000018 2.5000000000000004 0.87500000000000011 21.500000000000004 0 0.023087669066025402 70.500000000000014 1 4.5637962691458887 1.5000000000000002 15.250000000000002 1.6761543611374872 0.042735212989607661 0.099999999999999964 0.058144204428977157 2 3 5.4498170235836279 2.5000000000000004 4 1.0000000000000002 5.5574056331669164 1.0000000180025095e-35 2.6465923254088959 5 6 7 8 -1.6849920592155108e-16 9 2.772550409816819 2.20376188228949 5.7184807633204207 10 -2.7415804409517581 3.2500000000000004 11 8.5208333333333339 4.1161115220634832 12 13 2.8686472686008151 6.3808308673971199 4.3723104274829216 2.2612878619175967 6.5361703219115208 16.850000000000005 14 -2.3205047913074854 0.050197179750276759 1.5000000000000002 5.5574056331669164 12.500000000000002 0.015439128643812651 139.50000000000003 0.29999999999999999 0.18440544383302163 0.030283089032765102 0.99999999999999978 0.010990338164251202 1.1000000000000003 4.3065580682064875
decision_type=2 2 2 2 1 2 2 1 2 2 2 2 2 2 2 1 1 2 2 1 2 2 2 2 1 1 1 1 2 1 2 2 2 1 2 2 1 10 2 1 1 2 2 2 2 2 2 1 2 2 2 2 8 2 2 2 2 2 2 2 2 2
left_child=1 2 5 7 9 22 16 10 26 50 20 28 17 -6 21 51 59 19 -13 32 34 47 36 24 -14 -25 44 -19 -11 -24 -10 -15 -3 -23 60 -21 -1 -22 39 -17 -27 -37 -28 -42 -7 46 -18 -9 57 -32 -4 -16 -43 -54 -50 -31 -36 -12 -35 -5 -2 -62
right_child=3 12 4 6 13 8 -8 14 30 11 48 18 23 31 15 38 45 27 -20 35 37 33 29 25 -26 40 42 -29 -30 55 49 -33 -34 58 56 41 -38 -39 -40 -41 43 52 -44 -45 -46 -47 -48 -49 54 -51 -52 -53 53 -55 -56 -57 -58 -59 -60 -61 61 -63
leaf_value=0.00099813348833085471 -0.00032235629732477736 -3.1413526968238074e-05 -0.015764313470369606 0.0062885866811190246 -0.0042034076530103048 -0.0030737334809543548 0.03566727087334174 -0.0029068026339356791 -0.0011100302273474693 -0.0064174380890635986 -0.002319714781701837 -0.0016740988674862124 0.00024716732217519024 0.0024470360441229081 -0.00014909018806921195 0.0025208915460167795 -0.00079787002174264154 0.00074077971978145927 0.00075449181061806316 0.00010336541399131872 0.0041501471194920758 0.0027325795715307578 -0.0066759213964877996 0.0020039463376773869 -0.00099271831586790764 -0.0051019205173955529 -0.0026724140555957733 -0.0001431061672193923 0.0010748657790367489 -0.0028614747604687853 0.0024971078976602449 -0.0043636823623061987 0.0095318796893057341 -0.00030919933436087679 0.0018516308955237649 -0.0057886855824385575 -0.005785197790246205 0.0047328825606528851 0.0034233089195037092 -8.5789023977822509e-05 0.00022234218762139381 -0.00041295857719618749 0.0078387805705212987 0.0013124278789517663 0.0001487476649017272 0.0099437659885111118 0.0068036120338086092 0.00028768902543152564 0.0033856351909165028 0.0066622247464251053 -0.0015485761029683911 0.0019540126346565267 -0.014229179221221267 -0.0024079050763290977 0.0060324882844148831 -0.0035578617076697742 -0.0025025271269252473 0.012873617013362128 0.0029396285774468071 0.0031970350318154652 0.0039714205398887039 0.0085886867988775768
leaf_weight=945 145 13452 774 360 2662 1101 782 548 1456 40 41 1021 2726 83 2521 3641 106 5719 807 2227 2468 2795 3281 5027 4497 238 7571 5477 143 2864 1475 236 234 1498 5651 1068 1067 1119 6802 1333 11836 2840 152 3739 4868 1602 839 4758 1513 766 246 1093 214 5072 2924 761 64 510 628 1099 256 361
leaf_count=907 86 13267 774 186 2659 1101 391 486 1433 40 26 1021 2677 83 1833 2561 56 5603 797 2226 1762 1959 3280 4662 4458 238 7537 5400 143 2851 1396 236 205 1106 3960 1068 1059 634 4052 1025 11647 2798 125 3585 4796 804 429 3962 839 641 246 624 214 5059 1557 758 45 258 429 573 147 194
internal_value=0.00186921 -0.00255513 -0.0091629 0.0112795 -0.0228829 -0.00602649 0.0269774 0.00943066 -0.00299856 -0.0120135 0.0137287 -0.00529076 0.000762736 -0.0337717 0.00689656 0.00935579 0.0226341 -0.000924003 -0.00874522 -0.00254282 0.010849 0.00320151 -0.011929 0.00294488 -0.00118286 0.00437575 -0.00514095 0.00270564 0.0290489 -0.0142746 0.00493375 -0.00826563 3.61393e-05 0.00756705 0.00763276 -0.0056285 -0.00387233 0.0166513 0.0114614 0.00787839 0.00275815 -0.00727515 -0.00815167 0.00308257 -0.00122826 0.0282428 0.0202378 -0.000846995 0.019562 0.00992194 -0.0253624 0.00245379 -0.00605328 -0.00841593 0.0180363 -0.00980336 0.00600857 0.0317844 0.00163547 0.0125476 0.0197837 0.0246683
internal_weight=142142 96685 32319 45457 6012 26307 4788 40669 17389 3031 15052 2011 64366 2981 25617 15390 4006 36303 1828 25107 10064 10227 8918 28063 7223 20840 13692 11196 183 6906 3697 319 13686 4921 6477 11421 2012 3587 11776 4974 15813 9194 7723 15575 5969 2547 945 5306 4988 2241 1020 3614 8126 5286 4437 3625 5715 551 2126 1459 762 617
internal_count=124974 94990 31883 29984 5999 25884 2439 27545 17029 3021 9508 2001 63107 2978 18037 10095 2048 35840 1818 24837 6828 7942 8855 27267 7135 20132 13559 11003 183 6889 3470 319 13472 3494 4432 11365 1966 2396 7638 3586 15470 9139 7662 15232 5897 1289 485 4448 2680 2037 1020 2457 8071 5273 2396 3609 4005 284 1535 759 427 341
cat_boundaries=0 2 4 6 8 10 12 14 16 18 20 22 24 26 27 29
cat_threshold=1120401375 65536 48323608 131072 285212803 268256 218767144 106325 3506004993 240983 2663395474 130288 44679680 524 172314917 49832 3867600188 135051 201404415 92041 1008074919 59142 615237248 263003 2350817536 81920 16777216 2147492003 264066
is_linear=0
shrinkage=0.05


Tree=54
num_leaves=63
num_cat=5
split_feature=19 14 14 20 23 19 21 26 14 26 20 26 19 25 25 25 23 24 23 26 25 26 26 41 24 26 43 42 44 26 25 21 41 21 22 1 21 25 1 26 1 22 25 1 26 25 21 17 16 1 2 41 16 19 36 41 26 26 21 22 16 47
split_gain=2009.55 570.832 519.278 198.317 178.02 429.864 121.647 117.924 101.952 91.5915 91.375 81.8062 81.7988 78.5934 75.4358 65.166 64.4599 64.2846 58.2957 58.1665 61.2932 58.138 56.1938 96.2125 88.7223 53.4629 52.4266 50.1125 49.9247 49.5056 46.1015 66.3322 44.5489 43.5544 42.3795 44.4631 40.0399 39.6608 39.1735 37.5737 42.664 36.415 37.7935 36.0955 35.7626 35.3409 45.5627 33.6101 57.9283 33.1372 32.8291 32.3752 37.2669 104.705 38.1839 37.2602 32.1685 31.9779 47.6854 31.4414 32.6241 31.1449
threshold=9.2500000000000018 2.5000000000000004 30.500000000000004 1.0000000000000002 0.37500000000000006 1.2500000000000002 8.5000000000000018 0.032849325512600204 16.500000000000004 0.056555322092099909 -0.29999999999999988 0.017347735832905307 70.500000000000014 4.5194235999296568 5.5574056331669164 3.143669503351028 0.87500000000000011 6.9467320261437919 0.87500000000000011 0.025234595192552004 4.6489437953667769 0.072382981954482367 0.084831924857687355 0.22222222222222213 2.1756907308377902 0.046097371495160258 8.1500000000000021 13.942857142857145 25.450000000000003 0.048952159463910301 3.0229001902526753 24.500000000000004 0.10526315789473623 2.5000000000000004 0.17501686909581646 0 1.0000000180025095e-35 3.143669503351028 1 0.077411507314524522 2 0.027777777777777752 4.7241388674670803 3 0.022187582194445051 2.9614914616579728 8.5000000000000018 1.0000000180025095e-35 3.0208333333333335 4 -0.060268340127661552 0.72620506779201899 2.0208333333333335 2.7500000000000004 1.0000000180025095e-35 0.28571428571428564 0.020172236186708551 0.013942736644204652 1.0000000180025095e-35 0.25727307098867824 7.3416666666666677 -3.2415466930527468
decision_type=2 2 2 2 2 2 10 2 2 2 2 2 2 2 2 2 2 2 2 2 2 2 2 2 2 2 2 2 2 2 2 8 2 8 2 1 8 2 1 2 1 2 2 1 2 2 8 2 8 1 2 2 10 2 2 2 2 2 8 2 8 2
left_child=1 4 3 6 9 16 8 14 19 15 18 -12 -4 29 32 44 -6 30 -7 -2 21 45 49 24 -24 27 -8 -15 -17 -5 39 41 50 -27 -22 -36 -16 -11 -25 40 -9 42 -32 -34 -1 -21 -47 48 -42 51 -3 52 54 55 -13 -54 -38 -30 -59 -33 -61 -43
right_child=2 7 12 13 5 10 26 17 -10 37 11 22 -14 25 36 28 -18 -19 -20 20 34 -23 23 38 -26 33 -28 -29 57 -31 31 59 43 -35 35 -37 56 -39 -40 -41 47 61 -44 -45 -46 46 -48 -49 -50 -51 -52 -53 53 -55 -56 -57 -58 58 -60 60 -62 -63
leaf_value=-0.0098843580694517943 -0.0022556223416465571 0.00019223278235499521 0.0089126675733890662 0.00027565764131101125 -0.01608594377194953 -0.0036409878418477318 0.0054938529125966975 -0.0012967022252497241 0.0035459376658266263 0.00052144126773421846 -0.0014425007912765798 0.00010946932978375124 0.03388390732967466 0.0024878366155788091 0.0060737951930314397 -0.0014104594183505072 -0.01838290765534456 0.0031600145983331942 -0.0050671019433912671 -0.0046160102348344672 0.0010888472596591481 0.001525065275412052 0.00019279788722961213 -0.0095137329607652091 -0.0018874400177766261 0.010579490192388897 0.0021303514737519126 0.0061754483492855623 -0.0019996159835651063 0.003618494023014002 0.0012653594950319371 6.6353380773587214e-05 -0.0033256424645489949 0.004870694631508049 0.0057883065445945014 0.0025127856159716799 -0.00090568585380712552 0.0079981223305461476 0.00029296515116725153 0.00051167497940863844 0.00028226287973146528 0.011098333262253913 -0.0011322522977207262 -0.00087627744473744995 -0.0022874983618480726 0.0019832367160676047 -0.00064419812810332386 -0.00017208571147596665 -5.499449131690648e-05 -0.0013387161819158333 -0.00039414515559187406 -0.0017732313278705726 -0.0018173607818735172 0.00040903215157626075 0.00019279788722961213 -0.00085059250594820006 0.00049918216598574536 0.0098722561845958796 0.0011140426043080131 0.0012444468892616025 0.0054435111914276973 0.0027372497940491569
leaf_weight=1132 990 858 1168 1108 1370 4190 2266 2706 3565 1065 2361 963 776 2029 558 4184 1207 848 1345 420 7667 4818 338 107 93 1146 1192 1026 560 4447 1269 16826 4158 4749 1247 1158 1148 690 219 2834 306 134 314 11021 3688 2063 3622 7532 454 4660 818 850 323 1535 576 190 3172 393 1677 2411 468 5134
leaf_count=1132 842 857 589 930 1369 4183 1292 2704 1849 1044 2360 963 388 1470 502 4097 1206 772 1342 395 5047 3372 337 107 93 614 751 641 552 2952 1189 16594 4154 2677 843 857 1140 568 218 2749 305 99 304 10919 3674 1556 2919 7429 451 4627 800 850 323 1529 576 190 3110 321 1655 2376 435 4785
internal_value=0.00209011 -0.00198628 0.0107604 0.00963012 -0.00723656 -0.0101852 0.00724241 0.000824917 0.00605045 -0.00275915 -0.00741339 -0.00499713 0.0360386 0.014404 -0.00215538 -0.00436571 -0.0292649 0.00239579 -0.012743 0.00477781 0.00533649 0.00274121 -0.0029929 0.0100858 0.0255671 0.0173048 0.0160437 0.0119257 -0.00121717 0.00972732 0.00210936 0.0033285 -0.00374021 0.020089 0.00815 0.0139422 0.00331933 0.0078844 -0.0103823 -0.000230969 -0.00155423 0.0075664 0.000912247 -0.00459453 -0.00881456 -0.00049869 0.000535526 0.000228231 0.0102431 -0.00408277 0.00399225 -0.000976844 0.0010995 -0.00331625 0.00697727 -0.0228502 0.00168827 0.00417902 0.00704732 0.00185451 0.00668229 0.00956443
internal_weight=142142 96685 45457 43513 33716 20327 29008 62969 25550 13389 17750 12215 1944 14505 21733 11634 2577 41236 5535 21985 20995 10923 9854 757 431 8950 3458 3055 6814 5555 40388 26556 16855 5895 10072 2405 4878 1755 326 13832 10998 6851 1583 15179 4820 6105 5685 8292 760 9097 1676 4437 3587 2048 1539 513 4320 2630 2070 19705 2879 5268
internal_count=124974 94990 29984 29007 33316 20273 19723 61674 17680 13043 17698 12173 977 9284 21482 11431 2575 40192 5525 15831 14989 8242 9813 755 430 5402 2043 2111 6625 3882 39420 25782 16730 3291 6747 1700 4752 1612 325 13638 10889 6377 1493 15073 4806 4870 4475 8185 756 9058 1657 4431 3581 2042 1539 513 4250 2528 1976 19405 2811 4884
cat_boundaries=0 1 2 3 4 5
cat_threshold=1834 152 645 3079 1925
is_linear=0
shrinkage=0.05


Tree=55
num_leaves=63
num_cat=17
split_feature=19 13 15 14 13 0 39 19 0 0 15 13 26 17 25 22 0 19 16 0 15 20 16 19 0 26 25 0 26 0 0 0 39 47 0 0 0 0 41 22 16 15 41 25 47 20 47 0 0 19 44 25 47 29 43 22 0 22 26 26 41 16
split_gain=1835.5 570.581 523.799 231.838 210.614 136.798 123.655 208.174 114.912 103.869 94.6043 78.8424 78.8262 155.076 89.6308 80.4243 77.1613 75.4874 92.5932 209.645 117.378 71.0115 70.6075 67.8619 88.5332 76.7966 80.2592 87.3637 71.8734 66.3727 63.01 58.5596 82.9554 57.3621 56.3806 55.2577 53.7221 52.54 52.4014 51.3198 50.8493 60.7313 49.859 44.5087 57.9537 49.141 60.097 44.2548 43.6258 43.3204 42.3128 43.3304 42.0003 41.7738 41.7388 41.698 40.3001 43.7056 39.7586 39.0569 39.0224 38.729
threshold=9.2500000000000018 2.5000000000000004 35.375000000000007 2.5000000000000004 15.500000000000002 0 0.22500000000000003 1.2500000000000002 1 2 0.81250000000000011 6.5000000000000009 0.087462450797596861 0.49999999999999939 1.6761543611374872 0.23646925990675988 3 2.2500000000000004 2.077380952380953 4 1.4375000000000002 0.99999999999999978 13.341666666666669 3.2500000000000004 5 0.017650150921463954 3.0647481538457622 6 0.046289567334706856 7 8 9 0.93750000000000011 -2.6433977798716071 10 11 12 13 0.28571428571428564 0.083333333333333273 3.2113095238095242 2.9375000000000004 0.54545454545454564 3.5311177908194544 -0.45248827232268146 1.7000000000000015 -2.5416686809441722 14 15 70.500000000000014 37.350000000000001 6.5361703219115208 3.4052348542560442 4.3484057455078053 8.1500000000000021 0.12499999999999996 16 0.07738095238095237 0.048674112739293458 0.027903747534621354 0.4615384615384619 2.7613636363636371
decision_type=2 2 2 2 2 1 2 2 1 1 2 2 2 2 2 2 1 2 8 1 2 2 10 2 1 2 2 1 2 1 1 1 2 2 1 1 1 1 2 2 10 2 2 2 2 2 2 1 1 2 2 2 2 2 2 2 1 2 2 2 2 8
left_child=1 3 4 6 5 22 37 10 50 58 36 23 15 14 -14 17 -12 18 19 -9 -21 31 43 24 -3 -25 28 -28 29 -27 -23 -7 56 -10 -19 -13 -8 59 -20 -11 41 -26 -17 44 -2 46 -45 -30 -43 -4 51 52 -6 -22 -34 -18 57 -33 -5 -1 -41 -36
right_child=2 11 49 9 8 21 7 12 33 39 16 35 13 -15 -16 42 55 34 38 20 53 30 -24 25 40 26 27 -29 47 -31 -32 32 54 -35 61 -37 -38 -39 -40 60 -42 48 -44 45 -46 -47 -48 -49 -50 -51 -52 -53 -54 -55 -56 -57 -58 -59 -60 -61 -62 -63
leaf_value=-0.0021238037802226661 0.0035629916400480854 -0.00036413534142999416 0.01170858894694591 0.00021537548549611097 0.0039216223458418964 2.5729431431997797e-05 -0.0058701292842348379 -0.0012677531986997727 -0.0015450654324504099 -0.0075358230165164077 -0.010826922527260264 -0.00029046254501867707 0.00018315799286813263 -0.0047517972149863866 -0.0018756514831112848 0.00031728527338370505 -0.017614079813712168 -0.0055580288270445592 -0.0016510952617857068 -0.0013575129033354006 0.00024823364036391515 0.0021137573641300533 0.0071437502537053501 -0.0031805602263698441 0.00063342504723995496 -0.00065934903384894941 -0.00034625706229747815 0.00038135753420269762 0.00058859769369262738 -0.0052253578235591965 0.0047185607343023855 -0.0024302809982186925 0.002778933513510007 0.0032237686388809864 -0.0045730420638887938 0.0015134259738773027 -0.015460258745667544 -0.0044885648797257432 -0.0012832117663373723 8.1215667369805022e-05 -4.8703181668174893e-05 0.00034052672189115456 -0.0022985692990324493 0.0072128845968795763 -0.0027843356324470216 0.0060748331745931862 0.0021257136138340851 -0.00044073660766796863 0.00010246329971782543 0.032189711963190919 -0.0049422802949746995 0.0074260650880102926 0.007156408591743324 -0.00053188072032709364 0.0011264300181930253 -0.015291216300045048 0.00074982412379999148 -0.00032214872038582865 0.0030770682495096513 0.0025545952844884148 -0.0042364042454234863 -0.0041473770004276716
leaf_weight=880 1073 2576 610 4503 3157 6497 752 2359 409 583 242 3358 328 324 84 1913 1042 1015 721 685 1039 4420 768 2780 3010 2917 8939 19660 1954 2231 1907 428 5165 3898 1613 9905 1574 1135 681 1950 794 561 3074 960 505 1210 3561 5256 425 790 62 2144 502 72 4790 145 1891 710 1568 1120 2084 833
leaf_count=844 719 2568 305 4383 1667 4735 750 2357 218 582 241 3242 328 320 84 1911 1042 1015 721 684 1039 3284 400 2759 3004 2887 8886 19301 1936 2231 1280 321 3574 2098 1612 9309 1572 1117 678 1948 794 561 3064 531 420 760 2335 5204 425 395 32 1089 254 72 3514 145 1484 569 1468 996 2079 831
internal_value=0.00200991 -0.00188595 0.0102962 -0.00730647 0.00933871 0.00744393 -0.0102831 -0.0118395 0.0156488 -0.00128122 -0.0223496 0.000835754 -0.00916056 0.00677748 0.0271065 -0.00999893 -0.032479 -0.0128168 -0.00920205 -0.00544875 0.00741284 0.00565843 0.0131238 -5.56708e-05 0.00438374 -0.000803535 -0.000257459 0.00119738 -0.00362448 -0.00813653 0.0102631 0.00416513 0.00610196 0.0093666 -0.018615 0.00427058 -0.016113 -0.00109853 -0.02031 -0.00692416 0.00839304 0.0107068 -0.00490076 0.0116204 0.00417669 0.013668 0.011266 -0.00040147 0.0214742 0.0403961 0.0202085 0.0206831 0.017362 0.0174865 0.00831107 -0.0376002 -0.00113696 -0.0085248 0.00301628 0.00377673 -0.00493061 -0.0142837
internal_weight=142142 96685 45457 32319 44057 33885 21631 18496 10172 10688 3755 64366 14741 736 412 14005 1429 9018 5557 4155 1796 25808 8077 51103 7366 43737 40957 28599 12358 5148 6327 19481 12984 4307 3461 13263 2326 3135 1402 4617 4790 3996 4987 7309 1578 5731 4521 7210 986 1400 5865 5803 3659 1111 9955 1187 3029 1138 6071 2000 4034 2446
internal_count=124974 94990 29984 31883 29284 23926 21423 18466 5358 10460 3750 63107 14716 732 412 13984 1428 9009 5551 4152 1795 18761 5165 50556 7352 43204 40445 28187 12258 5118 4564 14197 9462 2316 3458 12551 2322 2957 1399 4609 4784 3990 4975 4765 1139 3626 2866 7140 986 700 3042 3010 1921 1111 7088 1187 2374 890 5851 1840 4027 2443
cat_boundaries=0 1 3 5 6 8 9 11 13 15 17 19 21 23 25 27 29 30
cat_threshold=42031152 2733762136 417898 326486551 66176 2377473 838803321 65537 1105325844 2302705859 513104 4076036098 250360 2303632840 267168 3506479105 346109 3389523104 517100 50497952 264384 1894421250 2124 8261300 495891 3728777681 20496 524416 515802 3145730
is_linear=0
shrinkage=0.05


Tree=56
num_leaves=63
num_cat=7
split_feature=14 13 13 23 18 20 15 13 26 23 26 17 24 1 14 20 26 26 30 20 42 49 24 22 1 28 41 26 20 24 17 1 15 20 15 22 17 49 26 15 41 20 24 1 9 39 1 49 2 14 44 26 1 41 23 23 2 20 23 27 1 15
split_gain=1695.52 556.986 554.032 216.621 380.459 163.722 129.238 113.242 104.633 89.9808 84.0734 90.364 80.2656 77.5405 71.8041 65.8752 64.2339 60.4586 58.7069 56.6322 54.5549 108.248 86.5479 59.6461 51.6364 47.5542 43.6145 54.004 41.6479 41.3892 42.4478 41.1515 38.6859 37.1031 36.9889 36.3707 36.2769 35.7455 35.1976 34.9327 42.3279 38.5006 34.5479 35.5255 48.8817 47.4729 46.0255 35.1438 33.5584 33.5419 33.1795 32.2062 31.9682 31.4428 31.9864 31.4103 30.044 29.9111 29.7596 29.3508 36.6461 39.1787
threshold=6.5000000000000009 25.500000000000004 2.5000000000000004 0.37500000000000006 1.1250000000000002 1.2000000000000022 56.625000000000007 6.5000000000000009 0.058840338523293352 0.87500000000000011 0.084831924857687355 0.4999999999999995 2.2355481283422463 0 2.5000000000000004 -3.1999999999999984 0.04537212212143691 0.068547472487935315 5.1139030725366306 0.19999999999999987 14.178571428571431 7.5214285714285731 1.7671720862257949 0.12143504140786747 1 142.00000000000003 0.23328473740792183 0.016239393797977904 -0.20000000000000032 6.3891911764705887 4.0000000000000027 2 1.3125000000000002 -0.59999999999999798 2.5625000000000004 0.33943452380952382 2.1360009363293817 6.8214285714285721 0.018758660100355304 1.6875000000000002 0.86066296582387014 0.49999999999999989 1.3614361515215407 3 1.5000000000000002 0.93750000000000011 4 10.27857142857143 0.35460488704253573 20.500000000000004 28.800000000000001 0.041751335166641611 5 0.33554819712314482 0.62500000000000011 1.0000000180025095e-35 0.70581670320594825 -0.40000000000000108 0.87500000000000011 2.9147391451849738 6 2.1875000000000004
decision_type=2 2 2 2 2 2 2 2 2 2 2 2 2 1 2 2 2 2 2 2 2 2 2 2 1 2 2 2 2 2 2 1 2 2 2 2 2 2 2 2 2 2 2 1 2 2 1 2 2 2 2 2 1 2 2 2 2 2 2 2 1 2
left_child=2 5 3 17 9 8 -3 26 42 -5 14 12 -12 15 39 -10 -9 24 33 56 21 22 -7 51 -1 28 34 -28 49 30 -18 -13 -29 -15 -4 57 50 -24 -16 40 41 48 -2 44 -44 -45 47 -47 -6 -17 -30 -23 -41 59 -55 -26 -11 -34 -33 60 -54 -62
right_child=1 6 7 4 10 20 -8 16 13 19 11 31 -14 18 38 25 29 -19 -20 -21 -22 23 37 -25 55 -27 27 32 36 -31 -32 58 35 -35 -36 -37 -38 -39 -40 52 -42 -43 43 45 -46 46 -48 -49 -50 -51 -52 -53 53 54 -56 -57 -58 -59 -60 -61 61 -63
leaf_value=0.00062893700849412379 -0.0049871728898482348 0.007432024503499491 0.00097457282539162868 -0.01390013092539309 0.00086354291376807284 -0.001462833465268354 0.027754608574809204 0.00039684976438567613 0.0073034692399331809 -0.017187649697040452 0.00017400009322472433 -0.0064390470472011525 -0.0019548763876437391 -0.00087905650393652057 -0.0044215535457518612 0.0023888988621062371 0.0016304082351426665 0.0042792862889047606 0.0018464883697441705 -0.0013214074656851373 0.0052863771937584625 -0.00078910870273756211 0.0042712842232423111 -0.00082065873947231307 -0.00072758745434161611 0.0038143728382743049 -0.0044348678255073217 0.0021323290344149037 1.0380284452882195e-06 0.0060097700384948109 0.0069574017721464494 0.002176714142201852 -0.0013379917746551007 0.0008878946395759036 3.0299394085331333e-05 0.0019050007919185876 0.0031979061822692946 0.0071293502994699692 -0.00094431436737764114 -0.0020088853530719876 -0.0040921007226904288 -0.00087921197010740193 0.00026514378167818986 -0.0007942292809158813 0.0043225128671041894 0.001146759711506018 0.00045586239856336701 0.0050085423682825203 -0.00083960236518472182 0.0071181754078407993 -0.0033812056424815553 0.0033114422410583269 -0.0012043655387647845 -0.0042399470252767746 -0.0055588137246467724 -0.0027148031723035985 -0.013832456398868181 -0.00025948596873354157 -0.0046606122996221576 -0.00148033047368219 0.00017074631084993409 -0.0030836870121689341
leaf_weight=3098 276 2100 1142 3145 807 539 840 5322 518 1101 348 115 103 1697 881 1521 4794 782 4985 175 3614 340 3424 1583 4134 5043 2185 864 873 465 1037 228 4947 3898 20496 1856 674 857 4900 1960 142 285 1224 2531 1630 1632 9131 1284 780 227 225 1244 505 709 844 4171 404 15565 110 1111 612 109
leaf_count=3013 272 1063 1141 3141 806 476 420 4897 275 1100 347 113 103 1344 878 975 4230 710 3007 175 2251 276 2335 1175 4014 3117 2167 814 658 315 709 221 4865 3151 20372 1826 418 522 4858 1959 142 285 1002 2194 1120 1274 7691 909 780 116 165 761 505 706 844 4164 404 15461 110 1111 612 109
internal_value=0.00192549 0.00912514 -0.00221643 -0.00755846 -0.0108436 0.00785557 0.0302601 0.000656935 0.00624418 -0.0230097 -0.00680722 0.00795028 0.0237721 0.00875521 -0.0077858 0.0121475 0.00507746 -0.00233424 0.00582523 -0.0323587 0.0130447 0.0107342 0.0154522 0.00354956 -0.00325719 0.0111099 -0.000434482 -0.00183905 0.00664442 0.00849532 0.00734654 -0.00780837 -0.0011318 0.00231326 0.00121517 -0.00153315 0.00123801 0.0178293 -0.00355327 -0.0108957 -0.00520844 -0.00320075 0.00345559 0.00373401 0.00882897 0.00272774 0.0040376 0.00949607 -0.000154282 0.0121184 -0.00436306 0.0104069 -0.0128516 -0.0101243 -0.015666 -0.00530844 -0.035488 -0.00213986 0.00141834 -0.00647776 -0.00113692 0.0060724
internal_weight=142142 51910 90232 31559 19374 48970 2940 58673 37369 4825 14549 904 451 19661 13645 9081 11618 12185 10580 1680 11601 7987 4820 3167 11403 8563 47055 25417 3520 6296 5831 453 23232 5595 21638 22368 1772 4281 5781 7864 2014 1872 17708 17432 2854 14578 12047 2916 1587 1748 1098 1584 5850 3890 1553 8305 1505 20512 338 2337 1226 721
internal_count=124974 36967 88007 31210 19309 35484 1483 56797 27688 4820 14489 894 450 13226 13595 5724 10151 11901 7502 1679 7796 5545 3333 2212 11191 5449 46646 25133 2332 5254 4939 444 22966 4495 21513 22152 1241 2857 5736 7859 2013 1871 14462 14190 2122 12068 9874 2183 1586 1091 823 1037 5846 3887 1550 8178 1504 20326 331 2337 1226 721
cat_boundaries=0 1 2 3 4 5 6 7
cat_threshold=56 1064 784 9 16 2160 13
is_linear=0
shrinkage=0.05


Tree=57
num_leaves=63
num_cat=21
split_feature=19 15 13 23 19 13 29 0 0 25 0 17 25 0 16 20 0 22 0 26 26 20 25 19 15 25 0 29 0 0 29 0 15 40 20 23 0 25 0 19 23 22 0 16 0 0 0 26 24 0 19 0 42 44 0 26 25 0 17 16 40 0
split_gain=1545.93 512.45 481.138 208.383 348.002 192.479 144.381 130.315 112.319 95.9072 78.0412 72.5486 207.497 162.402 148.499 132.797 75.0251 71.6306 72.7895 67.5543 65.281 60.5128 59.042 60.3878 58.2043 56.2995 65.8928 55.2417 55.1869 52.7202 49.5877 48.5546 48.4563 48.1007 47.4788 47.3771 48.3404 47.2634 45.9121 44.8436 44.2289 42.1268 60.8632 42.944 40.9285 39.8469 39.5142 39.3127 43.2223 38.791 38.2397 37.4251 37.2742 36.9835 49.3824 39.8537 39.7778 36.8816 36.266 35.7273 34.8249 34.5874
threshold=9.2500000000000018 35.375000000000007 2.5000000000000004 0.62500000000000011 1.2500000000000002 15.500000000000002 4.5637962691458887 0 1 4.6819445266819075 2 0.49999999999999228 1.6761543611374872 3 2.0208333333333335 -0.19999999999999993 4 0.083333333333333273 5 0.034544177203220859 0.055573223649804208 0.6000000000000022 4.3723104274829216 3.2500000000000004 2.1875000000000004 3.8462539543240828 6 4.3484057455078053 7 8 4.3780754357226419 9 2.5625000000000004 2.1250000000000004 1.9000000000000004 1.0000000180025095e-35 10 2.7784219526305605 11 70.500000000000014 0.62500000000000011 0.07738095238095237 12 7.5871212121212128 13 14 15 0.018758660100355304 4.7492647058823545 16 3.2500000000000004 17 14.27857142857143 27.850000000000005 18 0.057013797354072505 5.5574056331669164 19 1.6007810593582132 0.84166666666666679 19.291666666666668 20
decision_type=2 2 2 2 2 2 2 1 1 2 1 2 2 1 8 2 1 2 1 2 2 2 2 2 2 2 1 2 1 1 2 1 2 2 2 2 1 2 1 2 2 2 1 8 1 1 1 2 2 1 2 1 2 2 1 2 2 1 2 10 2 1
left_child=2 5 3 6 10 7 24 9 34 30 -5 12 -6 -14 16 -16 -15 18 -13 22 47 41 23 44 35 26 50 33 -25 40 -2 -8 -19 -18 52 36 -1 -33 -34 -3 -27 42 -9 -43 -4 -23 59 -11 -49 -37 -21 -50 -7 54 -10 -55 -56 -26 61 -22 -48 -42
right_child=1 39 19 4 11 8 31 21 53 20 -12 17 13 14 15 -17 27 32 -20 25 46 45 -24 28 57 29 -28 -29 -30 -31 -32 37 38 -35 -36 49 -38 -39 -40 -41 58 43 -44 -45 -46 -47 60 48 51 -51 -52 -53 -54 55 56 -57 -58 -59 -60 -61 -62 -63
leaf_value=-0.0034474049222093187 -0.00053584372581660933 0.010821814100976957 0.00054854732596408833 -0.010640445002003451 0.00016530008856349145 0.0024371783372126978 0.0051566277962863012 0.0011863261575414175 -0.00048902905827094003 -0.0023720344062454937 -0.015165955104000357 -0.0022903063391527924 -0.0012825592944927912 -0.00062967087072213213 0.0024381858380603805 -0.001539403169391851 0.0002104267560301021 -0.0022043644744888348 -0.0059976030816054297 0.00017634879001992011 -0.00033550320033657325 0.0028205206302719058 0.00014826807673877786 -0.00060636865401011986 0.00057366418314312999 0.0031721487995840514 0.00024647385297424943 -0.00035367165457360632 -0.0037612119478398045 0.00012227013796350938 0.0024068569239831476 -0.0021557336640840364 -0.0031017743092462305 -0.00023679753580864161 0.007523406146916667 -0.0017903895299574591 0.00011382412660925212 0.0030374016565726195 0.0033131054567244692 0.029192495936290919 -0.00032633233813793576 -0.0010223975112376605 -0.0005725280412508416 0.0015171172890516005 -0.00027841781026145541 0.0012417928947918934 0.0031860643644189947 0.0063363447642202034 0.00020517817111268544 -0.0040828848665451839 -0.00065495364718107241 0.0030708404362158551 0.0051957826039914501 -0.0021131421447660895 0.00021532386273248605 0.0050338274480295382 0.0044331812014924976 -0.0033311292611826419 0.0034041340024509648 0.0070205775508270125 0.0074928402111606451 0.00022044047755029884
leaf_weight=1098 1733 610 1159 497 358 1649 899 1304 1348 304 1416 2404 448 248 439 450 425 2803 1740 1436 80 2381 12054 5705 3410 4110 14237 32 3915 7051 7622 1045 636 21 2328 3130 2442 1911 761 790 1347 1593 3211 4931 1510 2984 2183 997 1277 3281 9879 2075 1770 94 722 875 1386 2425 626 1008 202 1337
leaf_count=1091 1422 305 1159 496 358 849 797 922 757 250 1415 2397 448 248 423 450 425 2802 1737 1433 43 1695 11839 5648 3363 3873 13882 32 3910 6896 5132 1035 628 21 1224 3126 2362 1786 741 395 1305 1472 2250 3546 1508 2292 1321 628 897 3279 9771 1397 909 52 389 456 722 2423 581 555 104 1302
internal_value=0.00187765 0.00948227 -0.00169771 -0.00667528 -0.0116725 0.00853523 -0.00344899 0.00672387 0.0145675 0.00972702 -0.0313192 -0.00817806 -0.000555326 -0.0066594 0.000827183 -0.0128596 0.0175997 -0.0103889 -0.0150531 0.000801575 0.0137068 0.00351477 -0.00127526 -0.003714 -0.00556756 0.00206489 0.000653348 0.0288241 -0.00556023 0.00455673 0.00627886 0.00522433 -0.00578315 0.0339933 0.0191811 -0.00789238 -0.00324626 0.00208797 0.00182046 0.0392541 0.00749495 0.001399 -0.00231289 0.00396858 0.0029382 0.00787272 0.0188961 0.00982918 0.0110448 -0.0104562 -0.00219363 0.00831942 0.0154518 0.00850879 0.00610211 0.0171598 0.0108518 -0.00160127 0.00319994 0.026929 0.0150438 0.000668529
internal_weight=142142 45457 96685 32319 12678 44057 19641 33885 10172 17481 1913 10765 2421 2063 1615 889 726 8344 4144 64366 8126 16404 24343 12289 15786 40023 25552 478 9620 14471 9355 3855 4200 446 5747 9951 3540 2956 1397 1400 7420 11039 4515 6524 2669 5365 3473 4653 4349 6411 11315 3352 3419 4425 3456 969 2108 5835 3310 1088 2385 2684
internal_count=124974 29984 94990 31883 12621 29284 19262 23926 5358 11749 1911 10710 2405 2047 1599 873 726 8305 4134 63107 5195 12177 24064 12225 15644 39043 25086 478 9558 13957 6554 3618 4171 446 2982 9858 3453 2821 1369 700 7061 8190 3172 5018 2667 3987 2023 3172 2922 6405 11204 2294 1758 2376 1868 508 1111 5786 3188 598 1425 2607
cat_boundaries=0 2 4 5 7 8 10 12 14 16 17 19 21 23 25 27 29 31 33 35 37 39
cat_threshold=115695420 165890 2331108952 417896 6575891 821960464 2048 1073823759 1590001431 360449 554412910 437313 1727741952 200627 714080008 35503 21020672 2954012994 74956 851646083 370974 1208614979 1280 2921007336 44639 4028104706 82013 8411136 2 4082287380 106218 2165520 133122 84541442 4224 454422715 499864 34590728 32899
is_linear=0
shrinkage=0.05


Tree=58
num_leaves=63
num_cat=18
split_feature=19 15 13 23 0 26 0 0 19 24 25 23 26 0 25 0 20 0 25 26 0 25 28 29 0 25 0 47 26 21 47 0 0 19 25 40 26 24 17 17 49 24 0 0 0 0 0 26 25 22 42 22 49 0 20 25 14 21 26 39 22 0
split_gain=1405.47 472.495 447.744 412.383 177.066 127.523 121.429 112.486 110.595 106.494 106.032 87.6866 71.4283 68.1006 62.5164 70.4477 60.5361 58.9986 58.3818 64.3786 57.6512 57.3183 56.7409 55.3781 53.839 50.1996 50.0131 46.3468 46.2879 54.3425 41.1173 41.0875 40.7442 39.8441 39.7931 39.3871 38.7571 44.5659 39.1272 38.5476 38.4028 41.649 37.8827 37.7215 37.0709 36.7977 36.4538 35.6736 34.3273 33.9557 39.0859 34.8136 52.71 33.4088 32.8365 33.3763 31.9625 31.8876 31.3289 31.2536 31.0528 30.9141
threshold=9.2500000000000018 25.062500000000004 1.5000000000000002 0.87500000000000011 0 0.034772794189812502 1 2 15.750000000000002 44.051470588235304 4.0252901617905907 1.0000000180025095e-35 0.062692626555197667 3 3.6399175004344868 4 1.1000000000000021 5 2.2612878619175967 0.046097371495160258 6 5.5574056331669164 139.50000000000003 3.5272435897435899 7 5.9150866949794167 8 -2.7415804409517581 0.019806675553944452 1.5000000000000002 -2.0987232980946149 9 10 1.7500000000000002 6.736241822416539 1.4166666666666667 0.084831924857687355 2.2726244343891406 0.49999999999999928 0.25000000000000072 4.4071428571428592 1.7087710084033618 11 12 13 14 15 0.18440544383302163 3.8462539543240828 0.30006868131868142 14.814285714285715 0.047821969696969661 6.0000000000000009 16 -0.29999999999999999 0.83221946932136726 20.500000000000004 20.500000000000004 0.050197179750276759 0.2678571428571429 0.025104166666666653 17
decision_type=2 2 2 2 1 2 1 1 2 2 2 2 2 1 2 1 2 1 2 2 1 2 2 2 1 2 1 2 2 8 2 1 1 2 2 2 2 2 2 2 2 2 1 1 1 1 1 2 2 2 2 2 2 1 2 2 2 8 2 2 2 1
left_child=2 4 3 6 8 10 18 -5 16 23 20 34 21 25 17 39 27 54 -1 -20 -4 26 30 -3 33 -14 -6 40 43 -30 -10 -31 -23 -13 46 -9 53 38 -38 44 -2 -42 -40 -12 -16 -25 -8 49 -15 50 51 52 -29 -19 -7 -56 57 -24 -47 -45 -28 -59
right_child=1 9 5 7 12 14 11 35 22 -11 28 24 13 48 15 -17 -18 36 19 -21 -22 32 56 45 -26 -27 60 47 29 31 -32 -33 -34 -35 -36 -37 37 -39 42 -41 41 -43 -44 59 -46 58 -48 -49 -50 -51 -52 -53 -54 -55 55 -57 -58 61 -60 -61 -62 -63
leaf_value=-0.0047950360891956091 -0.00081327414552596628 -0.0027818741591555565 -0.002410926863789731 -0.0083688866617755049 -0.0027236277716989887 -0.0002768199387251036 -0.0053833630106306599 -0.015569969456988408 0.0089095225177590557 0.025485299194285951 -0.0022907184734554608 -0.0139130628675889 2.3178623099306963e-06 0.0013712754947386109 7.8846173806157438e-05 4.9297444529994296e-05 0.0037768759431066447 -0.0056241589177668866 9.5436917019964262e-05 0.0060892530643363646 -0.00082287695071486258 -0.00080611991043763045 0.006996471347967448 0.0038178430248194009 -0.0041353096586661366 0.0026258240023810278 0.0020924867895836751 0.0017166597591757315 0.0054319557310395228 0.00051672170024928969 0.0025004604909049156 -0.00025200636533433406 0.0015880473264111351 -0.0058028861314314284 0.015360864361425164 -0.015904801486278965 0.0001570350841353152 -0.00019034575606453609 0.0043941078500823738 0.0016568907375668518 -0.0018904184335146069 0.0067865551959951816 -0.00077255281470927088 0.0081352147628971031 -0.00043172135859292362 -0.0049984185538263174 -2.2290946125824719e-06 -0.0027027889065241784 0.0029421884304064783 0.0057645919440289187 0.003118608162583936 0.0011775677313057842 -0.0018402507710879035 -0.00029840060377221423 0.0001570350841353152 0.00026278389840643236 0.0072130376462124397 -0.0010239096907518341 0.0083688480858824296 -0.00033639784065100378 -0.00018643668354673126 0.0042162356033847992
leaf_weight=907 146 81 3390 761 759 2369 916 1001 241 876 1955 669 3744 2894 323 8918 3051 300 3270 724 11943 595 2086 521 4469 1308 997 387 717 5846 1579 5318 5435 1930 200 500 300 1465 322 8577 81 546 472 211 365 39 2133 64 6876 274 1776 2547 747 15397 73 7231 916 290 1063 3713 4932 606
leaf_count=901 87 41 3385 760 679 2306 907 1001 127 438 1938 668 2623 2103 318 8749 2025 299 3170 617 11891 444 1118 264 4461 703 741 254 654 5767 871 5278 3701 1927 131 499 298 1441 302 8154 53 293 461 202 358 20 2098 45 4077 192 1213 1808 531 15283 73 7024 466 152 533 3669 4063 319
internal_value=0.00180238 0.0090533 -0.0016067 -0.00884932 0.00780225 -8.14332e-06 -0.00588705 -0.0287649 0.0121087 0.0298315 -0.00237641 -0.00896059 0.00539708 0.00775788 0.00169139 0.003973 0.00884044 0.000205693 0.000599552 0.00320275 -0.00542226 0.00264919 0.0176246 0.0225191 -0.0120944 0.00302094 -0.00053745 0.00613411 0.000253083 0.0020489 0.0103213 0.00119077 0.00618388 -0.0178333 -0.00216769 -0.03667 -0.00146685 0.00423633 0.0118676 0.00702296 0.0176292 0.0230016 0.00603145 -0.003375 -0.00434688 0.0245351 -0.00358852 0.00459714 0.0101927 0.00501483 0.00414896 0.00120722 -0.00607489 -0.00239808 0.0033607 0.00502327 0.0210298 0.0185032 0.029735 -0.000532402 0.00101768 0.0105853
internal_weight=142142 45457 96685 17480 42877 79205 15218 2262 15337 2580 33093 10317 27540 14822 46112 18183 9619 27929 4901 3994 15333 12718 5718 1704 7068 5052 6688 6568 17760 11881 1820 11164 6030 2599 3249 1501 18256 2559 1094 9265 773 627 794 5879 688 1623 3049 5795 9770 5731 5457 3681 1134 15697 9673 7304 3898 2982 1102 3924 5929 896
internal_count=124974 29984 94990 17140 28688 77850 14880 2260 9554 1296 32784 10192 19134 9506 45066 17579 6501 27487 4688 3787 15276 9628 3053 858 7056 3326 5483 4476 17508 11699 998 11045 4145 2595 3136 1500 18084 2502 1061 8830 433 346 763 5809 676 817 3005 4043 6180 3998 3806 2593 785 15582 9403 7097 2055 1589 553 3871 4804 471
cat_boundaries=0 1 3 5 7 9 11 13 15 17 19 21 23 25 27 29 31 32 33
cat_threshold=48323600 24625664 256 2447121 65536 1895825611 276452 545914653 35631 518013056 22204 285257497 20992 75506888 222743 423 413570 3599461468 110651 16777216 66104 7692 98304 218894071 413704 537506820 2092 2370437120 3 2483037506 70850 16777216 6291456
is_linear=0
shrinkage=0.05


Tree=59
num_leaves=63
num_cat=19
split_feature=14 13 13 23 21 0 0 26 0 0 23 0 19 24 13 25 0 28 14 0 0 24 0 24 14 26 25 24 26 0 13 19 47 0 25 0 0 40 26 17 13 26 25 0 0 25 44 50 26 41 28 41 39 25 26 0 50 47 0 19 0 0
split_gain=1295.1 479.46 429.166 378.39 169.307 230.944 184.984 133.158 121.521 121.025 102.015 108.713 101.605 86.2978 82.4087 78.0442 76.6887 70.5159 68.5739 65.7191 61.1224 60.3285 71.3177 59.901 53.3364 51.1621 50.323 49.9372 49.201 48.5843 47.103 50.9294 49.3765 46.3842 45.4721 44.2095 43.8452 43.2852 42.466 42.433 41.5911 40.5545 40.0112 41.015 39.6976 38.1672 36.2525 36.1395 35.825 35.8102 35.2531 36.5138 34.8887 34.6477 33.8965 33.1289 32.9956 30.7187 29.8571 29.7309 29.3036 29.1859
threshold=6.5000000000000009 27.500000000000004 1.5000000000000002 0.87500000000000011 87.500000000000014 0 1 0.046289567334706856 2 3 1.0000000180025095e-35 4 87.500000000000014 5.4498170235836279 7.5000000000000009 2.8440784848328056 5 134.00000000000003 15.500000000000002 6 7 7.6638655462184877 8 6.3891911764705887 1.5000000000000002 0.25541670730631871 3.161478875374879 0.64800579322638152 0.029259204107102303 9 2.5000000000000004 3.2500000000000004 3.7646499238202167 10 3.3435070879889319 11 12 1.2916666666666667 0.076462939936754112 2.4958298553119911 3.5000000000000004 0.026073826631400805 4.6819445266819075 13 14 3.8943653789966377 28.450000000000003 5.2000000000000011 0.022407286087250202 0.090721842325302907 146.50000000000003 0.18767869320372688 0.61250000000000016 0.83221946932136726 0.06092905144294216 15 4.9500000000000011 -1.5506288770068795 16 1.2500000000000002 17 18
decision_type=2 2 2 2 8 1 1 2 1 1 2 1 2 2 2 2 1 2 2 1 1 2 1 2 2 2 2 2 2 1 2 2 2 1 2 1 1 2 2 2 2 2 2 1 1 2 2 2 2 2 2 2 2 2 2 1 2 2 1 2 1 1
left_child=2 4 3 10 6 18 23 13 50 -5 33 24 29 16 25 27 41 57 56 -16 -15 38 -23 28 39 36 -21 -8 -2 49 -18 44 35 -1 47 -33 -9 -11 -10 -12 -37 -4 46 -44 -32 -43 54 -30 -22 -3 51 -7 -36 -38 -19 -28 -6 -17 -40 60 -13 -26
right_child=1 12 7 9 5 8 15 14 21 37 11 59 -14 20 19 17 30 42 -20 26 48 22 -24 -25 61 -27 55 -29 34 -31 31 32 -34 -35 52 40 53 -39 58 -41 -42 45 43 -45 -46 -47 -48 -49 -50 -51 -52 -53 -54 -55 -56 -57 -58 -59 -60 -61 -62 -63
leaf_value=-0.0025438115314359191 0.00073663150221692231 0.0046627972411059761 -0.0028171691350492136 -0.0077640558346926958 0.0017431364211674184 -0.0020317098728086904 0.014819356920813731 -7.4329803127082267e-05 0.00016727914012100166 -0.014791470984138988 -0.011305366993059519 -0.012982842263155082 0.029133042748975949 -0.00028888411401455929 0.0059717770792939275 -0.0020144200869137928 -0.0010210514031599894 0.0011122752054899322 0.0061628120482911664 -0.0014991083657198369 -1.5695298469597942e-05 6.8462073510200391e-05 0.0027389586219830567 0.0071128189735088559 -0.0020883291404796833 -0.0020735180672126984 -0.0052139513546756947 -0.0022537783171461992 0.004172967659138882 0.0093576836261131894 0.00025843368476583531 -0.0033519122316024276 0.0031253414926567858 0.00093326429567744396 0.013964606887996523 -0.0015332944379132908 0.00014918332992854835 -0.014987410096795467 0.0024753489462788938 0.0053955369110890387 4.4607827916187675e-05 -0.0018388064078893041 -0.0002348044233904445 0.004017520797701935 6.3230415033849183e-05 7.4903865115849574e-05 -0.0015959793615494989 -0.00018037815978315665 0.0013035290507293464 0.0011299092930373567 0.00084480239512099708 -0.00057651098883962912 0.0051310778062169556 0.00032117085130711764 0.003098667062436489 0.003551831861445998 0.0039710681460272792 0.0011155987337901686 0.00050152488576375449 -0.0055565627092902473 -0.013310539667912997 0.0010319424494238283
leaf_weight=1747 671 70 4028 688 2437 1811 62 9090 9818 1020 2445 479 616 5349 1532 778 5968 1740 862 804 2030 1378 2256 1227 1819 157 143 935 1019 1470 1301 1327 820 2879 228 2653 82 550 2521 112 9568 6895 431 3383 1737 2739 423 595 4630 362 1097 1822 3914 10434 2573 1909 1579 2607 3225 2772 475 2050
leaf_count=1730 520 35 3999 688 1819 1398 43 8985 8309 1019 2442 478 308 5254 1163 604 5953 1419 441 739 2003 855 1398 714 1810 155 131 864 750 741 1300 1324 754 2690 117 2639 82 549 1755 107 9405 6872 282 2055 1731 2666 340 448 4447 186 673 1485 2356 10255 1692 1394 1140 2030 2190 2769 475 1999
internal_value=0.00176368 0.008056 -0.00185625 -0.00900364 0.00697052 0.00449526 0.0104335 -0.000192563 0.00246857 -0.0280633 -0.00608938 -0.00889343 0.0293351 -0.00168913 0.00284635 0.00676775 -0.00288347 0.00789586 0.0143987 0.0090442 0.00199376 0.00423734 0.0100399 0.0165943 -0.00492388 0.00146959 0.00449773 -0.00665832 0.0146772 0.0235917 -0.00114154 0.000172057 -0.0010714 6.37562e-05 0.0161707 -0.00179312 0.00169812 -0.0356705 0.00288436 -0.0105336 -0.000845733 -0.0058579 0.010314 0.0141271 0.00605298 -0.00409912 0.00723981 0.00903715 0.00518588 0.00811512 -0.00470259 -0.00708448 0.0189464 0.00389427 0.00861034 0.0086678 0.0116741 0.00178529 0.00629807 -0.0156797 -0.0233455 -0.0012261
internal_weight=142142 51910 90232 17036 49392 28806 20586 73196 23928 2258 14778 10152 2518 49045 24151 12932 37036 11935 4878 4388 12009 19198 3634 7654 6426 19763 2856 997 6427 1902 23374 17406 14368 4626 5756 13548 19606 1570 15564 2557 12221 13662 8550 3814 3038 9634 4736 1614 6660 432 4730 3633 4142 10516 4313 2052 4016 3385 5746 3726 954 3869
internal_count=124974 36967 88007 16756 35697 21463 14234 71251 18063 2256 14500 10080 1270 48347 22904 9329 36643 8422 3400 3427 11704 14507 2253 4905 6358 19477 2264 907 4191 962 23106 17153 14122 4420 3671 13368 19322 1568 12254 2549 12044 13537 5788 2337 3031 9538 3451 1198 6450 221 3556 2883 2473 10337 3111 1525 2959 2634 3945 3722 953 3809
cat_boundaries=0 1 2 4 6 8 10 12 14 16 18 20 22 24 25 27 29 31 33 35
cat_threshold=42663956 6602752 24379394 262144 349969 65536 1937754901 39328 688294911 282624 2866899490 178348 427364995 390244 16448 102129 1292377216 336 2483562830 376026 2097152 2568 3783142403 465169 524288 2215116800 233086 1090781184 16640 134242785 197657 209727530 262221 1074331909 39072
is_linear=0
shrinkage=0.05


Tree=60
num_leaves=63
num_cat=17
split_feature=13 18 18 13 23 20 0 0 23 9 0 16 16 0 17 41 0 40 25 26 43 0 29 0 30 0 23 41 47 43 0 0 25 19 26 20 0 43 44 25 47 20 0 13 23 26 21 0 0 47 0 0 20 0 26 25 16 21 25 26 41 26
split_gain=1178.69 440.213 375.19 185.856 347.764 162.149 178.09 137.67 110.881 104.674 102.546 117.936 84.5273 156.553 164.285 128.947 82.7286 81.8111 80.3145 78.6232 74.6411 74.3426 72.0246 69.054 58.6504 66.8858 57.887 53.4051 53.2637 52.9611 51.8118 50.9017 50.5855 49.002 48.0826 47.5347 69.4342 47.323 45.9579 50.3647 44.8347 45.6283 44.7451 44.1997 46.8182 43.9116 43.3777 85.7271 67.3446 47.6519 41.4413 39.003 38.937 42.2976 38.9114 38.3282 37.7493 37.6322 35.4463 35.2616 34.5589 34.3951
threshold=7.5000000000000009 36.750000000000007 2.1250000000000004 1.5000000000000002 0.87500000000000011 1.2000000000000022 0 1 0.37500000000000006 1.5000000000000002 2 14.922619047619049 2.0208333333333335 3 0.75000000000000111 0.13333333333333361 4 2.1250000000000004 4.5194235999296568 0.032849325512600204 1.1000000000000003 5 4.2660006009615392 6 4.6378064536552071 7 0.62500000000000011 0.40796818868785961 -4.37863407642035 29.950000000000006 8 9 1.6761543611374872 87.500000000000014 0.04843749999999996 -0.40000000000000008 10 4.7500000000000009 25.350000000000005 3.225608871412931 -1.258036415941622 -1.7999999999999974 11 2.5000000000000004 0.62500000000000011 0.04537212212143691 24.500000000000004 12 13 -1.7458263501864402 14 15 3.2000000000000024 16 0.011462582368865651 1.3678421752551821 1.8257575757575759 26.500000000000004 3.1949956858688364 0.047015667818420107 0.39851988391580934 0.082216369166014311
decision_type=2 2 2 2 2 2 1 1 2 2 1 10 8 1 2 2 1 2 2 2 2 1 2 1 2 1 2 2 2 2 1 1 2 2 2 2 1 2 2 2 2 2 1 2 2 2 8 1 1 2 1 1 2 1 2 2 10 8 2 2 2 2
left_child=2 5 3 4 8 10 37 9 31 26 -2 46 13 14 17 32 27 22 50 42 -11 55 -5 28 35 -26 -4 -10 -13 -28 -17 -1 -14 -3 -15 36 61 -7 -22 -40 41 -25 -9 44 -32 -20 48 -48 -12 -50 -8 -36 53 -47 -44 -6 -52 -39 -56 -33 -18 -21
right_child=1 33 7 12 21 6 18 19 16 20 11 23 15 34 -16 30 60 -19 45 24 38 -23 -24 40 25 -27 29 -29 -30 -31 43 59 -34 -35 51 -37 -38 57 39 -41 -42 -43 54 -45 -46 52 47 -49 49 -51 56 -53 -54 -55 58 -57 -58 -59 -60 -61 -62 -63
leaf_value=-0.0034987379642342554 4.2561814184938212e-06 0.0099463900466697629 0.0013299829950733089 0.00024805050307195046 -0.0090930440450035632 -0.000425671270063982 0.0040525840825472951 -0.0019924562094504605 -0.0015752993734069411 -0.0023352901146036055 0.0035988332230156407 -0.0027009689335809718 0.00070949816823200344 -0.00098527481927795924 -6.2777894815901902e-06 0.0010340766197249663 0.00098012744140465471 -0.0017611264651514859 0.0042043145265016737 -0.00049020098593431931 0.0013455581055199395 -0.014207124122830928 -0.00034761397755134205 -0.0024971533557724083 0.0017692221419512212 0.00012463344121532716 -0.0025155416077502937 -0.012514411872774285 0.0057447818000498259 0.0013930029754697815 -0.0015958972571305963 -0.00064318901530455727 -0.0015703774301077001 0.027676390611527157 -0.001005017289461857 6.0813870861525791e-05 -0.0027256924929287664 0.0067025631806843962 0.0024895654808144763 0.0069235825643522934 0.0028630762649146102 0.0011408171596952955 -0.0045134211098796229 -0.00010912283288211366 -0.0028908316807260193 0.0036828524505204798 -0.001344002732340749 0.0010199861563532254 -0.00365300392197363 0.0013207461958867019 -0.0058662318873487834 0.0014500194536562151 0.010334976731693486 0.0053925591729114437 -0.0017719460238891261 -0.010610821292145956 0.0021819266786456517 0.0017951456356759378 4.1572982062687561e-05 0.0040987045434987988 -0.0059820227115290675 0.0028745280252017616
leaf_weight=2646 6896 722 1918 1079 183 2405 1982 5313 473 320 3912 65 34 4841 1825 1277 473 98 2186 4191 1141 1138 78 208 4688 7138 1137 1414 1708 449 983 3200 673 628 437 21003 3050 413 895 2141 1395 745 1018 1078 761 1567 1705 8482 368 3872 246 626 1139 1553 2706 646 2038 695 12510 734 2094 803
leaf_count=2628 5006 361 1800 1079 183 1762 1351 5297 473 274 2558 33 34 4789 1805 1271 473 98 1534 4075 937 1137 78 111 4441 6887 1122 1413 874 434 977 3120 673 314 420 20748 2995 261 805 1505 718 391 1006 1071 761 878 1283 6257 297 2731 233 603 606 868 2702 645 1463 490 12379 642 2092 722
internal_value=0.00167996 0.00837718 -0.0014154 -0.00645137 -0.0107403 0.00750545 0.0118872 0.000500483 -0.00728546 0.00667062 0.00538185 0.00701771 -0.002407 0.00045576 0.00957457 -0.00775848 -0.0133771 0.0235231 0.0150853 -0.000291442 0.0117263 -0.0301042 0.0272409 0.014664 0.000996844 0.00396508 0.000198288 -0.0213093 0.0221104 -0.00686515 -0.00435244 -0.00315985 -0.0274647 0.0364878 -0.00431023 -0.000211546 -0.0034798 0.00208428 0.0135101 0.0167254 0.00889996 0.000571279 -0.00273552 -0.00811684 -0.013063 0.0186232 0.00530234 0.00312574 0.00802097 0.0036215 0.0097715 0.00530545 0.0215833 0.0186783 -0.00142782 -0.0179107 0.00509586 0.0106357 -0.000794835 0.000455006 -0.0074263 0.000158841
internal_weight=142142 44930 97212 26791 13001 43580 14224 70421 11034 8001 29356 22460 13790 8984 3080 4806 4454 1255 10711 62420 4497 1967 1157 4121 40873 11826 3504 1887 1773 1586 4099 6580 707 1350 5904 29047 8044 3513 4177 3036 2348 953 21547 2822 1744 6445 18339 10187 8152 4240 4266 1063 4259 3120 16234 829 2284 1108 15216 3934 2567 4994
internal_count=124974 30380 94594 26465 12806 29705 9446 68129 10841 6877 20259 15253 13659 8872 3060 4787 4451 1255 6933 61252 3521 1965 1157 2127 39868 11328 3356 1886 907 1556 4080 6390 707 675 5812 28540 7792 2513 3247 2310 1220 502 21384 2809 1738 3886 13126 7540 5586 3028 3047 1023 2352 1746 16087 828 1696 751 15081 3762 2565 4797
cat_boundaries=0 2 3 5 7 9 11 13 15 17 19 21 23 24 25 27 28 30
cat_threshold=17170730 431888 33636352 2432731209 351968 2248147077 524286 76031209 259891 40728351 65536 44519460 8456 2174138144 59466 1921006353 25 2583769551 337116 435987985 225889 151037587 290852 7602176 6701056 45150208 67781 1617446178 1142551680 65696
is_linear=0
shrinkage=0.05


Tree=61
num_leaves=63
num_cat=22
split_feature=13 15 18 23 13 40 20 0 16 0 41 0 0 20 9 0 16 25 43 26 0 26 28 25 0 20 0 0 0 23 0 0 47 43 25 0 0 26 44 25 0 0 43 0 40 0 23 41 0 0 25 45 16 20 37 47 0 26 25 0 20 25
split_gain=1074.41 440.304 348.404 168.535 294.676 190.984 155.068 167.109 136.793 246.209 128.968 126.926 112.788 108.688 99.8266 91.1044 96.9177 74.1154 72.3754 68.8833 66.096 61.9247 59.0129 58.4515 62.8292 56.8082 65.9116 65.7209 56.7202 55.4775 54.117 54.11 54.1042 47.7729 47.6127 49.6663 47.6041 47.4987 46.5571 46.767 46.1384 44.2989 44.0372 43.3759 43.1434 41.7699 40.713 39.1175 50.4703 44.436 37.8527 37.1004 35.8669 35.5855 35.2943 34.7923 45.4584 34.7123 36.7122 33.6841 32.9801 32.3173
threshold=7.5000000000000009 35.375000000000007 2.1250000000000004 0.37500000000000006 1.5000000000000002 1.2916666666666667 1.2000000000000022 0 2.0208333333333335 1 0.22040839733353004 2 3 -1.4769303494080482e-16 1.5000000000000002 4 14.922619047619049 4.5194235999296568 1.1000000000000003 0.027903747534621354 5 0.049546990842082007 142.00000000000003 3.6399175004344868 6 -0.40000000000000008 7 8 9 0.62500000000000011 10 11 -4.37863407642035 29.950000000000006 2.4190113469967502 12 13 0.04537212212143691 25.350000000000005 3.225608871412931 14 15 4.4500000000000011 16 1.8750000000000002 17 0.87500000000000011 0.098197652077573069 18 19 3.6810276167168934 1.0000000180025095e-35 72.708333333333343 -1.5999999999999981 1.0000000180025095e-35 1.3858825717582388 20 0.082857580675598355 4.7829921748584638 21 0.6000000000000022 7.0914308043246042
decision_type=2 2 2 2 2 2 2 1 8 1 2 1 1 2 2 1 10 2 2 2 1 2 2 2 1 2 1 1 1 2 1 1 2 2 2 1 1 2 2 2 1 1 2 1 2 1 2 2 1 1 2 2 8 2 2 2 1 2 2 1 2 2
left_child=2 6 3 21 5 12 15 42 9 10 -6 14 -5 30 29 55 22 45 -16 47 -7 34 40 25 51 26 -21 -27 -23 -4 -10 32 -18 -31 35 -1 -24 -19 -20 -40 57 -15 -8 -36 60 -9 -14 49 -49 -13 -30 -25 -3 -33 59 56 -2 58 -17 -39 -12 -57
right_child=1 52 11 4 8 20 7 17 13 -11 44 19 46 41 18 16 31 37 38 23 -22 28 36 24 -26 27 -28 -29 50 33 -32 53 -34 -35 43 -37 -38 54 39 -41 -42 -43 -44 -45 -46 -47 -48 48 -50 -51 -52 -53 -54 -55 -56 61 -58 -59 -60 -61 -62 -63
leaf_value=-0.010215874115305213 -0.0016859397143033751 0.0094331693799730512 0.0012634838453196462 -0.0093802198631297243 0.00016450161749785865 -0.00071074794754118491 -0.00047693599812326237 0.00095397245398137764 -0.00018502377724167741 -0.00080908638482836144 0.00082639875106448328 -0.00037278995921795626 -0.01195121334914509 -0.0025919000894783274 -0.0022185256088734341 -0.00022915136751611165 -0.0025659204869019295 0.0039601821204400039 0.0012782802002439531 -0.00019946619581805993 -0.012554089028424984 -0.0013459874899633406 0.0031798192146129003 0.0016806263158882951 6.2486319308419086e-05 -0.00078510719003785931 -0.0032499008275979069 0.00015337897810271397 0.0028449364729635444 -0.0023897645273627758 -0.0018778336433968867 -0.00010829021645600845 0.005613897458903911 0.0013233528266962892 0.00055690412095383841 -0.0009439423715687568 0.00098530436219450572 0.0038377549310703142 0.0023650872067737527 0.0065774034361346769 0.0001670917148056006 0.00043517420065500301 0.0032827265863711874 -0.0017122151711178259 -0.00051721809961539076 0.003690968384465765 -0.013341541228790488 -0.0041693377487941113 -0.0007111251513085338 0.00041288787853525634 0.012067649117684189 -0.0015736393244773052 0.026292571080950823 0.0026573101399342547 0.014873417875210727 0.00089589443056993241 0.00014267032380793632 0.0040881636696317057 0.0022295607735279611 0.0054427823290189581 -0.00041406252415367997 0.0026901763120007528
leaf_weight=712 1043 766 1918 800 615 1575 2302 1609 229 3786 602 523 881 992 320 743 65 2164 1141 3607 2141 632 3551 5695 17302 5119 2732 13510 1016 1137 1154 502 1351 449 3686 713 2952 1561 895 2141 6736 903 1348 4220 556 2621 1024 2916 9898 609 343 509 630 1562 416 2919 6249 354 880 2191 211 415
leaf_count=711 751 383 1800 799 615 1573 1685 1225 228 3772 602 522 880 990 274 614 33 1518 937 3510 2140 625 2302 5365 16912 5097 2701 13356 975 1122 1154 264 694 434 3570 713 2073 870 805 1505 5062 898 919 4184 556 1792 1024 2911 9793 607 245 478 315 807 236 2055 4513 228 606 1195 211 240
internal_value=0.00161805 0.00801217 -0.00133722 -0.00619009 -0.00958274 -0.0177741 0.00712519 0.0114117 -0.00376782 0.000865535 0.0150852 0.000509003 -0.0278806 -0.0119228 0.00643347 0.00504706 0.00714679 0.0145933 0.0113706 -0.000251398 -0.0104103 -0.00155392 0.00542781 0.000639402 0.00242885 -0.0010451 -0.00513328 0.000345947 0.00644829 0.000112696 -0.0225759 0.0146783 0.0222109 -0.00680214 -0.00326243 -0.0116725 0.00903213 0.0180317 0.0131271 0.0163632 0.0027364 -0.00413766 0.00215651 -0.00174466 0.00660219 0.00947648 -0.0344703 -0.00334803 -0.00413539 0.00555605 0.0121496 0.00674095 0.0356442 0.00934699 0.021155 0.00134389 -0.000588921 0.00942907 0.00637007 0.0196096 0.0139373 0.00557571
internal_weight=142142 44930 97212 26791 15469 6421 43534 14212 9048 5770 1984 70421 2705 3278 8001 29322 18696 10562 4497 62420 3716 11322 15216 48474 23506 24968 6339 18629 1991 3504 1383 3480 1416 1586 9331 1425 6503 6332 4177 3036 8713 1895 3650 7906 1369 4230 1905 13946 12814 1132 1359 6204 1396 2064 4168 10626 7292 1977 1623 3752 813 3334
internal_count=124974 30380 94594 26465 15442 6416 29682 9440 9026 5756 1984 68129 2703 3270 6877 20242 12683 6836 3521 61252 3713 11023 10885 47419 22755 24664 6211 18453 1845 3356 1382 1798 727 1556 9178 1424 4375 3819 3247 2310 6510 1888 2604 7754 1369 3017 1904 13833 12704 1129 1220 5843 698 1071 2301 7559 5264 1448 1220 2065 813 2295
cat_boundaries=0 2 4 5 6 8 10 12 14 16 18 20 22 24 26 28 30 32 34 36 38 40 42
cat_threshold=1090912554 431888 3355443365 196606 33636352 2972419 2433788633 351969 3145059092 128 26524424 2 419209797 160256 17349132 321 1610793355 157376 805319496 1 42422308 8456 10821437 65604 115495206 131072 262434 32790 2841626060 385312 787209240 295 2819165908 16394 134217895 323646 11974401 86721 285220865 65537 202962048 67744
is_linear=0
shrinkage=0.05


Tree=62
num_leaves=63
num_cat=16
split_feature=14 15 19 23 21 0 0 26 0 0 13 16 24 0 20 20 16 0 0 0 44 47 44 19 0 47 20 0 44 44 26 24 0 19 0 50 42 24 28 28 28 23 0 47 44 26 29 30 27 0 23 26 24 16 13 23 0 16 41 19 0 13
split_gain=983.274 445.281 350.843 415.207 163.744 181.362 176.458 145.082 106.445 104.614 96.4253 88.8947 85.3623 84.7154 76.0083 74.836 69.4189 68.8303 57.0518 53.5853 51.7811 51.4473 48.3371 47.4246 46.984 52.5795 46.3958 44.4232 44.0629 42.8592 42.163 56.1184 46.3403 41.5145 39.1988 36.7096 35.832 39.695 37.7015 35.8147 33.4757 32.605 32.4689 32.3582 31.1903 31.1617 30.7132 30.6415 30.2317 29.851 45.0377 29.7826 30.1745 31.4155 29.7628 36.5205 48.658 69.364 41.404 30.1748 47.2242 38.3922
threshold=6.5000000000000009 35.375000000000007 1.2500000000000002 0.37500000000000006 70.500000000000014 0 1 0.032495350426806908 2 3 6.5000000000000009 15.587121212121215 5.2738440027963653 4 1.2000000000000011 6.8600864921878535e-16 13.341666666666669 5 6 7 28.450000000000003 -1.5506288770068795 26.050000000000004 90.500000000000014 8 3.8901462451385291 -6.0804220104393239e-16 9 20.550000000000004 23.250000000000004 0.063485157230088921 8.809640522875819 10 11.250000000000002 11 0.65000000000000002 16.750000000000004 5.2738440027963653 146.50000000000003 139.50000000000003 142.00000000000003 0.87500000000000011 12 -4.7262678922256516 33.45000000000001 0.013942736644204652 4.2660006009615392 1.4898990760493482 6.020432891466446 13 0.62500000000000011 0.075590522211140557 4.6876065643648772 8.3416666666666686 2.5000000000000004 0.87500000000000011 14 2.077380952380953 0.23094010767584972 3.2500000000000004 15 3.5000000000000004
decision_type=2 2 2 2 8 1 1 2 1 1 2 10 2 1 2 2 10 1 1 1 2 2 2 2 1 2 2 1 2 2 2 2 1 2 1 2 2 2 2 2 2 2 1 2 2 2 2 2 2 1 2 2 2 10 2 2 1 10 2 2 1 2
left_child=2 4 3 27 6 11 16 12 -5 36 24 -6 18 33 21 49 40 22 -4 -14 47 39 29 -3 25 43 -20 -1 -18 -16 31 42 -33 -12 -15 -22 38 -38 -7 -8 -2 -10 -17 -9 54 -28 -23 -19 -29 50 -11 52 53 -36 55 -45 -57 58 -58 60 -56 -61
right_child=1 23 7 8 5 9 14 10 41 15 13 -13 19 34 17 30 28 20 26 -21 35 46 -24 -25 -26 -27 45 48 -30 -31 -32 32 -34 -35 51 -37 37 -39 -40 -41 -42 -43 -44 44 -46 -47 -48 -49 -50 -51 -52 -53 -54 -55 59 56 57 -59 -60 61 -62 -63
leaf_value=-0.014066680905972734 0.0027452929899881573 0.0093352460102322354 -0.0022359742540318584 -0.0088890913700608431 0.0021445945340158312 -0.0019161382290459939 -0.0029606367627673549 -0.0093185559518285666 -0.011319128785156042 0.00027711659066328445 0.0027120631799564809 0.0057135851930269323 -0.00085060396761277302 -0.0049328978079527909 0.00065158876941729402 0.0014036397461969442 0.0023495088702261361 0.0020362916466113048 -0.0017542054850997247 0.0003270682991424856 -0.0021910501086785496 -0.00030183619180697567 0.0060935823703438426 0.026516529143419378 0.00010463564743540266 0.015100027123701509 -0.0019675727902828399 -0.00050060713241854014 0.0088132337147020356 -0.0061227357319171066 0.0024041160683119234 0.004137984268417094 0.00089627142971868698 0.0078494042980572949 -0.00017988248152651655 0.0045944035669370662 -0.0013629663442703778 0.0060035364323796974 0.00054122421314013465 0.00045743561678826539 0.0053921971948189158 -0.012829690855249855 -0.0003781932546546463 -0.00086457782448973739 -0.0056624325452611203 0.00012480133728240972 0.0019272645984994786 0.0053728871886029265 0.0081051644464343441 0.00042401205592413894 -0.00079770600998834156 0.0031662009282333206 0.0017141885525203461 -0.0051956811744092949 -0.00048190921648673114 -0.0030460952457090464 0.00016963739835906821 -0.0018561388451841633 -0.0089682898858812598 -0.0022420880027661516 0.00045685730733899255 -1.2853053768074886e-05
leaf_weight=384 3627 840 10894 837 4406 3349 812 72 855 1816 2564 845 3671 355 1757 1497 396 435 5566 6287 333 1311 312 554 23703 140 1279 3372 985 165 4833 365 584 641 2231 236 262 200 1008 1065 2932 885 2444 3099 246 6359 4384 2526 184 6339 1292 1304 1844 180 532 403 132 242 89 2104 983 8795
leaf_count=383 2549 420 10844 836 3227 2642 660 72 854 1341 2304 430 3640 347 1258 1298 205 315 5532 6171 242 1126 198 277 23418 129 1275 3224 496 128 3187 230 380 410 2060 157 202 138 619 748 1798 885 2095 3075 246 6297 3175 1532 154 4891 1003 1013 1552 134 531 403 132 242 89 2092 982 8681
internal_value=0.00155614 0.00703887 -0.00159803 -0.0127716 0.00626908 0.00384033 0.00960638 -0.000727997 -0.0283728 0.00199354 0.000995671 0.0122472 -0.00324148 0.0056409 0.0060759 0.00364918 0.0155069 0.0104068 -0.00485062 0.000652174 0.0147402 0.00278555 0.00347216 0.0349068 -4.92094e-05 -0.0020682 -0.00263299 -0.00256153 0.02572 0.000517421 0.00673026 0.0034543 0.0143632 0.012172 0.00207511 0.00095614 -0.00458489 0.00862851 -0.00599931 -0.00439031 0.0133758 -0.0354055 0.000823186 -0.00232633 -0.00218002 -0.000104071 0.00515186 0.0174359 -0.000783572 0.000481054 -0.00352517 0.003114 0.0010914 -0.00258914 -0.00191361 -0.00568457 -0.0147578 -0.00325949 0.0168694 -0.000708417 0.0059004 -0.00162798
internal_weight=142142 51910 90232 6517 50516 29240 21276 83715 2577 23989 49659 5251 34056 9119 13336 19170 7940 5764 24098 9958 3530 7572 2234 1394 40540 16837 13204 3940 1381 1922 9723 4890 949 3205 5914 569 4819 462 4357 1877 6559 1740 3941 16697 16625 7638 5695 2961 3556 9447 3108 5559 4255 2411 16379 3965 866 463 221 12414 1515 10899
internal_count=124974 36967 88007 6336 36270 21683 14587 81671 2575 18026 47912 3657 33759 7820 9539 14425 5048 3830 23948 9811 2246 5709 1584 697 40092 16674 13104 3761 701 1386 7190 4003 610 2714 5106 399 3601 340 3261 1408 4347 1739 3393 16545 16473 7572 4301 1847 3378 7235 2344 4759 3746 2194 16227 3941 866 463 221 12286 1513 10773
cat_boundaries=0 1 2 3 5 7 8 10 12 14 16 18 20 22 24 26 28
cat_threshold=42663964 6602752 7328531 24379394 262144 2830200612 168036 657408 151498751 413760 158336679 317446 561908930 460033 2147483715 9292 1543503872 152590 1090519040 768 3758096641 78197 2415935680 229 544737344 65536 24120320 1
is_linear=0
shrinkage=0.05


Tree=63
num_leaves=63
num_cat=18
split_feature=14 15 19 23 25 13 0 29 0 17 41 25 17 22 23 0 13 0 19 16 0 16 0 0 41 0 29 25 0 0 0 0 25 19 14 23 23 0 17 22 24 0 44 29 29 29 29 46 0 16 25 13 41 17 25 0 41 23 0 18 0 24
split_gain=898.221 441.029 338.016 428.77 155.091 125.662 117.423 113.154 107.666 80.95 73.4047 135.564 79.9974 75.4424 74.2453 72.2689 63.7443 73.4387 69.2588 72.0351 74.9058 60.9227 174.135 122.379 104.533 60.3137 57.6717 51.2716 55.6056 53.8006 50.7893 49.9266 48.7807 48.0244 47.8404 47.0772 47.0283 46.899 46.5123 46.3681 41.9635 41.9662 64.4425 41.3589 39.5319 39.4896 38.5786 38.193 36.9632 36.9567 35.4384 35.4345 34.115 33.832 33.2053 32.8167 32.7028 32.605 32.5089 32.1783 41.5712 32.6201
threshold=6.5000000000000009 35.375000000000007 1.2500000000000002 0.37500000000000006 4.7829921748584638 2.5000000000000004 0 4.3780754357226419 1 3.9157800414902448 0.38717099668055155 1.6193911239349281 1.0000000180025095e-35 0.12499999999999996 0.87500000000000011 2 6.5000000000000009 3 3.2500000000000004 3.2613636363636371 4 2.077380952380953 5 6 0.18181818181818019 7 4.7327102309348907 2.3611733746099497 8 9 10 11 3.161478875374879 90.500000000000014 2.5000000000000004 0.87500000000000011 0.62500000000000011 12 1.707825127659935 0.083333333333333273 3.2278532226287648 13 21.950000000000003 4.3780754357226419 4.5637962691458887 2.7352273103402625 2.7352273103402625 1.0000000180025095e-35 14 0.76136363636363646 1.0339370996192301 11.500000000000002 1.3502330360721746 0.478713553878168 7.5362144677271941 15 0.2309401076758506 0.87500000000000011 16 10.625000000000002 17 5.1696152145068561
decision_type=2 2 2 2 2 2 1 2 1 2 2 2 2 2 2 1 2 1 2 8 1 8 1 1 2 1 2 2 1 1 1 1 2 2 2 2 2 1 2 2 2 1 2 2 2 2 2 2 1 10 2 2 2 2 2 1 2 2 1 2 1 2
left_child=2 4 3 46 7 10 9 59 50 40 11 12 -4 21 31 26 18 51 19 20 -7 22 53 39 43 -16 47 28 -20 -29 -15 -12 58 -3 56 -21 -22 -11 -28 -23 -6 42 -42 -24 55 48 -1 -9 -8 -43 -5 -18 -46 -13 -48 -34 -25 -10 -19 60 61 -2
right_child=1 33 5 8 6 16 45 15 57 37 14 13 -14 30 25 -17 17 32 27 35 36 23 24 34 -26 -27 38 29 -30 -31 -32 -33 44 -35 -36 -37 -38 -39 -40 -41 41 49 -44 -45 52 -47 54 -49 -50 -51 -52 -53 -54 -55 -56 -57 -58 -59 -60 -61 -62 -63
leaf_value=-0.0044453451687905153 -0.0017875139686111875 0.0088684837097206207 0.00012379034413846358 -0.0069251633092120238 0.0051020798528797042 3.8207746977791947e-05 -0.00085664910510095953 0.0032097204985529928 -0.010753172345898239 0.0034518563839002316 -0.0027281023888175993 -0.00088713805424400771 -0.0016931373858100731 0.0015743698675451557 -0.0023361694993817629 0.00056800328084367078 0.0022100819990074961 0.00076589686483397035 0.00064758477997530763 6.9654569641736105e-05 0.00059718393022401006 -0.0020274307302553863 0.00022219111467168819 -0.0015925563244309493 -0.0013150380816072671 -0.011470908394858577 -0.00015006479925646634 0.000201904525172103 -0.0019821865259359696 -0.00029315149621494951 -0.00032725013647950664 -0.00085582034566211165 0.001883739155550096 0.02519070268624839 0.0012939579957591653 -0.00036001132433207685 0.00032495548709472467 0.0068718649616287047 0.0020436615656448608 -0.0033110454429009398 0.004335784045024149 -0.00064988805466814625 0.0003011059834312824 -0.00026478846496691411 0.001780401941163301 0.0016347713146182441 0.00022761813935180398 -0.0032871238474944109 0.00047451699954412788 0.0026621730004766976 -0.009988228595449759 0.0065807839855479113 0.015264968725017959 -0.00078421858454671425 0.020732017347914723 -0.0013880574257817857 0.00028018960075119063 -0.012188206312487361 -0.0029791113183815221 -0.0014525124291802972 0.00070047749540809174 0.00081922136969013741
leaf_weight=1945 2688 840 356 136 761 2830 640 5556 855 741 4182 313 166 1998 617 9595 3560 674 360 603 1287 649 504 556 421 687 2123 17453 3632 18244 3012 9503 1181 554 980 487 2131 2764 3083 274 948 292 2813 34 2468 6742 1869 106 1692 4201 701 487 180 540 126 1958 278 885 1110 1080 3652 1039
leaf_count=1915 2536 420 356 136 462 2824 497 3634 854 441 4171 313 166 1940 616 7341 3218 625 360 603 1281 647 504 556 420 687 1626 17196 3621 18117 3002 9427 1065 277 971 486 2131 1502 2132 274 608 181 1897 34 1965 4249 1763 82 1309 2764 700 295 127 539 83 1797 278 885 1059 700 3372 937
internal_value=0.00150197 0.00674221 -0.00151269 -0.0124801 0.00597611 -0.000658715 0.00918245 0.00358175 -0.028334 0.012321 -0.00362151 -0.000321861 0.0244646 -0.00167835 -0.00584023 0.0055925 0.000607799 0.00392418 -0.00021147 0.00425058 0.00632021 -0.00633956 0.000769443 -0.0110464 0.0153041 -0.0172375 0.00838266 -0.00103666 -0.00640997 -0.000435459 0.00255338 -0.00475267 0.00100831 0.0344767 -0.00339452 -0.00760312 0.0112846 0.0187807 0.00458901 -0.0257441 0.00982087 0.00878195 0.00483696 0.0300464 0.0032386 0.00483159 -0.0021048 0.0118833 -0.000769396 0.0120437 -0.0130248 0.00935067 0.00773688 -0.0155613 0.00277806 -0.000555732 -0.0122096 -0.0354055 -0.00621569 -0.00128191 -0.000100949 -0.00381086
internal_weight=142142 51910 90232 6517 50516 83715 21594 28922 2577 12520 25070 10081 522 9559 14989 20463 58645 11618 47027 7338 6248 4549 1812 2737 959 1304 10868 39689 3992 35697 5010 13685 7571 1394 1814 1090 3418 3505 5206 923 9015 8254 3761 538 5787 9074 3940 5662 2332 4493 837 4047 2648 853 1995 3139 834 1740 1784 8459 7379 3727
internal_count=124974 36967 88007 6336 36270 81671 13910 22360 2575 7855 24901 10000 522 9478 14901 14815 56770 10151 46619 7325 6236 4536 1810 2726 958 1303 7474 39294 3981 35313 4942 13598 6638 697 1805 1089 3412 1943 3758 921 5912 5450 2505 538 4954 6055 3761 3716 1806 2945 836 3513 2092 852 1846 2862 834 1739 1684 7545 6845 3473
cat_boundaries=0 2 3 5 7 8 9 11 13 15 17 19 21 23 25 27 29 31 33
cat_threshold=1659231421 41223 7328531 115720192 1776 2896258886 174196 1407426420 855580443 3106046112 440318 1107654423 500785 2348818432 159888 1992515388 1543 3574657192 44057 1142961354 132559 1610618033 263 40176640 40960 285352448 66128 1342445624 86025 1348206720 66696 497508004 302341
is_linear=0
shrinkage=0.05


Tree=64
num_leaves=63
num_cat=13
split_feature=14 15 19 23 21 0 0 26 0 30 0 26 26 30 0 47 0 28 39 20 0 0 19 22 0 30 17 20 41 41 16 30 41 0 28 30 0 26 41 26 30 43 13 0 30 26 20 43 44 44 30 20 23 30 0 44 13 23 47 22 26 30
split_gain=802.505 403.178 333.3 423.23 142.713 172.126 160.975 139.089 116.395 108.865 89.6987 92.7657 78.9073 70.0062 66.6436 65.7134 69.9157 61.8232 59.2789 56.4323 53.803 49.8235 49.2186 47.62 65.5227 76.8079 101.536 45.8224 44.9864 64.3788 45.2104 44.4368 44.2765 44.2459 42.9414 42.3795 70.5602 55.3314 40.8504 50.091 40.3422 39.7613 36.4633 36.0651 36.1099 35.0561 34.3655 33.6266 33.1078 38.4567 34.4602 36.764 32.605 31.7534 31.6604 30.5955 30.2806 30.258 30.1157 29.634 29.3204 29.2343
threshold=6.5000000000000009 35.375000000000007 1.2500000000000002 0.37500000000000006 70.500000000000014 0 1 0.056555322092099909 2 5.4314608114217418 3 0.069628376521344515 0.017347735832905307 6.3584659896385363 4 3.7646499238202167 5 139.50000000000003 0.38750000000000007 -0.59999999999999798 6 7 90.500000000000014 0.044669913419913408 8 2.294785596784394 0.499999999999999 -0.3000000000000001 0.38490017945975102 0.40000000000000052 2.077380952380953 1.4825073968299212 0.10526315789473686 9 142.00000000000003 8.7550330970287877 10 0.088767086073058166 0.1741968616220623 0.058537170831122608 3.6257212922157493 10.250000000000002 22.500000000000004 11 7.4274816794963305 0.059664463788218706 0.19999999999999937 12.800000000000002 21.350000000000005 26.050000000000004 1.7913845579960368 1.5 0.87500000000000011 2.9919203027305676 12 25.750000000000004 10.500000000000002 0.37500000000000006 -1.7458263501864402 0.095970869408369366 0.024093904703545953 4.4402016242502507
decision_type=2 2 2 2 8 1 1 2 1 2 1 2 2 2 1 2 1 2 2 2 1 1 2 2 1 2 2 2 2 2 8 2 2 1 2 2 1 2 2 2 2 2 2 1 2 2 2 2 2 2 2 2 2 2 1 2 2 2 2 2 2 2
left_child=2 4 3 54 6 38 13 9 -5 12 11 -7 -4 34 40 16 -16 48 20 43 -9 60 -3 24 28 26 -26 41 30 -30 -20 -19 -32 -25 -2 37 -37 -21 -6 -40 -14 -18 58 59 -45 47 -27 -44 -8 -50 -51 -52 -10 -13 -1 -31 -23 -47 -33 -12 -11 -35
right_child=1 22 7 8 5 10 17 18 52 21 19 53 14 -15 15 -17 27 31 23 35 -22 56 -24 33 25 46 -28 -29 29 55 32 42 -34 61 -36 36 -38 -39 39 -41 -42 -43 45 44 -46 57 -48 -49 49 50 51 -53 -54 -55 -56 -57 -58 -59 -60 -61 -62 -63
leaf_value=0.00057335787223652956 0.002092228300247623 0.0084250595242345797 -0.0021835418484140059 -0.0080327190867459826 -0.00059905330539053447 0.0014862634788748942 0.0021177612286268576 -0.0022312383233075053 -0.010215513728603326 0.0001247220400072635 -0.0017853899636613324 -0.0020211145664768781 -0.0018609938717238927 0.0065054260269374392 -0.0042805876104825341 0.0036146224990857515 8.781804669608651e-05 -0.00052707321451733735 0.00011760082693154096 0.00053612268278444561 0.0072770820318075581 -8.1391016865406404e-05 0.023931167551935986 0.00010128075887422261 0.00011760082693154096 -0.00021933295829361656 5.7929359557651333e-05 5.3837860064798182e-05 -0.011058866688334458 0.0014301295883169197 -0.0010520422707295308 -0.0013690931371581839 0.00030561223247592699 0.0013290199650037805 0.0051419254302361612 0.0034690424480170903 0.00060386238436697113 0.0018728215208470679 -0.0011526725748492229 0.0013390640570180357 -0.00049968538548262893 -0.0018694443114788851 -0.0056691787917421028 -4.5925277204661445e-05 0.0036490662222078587 0.0031254679462551895 0.00096542242988333364 0.0056027091031784831 -0.0013906668730152673 -0.0036484892263100146 0.00024152413218004321 0.0043103000635005715 -0.011578795996862991 0.0050210574961623011 -0.0037226742548248318 -0.0050970015678839077 0.0051585042412621296 0.0090950890181163979 0.0025367376616135641 0.00028443482897595463 0.0019753570954983203 0.0042317011353368459
leaf_weight=2001 3342 840 6300 837 4497 2559 886 290 855 2376 1178 97 8272 1331 750 1114 3170 993 170 7658 916 7608 554 3934 346 1324 417 18800 224 238 615 368 933 4595 3267 942 1001 2496 1970 2283 11119 3966 95 1171 571 100 634 120 2218 217 1377 752 885 1475 1939 124 145 364 5846 1342 3874 1461
leaf_count=1842 2327 420 6265 836 3232 1932 683 273 854 2337 840 82 8175 766 745 1021 3086 789 168 6310 776 7524 277 3821 345 1301 408 18615 223 224 612 269 882 4260 1955 577 633 1673 1724 1535 11014 3947 51 959 348 52 611 61 1727 206 1086 489 885 807 1919 116 96 185 3941 1031 3631 1195
internal_value=0.00142881 0.00638198 -0.00142071 -0.0123113 0.00564948 0.00338207 0.0087651 -0.00057271 -0.0280625 -0.00157189 0.00588727 0.0124686 -0.00259936 0.0144001 -0.00189746 -0.000327029 -0.000824184 0.0053941 0.00358433 0.00421778 0.0142461 0.00235254 0.0328996 0.00272676 -0.00124254 0.00400622 0.0174673 -0.000385208 -0.00742765 -0.0194123 -0.00337115 0.0082281 -0.0060652 0.00472375 0.0123064 0.00596338 0.0127289 0.00466716 -0.00248773 0.00102139 -0.00414622 -0.00379641 0.0096526 -0.000726015 0.00478893 0.0206544 -0.00122256 0.00391204 0.0013016 -0.000415115 0.00404559 0.00598357 -0.0354055 0.0220566 -0.0020033 -0.00632231 -0.000327795 0.0283763 0.0084465 -0.00454168 0.00566922 0.00739987
internal_weight=142142 51910 90232 6517 50516 29240 21276 83715 2577 67494 20490 4131 53491 7940 47191 27800 26686 13336 16221 16359 1206 14003 1394 15015 5025 2721 763 25936 2304 586 1718 7886 1548 9990 6609 12097 1943 10154 8750 4253 19391 7136 6893 4262 1742 679 1958 215 5450 4564 2346 2129 1740 1572 3940 362 7753 464 6214 2520 6250 6056
internal_count=124974 36967 88007 6336 36270 21683 14587 81671 2575 66456 15192 2821 52868 5048 46603 27414 26393 9539 15215 12371 1049 13588 697 14166 4890 2665 753 25648 2225 563 1662 5348 1494 9276 4282 9193 1210 7983 6491 3259 19189 7033 4559 3178 1307 349 1912 112 4191 3508 1781 1575 1739 889 3761 340 7620 237 4210 1871 5968 5455
cat_boundaries=0 2 3 4 5 7 8 10 12 14 16 18 20 22
cat_threshold=2171879426 266944 6602752 7328531 42663936 822516699 413952 2097152 4325666 395008 3800561976 8841 2717502220 449 1662264563 357168 1543504024 147502 2080375008 16445 1308038704 168227
is_linear=0
shrinkage=0.05


Tree=65
num_leaves=63
num_cat=3
split_feature=13 15 19 23 26 20 25 25 25 14 50 23 28 26 25 26 1 17 16 17 25 23 21 29 24 20 26 49 49 25 1 29 28 19 25 16 13 47 25 26 1 21 39 49 44 21 25 21 25 29 39 15 16 16 50 50 44 49 21 15 34 47
split_gain=741.4 383.082 340.025 432.349 138.03 123.316 92.7443 79.9672 77.8671 74.8946 70.4564 70.3686 63.8526 62.5725 66.6449 61.6457 61.1865 61.0477 54.5231 106.98 69.139 65.9579 48.7385 46.0789 44.115 44.4943 43.8197 47.9625 50.8014 43.9861 43.1716 42.8852 39.7699 39.2936 39.1731 46.8644 38.5084 37.8506 36.8431 36.8317 36.4848 35.4652 34.9869 34.751 33.9367 33.89 33.0144 32.4151 32.3161 32.0153 31.0871 29.9815 44.4684 30.4868 29.8778 37.264 29.7433 29.4145 29.2321 29.1344 28.504 40.3342
threshold=7.5000000000000009 39.875000000000007 1.2500000000000002 0.37500000000000006 0.034772794189812502 1.2000000000000022 4.4179397048849784 5.9923794752989226 6.5361703219115208 17.500000000000004 4.8500000000000014 0.87500000000000011 142.00000000000003 0.069628376521344515 2.7548654045198502 0.25541670730631871 0 0.75000000000000111 2.0208333333333335 0.499999999999999 2.4668421375839582 0.87500000000000011 13.500000000000002 1.6336447464207717 3.8638114336643752 -0.19999999999999993 0.072382981954482367 7.5214285714285731 10.27857142857143 3.8462539543240828 1 4.3965916953090529 142.00000000000003 90.500000000000014 1.9375461837340044 2.5871212121212124 3.5000000000000004 -3.2415466930527468 2.4668421375839582 0.023599954872007403 2 16.500000000000004 0.93750000000000011 13.607142857142859 29.650000000000002 4.5000000000000009 3.8838420315501758 1.5000000000000002 4.3723104274829216 4.2660006009615392 0.77500000000000013 10.687500000000002 15.841666666666669 9.5871212121212146 10.750000000000002 1.2500000000000002 24.350000000000005 17.357142857142861 3.5000000000000004 20.312500000000004 1.0000000180025095e-35 -1.8650572851930549
decision_type=2 2 2 2 2 2 2 2 2 2 2 2 2 2 2 2 1 2 8 2 2 2 8 2 2 2 2 2 2 2 1 2 2 2 2 10 2 2 2 2 1 8 2 2 2 8 2 8 2 2 2 2 10 10 2 2 2 2 10 2 2 2
left_child=2 5 3 49 6 9 24 13 10 12 26 -5 46 14 17 18 -14 23 19 31 30 38 37 -6 25 -4 27 29 -29 -7 -21 -15 -10 -3 35 -25 -23 -16 -20 -8 -40 -12 -17 -28 -9 -37 -2 -41 -18 -1 -11 53 -53 -48 55 -39 -54 -19 -30 -50 -13 -62
right_child=1 33 4 11 7 8 39 44 32 50 41 60 16 15 22 42 48 57 21 20 -22 36 -24 34 -26 -27 43 28 58 -31 -32 -33 -34 -35 -36 45 -38 54 40 47 -42 -43 -44 -45 -46 -47 51 -49 59 -51 -52 52 56 -55 -56 -57 -58 -59 -60 -61 61 -63
leaf_value=-0.0019337990817550833 -0.00096757891108609781 0.0087339945273642305 -0.0047376469668811427 -0.0096486462227518225 0.00017799942071545783 -0.0010360493574226638 -0.00035413141146287689 0.0027129990938881358 0.004524663343404867 0.0076821161632081971 0.0043535785223157769 -0.010999856197019842 -0.00024995961839051063 0.00011172078558496779 0.0078929983534541948 0.00061216027168068407 0.0011966399821650821 -0.0016914405986360626 -0.00022145337102584818 -0.0074690861701172178 0.0079537989479517065 -0.0012798919161876199 2.7942202074471292e-06 -0.00037914701334594851 -0.00056050898033936929 -0.0011288258219223524 0.0020403735319067251 -0.0039853946175943513 0.0031960385811200089 0.0032516006383843891 0.00069476100287020344 -0.0001983082811903736 0.0069435572080529528 0.022734609174339185 -0.00046302755935885288 -0.00096056778813699009 -1.2818433111294603e-06 -5.2194037439023956e-05 0.0031859712522766259 0.0058821368708712133 0.00071231407860847815 0.0021776987391130763 -0.0025420109828345919 0.0076535192302479294 0.0086407375881578426 0.00037451492544882115 0.00061690953060152822 0.00026508817795311 0.0025561176091960184 0.0013919295580123838 0.002385608087360519 -0.0002742595510013324 -9.2873893666289844e-05 0.0019171221465090873 -6.7998482071929272e-05 0.0029782531657792433 0.0037213336626110483 -0.0066870084636379227 -0.0035733050340938325 -0.002123444650559986 0.010373206937169949 -0.0084715383451515365
leaf_weight=2774 2568 668 2967 1370 152 670 8564 1212 1866 270 2461 944 2097 294 204 44 4734 5805 1236 263 514 575 22128 390 12825 6981 1721 976 516 1556 296 62 1070 554 2274 79 1402 1483 2703 467 2705 2916 129 322 308 388 5049 7644 4010 1166 3533 4878 446 1244 2425 3950 516 226 198 91 45 218
leaf_count=2701 2235 334 2961 1369 152 579 8435 1020 1125 138 1573 944 1491 294 149 34 3372 5763 1211 260 472 570 21773 390 12779 6945 1088 792 376 1055 292 60 571 277 2271 79 1356 1452 2191 388 2610 1997 127 178 201 388 4371 7514 2509 1060 1810 2908 233 917 2334 3561 269 226 136 46 45 217
internal_value=0.00134298 0.00665454 -0.00111194 -0.0121425 -0.000319143 0.00588197 -0.0025424 0.00139215 0.00969628 0.00403217 0.00781468 -0.0280625 0.00306019 0.00104659 0.000144159 0.00453296 0.00595399 -0.00355287 0.00504378 0.0140874 0.00618715 0.00354268 0.00128499 0.0019321 -0.00461689 -0.00711579 0.00406795 0.000968854 -0.00537847 0.0057903 -0.00597321 0.0378011 0.0169544 0.0342559 0.000621009 0.00972611 -0.00447169 0.00461305 0.00592852 0.000290537 0.00770845 0.0119645 -0.0249713 0.0100024 0.0126857 0.0203953 0.0009077 0.00270525 0.00777131 -0.00172418 0.0105797 0.0019981 -0.000581236 0.00439228 0.0040584 0.00611796 0.00923676 -0.00653929 0.00474825 0.01103 -0.036875 -0.0221402
internal_weight=142142 44930 97212 6517 90695 43708 39448 51247 14272 29436 11336 2577 25633 49727 39504 10223 10932 9314 10050 1429 1073 8621 30190 3283 22773 9948 5959 3916 1690 2226 559 356 2936 1222 3131 857 1977 8062 6644 16675 5408 5377 173 2043 1520 467 14701 8111 8835 3940 3803 12133 5840 6293 7858 5433 962 6031 714 4101 1207 263
internal_count=124974 30380 94594 6336 88258 29769 39022 49236 9470 20299 7774 2575 18351 48015 38538 9477 7418 9269 9316 1378 1024 7938 29269 3280 22685 9906 4204 2938 1304 1634 552 354 1696 611 3128 857 1926 7496 6012 16337 4801 3570 161 1266 1221 467 10933 7902 5927 3761 1948 8698 3410 5288 7347 5013 502 5989 512 2555 1206 262
cat_boundaries=0 1 2 3
cat_threshold=896 537 124
is_linear=0
shrinkage=0.05


Tree=66
num_leaves=63
num_cat=5
split_feature=13 15 19 23 26 13 25 17 26 24 23 24 29 25 42 23 19 18 25 50 21 47 18 25 17 1 39 26 26 25 24 25 21 49 1 25 25 17 1 25 40 29 25 28 26 42 19 42 45 1 22 21 42 22 29 21 1 34 47 2 25 24
split_gain=675.305 372.572 331.89 441.566 125.361 103.634 92.9954 75.6536 71.6317 72.0706 70.3686 62.1569 47.5417 44.9733 49.9953 43.2111 55.0768 80.2338 80.0309 42.7801 42.5727 47.7466 42.2454 41.5174 41.7684 48.529 49.7982 40.9054 39.6427 37.7525 78.5738 40.9904 35.8839 34.7579 34.2675 41.3324 34.0205 32.649 60.4061 38.5457 36.8286 32.4189 38.3332 36.2459 32.3175 32.092 31.8607 31.4812 31.3152 31.0604 30.9346 30.7868 31.6563 29.0995 28.9223 28.897 28.597 28.504 40.3342 27.9684 27.6865 31.6496
threshold=7.5000000000000009 42.187500000000007 1.2500000000000002 0.37500000000000006 0.023087669066025402 18.500000000000004 5.5574056331669164 1.7320508075688772 0.069628376521344515 3.918767507002801 0.87500000000000011 5.4498170235836279 4.3780754357226419 6.5361703219115208 14.178571428571431 0.62500000000000011 2.2500000000000004 1.1250000000000002 1.6761543611374872 4.4500000000000011 13.500000000000002 -3.2415466930527468 2.3750000000000004 5.0114216919400407 0.75000000000000111 0 0.41428571428571431 0.055299713317128053 0.072995970624649117 4.8717799579155825 6.2549019607843146 2.9614914616579728 14.500000000000002 8.9214285714285726 1 5.5574056331669164 1.0339370996192301 0.25000000000000072 2 5.7184807633204207 2.7083333333333335 4.7327102309348907 3.225608871412931 139.50000000000003 0.019467041108653802 14.814285714285715 90.500000000000014 3.0142857142857147 1.0000000180025095e-35 3 0.062499999999999958 16.500000000000004 16.350000000000005 0.33943452380952382 3.5810815730206191 2.5000000000000004 4 1.0000000180025095e-35 -1.8650572851930549 -0.35460488704253573 1.231416256120329 1.4170008912655974
decision_type=2 2 2 2 2 2 2 2 2 2 2 2 2 2 2 2 2 2 2 2 8 2 2 2 2 1 2 2 2 2 2 2 10 2 1 2 2 2 1 2 2 2 2 2 2 2 2 2 2 1 2 8 2 2 2 10 1 2 2 2 2 2
left_child=2 5 3 44 37 7 8 32 9 23 -5 -8 34 14 -7 56 17 -17 54 -15 21 -11 -18 24 -6 26 -26 -13 -16 31 -31 -23 -2 -33 -9 -36 -28 38 40 -39 50 -14 55 -44 47 -30 -3 -1 -35 -22 -4 52 -38 -53 -19 -43 -10 -12 -59 -56 -46 -62
right_child=1 46 4 10 6 13 11 12 15 20 57 27 41 19 28 16 22 18 -20 -21 49 29 -24 -25 25 -27 36 -29 45 30 -32 33 -34 48 35 -37 51 39 -40 -41 -42 42 43 -45 60 -47 -48 -49 -50 -51 -52 53 -54 -55 59 -57 -58 58 -60 -61 61 -63
leaf_value=-0.013577745786874951 0.00023453275420204367 0.0081263949826128282 -0.00077466336963485927 -0.0091662139116142297 2.4498753164237108e-05 0.00026636247398279526 0.010023234585495411 -0.00046921600120468647 0.0035613769551843923 0.0098761537805190213 -0.010449863387168851 0.00068362248690735379 0.0028654757049016103 0.0066958026954409113 0.00065459326154412856 -0.01063108087010174 -0.0039796130962789387 0.0001040973931383471 -0.00082752152939045151 0.0030780660932615781 -0.00070187187283392576 -0.0033854306039458938 -9.9320468993635558e-07 0.0047665415836519957 0.0053000758510041712 -0.0026427856108505511 -0.012943674545260665 0.0062231015854568254 0.0089458655529258031 -0.0020162775725048768 0.004688074119275687 0.00075136985631998334 0.0042862863185658294 0.0050184534563191942 0.00024353084063714615 0.0027553464438725642 -0.00018721339324578867 -0.0018878753096995271 0.00022474279308447588 7.7328599734660672e-05 0.00043204808549560661 0.00020370296216978281 0.001043263288606533 0.0023259779836086957 -0.015111693653107196 0.0048975801062842994 0.021597878715622222 -0.0013020968116399857 0.00050994089270856577 6.5679472552049309e-05 0.0024443180809710975 -0.0022200998006670857 0.013674944519841871 0.0017281915970147278 -0.00059240057292797577 -0.009752417736846054 0.0011551993881754985 0.009854546590311453 -0.0080479614278939574 0.00057143690506079598 0.0032226128093276966 -0.00011362953631388617
leaf_weight=363 14273 600 247 1370 6954 1662 246 1991 1982 183 944 5074 7700 1242 477 68 263 284 168 1817 4278 206 4168 372 542 7771 47 642 230 410 207 3896 277 1350 2665 2460 5893 12992 740 2889 196 808 3860 3505 100 649 554 1047 545 21591 60 2807 56 490 24 160 2980 45 218 74 684 1746
leaf_count=362 10675 300 247 1369 6920 874 152 1510 1637 133 944 4803 4973 633 252 68 263 284 167 929 4241 206 3976 292 496 7757 47 468 117 409 186 3719 165 1232 2158 1616 5764 12930 740 2804 196 673 2577 2171 100 332 277 1019 522 21291 60 2795 53 483 24 148 2819 45 217 74 660 1620
internal_value=0.001267 0.00633627 -0.00107594 -0.0119738 -0.000292681 0.00559643 0.000604102 0.00461923 7.60982e-05 -0.000602354 -0.0280625 0.0065898 0.00639503 0.011656 0.00731865 0.00397972 0.000721782 0.0146931 0.0210436 0.0159297 0.000942694 0.00446381 -0.00122856 -0.00262684 -0.00287834 -0.00417419 -0.00183272 0.0055265 0.0144399 0.00376342 -0.00800162 0.00497583 0.00179335 0.00575708 0.00299213 0.00514895 -0.00269475 -0.00414569 0.00365354 -0.00475664 -0.00962062 0.00790476 0.00574094 0.00697054 -0.00144506 0.020733 0.034368 -0.00750886 0.0113107 1.72014e-05 -0.0206006 -0.00247594 -0.000326891 -0.00635082 0.0336684 -0.00360681 0.00729297 -0.036875 -0.0221402 0.0100505 0.00193402 0.00300082
internal_weight=142142 44930 97212 6517 90695 43776 73571 37699 67609 57598 2577 5962 23149 6077 3018 10011 5049 618 550 3059 32666 6797 4431 24932 24560 17606 9835 5716 1356 6614 617 5997 14550 5791 7116 5125 9293 17124 1243 15881 503 16033 8333 7365 3940 879 1154 1410 1895 25869 307 9246 5949 3297 382 968 4962 1207 263 98 2530 2430
internal_count=124974 30380 94594 6336 88258 29803 71281 26666 65858 56546 2575 5423 15826 3137 1575 9312 4856 617 549 1562 31939 6407 4239 24607 24315 17395 9638 5271 701 6274 595 5679 10840 5473 5284 3774 9142 16977 1243 15734 503 10542 5569 4748 3761 449 577 1381 1754 25532 307 9095 5817 3278 382 821 4456 1206 262 98 2380 2280
cat_boundaries=0 1 2 3 4 5
cat_threshold=376 776 61 2064 172
is_linear=0
shrinkage=0.05


Tree=67
num_leaves=63
num_cat=17
split_feature=14 15 19 23 25 0 0 0 44 13 27 41 25 41 23 22 16 0 0 20 19 19 16 13 0 25 29 0 22 47 0 20 20 0 0 20 0 0 22 23 23 44 25 25 24 29 14 0 41 20 47 0 0 22 0 24 23 16 24 0 16 41
split_gain=621.355 406.742 306.227 437.412 141.864 113.869 111.801 98.439 92.0721 83.08 73.116 68.4477 117.348 73.5943 72.7104 72.1878 91.8037 181.679 151.287 107.983 65.3452 60.4745 66.863 65.6787 65.5815 55.9431 54.504 57.7258 55.093 53.0858 52.7123 51.0908 50.0954 48.89 46.8111 45.8172 45.0358 41.6452 40.2324 39.9774 39.614 37.5241 37.2891 36.5824 49.7365 36.057 34.8721 34.842 33.8262 35.0452 42.098 33.8114 33.5703 32.7488 43.031 44.0033 32.605 32.2584 31.4576 30.8499 30.9094 30.7373
threshold=5.5000000000000009 42.187500000000007 1.2500000000000002 0.37500000000000006 4.7349668438947559 0 1 2 32.800000000000004 2.5000000000000004 5.4311013767209024 0.38717099668055155 1.6193911239349281 0.10206207261596585 0.87500000000000011 0.081168831168831154 2.077380952380953 3 4 -0.29999999999999988 30.500000000000004 3.2500000000000004 3.2613636363636371 3.5000000000000004 5 1.7812887021222121 3.8712905344132089 6 0.071504884004883959 -4.4143483621346364 7 3.4000000000000017 6.8600864921878535e-16 8 9 0.29999999999999949 10 11 0.054972527472527462 0.87500000000000011 0.62500000000000011 32.150000000000013 1.0339370996192301 2.3611733746099497 1.4170008912655974 4.3780754357226419 2.5000000000000004 12 0.32258725958831574 -1.7999999999999992 0.34703079267070308 13 14 0.038461538461538457 15 10.941857585139319 0.87500000000000011 72.708333333333343 3.918767507002801 16 7.4226190476190483 0.75903339007108184
decision_type=2 2 2 2 2 1 1 1 2 2 2 2 2 2 2 2 8 1 1 2 2 2 8 2 1 2 2 1 2 2 1 2 2 1 1 2 1 1 2 2 2 2 2 2 2 2 2 1 2 2 2 1 1 2 1 2 2 8 2 1 10 2
left_child=2 4 3 43 7 42 8 10 20 11 29 12 13 -4 37 16 17 -14 46 -19 41 22 24 47 -11 -16 28 -28 36 -2 -30 59 33 -8 -17 38 -25 -13 -9 -24 -26 48 -5 -1 -45 -21 -18 -23 -6 -50 -51 -46 -37 54 -34 -56 -7 -3 -49 60 61 -29
right_child=1 57 9 5 6 56 32 35 -10 21 -12 14 15 -15 25 34 18 19 -20 45 -22 23 39 26 40 -27 27 31 30 -31 -32 -33 53 -35 -36 52 -38 -39 -40 -41 -42 -43 -44 44 51 -47 -48 58 49 50 -52 -53 -54 -55 55 -57 -58 -59 -60 -61 -62 -63
leaf_value=-0.0090274768836533566 -0.0023791004148917883 0.0068949319368984078 0.00010092987664880316 -0.0051541839951757488 0.0014937659990355012 -0.0087639950354548579 -0.00041481636181812666 -0.001212007437509799 0.0073885246915629255 6.7320654525238058e-05 0.0024697714550254326 -0.0027354890991491245 -0.00078227186163365436 -0.0014764032933659412 -0.01009952682659665 -0.00051179546432694734 -0.0013338976147424077 -0.005308337169567745 -0.0016429480821457398 0.0002773388851974201 0.0072689571596118554 -0.0021659160119665843 9.2066150760483642e-05 -0.0002698231530066819 0.00068904032678872578 -0.0043847327674859052 -0.0036407900958258413 0.00032034663872561043 -0.0028347125446091638 0.00076095622700773642 -0.00018596622155588884 0.013647141236911865 -8.8883400849815169e-05 0.00080971437247633342 0.0012347142164828074 -0.00022251919213733817 0.00022601213754678829 -0.00087737218222164745 -0.00021345765711382471 -0.00032497442248882182 0.00034073091352596622 -0.0046547852273277459 -0.0082511403449665177 0.0066686947432336944 -0.0039317049944992853 -0.00025667256185956668 0.0022491277312147507 -0.0018842392721303393 -0.00022640161473282407 0.00362305064823536 0.007423742225720298 0.00054579560619840708 0.0013864409682400993 0.0011975056804906959 0.0033801465964314382 -0.0010261167225608327 -0.0099273702178104117 0.018979398163325015 0.00031249534972656036 0.00026635163909281004 0.0057559102577683929 0.0064732467011639596
leaf_weight=741 577 522 356 136 7319 855 2503 2420 772 2656 6779 3094 743 165 158 2795 421 148 953 627 734 2948 603 2945 1359 1107 656 3746 4004 15466 6433 232 534 4005 2945 3616 4941 9994 4633 487 2233 93 701 479 1107 43 568 1903 335 1472 835 1613 2684 4723 1619 211 885 630 2736 10228 455 461
leaf_count=741 525 261 356 136 4796 854 1808 2116 434 2650 4551 3085 742 165 158 2793 421 148 951 627 370 2943 603 2895 1353 1106 646 3651 3929 12761 6362 144 339 2816 2916 3141 4838 9929 4100 486 2233 68 700 452 1071 43 562 1890 230 1062 570 1497 2275 3288 1027 138 885 315 2726 9542 350 404
internal_value=0.00118539 0.00491806 -0.00174232 -0.0121272 0.00436476 -0.02814 0.00724857 0.00235916 0.0108629 -0.000816813 0.00435313 -0.00321938 9.72862e-06 0.0230747 -0.00541626 -0.00129219 -0.00694777 0.00207746 -0.0142023 0.0182087 0.00967606 0.000365003 0.00455035 -0.000371681 0.00654425 -0.0168602 0.000564336 0.00271849 -0.00129038 0.00251465 -0.0036736 0.00334996 0.00416324 0.000997849 0.00215903 -0.00105096 0.00186319 -0.00430858 -0.00381982 -0.00686984 0.0109339 0.00862208 -0.0124351 -0.00164806 0.000670313 0.0269672 -0.000345 -0.00457894 0.00891839 0.0137703 0.015964 -0.00194598 0.0020465 0.00707463 0.0118795 0.015478 -0.0354055 0.0343408 -0.00185914 0.00298805 0.00635459 0.00502495
internal_weight=142142 62482 79660 6517 61330 2577 25155 36175 11560 73143 22822 24117 9764 521 14353 9243 3503 1561 1942 818 10788 49026 7338 41688 6248 1265 34101 15778 18323 16043 10437 15122 13595 6508 5740 13353 7886 13088 7053 1090 3592 10054 837 3940 3199 670 989 7587 9961 2642 2307 2720 6300 7087 2364 1830 1740 1152 4639 14890 4662 4207
internal_count=124974 46991 77983 6336 46415 2575 16946 29469 7530 71647 17837 24002 9724 521 14278 9203 3494 1560 1934 818 7096 47645 7325 40320 6236 1264 32761 14737 18024 13286 10291 14091 9416 4624 5709 11632 7733 13014 6216 1089 3586 6726 836 3761 3020 670 983 7559 6658 1862 1632 2568 5416 4792 1504 1165 1739 576 4616 13947 4405 4055
cat_boundaries=0 1 3 5 6 8 9 11 13 15 17 19 21 23 25 27 29 31
cat_threshold=7328531 547740860 33030 251642128 196752 855580475 1111849759 1 1138925428 16777297 256 2299954979 273408 2566914560 86769 1751583827 463718 2210650496 283202 1142956234 132239 957187267 327932 2152237903 287884 285227180 306752 50340096 145056 2561687936 305213
is_linear=0
shrinkage=0.05


Tree=68
num_leaves=63
num_cat=14
split_feature=13 19 19 23 26 0 13 0 24 0 0 20 16 0 0 50 47 20 44 50 0 47 22 28 0 26 39 16 47 42 0 23 24 26 0 0 47 43 47 26 22 20 26 24 13 19 21 47 26 16 19 0 19 18 15 47 15 40 0 22 0 26
split_gain=569.887 337.256 321.223 450.832 119.221 118.945 113.706 129.569 95.1644 80.0134 76.1966 61.4453 62.3313 61.1643 55.4079 45.9899 51.9128 43.1926 42.452 43.8999 42.0539 43.1058 41.4036 40.8603 43.2288 39.4532 38.9657 43.1477 37.0669 35.303 34.8573 32.605 32.5758 32.3249 51.2732 37.9552 32.0555 34.5011 33.0896 31.7362 30.8303 45.0815 30.7331 30.5833 30.5753 28.5571 29.5702 28.4375 28.176 32.6438 73.226 31.2356 29.3666 38.7683 29.2353 29.0214 28.2026 27.7521 27.6383 27.1445 26.1299 25.6456
threshold=7.5000000000000009 73.500000000000014 1.2500000000000002 0.37500000000000006 0.047015667818420107 0 18.500000000000004 1 5.2738440027963653 2 3 0.99999999999999978 15.097222222222223 4 5 4.8500000000000014 -1.8650572851930549 -0.39999999999999991 28.450000000000003 0.65000000000000002 6 -4.0832680554680456 0.13821814150761522 142.00000000000003 7 0.023087669066025402 0.38750000000000007 1.4226190476190479 -1.9447651457439539 14.27857142857143 8 0.87500000000000011 7.4663165266106448 0.019467041108653802 9 10 -4.4143483621346364 0.80000000000000016 0.37805386426251669 0.077411507314524522 0.19318533633549118 -0.3999999999999993 0.07977787349418701 3.6260133861236805 10.500000000000002 2.2500000000000004 2.5000000000000004 -0.37764764845034543 0.0093312185328498515 2.0208333333333335 2.7500000000000004 11 2.7500000000000004 2.6250000000000004 1.9375000000000002 3.8901462451385291 1.3125000000000002 17.291666666666668 12 0.033482142857142856 13 0.080495726135769066
decision_type=2 2 2 2 2 1 2 1 2 1 1 2 10 1 1 2 2 2 2 2 1 2 2 2 1 2 2 10 2 2 1 2 2 2 1 1 2 2 2 2 2 2 2 2 2 2 8 2 2 8 2 1 2 2 2 2 2 2 1 2 1 2
left_child=2 6 3 33 8 61 9 -8 14 -2 -10 12 23 26 17 16 -13 22 39 -20 -14 -22 58 24 28 45 -6 -28 42 44 -25 -7 -15 34 -1 -35 -29 -38 -39 57 41 60 -11 -27 -26 -16 -47 -31 -19 51 54 52 56 -54 -51 -52 -50 -18 -4 -46 -12 -5
right_child=1 -3 4 5 13 31 7 -9 10 11 40 15 20 32 25 -17 18 48 19 -21 21 -23 -24 30 29 43 27 36 -30 47 -32 -33 -34 35 -36 -37 37 38 -40 -41 -42 -43 -44 -45 59 46 -48 -49 49 50 55 -53 53 -55 -56 -57 -58 -59 -60 -61 -62 -63
leaf_value=-0.012912686903706949 0.00014643670410703359 0.016682025720964777 -0.0046631550213761643 -0.0071473597042804983 0.0089479456053645993 -0.0083257952836821147 0.0047395010423387125 0.001592374710405209 0.0014318159774361961 -0.001335563012304425 -0.002750930199074908 -0.002699271336364684 0.00074607817647507355 7.4070996927277927e-05 -0.00030022465465122107 0.003324501586559692 0.0018919287375212424 -0.0028807135442855515 -0.003234409475557132 0.00072322568687819286 -0.0036111672429490985 0.0051830590859399117 -0.00039311279829385982 0.0024082928593321452 -0.000546594063751904 -0.0016468986270254838 -0.0015030564899143784 -0.0026211522557830214 0.0021431264937596785 -0.00097353947661977809 0.00073457792551946406 -0.0094310017069198903 0.0073324293429071659 -0.0034000632713639513 0.00022218559506355097 0.0016287064715076573 -0.00040566385126685758 0.0026873819639451459 0.00012165162025135068 0.0053097379936084543 0.0010668090794561881 2.4182131040861867e-05 0.0024206100222353591 -0.00030305480267425191 -0.0026010350233962587 -0.0021553570128222178 -0.005726312398575845 0.001223032672433383 0.001207422534864544 -0.00092763931602904415 -2.2826858413038667e-06 0.00012883750768108993 -0.0015025322092284022 0.0028964918907721294 -0.0011567511361092909 0.01227114205573151 0.00047247522118581964 0.0070031621989480987 -0.0018057496496376336 -0.0013782743630113504 -0.0004910223078376353 -0.0051566252011836433
leaf_weight=613 12940 772 912 740 337 855 3009 3446 4323 715 927 448 998 21173 1555 4682 1978 640 281 874 45 885 3944 2349 1424 6507 480 333 1669 1350 3777 885 196 884 797 1646 835 4311 1172 668 3511 5731 122 9124 278 1373 2149 1689 380 485 12735 2800 616 237 244 106 430 48 1654 483 1475 97
leaf_count=612 9629 386 904 739 286 854 1525 1801 4092 572 917 355 523 20623 1555 3164 1431 638 212 617 23 460 3802 1473 1176 6471 465 318 1230 992 2621 885 136 872 769 1508 791 3586 1128 405 3424 5674 82 9083 163 1360 2148 1222 380 484 12590 2757 611 227 244 96 430 24 1618 294 1420 97
internal_value=0.00114529 0.00580212 -0.00100702 -0.0117283 -0.000236449 -0.0279849 0.00522872 0.0113607 -0.00147424 0.00417847 0.00185026 0.00584262 0.00396547 0.00241851 -0.00263107 0.00914755 0.00540833 -0.00105362 0.00728442 -0.000730969 0.0123872 0.0199734 -0.00456074 0.00279245 0.000374466 -0.00454631 0.00631034 0.00553071 0.00575884 -0.0022149 0.00584217 -0.0354055 0.00105449 -0.00108982 -0.0071545 0.00228961 0.00657622 0.00737379 0.00881565 0.0107217 -0.000256971 -0.001948 -0.00279833 -0.0033038 -0.00706542 -0.0083783 -0.01087 0.0012648 0.000168416 0.000534823 -0.000684916 0.00424395 0.00964456 0.00321429 -0.016089 0.000190391 0.0165166 0.00759497 -0.00950331 -0.0151509 -0.00769663 -0.0119634
internal_weight=142142 44930 97212 6517 90695 2577 44158 6455 61858 37703 15967 24763 15784 28837 45891 8979 4297 25183 3849 1155 1928 930 6510 13856 7730 20708 7468 7131 2506 5224 6126 1740 21369 3940 1410 2530 6651 6318 5483 2694 11644 8133 837 15631 2185 5077 3522 3039 18673 18033 13570 4463 1663 853 729 12841 810 2026 2566 761 2402 837
internal_count=124974 30380 94594 6336 88258 2575 29994 3326 60925 26668 15527 17039 10831 27333 45398 6208 3044 24781 2689 829 1006 483 6324 9825 5731 20617 6574 6288 1884 3847 4094 1739 20759 3761 1381 2380 5823 5505 4714 1860 11435 8011 654 15554 1633 5063 3508 2214 18457 17819 13414 4405 1648 838 728 12686 810 1455 2522 457 2337 836
cat_boundaries=0 1 3 5 7 9 11 13 15 17 19 21 23 25 27
cat_threshold=7328531 2863776468 204971 4043481297 350178 612819220 257 302367248 40960 3606667264 126583 142084608 165909 135005474 32788 81805824 131072 3673086 189828 1342423371 331473 2248163328 76916 3298828288 52244 404752032 402046
is_linear=0
shrinkage=0.05


Tree=69
num_leaves=63
num_cat=0
split_feature=13 19 37 19 26 25 29 22 20 22 25 26 42 21 39 24 26 22 16 17 20 40 29 25 17 21 9 22 21 39 26 29 3 25 16 29 20 49 44 24 29 25 16 21 42 9 42 28 50 50 28 47 20 25 25 49 26 20 21 20 26 16
split_gain=527.771 325.583 345.557 321.803 108.06 106.517 82.2688 76.0044 74.9613 71.1574 70.9901 56.9561 54.4907 74.1367 53.4292 52.5131 44.4343 46.7472 76.0946 74.9669 67.1731 48.517 44.5851 43.7513 47.6247 43.7489 43.6802 70.5066 43.2075 42.5015 41.4862 38.679 36.9401 36.8562 47.3561 36.0983 35.4325 34.8056 37.3231 34.5665 34.054 34.0467 35.3193 34.7618 34.0065 33.8491 32.7364 31.9697 29.6945 36.4908 33.5594 29.5961 29.0533 28.373 28.2421 27.9264 27.91 29.099 30.5129 27.4705 26.9981 26.7161
threshold=7.5000000000000009 1.2500000000000002 2.5000000000000004 73.500000000000014 0.034772794189812502 6.1439125745712087 4.3780754357226419 0.12499999999999996 2.1000000000000019 0.38398731203007525 4.4179397048849784 0.049802360851718804 14.178571428571431 20.500000000000004 0.93750000000000011 6.9467320261437919 0.069628376521344515 0.062554347826086973 2.1742424242424243 0.499999999999999 0.39999999999999969 2.7083333333333335 4.3965916953090529 2.7548654045198502 0.75000000000000111 87.500000000000014 1.5000000000000002 0.083333333333333356 13.500000000000002 0.73214285714285732 0.043215388027847856 1.6336447464207717 -0.85421994577343285 3.161478875374879 10.841666666666669 2.7352273103402625 -0.20000000000000004 3.0714285714285716 29.550000000000004 3.8061363636363641 2.5817535577189337 1.9375461837340044 2.5871212121212124 4.5000000000000009 16.350000000000005 1.5000000000000002 16.00714285714286 137.00000000000003 10.750000000000002 1.2500000000000002 142.00000000000003 2.9636568372788368 -1.5999999999999981 2.8041304077011548 2.4668421375839582 6.1071428571428577 0.024093904703545953 -0.3999999999999993 1.0000000180025095e-35 -0.79999999999999971 0.075590522211140557 6.6742424242424248
decision_type=2 2 2 2 2 2 2 2 2 2 2 2 2 8 2 2 2 2 8 2 2 2 2 2 2 8 2 2 8 2 2 2 2 2 8 2 2 2 2 2 2 2 10 8 2 2 2 2 2 2 2 2 2 2 2 2 2 2 8 2 2 8
left_child=1 2 7 5 10 6 -2 14 11 15 36 -7 30 29 -1 16 23 18 19 22 -21 -20 -18 24 31 37 -10 -28 44 -14 32 -6 -8 55 -35 -4 39 -13 47 -3 -9 42 -33 -44 48 52 53 -39 49 -25 -51 -36 -15 -31 -19 -32 57 -12 -59 -30 -54 -11
right_child=3 4 35 -5 9 8 12 40 26 61 56 25 13 45 -16 -17 17 54 21 20 -22 -23 -24 28 -26 -27 27 -29 59 46 33 41 -34 34 51 -37 -38 38 -40 -41 -42 -43 43 -45 -46 -47 -48 -49 -50 50 -52 -53 60 -55 -56 -57 -58 58 -60 -61 -62 -63
leaf_value=-0.007877860696719979 -0.00010425200718459094 -0.0043853860982953968 -0.0038198225710910361 0.01584792443491656 0.00014756569237754926 0.0004569101502002904 -0.012108089999005422 -0.0080468204124293733 0.0069229306448154952 0.0028009570772543737 -0.002136071825009933 -0.0010454529318239536 0.015676358996942842 -0.0021898394567866244 -0.008804224933675003 0.0036582000540779426 9.2179832969996323e-05 -6.3512642031943178e-05 -0.0019654964765341899 -0.0073737223012460525 0.0033506249749059415 -0.00013214387814077799 -0.00016418776257657309 -0.00021407974879589231 -0.0017094000426576385 0.0014210127021813013 0.0081545614268363487 -0.0037100977856969531 -0.0011091448538575466 -0.002019540629647132 -0.0026312318733965334 -0.00033872988825829343 -0.00058448847854523651 0.0020677214462620831 0.00066281918571848848 0.0011088039103780978 -0.00049689289916369226 0.001348558065079497 0.01503959478523556 -0.0010959815809761242 -0.0067624904171971652 -0.00039499377942578406 -0.00092580969357517482 0.00033596064727468015 0.019481010445270626 -0.0018743397199329104 0.0079711809106520655 0.0045960301023553864 -0.00016483623189570974 0.0015535832314371974 0.0054607204073022116 -0.0013427442326661822 0.00053787503004040229 0.002856469889967034 0.0023178896907790846 0.00027580084875670211 0.00035387388341359129 0.0023045692753197121 -0.00016187441378208157 2.7022246871100111e-05 0.0020800916178181916 0.0099826732315353005
leaf_weight=1133 8968 2800 1692 772 150 3683 77 562 1609 1288 2436 166 268 343 772 1105 311 1207 264 227 423 3044 81 1464 5842 3954 230 233 3953 298 586 383 1699 5588 3997 1764 15601 334 149 4372 594 2225 79 388 57 787 383 934 2385 2973 1060 446 2009 3987 4548 1477 7541 1234 5464 17500 1953 290
leaf_count=1130 7279 2794 1662 386 150 2596 66 562 897 1254 2386 95 160 211 772 868 311 1180 262 226 395 2916 80 1433 5801 2123 123 148 3765 253 526 383 1403 3908 2229 1617 15544 173 76 4347 593 2222 79 388 46 565 227 481 2294 2725 867 250 1488 2392 4007 1152 7344 1167 5440 17338 1173 246
internal_value=0.00104469 -0.00102656 -0.0118203 0.00552614 -0.000250783 0.00496603 0.00352618 -0.0240513 0.00915567 0.00126337 -0.00221793 0.0072221 0.00505858 0.00786669 -0.0301915 0.000931045 0.000685576 0.00363596 -0.00027465 0.0115005 0.00106759 -0.00398761 0.0287405 -8.95736e-05 -0.00312583 0.010427 0.0177496 0.00419181 0.00084697 0.0122331 0.00302754 0.00174985 -0.00410523 0.00407565 0.00532745 -0.000982065 -0.00403289 0.0174527 0.0199894 -0.006942 -0.013911 0.000534785 0.0090423 0.0182585 0.00399811 0.00363145 0.0111148 0.0171749 0.00371622 0.00573754 0.00819162 0.00147277 0.00537506 0.00985651 0.00659225 -0.00200824 0.000260554 -0.0015977 0.000103747 -0.000319055 0.00658466 0.0117131
internal_weight=142142 97212 6517 44930 90695 44158 32866 3061 11292 51247 39448 9220 23898 10028 1905 49669 48564 10105 4350 1042 650 3308 392 38459 9067 5537 2072 463 29392 4936 13870 3225 1776 12094 10031 3456 22773 1583 1417 7172 1156 3075 850 467 7939 5092 4668 1268 7882 5497 4033 4443 4305 4285 5755 2063 16675 9134 6698 21453 3962 1578
internal_count=124974 94594 6336 30380 88258 29994 23282 3057 6712 49236 39022 5544 16003 6469 1902 47736 46868 9377 4190 1012 621 3178 391 37491 9023 2948 1168 271 28468 3032 9534 3222 1469 8065 6387 3279 22685 825 730 7141 1155 3072 850 467 7365 3437 2872 654 7319 5025 3592 2479 2872 2645 5187 1678 16337 8993 6607 21103 2661 1500
is_linear=0
shrinkage=0.05


Tree=70
num_leaves=63
num_cat=7
split_feature=14 15 19 23 17 26 13 23 19 13 16 14 29 22 19 16 1 13 18 23 20 15 20 22 22 17 24 1 22 1 20 28 22 16 1 47 29 1 20 28 49 47 44 26 42 1 23 22 43 2 1 44 44 20 34 47 2 24 24 20 30 24
split_gain=487.001 335.246 282.159 458.524 117.922 81.7027 74.459 71.6202 53.0411 55.075 54.8323 50.9602 49.1428 50.9839 48.6391 166.402 101.566 111.523 96.8198 109.927 72.4215 66.1642 46.1302 44.9635 41.9103 41.5499 40.7298 38.3589 48.1239 37.2889 36.7161 38.9407 36.5982 35.7818 33.4871 32.8729 32.2046 32.18 36.3704 34.5576 33.2431 39.9034 31.5485 30.3665 31.2571 30.3642 39.3982 29.6637 35.1979 40.9761 40.623 35.0976 34.5463 28.5677 28.504 40.3342 28.3168 28.2284 41.0154 27.8967 27.0759 26.7398
threshold=5.5000000000000009 51.125000000000007 1.2500000000000002 0.37500000000000006 2.061552812808833 0.056555322092099909 2.5000000000000004 0.87500000000000011 3.2500000000000004 3.5000000000000004 3.2113095238095242 18.500000000000004 3.8712905344132089 0.071504884004883959 2.2500000000000004 2.077380952380953 0 1.5000000000000002 2.1250000000000004 0.37500000000000006 0.40000000000000008 1.8125000000000002 3.4000000000000017 0.22499999999999998 0.33110047846889951 7.2743842809317334 2.2355481283422463 1 0.083333333333333273 2 0.19999999999999998 140.50000000000003 0.062499999999999958 3.7113095238095242 3 3.5217927809630729 2.7352273103402625 4 -1.5999999999999981 146.50000000000003 5.5500000000000016 -2.5844375838089015 19.200000000000006 0.020320076800679755 3.0142857142857147 5 0.62500000000000011 0.054972527472527462 1.1000000000000003 0.61559370248597556 6 23.150000000000002 33.800000000000004 -1.2999999999999978 1.0000000180025095e-35 -1.8650572851930549 0.8542199457734333 1.493421052631579 0.68880611455108365 -0.19999999999999993 1.4898990760493482 6.9467320261437919
decision_type=2 2 2 2 2 2 2 2 2 2 8 2 2 2 2 8 1 2 2 2 2 2 2 2 2 2 2 1 2 1 2 2 2 8 1 2 2 1 2 2 2 2 2 2 2 1 2 2 2 2 1 2 2 2 2 2 2 2 2 2 2 2
left_child=2 4 3 43 11 29 14 56 10 -10 45 24 13 53 15 16 17 -4 19 -16 -19 -17 35 27 30 37 -23 36 -29 -6 47 34 -12 -15 -32 -14 -20 40 39 -39 -7 -42 -41 44 -1 -8 -47 48 50 -50 -2 -51 -53 -11 -9 -56 -5 58 -31 -28 -40 -49
right_child=1 -3 6 7 5 25 8 54 9 12 32 -13 22 33 18 21 -18 20 23 -21 -22 26 -24 -25 -26 -27 59 28 -30 57 31 -33 -34 -35 -36 -37 -38 38 60 42 41 -43 -44 -45 -46 46 -48 61 49 51 -52 52 -54 -55 55 -57 -58 -59 -60 -61 -62 -63
leaf_value=-0.011851250163765965 0.0023240395875172128 0.013560175952017084 -0.0041741224234527361 -0.0075993137635357762 -0.0017150324797051255 0.0051709209226509017 0.00034320284887568998 -0.0085192403748901423 -0.0010855830070569618 -0.0052953562744254834 -0.00027618075182714866 0.0023630162690322812 0.00022625392511925748 -0.0036273361377556269 -0.00051192628858608982 -0.00066433906421050075 -3.2635116811585708e-05 0.00026978265015580315 -0.0025185439592680936 -0.0031678896318554808 0.00012829472596720404 0.0003733397244630954 0.011914992509317152 0.00092639379000521995 0.0047967328029170034 0.0060010091428295727 0.0010565487338786595 -0.0060080097850022558 -0.0030849435015874896 0.0094368099585289307 0.0013178684638915251 0.0011230570026691256 0.00014274453999232328 -0.00020575372263600402 -0.00011823705222554493 0.0022952760409566397 0.00091852968827932369 0.00088156180032435973 -0.0038128508261507932 0.0022566358463192884 -0.0011461293221805447 0.0024090884693600103 -0.0038453089150197518 0.00061291608957297905 -0.00096623188140272382 0.00041281260697976222 0.00029233683866987105 8.759467921899412e-05 -0.00035670523885488197 0.0033781852328195194 -0.0014450120953451884 -0.00066010238016946945 0.0042013421899648852 0.00010712575639095779 0.010398445026772042 -0.006418369602578561 -0.006475305711406254 0.0013662351530714157 -0.0046932936501705661 -0.00107406893434564 0.0021229023573709374 0.0016940620977170529
leaf_weight=390 177 956 771 980 1013 1156 2978 944 7587 115 591 852 14299 4237 2523 1383 4612 1006 1694 3576 336 65 239 3432 674 1410 38 429 1454 73 1126 6655 650 6200 6141 1240 2188 931 182 91 408 7678 400 2465 1085 1165 1954 8320 4983 644 790 824 134 7771 45 218 390 10108 491 610 4830 1435
leaf_count=387 135 478 771 980 916 692 2971 944 7559 110 590 433 13466 4208 2512 1378 4606 1006 1691 3573 336 65 150 3373 582 747 38 427 1453 60 944 5281 650 6083 5324 1121 2163 627 180 58 260 4576 268 2319 1055 1161 1953 7152 4060 508 638 688 84 7623 45 217 389 7605 464 610 3141 1090
internal_value=0.000970115 0.00427468 -0.00162181 -0.0115902 0.00381775 0.00615338 -0.000733416 -0.0279849 0.0003854 -0.000304517 0.00430508 0.00176594 0.000552607 -0.00120852 -0.00300792 -5.04421e-05 0.00378308 0.0128272 -0.00471302 -0.00959754 0.0215897 -0.0123486 0.00259807 -0.0014726 0.00144324 0.00835694 -0.0247129 -0.00417014 -0.0100026 0.00293043 0.00117659 0.00308806 -0.00526973 -0.00350115 0.000556549 0.00226158 -0.00130876 0.00761593 0.00487122 -0.00217498 0.00950989 0.00838321 -0.0128963 -0.000861456 -0.00653455 0.00625533 0.00969489 -0.000360816 -0.00271349 -0.00140374 -0.0116167 0.00554897 -0.000516163 0.00182516 -0.036875 -0.0221402 -0.0201276 0.00379996 -0.0070708 -0.0284977 0.00688111 0.00146013
internal_weight=142142 62482 79660 6517 61526 28771 73143 2577 49026 41688 7338 32755 34101 18323 24117 8821 6725 2113 15296 6099 1342 2096 15778 9197 31903 17086 713 5765 1883 11685 31229 13922 1241 10437 7267 15539 3882 15676 6434 1422 9242 8086 491 3940 1475 6097 3119 17307 7552 6585 967 1602 958 7886 1207 263 1370 10672 564 648 5012 9755
internal_count=124974 46991 77983 6336 46513 19594 71647 2575 47645 40320 7325 26919 32761 18024 24002 8810 6719 2113 15192 6085 1342 2091 14737 9107 26486 10549 713 5734 1880 9045 25904 11549 1240 10291 6268 14587 3854 9802 4274 953 5528 4836 326 3761 1442 6085 3114 14355 6113 5340 773 1280 772 7733 1206 262 1369 8129 524 648 3321 8242
cat_boundaries=0 1 2 3 4 5 6 7
cat_threshold=3840 2109 2306 384 57 47 18
is_linear=0
shrinkage=0.05


Tree=71
num_leaves=63
num_cat=17
split_feature=14 19 19 23 25 0 0 0 44 26 26 42 28 26 41 21 25 0 0 20 25 0 25 37 0 0 47 0 44 47 47 25 18 0 25 26 0 41 40 44 25 18 24 0 0 25 23 25 50 25 0 0 16 28 24 40 40 16 0 22 17 0
split_gain=459.613 316.784 279.229 463.689 130.421 125.88 118.945 87.6783 103.124 72.7238 68.5796 64.4609 65.2952 61.6653 59.8774 59.5113 58.1625 91.6281 56.5377 50.3227 46.5429 41.9956 41.2482 40.6257 40.1216 40.0625 39.4741 70.3871 69.1 44.0198 39.317 38.803 37.5866 40.4884 36.9995 40.3653 36.1106 36.0364 35.8665 35.7954 35.6666 34.608 33.6759 33.4123 32.9533 34.8762 32.605 32.2888 31.5254 31.5253 51.8499 42.424 34.4741 31.0736 30.8359 30.8352 30.5054 30.4646 60.6534 35.9555 35.2719 35.1145
threshold=5.5000000000000009 73.500000000000014 1.2500000000000002 0.37500000000000006 6.1439125745712087 0 1 2 34.150000000000006 0.049546990842082007 0.020591854244542653 16.214285714285719 142.00000000000003 0.072382981954482367 0.14184105300093919 3.5000000000000004 5.1984264468287211 3 4 0.099999999999999464 2.8041304077011548 5 4.1783934307272617 1.5000000000000002 6 7 3.7646499238202167 8 25.150000000000002 5.556895774026704 -2.3293536746722254 1.0339370996192301 11.375000000000002 9 4.9711453398307972 0.067545592673360966 10 0.68013604081360512 10.125000000000002 37.100000000000001 3.4229109379816838 10.875000000000002 2.244932126696833 11 12 4.8717799579155825 0.87500000000000011 1.231416256120329 10.250000000000002 7.5362144677271941 13 14 26.479166666666668 128.50000000000003 6.3504901960784323 35.291666666666679 8.4166666666666696 2.0208333333333335 15 0.019230769230769256 0.49999999999999872 16
decision_type=2 2 2 2 2 1 1 1 2 2 2 2 2 2 2 8 2 1 1 2 2 1 2 2 1 1 2 1 2 2 2 2 2 1 2 2 1 2 2 2 2 2 2 1 1 2 2 2 2 2 1 1 8 2 2 2 2 8 1 2 2 1
left_child=2 4 3 -1 7 9 31 8 11 -6 -4 12 14 22 30 -11 21 37 -15 25 36 26 32 -16 -24 -7 27 28 -12 53 56 -5 33 -9 35 40 -20 -18 -22 -21 43 -26 -19 -23 45 -42 -8 -45 54 51 -51 52 -17 -28 -47 -27 -2 58 -37 61 -60 -59
right_child=1 -3 10 6 5 19 46 13 -10 15 16 -13 -14 18 23 49 17 42 20 39 38 34 24 -25 41 55 29 -29 -30 -31 -32 -33 -34 -35 -36 57 -38 -39 -40 -41 44 -43 -44 47 -46 48 -48 -49 -50 50 -52 -53 -54 -55 -56 -57 -58 59 60 -61 -62 -63
leaf_value=-0.00020429504654889685 6.7056913943930319e-05 0.014377519415569841 -0.00084229066083554296 -0.0038887614159823225 0.001638991180543048 0.00061905392836288933 -0.0071567065248185182 -0.0015555579892380989 -0.0041436408811561191 0.011978654310003512 -0.00072339412535366021 0.0096289765022778764 0.0029351425575186887 -0.0003340467785517998 0.0012432573841061223 0.0040693187660476087 0.0022827648909882095 0.012362498602492739 0.0042851738885597681 0.0018638378881196906 0.0026329634889742273 -0.00089293408012774966 0.00099465379770002915 0.013490346904007522 0.00037958665898269465 -0.0010609504840014218 -0.00012560602057911651 -0.00036487248202143885 -0.0069074214055682261 -0.0002673253814013621 -0.0018650357413412923 -0.0067383027059528984 -0.0015425887651879799 6.8847174711483833e-05 -0.0011248525604515835 -4.9583339619391213e-05 -0.0017818385912968249 0.011626751789885804 0.00098394113402157086 -0.0081306840683932017 0.0013704308657458419 -0.0011509819432311442 -0.0001174602551455406 -0.012306535275360212 2.0658434575698826e-05 -0.0039413407340674446 -0.0080932783561456344 6.6340268103859404e-05 7.3727733457562569e-05 0.0013567503797818348 0.0061781428035409371 -9.884811234754377e-05 -0.0032277806136074673 0.007284347298416172 0.0012478368716497658 0.0040284384308772571 0.0050196910288737798 0.00032758690499501419 7.2044355646327943e-05 0.0015809507497365483 0.0040918821455377345 -0.00073785157360028444
leaf_weight=3940 179 772 12143 136 3084 1391 855 2704 361 496 828 387 4125 2750 3733 611 1510 51 147 3094 3651 6625 6106 140 5081 1618 398 18226 753 2018 1032 701 822 9305 700 395 957 496 5308 64 4174 1966 2808 91 9055 131 885 7972 161 555 1225 597 56 827 53 92 73 367 141 2322 309 589
leaf_count=3761 131 386 12062 136 2233 922 854 2601 283 254 823 258 2623 2070 2861 322 1398 29 124 1979 2902 6591 4784 108 4662 1080 386 17950 743 2006 811 700 502 8586 675 374 859 373 3036 39 4018 1189 2629 91 9007 131 885 7922 161 294 646 334 29 740 49 46 37 358 141 2132 290 568
internal_value=0.000936346 0.00414665 -0.00158164 -0.0114982 0.00374804 0.00822299 -0.0279849 0.00256707 0.0067319 0.0130211 -0.00069787 0.00771923 0.00688301 0.00148797 0.00313009 0.0179314 -1.46719e-05 0.00522914 0.00432691 0.00311722 0.00605966 -0.000469307 8.83202e-05 0.00623258 0.00205603 -0.00140071 -0.00210724 -0.00294553 -0.0130308 0.00300401 -0.00622179 -0.0119634 -0.00192838 -0.0012194 0.000672136 0.000918452 -0.00361538 0.0133837 0.00725949 0.0075641 0.000243959 -0.000516435 -0.000538328 -0.00146334 0.00209171 0.00557285 -0.0354055 0.000699158 -0.00966763 0.0153021 0.0195929 0.00924506 0.0177655 0.0104772 -0.0237568 -0.00650494 0.0114427 0.00553952 0.0140012 0.00335316 0.0262364 -0.00480146
internal_weight=142142 62482 79660 6517 61710 12883 2577 48827 10030 6624 73143 9669 9282 38797 5157 3540 61000 4865 12813 6259 10063 56135 25984 3873 13153 3101 23050 19807 1581 3243 1284 837 12831 12009 33085 32385 1104 2006 8959 3158 28262 7047 2859 14688 13574 4519 1740 8063 345 3044 1780 1264 667 1225 184 1710 252 4123 845 3278 450 956
internal_count=124974 46991 77983 6336 46605 8178 2575 38427 7112 4112 71647 6829 6571 31315 3948 1879 59585 4429 8991 4066 6921 55156 22324 2969 10635 2048 22648 19516 1566 3132 979 836 11689 11187 32508 31833 983 1771 5938 2018 27970 5851 2658 14604 13366 4359 1739 8013 341 1625 940 685 351 1126 180 1126 168 3863 805 3058 431 926
cat_boundaries=0 2 3 5 7 9 11 13 15 16 18 20 22 24 26 28 30 32
cat_threshold=1722153149 270594 7328531 46186496 65536 1613201168 491532 3774874639 301376 1634601426 430336 3240432972 34929 1704256 153092 18874368 83893937 299201 201330832 16 268482093 67587 41993760 2049 604243969 8450 612716704 256 2148615208 11271 134226989 26642
is_linear=0
shrinkage=0.05


Tree=72
num_leaves=63
num_cat=20
split_feature=19 23 14 29 19 17 0 0 0 30 41 0 16 19 0 14 17 23 0 30 39 16 0 13 19 22 22 21 0 32 47 0 0 43 41 30 29 19 0 0 23 44 0 0 0 0 28 0 30 50 43 30 40 47 0 47 0 13 43 28 21 0
split_gain=412.788 464.96 360.649 172.168 142.048 139.338 120.23 88.1397 85.5014 68.6848 96.9434 160.068 142.794 183.855 69.1039 58.627 58.493 55.3884 51.1449 50.3663 46.3854 43.047 41.5055 47.0031 49.1362 46.0568 41.3567 39.4301 105.077 58.7988 54.1938 39.9099 38.2887 37.6367 37.6307 36.2896 35.2762 34.2524 47.1735 34.3101 32.605 32.3888 52.4893 32.3525 31.3503 30.6484 30.5822 30.2813 30.2645 30.2622 30.2123 30.1135 29.3537 33.7812 28.9771 28.4599 30.1373 30.2464 28.29 28.1898 28.1465 28.0079
threshold=1.2500000000000002 0.37500000000000006 18.500000000000004 4.3780754357226419 73.500000000000014 2.061552812808833 0 1 2 5.2534515603638008 0.039817259944112164 3 2.0208333333333335 2.7500000000000004 4 3.5000000000000004 0.47871355387816938 0.62500000000000011 5 2.8314419888941558 0.46428571428571436 6.1583333333333341 6 2.5000000000000004 3.2500000000000004 0.081168831168831154 0.3333556149732621 34.500000000000007 7 4.4462873998794192 3.8901462451385291 8 9 4.3500000000000005 0.40000000000000052 5.0778355592219926 4.5637962691458887 2.7500000000000004 10 11 0.87500000000000011 34.150000000000006 12 13 14 15 146.50000000000003 16 4.0906338959354427 2.6500000000000008 1.0000000180025095e-35 4.9835361733247447 19.125000000000004 -1.7433747071660546 17 -4.4722001423359119 18 15.500000000000002 20.800000000000004 134.00000000000003 9.5000000000000018 19
decision_type=2 2 2 2 2 2 1 1 1 2 2 1 8 2 1 2 2 2 1 2 2 10 1 2 2 2 2 8 1 2 2 1 1 2 2 2 2 2 1 1 2 2 1 1 1 1 2 1 2 2 2 2 2 2 1 2 1 2 2 2 10 1
left_child=1 -1 3 9 8 15 -3 20 52 10 11 54 -13 -14 16 17 -11 47 -19 -15 -7 44 35 25 61 37 27 29 46 30 41 -30 -28 51 43 -12 -35 39 -39 -24 -8 42 -17 -27 59 -36 -29 -5 -49 -10 -18 -22 53 -4 -2 -26 -57 -58 -9 -21 -53 -25
right_child=2 6 4 5 -6 7 40 58 49 14 22 12 13 19 -16 26 50 18 -20 21 33 -23 23 24 55 34 32 28 31 -31 -32 -33 -34 36 45 -37 -38 38 -40 -41 -42 -43 -44 -45 -46 -47 -48 48 -50 -51 -52 60 -54 -55 -56 56 57 -59 -60 -61 -62 -63
leaf_value=-0.0001940802942214548 -0.0006077600304181419 -0.0049797764029925421 0.0063766669346906561 -0.0012073509352394209 0.013601746279497107 0.011722689338354342 -0.0067988711985775942 0.0014227182980422804 0.0035688780953645363 -0.00035040553145741505 -0.0015652675146361152 0.00016982201309594382 -0.00080834158505642688 0.00032391859850646745 -4.8258720595756314e-05 0.0041246021188845296 -0.0033461533472864957 -9.60294395610295e-05 -0.0015296879041292789 0.00011904018856014887 0.0026727763897199889 -0.0013435960061306208 0.00073134318857360776 0.00082850223206286659 -0.0027627326590612625 0.0012042581731732506 -0.00099781284936776302 -0.0012991968704083564 0.0015952245529035432 -0.00019754254889982616 0.013249490999058295 0.00014752039255163665 0.0067164912031228985 0.0028743280945022322 -0.00044098182802210228 -0.0066444084574179387 0.00016040468960451526 -0.0019932389781372574 -0.0041774134730466761 -0.001547660829777009 -0.0076886144383383542 -0.003897654586365307 0.0011021551831800203 -0.00041705784074466126 0.00018005943048626794 -0.0024100949922050588 0.00035573569787018534 -1.8633850621280203e-05 0.0029683051963284302 0.00034986359996749816 0.0013849190530948131 0.0040628182370974486 0.0054656740346703319 0.001872960168990967 -6.4968819972638378e-05 0.00027182462509288684 -0.0005617571273582423 -0.0042818583980586576 -0.0004724596686941807 -0.00010177272365088364 0.0076310488258770183 0.00023997167174492074
leaf_weight=3940 427 837 262 1333 764 690 855 9811 844 431 8961 698 316 356 13900 1431 138 1647 1977 120 2676 152 599 1026 1061 1243 256 3255 1269 3177 143 8260 596 2510 2960 318 2025 750 956 865 885 110 5228 2608 994 3220 797 2475 1185 2525 7037 977 1471 986 1129 8845 12635 120 2497 169 356 2058
leaf_count=3761 424 836 135 1328 382 506 854 7369 442 408 8812 698 316 348 12486 1032 122 1641 1960 120 1871 143 599 1024 1038 1243 243 2841 1015 2765 92 7005 517 1690 2945 302 1480 746 954 863 885 86 4435 2564 994 3211 549 2428 1138 1298 6140 607 747 516 1114 8289 12194 80 1930 169 188 2056
internal_value=0.000854034 -0.0114368 0.00144475 0.0008499 0.0126215 0.00297804 -0.0279461 0.00610848 0.0100665 -0.000720648 -0.00169424 0.0054436 0.0125515 0.00609345 0.00165969 0.000942818 0.00548707 -0.00260443 -0.00730897 0.0123019 0.00979935 0.00810933 -0.00233992 -0.00162217 -0.000378505 -0.00404825 0.00218958 0.00179946 4.01266e-05 0.004167 0.00675467 0.00290828 0.013007 0.00879988 -0.00238686 -0.00534392 0.00567571 -0.00930148 -0.0141154 -0.00368259 -0.0354055 0.00610709 0.0065533 0.00149143 0.0110942 -0.00480424 -0.00669333 0.000809972 0.00315854 0.00468787 0.00656982 0.0123304 0.0166465 0.0110448 -0.00739949 -0.00118458 -0.000791399 -0.00234568 0.00332779 -0.00348333 0.0184745 0.00554133
internal_weight=142142 6517 135625 128773 6852 54681 2577 21542 6088 74092 52586 4361 2805 2107 21506 33139 7606 8617 3624 1791 9234 1435 48225 38946 25745 13201 24522 23670 13581 10089 6912 9529 852 8544 10031 9279 4535 3170 1706 1464 1740 6769 6659 3851 1283 6180 4052 4993 3660 3369 7175 4009 2719 1248 1556 22661 21600 12755 12308 289 1333 3084
internal_count=124974 6336 118638 115118 3520 44716 2575 15641 3138 70402 51246 4326 2788 2090 19156 29075 6670 8495 3601 1774 6342 1426 46920 37806 24681 13125 20580 19820 11410 8410 5645 8020 760 5836 9963 9114 3170 3162 1700 1462 1739 5553 5467 3807 1283 6156 3390 4894 3566 1740 6262 2666 1398 651 1538 21601 20563 12274 9299 289 795 3080
cat_boundaries=0 1 3 5 7 9 11 13 15 17 19 21 23 24 26 28 30 32 33 35 37
cat_threshold=7328531 316784640 26704 1117909744 272552 871849756 41024 3834425660 131330 4236596736 569 553813122 266256 24403968 16448 8519680 48 1314660352 1 303390741 16385 2391288608 233056 4243456 2484088876 191496 3221225506 2096 512574005 25216 2097938432 30107 28315152 1457799248 65606 2492008456 43842
is_linear=0
shrinkage=0.05


Tree=73
num_leaves=63
num_cat=16
split_feature=19 23 26 25 0 0 25 19 21 20 0 0 0 0 22 41 25 17 38 0 20 47 19 25 30 25 0 49 30 26 0 0 25 30 0 30 0 22 20 20 43 15 25 17 47 44 23 0 30 39 0 30 16 19 22 16 0 40 0 25 15 47
split_gain=409.864 464.96 358.649 252.512 149.427 120.23 104.236 98.4584 85.0977 77.8372 85.3184 67.7166 67.689 61.2805 73.852 58.8898 68.1393 52.6713 51.4059 48.0241 49.5665 45.4552 44.2389 43.6897 55.776 43.0574 42.9311 42.073 43.8425 41.4944 40.0851 39.7211 39.1861 35.8012 37.2514 58.4116 35.7505 35.131 34.8244 34.6529 34.3234 33.4099 36.1522 33.2394 33.0988 32.6802 32.605 31.8305 31.0025 30.7504 30.4828 42.8417 30.249 33.7652 35.3375 34.1174 30.4199 29.4493 29.9963 28.8789 38.4607 39.0815
threshold=1.2500000000000002 0.37500000000000006 0.056555322092099909 7.5362144677271941 0 1 4.4179397048849784 103.50000000000001 24.500000000000004 0.49999999999999989 2 3 4 5 0.070505050505050459 0.36799003609699382 1.6761543611374872 1.0000000180025095e-35 1.5000000000000002 6 -0.099999999999999742 3.8901462451385291 59.500000000000007 4.5194235999296568 4.738105818366412 1.6193911239349281 7 14.121428571428574 6.3195617479576933 0.030283089032765102 8 9 1.0339370996192301 5.4314608114217418 10 4.1781371324847907 11 0.15803900960150963 1.1000000000000003 -1.6849920592155108e-16 2.5500000000000003 9.4375000000000018 2.4668421375839582 1.500000000000002 2.9953033731033818 32.150000000000013 0.87500000000000011 12 5.4314608114217418 0.86607142857142871 13 10.240742173526034 15.587121212121215 2.7500000000000004 0.23154761904761909 2.077380952380953 14 2.7083333333333335 15 2.6465923254088959 10.437500000000002 -2.5220574484354494
decision_type=2 2 2 2 1 1 2 2 8 2 1 1 1 1 2 2 2 2 2 1 2 2 2 2 2 2 1 2 2 2 1 1 2 2 1 2 1 2 2 2 2 2 2 2 2 2 2 1 2 2 1 2 10 2 2 8 1 2 1 2 2 2
left_child=1 -1 6 9 22 32 11 30 17 13 23 43 37 52 15 16 47 39 25 20 27 29 49 41 -25 -17 -16 28 -19 -13 -6 -18 -3 34 -14 -36 -35 -10 -21 -8 -22 42 -11 -2 -40 -43 -7 -15 -46 -5 -26 -52 53 55 57 -4 -56 -55 -59 -12 -61 -62
right_child=2 5 3 4 7 46 8 -9 12 10 59 21 33 14 26 18 31 19 -20 38 40 -23 -24 24 50 -27 -28 -29 -30 -31 -32 -33 -34 36 35 -37 -38 -39 44 -41 -42 45 -44 -45 48 -47 -48 -49 -50 -51 51 -53 -54 54 56 -57 -58 58 -60 60 61 -63
leaf_value=-0.00018437627951037872 -0.00066949879213806243 -0.0034453345250335778 0.000336503023112944 0.011762978244430967 -0.00095776657818065773 -0.0064589276386487152 0.0028515464852504032 0.014326958665010416 -0.0011492763730257094 -6.7760404531713727e-06 -0.0015502028301542681 -0.00078584314238201454 -0.0010235587926903046 8.3834232259971669e-05 -0.00055546561178521081 -0.0085505934392311744 -0.00068006708277253971 0.0011603935546161571 0.0043414785204465289 0.0002240282763649848 0.0082130460634239899 0.010471653805702731 0.016865568169710122 0.0073049299270527114 0.0032524308121470559 -0.0037821159435953212 0.0013649039018851063 -0.001252924039991199 0.0046670133107472147 2.1197462458144581e-05 0.0021352864545743865 -6.2069219754823379e-05 -0.006152398750505628 0.0011537778610403837 0.00020201045312434607 -0.00032357186238909377 0.00012884750052108985 -6.0766644170018319e-05 0.0031540333488514986 -0.0007944446683614937 0.0038690569623456629 0.00072085403674415627 0.0034992701358645298 -0.0038407133228742121 -0.0055490217757402484 -0.006802520236142251 -0.0073041837164214366 5.4062821269984519e-05 0.0024865902506636898 0.0054979214974728019 0.00078690470116900009 0.0079446015898515243 0.0025830821882856015 -0.0018169901070481664 -0.00016955924994137007 -0.00053648842068881875 0.00426908847931462 0.0018453816669623758 0.00010773680113260187 0.0021877201323566189 -0.0021891107827450352 0.00055854344092510784
leaf_weight=3940 10699 136 228 277 541 855 79 244 2816 624 1073 12462 2591 103 2222 147 2058 969 60 5527 342 208 352 735 788 381 6142 662 526 25476 2005 3786 701 2927 401 2954 10222 1758 2455 209 1583 1837 2372 3608 260 44 885 203 274 1120 1187 103 988 506 465 106 1120 2647 5027 4116 375 2635
leaf_count=3761 10687 136 228 142 289 854 68 122 2576 592 1039 12362 2568 103 1943 147 1635 728 57 4844 247 185 176 411 439 364 4981 532 371 24501 1069 2937 700 2613 393 2891 9430 1664 1757 205 1148 1027 1986 3572 215 29 885 203 194 582 673 52 510 450 405 105 874 1921 4188 3540 207 1461
internal_value=0.000810416 -0.0114368 0.00139903 0.00495184 0.0161553 -0.0279461 -0.000461695 0.0088522 0.00158784 0.00374284 0.00650378 -0.00189013 -0.000192015 0.00206739 -6.28598e-06 -0.00390191 -0.00245407 0.00485722 -0.0190068 0.0053413 0.00979599 -0.000788715 0.0275824 0.0102837 0.0152612 -0.0239981 0.0031315 0.00460843 0.00925468 -0.00091713 0.00596584 -0.00366039 -0.0118455 0.00111719 -0.00210106 0.00137998 0.00257376 -0.00564776 0.00318928 -0.0162457 0.0156516 0.0074303 0.010709 -0.00482225 0.00754013 0.00220244 -0.0354055 0.0205049 -0.00372897 0.0237089 0.0110606 0.00614527 0.00488782 0.00407376 0.00353727 0.0196866 0.0103689 0.00221183 0.00298306 0.00294093 0.00409639 -0.000197609
internal_weight=142142 6517 135625 46617 4539 2577 89008 2790 36555 42078 15889 52453 23669 26189 15102 6738 6150 12886 588 12598 4082 38146 1749 7690 2813 528 8364 2157 1495 37938 2546 5844 837 19095 5946 3355 13149 4574 8516 288 1925 4877 2996 14307 2989 1881 1740 306 534 1397 2078 1290 11087 10099 9765 334 1585 8180 7674 8199 7126 3010
internal_count=124974 6336 118638 34887 2380 2575 83751 1480 32444 32507 11456 51307 22135 21051 12370 5446 4878 10309 568 10036 3026 37048 900 5209 1575 511 6924 1631 1099 36863 1358 4572 836 17895 5852 3284 12043 4240 7010 273 1395 3634 2578 14259 2166 1056 1739 306 409 724 1164 725 8681 8171 7838 333 1279 6559 6109 6247 5208 1668
cat_boundaries=0 2 3 5 7 9 11 12 14 16 18 20 22 24 26 28 29
cat_threshold=2191650928 26638 7328531 3136375313 75903 419438555 299008 53755905 196608 512186160 148504 6569984 1090527298 268550 20973056 784 2164303876 107201 3825336752 2002 1686241544 256 2097152 72544 270535168 2079 243532832 16392 168051712
is_linear=0
shrinkage=0.05


Tree=74
num_leaves=63
num_cat=0
split_feature=19 23 26 25 25 25 39 23 21 39 20 17 18 21 44 49 49 39 47 25 15 26 18 49 20 42 39 26 17 16 19 25 20 26 24 17 34 25 41 16 23 41 25 25 20 47 47 26 41 26 18 44 3 20 34 47 24 29 43 29 29 42
split_gain=404.999 466.69 317.589 229.726 107.466 93.8226 87.4982 72.2502 69.8123 52.3101 51.4627 50.943 45.1869 39.0623 48.2009 43.1202 38.6979 41.1532 38.1026 38.0805 37.3785 37.3271 45.9435 36.7918 36.2455 36.0161 37.1936 46.4038 34.9746 38.2466 155.387 40.4985 34.6529 34.5596 33.6568 45.8406 32.5083 39.323 32.2751 31.4299 30.9172 92.5211 115.075 41.8772 30.3557 30.319 45.9297 36.8842 30.3221 30.2586 30.2248 29.922 29.5403 29.4798 28.504 40.3342 28.3775 28.0231 27.9522 27.8802 30.1933 27.289
threshold=1.2500000000000002 0.37500000000000006 0.056555322092099909 11.469935662539205 5.1984264468287211 4.4179397048849784 0.46428571428571436 0.87500000000000011 24.500000000000004 0.93750000000000011 0.49999999999999989 1.0000000180025095e-35 93.875000000000014 23.500000000000004 27.850000000000005 3.0142857142857147 4.7928571428571436 0.69047619047619058 -4.1822749689266647 2.4668421375839582 9.4375000000000018 0.020172236186708551 10.625000000000002 14.328571428571431 -0.099999999999999936 16.214285714285719 0.73214285714285732 0.033699942635538854 0.75000000000000111 2.0208333333333335 2.2500000000000004 1.8839463754919217 -1.6849920592155108e-16 0.018381298574665101 5.4498170235836279 0.478713553878168 1.0000000180025095e-35 3.1949956858688364 0.28571428571428675 26.479166666666668 0.87500000000000011 0.38717099668055155 1.6761543611374872 1.7812887021222121 -0.3000000000000001 3.4052348542560442 2.6646499238202161 0.026073826631400805 0.15318833724101427 0.019467041108653802 10.875000000000002 24.250000000000004 0.98182534576205305 0.29999999999999999 1.0000000180025095e-35 -1.8650572851930549 3.8061363636363641 4.3780754357226419 27.700000000000006 4.5637962691458887 4.7327102309348907 -7.364285714285713
decision_type=2 2 2 2 2 2 2 2 8 2 2 2 2 8 2 2 2 2 2 2 2 2 2 2 2 2 2 2 2 10 2 2 2 2 2 2 2 2 2 10 2 2 2 2 2 2 2 2 2 2 2 2 2 2 2 2 2 2 2 2 2 2
left_child=1 61 5 4 10 9 -6 -3 11 16 39 32 -5 14 -8 -16 -2 49 51 -12 23 -10 34 -21 36 26 27 53 29 -26 38 -32 -7 -30 35 -23 56 -38 -31 40 59 42 44 -43 -42 46 47 58 -48 -18 -51 -19 -35 -13 -9 -56 -11 -46 -28 -4 -61 -1
right_child=2 7 3 12 6 8 13 54 21 24 19 25 -14 -15 15 -17 17 18 -20 20 -22 22 -24 -25 28 -27 45 -29 33 30 31 -33 -34 52 -36 -37 37 -39 -40 -41 41 43 -44 -45 57 -47 48 -49 -50 50 -52 -53 -54 -55 55 -57 -58 -59 -60 60 -62 -63
leaf_value=-0.011988066057309472 -0.0023921358880956037 -0.0061409974391293089 6.4437418615814762e-05 0.0051675553824908965 0.017673286765839066 0.0027089691609878844 0.0026530730417381079 -0.0069389745306003671 -0.00083079580521169816 -0.0029850234248721243 -0.00058428784000370555 -0.00086223269236156423 0.016149220236459618 0.0014287592048961573 -0.0025992812380895014 0.007340659425986884 -0.0015399057464683286 -0.0059097043739507532 -0.00090824918105542052 0.0021052458100368153 0.0007251758456944924 6.6177222368563057e-05 -0.00079271754720279259 0.0041386917761535693 0.00035668375711629398 0.011141153037591445 6.2727124048311824e-07 0.0095186749474225132 -0.0039480793101323687 -0.00089430793552869314 0.00020073409370005015 0.00015518391757449735 -0.0007547224349434223 1.6141703638039575e-05 0.00047219120428912691 -0.00079049213696784641 -0.0010638569602398952 0.0018420979366244707 -8.5082240403189241e-05 0.0024772384213853863 -0.0083181296266571225 -0.0081743246200304126 -0.00015268503188045623 -0.0034308882303815571 7.8015253162155862e-05 0.0025618724270666695 0.0077590650304666386 0.0016134898440751833 -0.0035650326230562608 0.00084781936433311336 -0.0034298454835138994 -0.00035229348844323941 -0.0087907062282299164 0.0043770286662022711 0.010626414525668065 -0.0052209847342516713 -0.0005238014689081139 0.00010293789142772347 -0.0056749760066772351 0.0024462837853478693 0.00059112419574071655 3.9651608365232076e-05
leaf_weight=186 6295 1370 9046 1145 355 79 1864 944 3615 2402 1399 426 306 6106 72 549 1573 426 8216 5190 5480 687 1946 1177 1191 218 2460 411 508 472 413 5252 209 11111 12045 5376 1766 1706 148 56 24 165 4253 334 351 1584 49 5603 775 4625 59 219 154 895 45 218 5917 153 177 2523 6069 3754
leaf_count=185 6261 1369 7836 594 195 68 983 944 3609 2387 1347 369 153 3455 47 283 1554 418 8097 4573 3126 686 1188 958 1191 168 2257 247 507 472 413 5226 205 10633 11376 5276 1750 1555 148 28 23 165 3673 325 351 1201 36 4181 650 4436 37 213 154 759 45 217 5855 153 168 1832 4787 3576
internal_value=0.000768205 -0.0114061 0.00135332 0.00469658 0.00406702 -0.000397656 0.00897452 -0.0279461 0.0015468 -0.00175287 0.00285456 0.00450803 0.0242734 0.00796613 0.0132522 0.0253135 -0.00365392 -0.00228157 -0.0044736 0.00533668 0.00625802 -6.52725e-05 0.000777612 0.00886385 -0.000441191 0.00498413 0.00462766 0.0114224 0.000895844 0.00357028 0.00201161 0.00461437 -0.0162457 -0.000802191 0.00156248 -0.0014751 -0.00262424 0.00143824 -0.0217311 0.00142307 0.00133056 -0.00202518 0.000113969 -0.02249 0.0221078 0.00352099 0.0024043 0.00353052 -0.00884242 0.000822148 0.00283778 -0.0161687 -0.000225901 0.00684191 -0.036875 -0.0221402 -0.00432031 0.0247426 -0.00134382 0.00233545 0.00437507 -0.00058234
internal_weight=142142 6517 135625 46617 45166 89008 8946 2577 36555 52453 36220 12886 1451 8591 2485 621 21413 15118 8861 13246 11847 23669 20054 6367 31040 12598 12380 1732 19249 7476 6285 5665 288 11773 18108 6063 11791 3472 620 22974 22918 5280 4781 499 528 10648 9064 8240 824 6257 4684 645 11265 1321 1207 263 8319 504 2637 17638 8592 3940
internal_count=124974 6336 118638 34887 34140 83751 4963 2575 32444 51307 29177 10309 747 4768 1313 330 21016 14755 8728 10004 8657 22135 18526 5531 30291 10036 9868 1375 18744 7450 6259 5639 273 11294 17338 5962 11547 3305 620 19173 19145 4690 4200 490 527 8493 7292 6606 686 6027 4473 631 10787 1128 1206 262 8242 504 2425 14455 6619 3761
is_linear=0
shrinkage=0.05


Tree=75
num_leaves=63
num_cat=17
split_feature=19 23 26 19 0 24 0 20 0 26 0 0 39 44 20 20 0 17 30 0 19 0 0 0 23 17 39 0 39 43 43 0 18 0 26 19 23 0 24 0 24 26 44 18 39 18 29 19 41 0 43 24 24 24 23 20 42 0 27 44 20 30
split_gain=402.886 465.824 289.373 209.462 120.23 99.8784 74.2665 71.8924 71.3272 68.4596 68.2741 64.9772 66.6077 55.5399 54.2069 51.1511 50.5566 49.8022 49.2075 48.0426 45.6548 39.3996 37.7617 34.3304 32.605 32.4174 33.7134 36.3852 32.164 46.6906 38.9503 33.3291 30.8625 30.4475 29.9663 29.6883 36.0048 40.2784 35.8479 35.0965 39.2023 29.3445 29.0941 30.2278 29.0699 31.4479 28.7363 28.7249 28.6942 28.6536 53.534 28.1239 39.1462 27.9783 27.6941 27.2468 27.2149 26.3814 25.5507 25.398 24.0376 24.0111
threshold=1.2500000000000002 0.37500000000000006 0.067545592673360966 65.500000000000014 0 5.2738440027963653 1 2.000000000000004 2 0.029816194093618405 3 4 0.46428571428571436 34.150000000000006 -0.3000000000000001 1.1000000000000003 5 1.258305739211792 6.5251380695415984 6 30.500000000000004 7 8 9 0.87500000000000011 1.0000000180025095e-35 0.86607142857142871 10 0.93750000000000011 4.3500000000000005 3.8500000000000005 11 7.8750000000000009 12 0.023840184037955407 2.7500000000000004 0.87500000000000011 13 6.6364186851211082 14 2.3265250544662313 0.13065226268041966 22.650000000000002 34.750000000000007 0.2678571428571429 1.6250000000000002 1.6336447464207717 3.7500000000000004 0.14846819204706613 15 1.4000000000000001 5.0973389355742311 4.4220954218791597 0.9987745098039218 1.0000000180025095e-35 -0.099999999999999936 -7.364285714285713 16 5.4311013767209024 37.100000000000001 -3.1999999999999984 6.0611284399391936
decision_type=2 2 2 2 1 2 1 2 1 2 1 1 2 2 2 2 1 2 2 1 2 1 1 1 2 2 2 1 2 2 2 1 2 1 2 2 2 1 2 1 2 2 2 2 2 2 2 2 2 1 2 2 2 2 2 2 2 1 2 2 2 2
left_child=1 56 5 7 55 9 25 8 18 14 -9 12 23 20 19 59 -16 46 35 60 28 53 -20 -11 -6 -7 32 -28 29 30 54 -31 -27 -17 -29 39 -37 -38 61 -4 -41 -5 43 48 -44 -46 -13 -18 -10 50 -30 52 -52 -19 -14 -3 -1 -58 -50 -8 -2 -39
right_child=2 4 3 41 24 6 15 10 42 11 -12 17 13 -15 16 33 47 21 22 -21 -22 -23 -24 -25 -26 26 27 34 49 31 -32 -33 -34 -35 -36 36 37 38 -40 40 -42 -43 44 -45 45 -47 -48 -49 58 -51 51 -53 -54 -55 -56 -57 57 -59 -60 -61 -62 -63
leaf_value=-0.011388662754443996 -0.011413052590314332 0.010132975266928896 -0.00015306496292348816 0.0060249550240706112 -0.0058289313847598116 -0.00032216168421772551 -3.8083980029718356e-05 -0.00027122505189534077 -0.00015740179433920977 0.0015571789407217707 0.0046673709722604316 0.00021956871749362895 0.0032033154680359056 -0.0058909076113503383 9.6998167917150557e-05 0.00024351076154472963 -0.00027356522832105989 -0.007552166817470285 0.0058099318341118152 -0.0045307480118813807 0.005544614254353414 -0.0027428775434055865 0.0022326785861710163 0.012718351188873179 -0.0065920258040703507 0.0010280758112165111 0.003753542372737595 -9.879930389919967e-05 0.0091767136740058541 -0.0025925001402277714 0.0071990873625886968 -0.00026925042434146064 -0.00082779069237402531 0.0030804483334218816 0.0016156777128866096 0.0015183974470997287 0.00045289259926486471 -0.0004831459431822616 -0.0020511700354699848 0.00016544109582585789 -0.00051288587058516692 0.013567385982096482 0.0091817194037949971 0.0082694614070104259 -0.0079022231453242664 -5.8220623334637184e-05 -1.9191852203681582e-05 -0.003466280546247136 0.00037574032738519892 6.970682257303463e-05 0.00039619463780083411 -0.0043250236432303473 0.0032916100327000375 -0.00038474665868432626 -7.1141913751038296e-05 -0.0044115676205099767 0.0011351605528658992 -0.0020985004733630463 0.0027266128146655744 -0.0024788544602299904 -9.006215268743124e-05 0.0029245683741302431
leaf_weight=186 40 124 100 324 855 450 16595 836 1705 483 2847 987 540 320 8963 1465 3632 184 664 3504 211 4471 1305 475 885 1298 1264 1312 315 1550 214 2105 851 1472 6210 9115 1026 1306 66 203 88 568 90 86 103 7639 14280 3504 2031 7538 5465 141 1429 7115 3234 713 1631 2123 1872 204 1750 80
leaf_count=185 32 124 100 162 854 407 14677 534 1203 443 1645 987 465 313 8751 1090 3632 184 347 3460 106 4380 722 374 885 1235 869 1264 266 1500 184 2017 583 1028 4985 7036 847 1044 60 203 87 284 80 43 103 5814 14173 3421 1546 6996 4819 137 1194 6593 2963 712 1512 2064 1308 183 1713 46
internal_value=0.00072107 -0.0114214 0.00130465 0.00545609 -0.0279461 1.97447e-05 0.00238882 0.00477152 0.00389174 -0.000997847 0.0113314 -2.83991e-06 0.00188902 0.0013526 -0.00337221 0.000531473 -0.00192826 -0.00168386 0.00639824 -0.0077611 0.00164424 -0.00412837 0.0137284 0.0148019 -0.0354055 0.0056024 0.00614896 0.00752191 0.00142664 -0.00120945 0.00253071 -0.0052913 0.000532558 0.00661845 0.00617218 0.00519775 0.00473909 -0.000603066 -0.00594327 0.0187372 0.0269702 0.0293337 0.00129977 0.00402019 -0.000675986 -0.00100672 0.000199437 -0.00506436 0.00356481 0.00278024 0.00499864 0.00409963 0.0045533 -0.00185294 0.00134967 -0.0118455 -0.000607714 0.000318242 0.00592853 -0.00053244 -0.00105219 -0.00425018
internal_weight=142142 6517 135625 32054 2577 103571 31121 31162 27479 72450 3683 51057 24020 23062 21393 19736 16099 27037 13953 5294 22742 11770 1969 958 1740 11385 10935 8786 22531 7643 3988 3655 2149 2937 7522 11984 11593 2478 1452 391 291 892 13526 5694 7832 7742 15267 7136 5608 14888 7350 7035 6894 7299 3774 837 3940 3754 3903 16799 1790 1386
internal_count=124974 6336 118638 23214 2575 95424 26321 22768 20589 69103 2179 48094 21777 20960 21009 16978 15804 26317 10492 5205 20647 11157 1069 817 1739 9343 8936 7118 20541 7129 3612 3517 1818 2118 6249 9423 9033 1997 1150 390 290 446 10097 4100 5997 5917 15160 7053 4057 13412 6416 6150 6013 6777 3428 836 3761 3576 2854 14860 1745 1090
cat_boundaries=0 1 3 5 7 9 11 13 15 17 19 20 22 24 26 28 30 32
cat_threshold=7328531 3834037532 321 178478068 215706 1090650536 66560 318104584 28684 2666092096 109631 1880768544 66245 1275730512 65650 42156064 8 4260872 4096 278528 270794760 12 17375330 70316 167903728 2074 2179264 2 276054016 16384 611742896 164131
is_linear=0
shrinkage=0.05


Tree=76
num_leaves=63
num_cat=14
split_feature=13 23 24 26 0 25 0 0 23 40 25 21 0 0 25 47 26 44 25 0 25 15 26 0 26 39 42 39 17 0 25 40 26 0 47 28 17 25 21 0 3 44 15 26 0 25 22 15 26 50 27 49 15 22 25 0 47 0 28 46 0 39
split_gain=328.488 385.96 256.642 168.005 149.017 105.319 107.401 88.7285 68.2921 71.8206 61.496 62.098 106.5 59.0027 54.9797 53.5509 51.9316 48.8742 48.8681 44.7364 43.7259 59.1881 47.9202 42.9376 42.9157 47.748 43.4811 41.8333 41.0217 43.3752 40.1974 39.6425 39.3443 35.8441 34.5284 34.3975 33.1006 32.9929 32.4322 31.5708 30.636 39.7302 35.3049 30.3301 29.4698 29.3359 28.9338 28.6487 28.0618 31.0301 29.2896 27.9644 27.0538 26.8074 27.4371 48.9876 38.2376 35.7607 34.8389 38.3832 32.0174 31.8632
threshold=1.5000000000000002 0.87500000000000011 44.051470588235304 0.056555322092099909 0 5.1984264468287211 1 2 0.37500000000000006 1.4166666666666667 4.0252901617905907 24.500000000000004 3 4 1.3678421752551821 3.7646499238202167 0.069628376521344515 33.800000000000004 2.2612878619175967 5 2.4668421375839582 2.4375000000000004 0.25541670730631871 6 0.024093904703545953 0.73214285714285732 16.00714285714286 0.46428571428571436 0.50000000000000477 7 1.0339370996192301 1.4166666666666667 0.13065226268041966 8 3.8901462451385291 105.00000000000001 8.3566281411866843 1.6761543611374872 20.500000000000004 9 -0.95297903005573337 25.150000000000002 6.9375000000000009 0.0077545620509124006 10 7.0914308043246042 0.27360625485625489 1.6875000000000002 0.0043987364941544512 0.80000000000000016 1.0208072590738426 -2.4999999999999996 1.4375000000000002 0.36966864404944905 4.4179397048849784 11 3.5217927809630729 12 139.50000000000003 1.0000000180025095e-35 13 0.84523809523809534
decision_type=2 2 2 2 1 2 1 1 2 2 2 8 1 1 2 2 2 2 2 1 2 2 2 1 2 2 2 2 2 1 2 2 2 1 2 2 2 2 8 1 2 2 2 2 1 2 2 2 2 2 2 2 2 2 2 1 2 1 2 2 1 2
left_child=1 7 3 10 14 19 17 16 43 39 13 15 -13 40 -3 24 18 36 -1 -5 21 23 28 -21 -12 -26 44 -8 29 -22 -18 -6 51 -23 -15 -17 -7 -25 48 -10 41 -2 -42 -9 -27 -45 -40 -30 -20 -50 -51 -4 -16 54 57 56 61 58 60 -60 -49 -56
right_child=2 4 32 5 31 6 27 8 9 -11 11 12 -14 34 52 35 30 -19 38 20 22 33 -24 37 25 26 -28 -29 47 -31 -32 -33 -34 -35 -36 -37 -38 -39 46 -41 42 -43 -44 45 -46 -47 -48 53 49 50 -52 -53 -54 -55 55 -57 -58 -59 59 -61 -62 -63
leaf_value=-0.005298997347623291 -0.0027266432241295937 -0.0033396117320843577 -0.0024578474989577995 -4.8620391160458799e-05 -0.0062624245138668327 0.0033437392395965163 0.013999124056111645 -0.011838152768287863 -0.0053228056437261365 -0.0039510604196049794 -0.00026178905026019716 -0.0012939178247270977 0.00011306945331935881 -6.2382085582990415e-05 -0.0050299437331193936 -4.4854233983193661e-05 -0.005333433316956954 0.014194377897382355 -0.0075763041762779374 -0.00050155170305415941 -0.0013105618850076219 -0.0020500154640305415 -0.0011727398121270884 0.00016568311296109029 0.0073597343939308113 -0.00011577438108212323 0.0080914446523870816 0.00087444820587755936 0.013159833190828791 0.00024779208120478957 0.0038764388756318937 -0.012573304699071959 0.014536459450296801 7.26468442222683e-05 0.011509226529196165 0.006274943721046553 0.011700690384506385 0.00014952176787584872 -0.0019690505448540507 -0.0056357330558667821 -0.00082346439476169717 -0.010418947946606355 -0.0056037327360796592 -0.00078876364259271032 0.0014776169077162339 0.020752522875548941 0.0014341317610764848 -0.0014862174081963166 -0.020411495353775202 0.014029829709188913 0.0017903181164872885 0.0074998608742290031 0.00043668968663027611 0.0076501081620439565 0.0030747117626275301 0.0027504835037814204 0.0049536085910058371 0.00013426050381142309 0.0019125805720332069 -0.0044172829526428091 0.0015077723145784151 -2.8590461796185187e-05
leaf_weight=1170 335 198 58 8223 863 2841 129 245 350 2362 4104 4088 21829 30088 359 281 41 159 112 224 848 1538 242 265 657 3119 258 5997 207 1109 714 340 480 1372 177 745 352 226 2567 526 7885 151 226 3879 4729 136 1133 1049 35 148 2650 430 506 379 465 2291 307 5397 6977 99 1037 2435
leaf_count=1170 331 198 30 7119 863 1542 77 243 349 2355 3796 3772 20562 29406 358 228 41 80 111 222 755 1507 189 265 442 2434 172 3359 183 936 569 339 240 1310 158 524 184 226 2491 526 7847 151 209 3813 3651 97 1087 853 35 125 2472 216 506 311 271 1479 172 4687 4871 76 856 1527
internal_value=0.00068308 -0.00556286 0.00160808 0.00140584 -0.0248765 0.00387364 0.00854468 -0.00283745 -0.0068045 -0.0122862 2.02738e-05 0.0014015 -4.41778e-05 -0.00139451 -0.0108426 0.00409853 0.000640368 0.0157285 -0.000568705 0.00259707 0.00359714 -0.00150165 0.00440813 0.0113757 0.00322078 0.00519683 0.00414395 0.00457797 0.00464559 -0.00227017 0.0131548 -0.0368575 0.0272394 -0.00467022 -0.000354902 0.0150876 0.0144161 0.0194124 0.00109013 -0.0245097 -0.00504705 -0.0172382 -0.00432014 -0.00265079 0.00347751 -0.00160483 -0.00202513 0.00530154 0.00500509 0.00597918 0.00657199 0.0171677 -0.00547921 0.00511303 0.00486315 0.00787325 0.00383623 0.00372562 0.00562466 0.00730465 -4.55199e-05 0.00206653
internal_weight=142142 18334 123808 122840 2266 44168 9478 16068 7498 3238 78672 39810 25917 38862 1063 13893 8570 3352 7815 34690 26467 3625 22842 715 12867 8763 8106 6126 22600 1957 755 1203 968 2910 30265 1026 3193 491 6645 876 8597 486 8111 4260 7848 4015 3700 20643 2945 2833 2798 488 865 20436 20057 5498 3207 14559 9162 7076 2086 2900
internal_count=124974 17748 107226 106740 2264 33057 5242 15484 7383 3230 73683 35581 24334 38102 1062 11247 8101 1806 7491 27815 20696 3530 17166 713 10495 6699 6257 3436 16977 1691 610 1202 486 2817 29564 752 1726 491 6321 875 8538 482 8056 4153 6085 3910 3578 15286 2743 2632 2597 246 864 15103 14792 3449 1970 11343 6656 4947 1709 1798
cat_boundaries=0 2 4 6 8 10 12 14 16 18 20 21 23 25 26
cat_threshold=44398391 65536 44161332 147464 1937230353 263040 24395776 131072 285257491 299008 3774881957 324544 2673728 4 48406344 196612 37440272 47 536874 77 7014400 511643714 3104 251511360 65536 7913472
is_linear=0
shrinkage=0.05


Tree=77
num_leaves=63
num_cat=16
split_feature=19 15 26 14 0 25 21 25 0 0 0 0 0 16 25 41 15 26 20 0 28 0 26 17 20 9 24 17 25 25 24 47 24 43 41 0 29 0 41 24 24 20 37 15 24 0 19 20 0 15 24 0 0 26 0 26 32 0 25 49 49 27
split_gain=382.465 356.039 238.336 172.021 119.271 106.963 90.147 82.3753 89.8467 76.4283 67.6318 55.9218 46.0763 44.8214 50.8662 44.1323 43.6771 41.9639 40.833 45.1994 39.1032 38.9908 38.3023 35.3382 34.69 35.573 35.7567 34.373 34.8309 33.5824 35.527 35.5197 33.1236 32.3316 32.0793 31.091 30.3623 30.2471 34.8068 31.3081 30.079 29.5691 34.4527 29.1532 29.0806 44.062 38.3144 28.893 45.9704 39.2305 34.097 50.5162 45.704 31.2516 28.147 28.0142 27.4456 27.3131 26.9872 26.9575 31.0763 26.9075
threshold=1.2500000000000002 0.43750000000000006 0.067545592673360966 64.500000000000014 0 4.3723104274829216 21.500000000000004 5.7184807633204207 1 2 3 4 5 2.0208333333333335 3.4783232288476356 0.35853092396675318 0.93750000000000011 0.013942736644204652 -0.59999999999999931 6 142.00000000000003 7 0.0093312185328498515 0.49999999999999872 1.0000000000000002 1.5000000000000002 5.4498170235836279 2.0816659994661326 2.3611733746099497 1.7812887021222121 0.68880611455108365 3.8901462451385291 6.3891911764705887 1.0000000180025095e-35 0.43139582980325386 8 5.0381671523589029 9 0.14184105300093919 6.6364186851211082 5.7335084033613457 5.4935806322718507e-17 1.5000000000000002 11.187500000000002 5.4498170235836279 10 4.7500000000000009 6.8600864921878535e-16 11 10.812500000000002 8.809640522875819 12 13 0.055021074318350911 14 0.034772794189812502 4.4462873998794192 15 7.0914308043246042 14.407142857142858 7.7357142857142867 4.3949012490902417
decision_type=2 2 2 2 1 2 8 2 1 1 1 1 1 8 2 2 2 2 2 1 2 1 2 2 2 2 2 2 2 2 2 2 2 2 2 1 2 1 2 2 2 2 2 2 2 1 2 2 1 2 2 1 1 2 1 2 2 1 2 2 2 2
left_child=1 21 5 7 -3 11 10 12 -9 -8 20 27 -4 23 36 -10 54 -11 19 -13 32 -1 -20 -14 -12 -26 -27 -2 -29 -24 -31 35 41 -19 37 -32 -15 39 -39 -16 -28 -7 -43 55 45 46 -35 48 -46 53 52 -52 -49 -50 -6 56 -37 -36 -54 60 -25 -23
right_child=2 4 3 -5 16 6 9 8 15 17 24 18 13 14 34 -17 -18 33 22 -21 -22 61 29 59 25 26 40 28 -30 30 31 -33 -34 44 57 43 -38 38 -40 -41 -42 42 -44 -45 47 -47 -48 50 49 -51 51 -53 58 -55 -56 -57 -58 -59 -60 -61 -62 -63
leaf_value=-0.01127397477713017 -0.00067482662312748918 -0.0030730944203252956 4.1138815045993483e-05 0.011334492210699754 -0.005220847726295547 1.851005604402989e-07 -0.00063270241042286959 0.0042527064745780272 0.00014574139789275687 -0.002025758938454436 8.8490208969416181e-05 -9.9900255880469579e-05 0.00010338054622642812 0.00050166381083314169 0.0019054078278005317 0.0069065272571180282 -0.0058557006393119733 -0.0021100626964387194 -0.0033396988525153937 -0.0026886418999470421 0.0056647926515502878 -0.00034312631525986186 -0.0034425545448050435 0.002985884565604802 0.0028899693135923891 -0.0037039967911241256 0.0088853019458111204 -0.011390952906281544 -0.0031108715277538891 0.012519252597331571 0.00026886998746284422 0.011591373177623127 0.0034361255148142311 4.7733650635328754e-05 0.0022656845036768572 -0.00024106637363655592 -0.00076277257512297756 -0.00038883137752848684 0.0012961387675504477 -0.0015647488208676175 0.0009070348852965427 0.0019077981163144022 0.011334011241280707 -0.001637862834060927 0.0016396292591493002 0.00019713335996819349 -0.0028433582896110754 0.0017607658579056997 1.076237927667978e-05 -0.00094995399277051371 0.00052179788174953618 0.0034733084286221573 0.00029985585015019912 0.0021213658413122062 -0.0055065583967331966 0.00010159109930768517 -0.0024244027534463587 0.0081781800047735446 -0.0042923519548258016 0.028112694734603691 -0.0065771208460230768 0.003892073624057957
leaf_weight=331 12408 569 10490 702 486 1559 6690 2764 2267 1025 6166 4779 177 4388 4320 375 1163 232 674 3854 1126 2565 675 758 2955 467 94 187 1860 257 9595 167 997 1205 374 9100 1737 991 1882 101 444 1081 118 537 1630 3444 1712 1871 4271 1064 717 809 2874 363 680 15220 1149 543 195 95 90 723
leaf_count=330 12362 568 8375 351 486 1246 5949 1445 1210 1025 5306 4478 176 3654 2692 214 1163 207 665 3745 655 2460 675 704 2035 372 63 187 1818 204 9206 145 708 1198 267 9034 1541 694 1287 80 325 824 88 322 1394 3300 1627 1655 4134 629 539 566 2558 296 679 14574 1139 371 171 63 90 650
internal_value=0.000639462 -0.0111913 0.00120806 0.00497567 -0.024248 4.19515e-05 0.00194491 0.00442685 0.0100416 0.000273814 0.00507363 -0.00131477 0.00325645 0.00499095 0.00424043 0.0033905 -0.0292073 0.00173155 -0.000461667 -0.00356092 0.0099029 -0.000730663 0.000254047 0.0146253 0.00273207 0.00638601 -0.00173459 -0.00402634 -0.0100317 0.000471241 0.000678538 0.000545025 0.00746672 0.00222901 0.00681259 0.000436633 0.000790891 0.00570185 0.00167996 0.00829084 0.00704082 0.00463755 0.0105375 -0.000461045 0.00244319 -0.000352876 -0.0048651 0.00373287 0.00158207 -0.000542126 0.00616901 0.0127014 0.00414795 0.00144444 -0.0224464 -0.000217707 -0.00223854 0.0156264 0.000371753 0.0107468 0.00788575 0.000938163
internal_weight=142142 6517 135625 32054 2898 103571 43109 31352 5406 28102 15007 60462 25946 15456 14336 2642 2329 21412 46007 8633 4881 3619 37374 1120 10126 3960 1005 14455 2047 36700 36025 35768 3755 20387 8211 35601 6125 7294 2873 4421 538 2758 1199 26006 20155 6361 2917 13794 7328 5698 6466 1526 4940 4634 1166 25469 10249 917 3069 943 848 3288
internal_count=124974 6336 118638 23214 2896 95424 36870 22863 2869 25248 11622 58554 19994 11619 10586 1424 2328 19299 44187 8223 3521 3440 35964 1033 8101 2795 760 14367 2005 35299 34624 34420 2866 18274 5391 34275 5195 4753 1981 2772 388 2158 912 25069 18067 6125 2825 11942 6453 5059 5489 1105 4384 4430 1165 24747 10173 638 2729 857 794 3110
cat_boundaries=0 1 3 5 6 8 10 12 14 16 18 20 21 23 25 27 29
cat_threshold=2380545 1085239732 25227 57950209 66050 6569984 553655286 299008 3776716974 309220 102219777 68136 2147483715 9292 2256551936 66583 178471696 196611 3825402288 281984 1686774024 2156527972 174513 2684551460 295345 84935876 224818 8541201 147456
is_linear=0
shrinkage=0.05


Tree=78
num_leaves=63
num_cat=21
split_feature=14 13 25 13 13 26 17 0 0 0 25 0 16 22 22 22 0 21 21 0 0 0 0 30 0 42 20 20 0 22 0 25 15 47 32 0 30 43 25 40 0 25 47 44 0 17 16 15 0 42 26 0 0 25 0 30 25 41 50 25 0 0
split_gain=309.206 219.69 205.061 125.617 171.431 121.31 112.037 98.0106 71.9876 68.9674 67.5412 114.176 63.0042 58.6624 51.5222 50.2942 58.1408 49.7273 47.6189 89.7641 64.2674 47.6093 44.8892 43.5051 42.4416 42.3502 41.2664 37.4561 49.9872 58.3108 37.4484 36.576 35.1323 34.9093 44.779 34.6372 34.1158 33.7563 33.6174 32.0162 31.8968 31.8924 31.6041 32.4974 31.5561 31.3588 76.0506 123.53 51.2954 43.5819 37.39 32.9597 30.7838 30.3315 29.1473 28.8078 32.4935 29.0303 27.8986 27.6653 59.866 48.8428
threshold=1.5000000000000002 27.500000000000004 1.0339370996192301 1.5000000000000002 1.0000000180025095e-35 0.046289567334706856 1.0000000180025095e-35 0 1 2 6.0374288056596823 3 53.333333333333336 0.12499999999999996 0.3625000000000001 0.32760816486145433 4 23.500000000000004 10.500000000000002 5 6 7 8 1.9075903436439667 9 16.350000000000005 0.19999999999999998 -0.79999999999999971 10 0.07738095238095237 11 4.603943721594705 96.375000000000014 -1.734525823801315 4.4462873998794192 12 2.4934768013295696 8.1500000000000021 4.9711453398307972 23.875000000000004 13 3.2358737863179616 -4.5236149813559985 34.150000000000006 14 0.478713553878168 2.077380952380953 2.0625000000000004 15 19.928571428571434 0.020172236186708551 16 17 3.1949956858688364 18 0.68534214926271986 2.2612878619175967 0.10497277621629562 46.600000000000009 3.5897877346307356 19 20
decision_type=2 2 2 2 2 2 2 1 1 1 2 1 8 2 2 2 1 8 8 1 1 1 1 2 1 2 2 2 1 2 1 2 2 2 2 1 2 2 2 2 1 2 2 2 1 2 8 2 1 2 2 1 1 2 1 2 2 2 2 2 1 1
left_child=2 5 9 4 22 18 13 12 38 -1 15 17 -3 30 24 21 -17 -12 20 31 25 42 -4 -24 -8 37 -22 28 -23 40 -6 -20 35 34 -19 -9 44 41 -5 54 -30 -2 -7 55 -21 46 49 -48 -49 -38 52 -52 -47 -50 -13 -44 -57 -58 -10 61 -61 -29
right_child=1 7 3 8 6 10 14 32 58 -11 11 39 -14 -15 -16 16 -18 33 19 36 26 27 23 -25 -26 -27 -28 59 29 -31 -32 -33 -34 -35 -36 -37 45 -39 -40 -41 -42 -43 43 -45 -46 50 47 48 53 -51 51 -53 -54 -55 -56 56 57 -59 -60 60 -62 -63
leaf_value=4.1042017115550111e-05 0.00010415494671385251 0.0041503573568903718 0.00077556191466816035 0.00055452792803572517 -0.0035628915063688482 -0.0042952746215304816 -0.0050264033894522608 -0.0012619122902723379 -0.0011220005099788545 -0.0055735597314957759 0.005946274758297127 -0.00016636286787471977 0.012242888979063383 -0.0047863362761236816 0.00068349344078959544 6.9688541743218035e-05 0.0062920556502750417 -0.0020608337915388633 -0.0025262413857914225 4.8776020757873578e-05 -0.00078561846064028056 0.00094158662939123347 0.001700822884027553 -0.0057297518116782523 -0.0057711065463154493 0.01121668837489191 0.00030799028885692141 0.00010809903527596587 -0.0051187129069648618 -0.00038892806371600976 -0.0056565182562078936 -0.00036641090251862685 0.012872334293470768 0.0033139345521513764 0.0038554633334046519 0.0032118996936684298 0.00030737546103396521 -0.0003580636723535591 0.0045818062321905939 -0.0016030463679729823 -0.0020048440883866261 0.00216119315585106 0.0090317666843616699 -0.002030686962844197 -0.0036734632087109423 1.1728679118194751e-05 -0.00082194734510612213 -2.7576468815504465e-05 0.00041035250313703475 -0.0008779601042541163 0.0003626389153220222 -0.00026996792973406071 -0.002561072326518754 9.6100774602025932e-05 0.0016130601796795043 -0.00017602206492919328 -3.335791180817949e-05 0.0016368574852258122 -0.010841303197877052 0.0012025719224675992 -0.00010479017617938126 -0.00026412646568799717
leaf_weight=116 2442 691 2487 3771 106 183 1282 445 6247 485 857 1763 464 166 536 959 1176 355 3575 767 4376 1530 636 1518 1609 205 7641 3608 264 2669 784 2821 132 1514 208 835 508 2172 707 333 899 5602 203 309 1003 1640 323 1022 242 28 10967 13396 2168 1170 2015 1860 2205 12543 70 7838 5214 8482
leaf_count=116 2406 348 2323 3672 105 162 1279 227 6006 485 442 994 232 166 535 882 1004 201 3550 767 4220 1175 634 1497 1608 176 6951 3497 219 2200 784 2635 66 849 109 425 508 1935 579 169 714 4672 154 239 1003 1637 323 1008 242 28 10407 13042 2168 1157 1154 1815 1619 9534 70 5727 4202 7921
internal_value=0.000633834 0.00159176 -0.00504337 -0.00417395 -0.0084926 0.00127961 -0.015465 0.0160611 -0.000522879 -0.0337957 0.00294527 0.00752838 0.0267967 -0.029702 -0.0110691 0.00229852 0.00980571 0.0150407 -0.000249642 -0.00129179 0.00159076 0.00196296 -0.00175463 -0.00701848 -0.0137085 0.00446175 -0.000901646 0.000773226 -0.00301977 -0.00606167 -0.0347868 -0.00671063 0.00702389 0.0108975 0.000257092 0.00452381 -0.000246503 0.00401243 0.00432056 0.00212154 -0.0154167 0.0055059 0.00405712 0.004281 -0.00699887 0.000133323 0.00474954 0.00139413 0.00525462 0.0219646 -0.000406254 0.000313783 -0.00501313 0.0113809 0.00343874 0.00457679 0.00434674 0.00513221 -0.00395781 0.00158275 0.00317896 -0.000140187
internal_weight=142142 121622 20520 19919 9124 119055 4483 2567 10795 601 56987 7045 1155 1056 3427 49942 2135 2934 62068 39630 22438 47807 4641 2154 2891 10421 12017 30504 5362 3832 890 6396 1412 2077 563 1280 33234 10216 4478 4111 1163 8044 17303 17120 1770 31464 3293 2757 2434 536 28171 24363 3808 1412 3778 16811 16608 14748 6317 25142 13052 12090
internal_count=124974 105115 19859 19258 8931 103817 4477 1298 10327 601 44982 3918 580 1055 3422 41064 1886 1601 58835 38475 20360 39178 4454 2131 2887 9189 11171 25655 4308 3133 889 6185 718 1159 310 652 32290 9013 4251 2317 933 7078 13523 13361 1770 30520 3266 2730 2407 536 27254 23449 3805 1399 2148 13122 12968 11153 6076 21347 9929 11418
cat_boundaries=0 2 4 6 8 10 12 13 15 17 19 21 22 24 26 28 30 32 34 36 38 40
cat_threshold=3098894352 117933 2628353044 502838 8687624 320 44396974 26640 706483552 359323 24385554 262144 7651328 180798256 65544 1098645042 18689 1886376213 299147 285817920 544 2114832 1094716800 262736 2214592512 184644 1182998720 78578 2189648172 8673 3330884908 323 4068614440 69408 3695346176 235040 2688097354 166919 1946157187 22484
is_linear=0
shrinkage=0.05


Tree=79
num_leaves=63
num_cat=17
split_feature=19 18 26 19 0 25 0 25 22 25 0 26 0 39 19 13 19 0 0 13 22 0 0 22 20 0 44 0 25 20 29 22 0 21 0 25 42 39 26 0 42 42 43 49 32 25 24 0 40 22 19 25 13 0 0 42 22 0 20 13 25 43
split_gain=358.906 335.454 205.295 171.107 129.192 88.0121 100.498 66.7862 57.0087 54.527 54.5821 52.6962 49.2804 48.4166 47.3787 48.3194 53.3633 45.6518 45.3621 48.4652 43.8806 51.6051 44.8482 43.7562 44.1993 42.9171 41.5262 40.2574 39.3883 37.8956 32.4438 32.0255 38.6165 31.7084 51.8504 34.7205 35.8187 34.4637 29.5243 30.1209 29.4985 29.4209 29.6044 29.4122 29.1206 28.3324 26.984 26.9299 26.6645 34.8844 27.3622 39.242 44.4825 29.1453 25.9228 25.8798 25.1616 29.3586 40.7748 37.6023 35.7792 29.8337
threshold=1.2500000000000002 0.37500000000000006 0.056555322092099909 98.500000000000014 0 5.1984264468287211 1 5.5574056331669164 0.36966864404944905 8.0511516332111182 2 0.029816194093618405 3 0.46428571428571436 3.2500000000000004 2.5000000000000004 2.2500000000000004 4 5 1.5000000000000002 0.26041666666666669 6 7 0.23996183555007081 1.4000000000000004 8 33.800000000000004 9 3.1075512374363803 0.39999999999999969 4.2660006009615392 0.29019162489557232 10 17.500000000000004 11 1.3909224267799338 16.350000000000005 0.46428571428571436 0.0067366346576073011 12 6.3571428571428585 3.7357142857142862 0.65000000000000002 14.021428571428574 1.6018768925699862 4.7349668438947559 2.737841671994885 13 1.4166666666666667 0.010990338164251202 2.7500000000000004 1.6761543611374872 1.5000000000000002 14 15 6.4071428571428575 0.049999999999999954 16 -0.39999999999999991 1.0000000180025095e-35 4.9524384062156912 26.050000000000004
decision_type=2 2 2 2 1 2 1 2 2 2 1 2 1 2 2 2 2 1 1 2 2 1 1 2 2 1 2 1 2 2 2 2 1 8 1 2 2 2 2 1 2 2 2 2 2 2 2 1 2 2 2 2 2 1 1 2 2 1 2 2 2 2
left_child=1 30 7 5 -3 20 9 11 -6 26 -11 14 23 -8 15 16 18 -16 19 -2 22 -22 29 24 44 33 47 -17 54 48 38 32 -18 35 40 -13 37 -37 -1 -40 -35 -39 -43 -31 -9 -21 -36 -7 49 -4 51 52 -50 -52 -27 -42 57 58 -24 -59 61 -60
right_child=2 4 3 -5 8 6 13 12 -10 10 -12 25 -14 -15 17 27 31 -19 -20 45 21 -23 56 -25 -26 28 -28 -29 -30 43 -32 -33 -34 34 46 36 -38 41 39 -41 55 42 -44 -45 -46 -47 -48 -49 50 -51 53 -53 -54 -55 -56 -57 -58 59 60 -61 -62 -63
leaf_value=-0.013003394938920367 -0.0093431354100130485 -0.0024004571525278132 -0.0050243530144542525 0.012726225627808452 -0.0050831273683770335 0.00028370520997300088 0.013391311872069912 -0.0044581400522344166 -0.0098228840946043908 0.01015772350946661 0.0030783339146311485 -0.0085303322682926518 -9.1430187921570649e-05 0.00063176848444290723 -0.0040097107274194022 -0.00066274171977463996 -0.0027761763929682773 -0.00092520182239230753 -0.00033776049488116745 0.00047559372455783236 -3.8702269148349627e-05 0.0037927522772396639 -0.0011063538794777283 0.0043974365492871819 0.0035143143598807217 2.5323551984202109e-06 0.0087761217362318233 0.00065909466836252541 -1.2083998589540458e-07 0.00081927295538146709 0.0016758278128359118 0.00066602148625914963 -0.0011562911490143935 -0.0075977073738709884 -0.0012377480064953207 0.011901261591581964 0.013747457240623562 0.0081424583091697488 -0.0061966242022597484 0.00038532909875089728 0.0043495754067073402 0.0076383459611015425 0.00060099763664840384 0.002407382076288123 0.00033907938199612131 0.00037300964675024417 0.00013370650536335127 0.0030113787059611766 -0.0075452009518203579 -2.3104394883718959e-05 0.0011366039483810876 -0.00049517710537755333 0.00014840810943306249 -4.0760867993605569e-05 -0.0014178984103114523 -0.0017292461712814567 0.00031338002871232899 0.0086260481922978589 0.00033935619783436182 -0.00060812443144414585 -0.00058449968035860782 -0.0041418739677048736
leaf_weight=170 778 821 99 458 1906 885 136 54 171 680 694 155 6540 5686 3596 1154 872 11019 2724 1082 1326 2137 561 1393 1519 2345 125 1618 15896 4382 1114 668 1411 77 1330 265 141 122 674 1661 83 179 8272 2852 6702 197 11470 1733 20 143 3252 139 167 6181 5613 1733 9540 57 2148 2839 186 191
leaf_count=170 778 820 89 229 1905 490 82 46 171 351 360 155 5659 3185 3588 1153 872 10787 2723 1081 1165 1772 467 1176 1015 2344 63 1617 15355 3393 1008 668 1408 77 1325 215 110 99 660 1602 72 145 7209 1865 5493 197 11098 950 20 108 2489 138 167 5024 5601 1685 7925 48 1815 2374 150 168
internal_value=0.000576145 -0.0108845 0.00112696 0.00381494 -0.0235581 0.00351267 0.00768058 -0.000280814 -0.0301461 0.0136495 0.0218145 -0.000927116 0.00262169 0.00342791 -0.00278045 -0.000218467 -0.00224945 -0.00462131 0.00101317 0.00659816 0.00236865 0.00772084 0.00180246 0.00488635 0.00350955 4.918e-05 0.00960095 0.00544356 -0.00144961 0.00355706 -0.000730663 -0.00753557 -0.0103525 0.00154984 0.00011195 0.00386371 0.00427004 0.00386865 -0.00388867 -0.00241652 -0.00758666 0.00331759 0.0029632 0.00631583 0.0017752 0.0126133 0.00125634 0.00824551 0.00156419 -0.0147942 0.00197182 0.0161927 0.0310904 0.00147816 -0.00432152 -0.00632636 -0.00014775 -0.00269012 0.00070875 -0.00629343 0.00342241 0.0051047
internal_weight=142142 6517 135625 46617 2898 46159 9939 89008 2077 4117 1374 72800 16208 5822 25119 10504 7732 14615 4781 2057 36220 3463 32757 9668 8275 47681 2743 2772 23854 17235 3619 2951 2283 23827 14693 9134 8979 8838 2505 2335 1893 8573 8451 7234 6756 1279 12800 2618 10001 242 9759 326 187 9433 7958 1816 15522 5982 3086 2896 2525 2339
internal_count=124974 6336 118638 34887 2896 34658 5481 83751 2076 2214 711 70362 13389 3267 24872 10497 7727 14375 4779 2056 29177 2937 26240 7730 6554 45490 1503 2770 23300 13293 3440 2948 2280 22190 14257 7933 7778 7668 2432 2262 1834 7453 7354 5258 5539 1278 12423 1440 8035 197 7838 325 187 7513 7945 1757 12947 5022 2600 2422 2133 1983
cat_boundaries=0 1 3 5 7 9 11 13 15 17 19 21 22 24 26 27 29 31
cat_threshold=10933003 44169520 157709 33681424 12 1894210965 319751 134229439 324380 3456630884 507870 801416298 473256 250005074 67774 3874840840 54088 56804278 413698 3238789843 382291 6553600 34687555 13380 33611792 16396 235160578 402653316 468098 806879529 153344
is_linear=0
shrinkage=0.05


Tree=80
num_leaves=63
num_cat=18
split_feature=19 15 13 0 26 15 0 25 39 17 0 0 20 0 0 0 39 20 0 17 26 25 16 24 25 41 17 0 0 17 25 0 25 0 25 24 0 0 25 42 20 0 24 0 17 45 16 29 49 42 25 28 0 50 42 3 24 27 0 26 28 30
split_gain=345.649 341.577 194.5 131.947 127.697 95.0427 86.359 85.3745 105.395 86.5348 92.8562 78.4081 54.696 65.4177 53.8388 45.4644 60.7482 42.9971 49.3235 40.6976 38.4267 36.1062 33.2724 31.5961 30.9975 38.2337 30.1006 29.7301 28.8773 28.0255 72.9877 41.5582 35.7856 41.8444 39.6215 37.0723 28.7035 27.0817 26.9478 39.1559 40.5625 26.174 26.1577 61.7952 32.2482 26.0699 25.9078 30.3749 28.1206 36.4891 37.1756 30.3895 26.6574 25.7132 25.5841 54.9166 35.8672 33.8078 25.3304 25.2282 25.4186 25.2255
threshold=1.2500000000000002 0.43750000000000006 23.500000000000004 0 0.039996653279785806 87.375000000000014 1 4.0574104091154588 0.46428571428571436 0.50000000000000477 2 3 -0.4000000000000003 4 5 6 0.38750000000000007 -0.49999999999999989 7 0.49999999999999761 0.0093312185328498515 6.5361703219115208 16.845238095238098 4.0614734530175722 2.7548654045198502 0.15713484026367738 0.95742710775633955 8 9 0.49999999999999939 1.9375461837340044 10 2.4668421375839582 11 1.0339370996192301 0.75926279602750202 12 13 7.5362144677271941 7.5357142857142874 -0.29999999999999888 14 7.5582282913165271 15 12.252124773597403 1.0000000180025095e-35 10.922619047619049 2.7352273103402625 14.021428571428574 7.2142857142857144 5.7184807633204207 89.500000000000014 16 0.65000000000000002 14.27857142857143 -0.85421994577343285 0.93102240896358557 2.2743402850171588 17 0.0043987364941544512 42.500000000000007 2.1356417308223006
decision_type=2 2 2 1 2 2 1 2 2 2 1 1 2 1 1 1 2 2 1 2 2 2 8 2 2 2 2 1 1 2 2 1 2 1 2 2 1 1 2 2 2 1 2 1 2 2 8 2 2 2 2 2 1 2 2 2 2 2 1 2 2 2
left_child=1 27 4 -3 12 6 38 15 -9 11 42 -10 13 -2 21 16 -6 18 -17 -5 -16 -14 58 -15 37 -26 -8 -1 -25 30 31 -19 33 34 -31 -34 -37 -18 39 -4 -41 -21 44 45 46 -44 47 -11 49 -48 -51 -50 -49 -45 55 -22 -57 -58 -13 -29 -61 -62
right_child=2 3 5 19 7 -7 26 8 9 10 -12 22 14 23 20 17 24 29 -20 41 54 -23 -24 28 25 -27 -28 59 -30 32 -32 -33 35 -35 -36 36 -38 -39 -40 40 -42 -43 43 53 -46 -47 48 52 51 50 -52 -53 -54 -55 -56 56 57 -59 -60 60 61 -63
leaf_value=-0.010079138396350051 -0.0027969957045777928 -0.0022804342949014236 -0.0034037959901008774 -0.0051195359749786453 0.0068133034528242769 0.012089914346418019 0.001958723809639018 0.0095074527743227444 -0.0010261522879799867 0.00024367300738937782 0.00030701933236030324 0.00049323374899707957 -0.00073066269168836628 -0.0018373921040310661 -0.001905118759935659 3.0141915335457628e-06 0.00049257683301180417 5.2468136080174867e-06 -0.002564081768828841 -0.004456536382842019 -0.0031089272836241524 0.00069746707046371983 -0.0029065070404582119 0.0013444395263388477 -0.00014852954494706252 0.0014758339523802733 -0.00028610980291637336 -0.011729218036420032 -0.00055734141597507116 -0.0087432940160720504 1.9048457371229067e-05 0.00014098770396140382 0.034890710643830161 5.1320968738055581e-07 -0.0024072609032532613 0.00052436836704916612 -0.00038741702019889912 -0.00047746959910672794 0.0055981778454040343 -0.0024533038219654471 0.0048915153573140246 -0.0048597827653176001 0.00024401560564048521 -0.0037987236697658634 -0.011955067334459819 0.008119982223570377 0.0011137935530880938 0.003291636556258937 -0.0051807063747891183 -0.00033803626324608872 -0.0039117039773645338 0.0019604198105765136 0.0018407144120310527 0.0045793477443831334 0.0004083396693132735 -0.0099764058567908161 0.00052701312943924665 1.0901739838609094e-05 -7.4500359769236193e-05 0.013098868188214109 0.0020427788513281311 -0.0014510544531407988
leaf_weight=384 4623 821 180 1062 603 376 52 722 787 1367 12816 954 13026 2597 1217 2802 882 210 2611 482 1070 1528 121 2069 3194 8291 1465 112 3179 94 2086 386 77 2088 1542 8648 6122 3713 1173 60 506 533 1249 87 33 55 1664 2336 41 724 221 2013 3983 1560 10507 186 3019 13560 1150 127 1322 1674
leaf_count=383 4506 820 93 1062 519 188 26 483 664 1282 9311 778 12827 2483 1190 2523 863 210 2473 482 1035 1355 76 1887 2583 6962 751 111 3103 94 2032 386 48 2078 1526 7702 5828 3573 591 30 258 532 722 51 18 30 1023 1732 26 407 123 1101 3029 861 9892 186 2920 13237 963 110 1275 1561
internal_value=0.000546597 -0.0107004 0.00108714 -0.0234891 0.000765055 0.01222 0.00959994 0.0021147 0.00407869 0.00364049 0.00450249 -0.00441255 -0.00102939 -0.0039534 -0.00020277 0.000670012 0.00271625 -0.000610826 -0.00458903 -0.0301461 0.00102283 -0.00269104 0.00042263 -0.00116408 0.00213264 0.00352124 0.000618455 -0.00045442 0.00106592 0.000402042 0.0051789 0.0205946 -0.000287799 -0.0046698 -0.0106223 0.00081122 0.000629274 -0.00133703 0.0166036 0.00923025 0.0156878 -0.0230758 0.00712624 0.0113635 0.00612089 0.00311407 0.00625466 0.0080389 0.00331154 -0.000132184 -0.00797569 0.00768613 0.00950079 0.0177593 0.00139699 0.000243608 0.000945067 0.00119089 0.00189786 0.00112292 0.00196703 0.0010327
internal_weight=142142 6517 135625 2898 131813 3812 3436 75232 31883 31161 28149 3012 56581 12468 44113 43349 16683 26666 5413 2077 29559 14554 2225 7845 16080 11485 1517 3619 5248 21253 2682 596 18571 3724 1636 14847 14770 4595 1919 746 566 1015 15333 2951 12382 1304 12349 7686 4663 2609 945 2054 6319 1647 28342 17835 16765 16579 2104 3235 3123 2996
internal_count=124974 6336 118638 2896 116701 1937 1749 62080 22680 22197 19716 2481 54621 11979 42642 39400 14500 24900 4996 2076 28460 14182 1817 7473 13981 9545 777 3440 4990 19904 2628 596 17276 3698 1620 13578 13530 4436 972 381 288 1014 10405 1664 8741 752 8723 6043 2680 1553 530 1127 4761 912 27270 17378 16343 16157 1741 3057 2946 2836
cat_boundaries=0 1 3 5 7 9 11 13 15 17 19 21 23 25 27 29 31 33 35
cat_threshold=10933003 2997351024 155820 585236280 43599 2482512424 163845 2283902678 424086 554085275 282632 247841297 20516 20461572 76481 2147483715 25676 814114824 1 2167406604 42113 557318244 67139 4030334368 33882 234881040 20480 84935876 224818 541080112 587 8407816 74 671170755 267320
is_linear=0
shrinkage=0.05


Tree=81
num_leaves=63
num_cat=15
split_feature=19 23 24 26 0 25 39 0 25 25 21 0 0 0 14 42 0 21 25 20 22 0 28 47 20 47 41 26 50 26 0 20 43 43 0 0 22 40 25 14 0 41 0 25 39 0 15 19 26 26 40 25 23 21 25 0 0 43 40 25 25 50
split_gain=342.93 422.258 190.162 145.814 139.044 83.1044 98.1225 80.7105 62.0682 56.1278 56.0729 61.8646 61.636 48.2243 45.7059 42.5903 41.9887 38.5451 53.5012 50.9305 47.1505 45.8335 41.4247 38.5041 38.3225 35.8799 35.622 34.056 33.8749 32.5931 50.3277 31.7407 31.7074 49.5045 31.0059 30.9487 30.7949 35.558 30.5244 33.0231 30.165 30.1555 50.4984 29.9454 75.7582 37.1382 29.8349 29.4136 40.5973 28.904 36.3568 32.067 28.5634 28.3221 27.7949 42.6247 38.7009 27.7737 33.0432 27.6417 27.3424 33.2909
threshold=1.2500000000000002 0.37500000000000006 44.051470588235304 0.047015667818420107 0 4.3723104274829216 0.46428571428571436 1 8.0511516332111182 3.1949956858688364 10.500000000000002 2 3 4 91.500000000000014 16.350000000000005 5 23.500000000000004 1.0339370996192301 -0.40000000000000008 0.23594070879539988 6 139.50000000000003 -2.272322130227336 -0.39999999999999991 3.8901462451385291 0.15384615384615416 0.0086248222964260528 4.1500000000000012 0.021578953345970403 7 0.50000000000000233 2.7500000000000004 5.6000000000000005 8 9 0.17708489505247377 1.4166666666666667 3.1390540433891698 16.500000000000004 10 0.088823118336865584 11 1.9375461837340044 0.93750000000000011 12 2.9375000000000004 3.2500000000000004 0.015439128643812651 0.084831924857687355 9.1250000000000018 3.3908329548871916 1.0000000180025095e-35 8.5000000000000018 3.1376489346093979 13 14 2.7500000000000004 17.125000000000004 7.0914308043246042 5.7184807633204207 10.65
decision_type=2 2 2 2 1 2 2 1 2 2 8 1 1 1 2 2 1 8 2 2 2 1 2 2 2 2 2 2 2 2 1 2 2 2 1 1 2 2 2 2 1 2 1 2 2 1 2 2 2 2 2 2 2 10 2 1 1 2 2 2 2 2
left_child=1 29 3 9 -3 16 60 8 36 13 11 32 52 -2 -4 31 49 18 28 20 -19 -21 -20 -9 -15 26 -24 -14 -18 30 -1 -13 -11 -34 -10 57 37 -8 -28 -40 -22 42 -26 44 -23 -46 -44 -29 -49 50 -5 -51 -12 -52 55 -31 -56 58 -25 -58 61 -7
right_child=2 4 14 5 -6 6 7 23 34 10 12 15 27 24 -16 -17 17 19 22 21 40 43 25 35 41 -27 38 47 -30 54 -32 -33 33 -35 -36 -37 -38 -39 39 -41 -42 -43 46 -45 45 -47 -48 48 -50 51 53 -53 -54 -55 56 -57 59 -59 -60 -61 -62 -63
leaf_value=-0.0099867614782854566 -0.0024230461260425608 -0.0024659178031375436 0.005935574402668853 0.00088622675396212163 -0.0047620979196118692 0.0082702196528595447 -0.0028932521848941128 -0.00042254346251408562 0.0014125513750519682 0.0035774026190916412 0.0010350625063493769 -0.00034926920496326509 -0.0082554699393226575 -0.0022722369148771905 0.012192130958284288 0.010082289712669902 0.00073673738011836853 -0.0018516728662995143 -0.0003550912917095417 -0.0011858978683393362 -0.0010909441635697959 -0.00071015947402471307 -0.00027083037056934155 0.00070652775379225212 -0.00029832582499072504 0.010323102801881312 0.00085771708572958134 0.00018200759402240419 -0.0084144832999225368 -0.0069520133008813718 0.00045653890194091717 0.00094215346139586438 -0.0026993333303193647 0.0027762457334152336 0.0067022325237577124 9.7653337897812834e-05 0.0038073018069724462 0.0012238428896810484 0.0035506762892560609 -0.0020137477550937976 0.0043494522592192443 -0.00031383294518100291 3.3072741396611426e-05 8.6219041273605257e-05 -2.467475839446065e-05 9.6240419311283137e-05 0.00041058464795121208 -0.0048995679990448742 -6.9067414409484946e-06 0.00094326536164289769 -0.0016781233982019251 0.0037234849304188301 -0.0012506338300255051 0.0015983129622254566 0.0086100854929488657 0.0016437103693487777 -0.00037894030891758582 0.001507972426277432 -0.003265785290684259 0.019998006077748133 0.015073128403404263 -0.0042458309749530358
leaf_weight=706 3094 983 640 4567 1594 162 258 2195 485 2626 787 7314 366 3382 328 167 40 3624 3138 1742 513 233 1640 700 337 110 3312 6072 109 601 889 6301 634 1025 858 5873 1944 5690 2587 125 511 11284 321 11220 105 461 497 792 21432 1380 1110 784 7261 224 339 699 590 4543 261 116 407 54
leaf_count=702 3089 982 322 4237 1593 106 155 1467 258 2125 749 6855 366 3364 164 138 40 3301 2843 1563 491 232 1297 468 337 77 2983 6067 109 599 857 5364 560 874 449 3992 1323 3586 1880 72 464 11200 321 10384 105 461 491 791 20502 1097 723 470 6987 125 301 691 535 2795 137 76 241 41
internal_value=0.000502276 -0.0107004 0.00104069 0.000881827 -0.0264333 0.00269076 0.00502731 0.00449163 0.00809485 -0.000614645 0.000196155 0.00247648 -0.000926017 -0.00296284 0.0231115 0.000840644 0.00123202 0.000355992 0.00268894 -0.00104536 -0.00557002 0.000482851 0.00309677 0.00203158 -0.00184089 0.00505402 0.00464384 0.000160255 -0.0269667 -0.00040472 -0.00591792 0.000532095 0.00771532 0.00231627 0.0180394 0.00320311 0.00641011 0.00462179 0.00642241 0.0103557 0.00389756 -0.00055828 0.00713235 0.00158313 0.0109313 0.0208025 0.0137455 0.000356752 -0.000485714 0.00442608 0.00261691 0.00937413 -0.00478906 -0.00464045 0.00334399 -0.00153344 0.00941205 0.00589211 -0.00181393 0.00250349 0.0245913 0.0101152
internal_weight=142142 6517 135625 134657 2577 60965 23430 22807 9235 73692 54777 18067 36710 18915 968 13782 37535 29470 11061 18409 4648 13761 10912 13572 15821 7774 7664 28662 149 3940 1595 13615 4285 1659 1343 11377 7892 5948 6024 2712 1024 12439 1155 12019 799 566 818 28296 22224 8065 5901 2164 8048 1334 2345 1300 1045 5504 961 706 623 216
internal_count=124974 6336 118638 118152 2575 47972 15018 14630 5771 70180 51378 15916 35462 18802 486 12357 32954 26302 9301 17001 4256 12745 9152 8859 15713 6309 6232 27726 149 3761 1559 12219 3559 1434 707 7392 5064 3741 4935 1952 955 12349 1149 11182 798 566 812 27360 21293 6652 5085 1567 7736 848 2202 1290 912 3400 605 611 388 147
cat_boundaries=0 1 3 4 6 8 10 12 14 16 18 20 22 24 26 28
cat_threshold=1089458971 547476336 43023 2375680 20207762 266240 16812595 2049 243597329 128 23199744 32768 1575935 189892 545260320 40961 1079904266 16 4030726502 462897 13923584 32 2147483652 24580 93667 331344 3156148 262402
is_linear=0
shrinkage=0.05


Tree=82
num_leaves=63
num_cat=14
split_feature=19 23 19 0 29 17 0 25 0 17 0 0 25 0 24 47 0 25 25 0 0 16 22 50 47 16 50 16 41 0 15 17 25 25 44 47 50 50 19 27 29 25 16 0 25 25 24 32 49 13 22 15 23 0 50 13 50 25 24 0 50 0
split_gain=337.053 405.718 177.022 145.001 119.582 106.74 85.1488 56.7696 92.7748 59.9363 60.1312 59.0359 52.7218 51.295 51.4223 50.1676 65.6768 42.9989 41.0043 56.4108 45.7233 43.0451 43.0913 44.6806 39.9871 39.5359 38.1348 36.9577 103.719 84.9767 66.3724 54.6117 40.2732 34.8664 64.2084 33.6135 33.3439 73.8721 32.4105 47.615 42.0847 31.0203 30.3761 30.2644 30.0298 29.367 37.7226 28.9158 27.9545 27.9141 47.3321 44.2357 41.7503 33.8765 27.9134 27.0374 26.8737 46.1423 32.3 27.6811 26.7557 41.6842
threshold=1.2500000000000002 0.37500000000000006 98.500000000000014 0 4.3780754357226419 2.061552812808833 1 6.5361703219115208 2 1.1547005383792539 3 4 2.8440784848328056 5 0.64800579322638152 3.4891536025019065 6 2.880091926228912 2.5635814707136761 7 8 13.174242424242426 0.3333556149732621 4.4500000000000011 6.5725963273325059 6.7613636363636376 11.100000000000003 2.0208333333333335 0.11764705882352949 9 2.0625000000000004 0.478713553878168 1.8839463754919217 6.5361703219115208 30.700000000000006 -1.7272609787670328 4.6500000000000012 4.3500000000000005 17.750000000000004 5.4311013767209024 4.7327102309348907 7.0914308043246042 4.8819444444444455 10 7.5362144677271941 2.3611733746099497 1.4170008912655974 3.9454374343983631 -7.6499999999999995 1.5000000000000002 0.059500915750915706 1.8125000000000002 0.37500000000000006 11 8.5500000000000025 2.5000000000000004 2.5500000000000003 7.0914308043246042 44.051470588235304 12 21.300000000000004 13
decision_type=2 2 2 1 2 2 1 2 1 2 1 1 2 1 2 2 1 2 2 1 1 10 2 2 2 8 2 8 2 1 2 2 2 2 2 2 2 2 2 2 2 2 10 1 2 2 2 2 2 2 2 2 2 1 2 2 2 2 2 1 2 1
left_child=1 45 4 -3 7 18 41 9 -9 11 42 25 13 14 -8 16 -14 -12 20 21 -6 22 23 35 -10 -2 44 28 29 54 31 -29 -32 38 56 -20 37 -21 -18 40 -40 -7 -11 -19 -25 -1 48 -17 -47 50 -30 52 -51 -54 -13 -53 -35 -58 59 -59 61 -38
right_child=2 3 -4 -5 5 6 12 8 24 10 17 27 15 -15 -16 47 33 43 19 36 -22 -23 -24 26 -26 -27 -28 30 49 -31 32 -33 -34 34 -36 -37 60 -39 39 -41 -42 -43 -44 -45 -46 46 -48 -49 -50 51 -52 55 53 -55 -56 -57 57 58 -60 -61 -62 -63
leaf_value=-0.0072491878984270565 -0.00010550931821378674 -0.0023007574858614657 0.010875812081182934 -0.0046009941039197094 0.00015374417794776775 0.0028989283074160044 0.011880023031999322 -0.00099258513304311129 0.001297009727592552 -0.00048015439293471742 -0.0034717324063672007 0.00010371932465333411 -3.8335279255385937e-05 -0.0040319543777803781 1.2309388444697867e-05 0.0051395997013907735 0.0019591596064508668 -0.0019133157050201855 -0.0019617599193967107 0.00034770544443256672 -0.0015990944730639889 0.002500734071147437 0.0050431974547034799 0.0022764414025466585 -0.013890224108645023 -0.0016990298809314687 0.00015659409937385238 -0.00070341001467127962 -0.010683498181116347 0.00019988161737312106 0.0002383498649289384 -0.00053073341959608002 0.00011000715528538541 0.0062382769167397935 -0.0042682602121058956 8.7951134066965875e-05 -0.0068334019780251672 0.011593762780174946 0.0023103208970473021 0.0016726916886750877 -0.0019406313869874403 0.010988897405581666 0.0009584207299514814 -0.00045121804603462937 -0.0049732230821421756 -0.010114044575925601 -0.00018562234881475126 0.002038083681116837 0.0080351516364508112 -0.00018163411347830172 0.00076456744029124168 -0.0016117738582103525 0.00065060252490056205 0.0012542955583600191 -0.00052832863501737777 0.0010176878501275356 0.0048298886908295204 -0.0008293089315364766 0.012222117870721749 0.0034999998852014882 0.00022067244847318035 -0.00041643567664385596
leaf_weight=741 12009 1097 458 1480 2314 1324 124 1724 6218 5444 3083 181 6068 963 890 858 7916 6221 709 3282 2468 898 791 3152 70 1370 3680 353 446 557 359 1427 15717 1098 143 4474 177 255 618 1546 1193 284 3799 12312 69 47 2720 1461 432 514 1248 520 613 573 57 717 348 542 61 382 3654 7893
leaf_count=741 11938 1096 229 1479 2272 901 84 1347 4698 5265 3064 181 4295 896 797 549 5983 5931 607 2755 2444 470 715 2585 57 1237 3253 353 446 557 359 1426 15433 615 85 3926 157 175 340 816 656 148 3200 11419 56 47 2568 926 405 511 1248 520 613 573 57 717 191 309 31 220 3202 6800
internal_value=0.000482577 -0.0106237 0.00101636 -0.0260454 0.000911051 0.00258476 0.00500562 -0.00041035 0.00356858 -0.000882614 -0.00250632 0.000484016 0.00425832 -0.00356168 0.0042878 0.00495593 0.00414466 -0.00394854 0.000736168 0.00144291 -0.00355321 0.00376124 0.00302462 0.00228341 0.00638117 -0.00216169 0.00491814 0.00200468 0.00561913 0.0222927 0.000906927 -0.00825098 0.00192169 0.00604308 0.011299 -0.00122396 -0.000651192 0.00360232 0.00484699 0.000728112 -0.00477097 0.016118 0.000869354 -0.00304009 0.00889044 -0.000531591 0.00154531 0.0119159 0.0144688 0.00275151 -0.00235693 0.00569946 0.0109318 0.0160868 -0.00319277 -0.00149031 0.0132175 0.00842954 0.0028854 0.000535135 -0.00193561 -0.00354293
internal_weight=142142 6517 135625 2577 135167 59635 25819 75532 8012 67520 30859 36661 24211 1977 1014 22234 19915 21616 33816 29034 4782 13773 12875 12084 6288 13379 6901 23282 5426 795 17856 1780 16076 13847 2574 5183 15261 3537 11273 3357 1811 1608 9243 18533 3221 3940 3199 2319 479 4631 1694 2937 1700 1186 238 1237 2431 1333 985 924 11724 8070
internal_count=124974 6336 118638 2575 118409 47259 17842 71150 6102 65048 28879 36169 16793 1777 881 15016 13541 20414 29417 24701 4716 11612 11142 10427 4755 13175 5894 22994 5423 795 17571 1779 15792 9246 1451 4533 13089 2930 7795 1812 996 1049 8465 17350 2641 3761 3020 1475 452 4628 1694 2934 1697 1186 238 1237 1366 751 560 529 10159 6957
cat_boundaries=0 1 3 5 7 9 11 13 15 17 19 21 23 25 26
cat_threshold=1089461023 16384 26688 20973058 76393 3468976400 65632 166124049 262256 2395116544 32769 3442999296 33543 9131520 3709 1607774720 144 806421760 24704 554698243 286084 1377371594 131 549716992 32 16777216
is_linear=0
shrinkage=0.05


Tree=83
num_leaves=63
num_cat=14
split_feature=19 23 14 0 26 17 0 24 0 0 40 0 0 20 25 0 20 40 43 26 26 25 13 47 25 0 19 16 43 42 28 0 27 25 17 16 14 25 47 25 24 44 17 25 0 25 0 24 19 16 0 26 18 0 25 15 22 39 25 44 25 0
split_gain=331.854 408.954 173.122 145.001 132.032 92.4018 86.4404 55.7087 49.2181 48.2875 46.8457 45.1835 42.5378 46.8309 52.861 47.253 36.2413 35.6038 34.3052 34.0589 33.4924 31.1757 36.6986 30.5015 30.5882 52.1469 42.4862 39.0595 35.8034 34.1245 36.4099 31.4576 29.7633 29.4086 32.5636 80.2642 27.8424 41.2878 29.5491 31.1967 28.7656 27.9299 27.0174 26.9005 26.8066 29.413 33.637 26.694 34.718 26.3141 26.3084 35.0283 25.3841 25.0704 24.3547 27.1301 24.1938 24.0646 23.894 23.5245 23.0231 22.9242
threshold=1.2500000000000002 0.37500000000000006 90.500000000000014 0 0.047015667818420107 2.943920288775951 1 5.2738440027963653 2 3 20.125000000000004 4 5 -0.59999999999999798 5.5463952396574863 6 -1.6999999999999986 17.125000000000004 22.100000000000005 0.022407286087250202 0.25541670730631871 1.0339370996192301 1.5000000000000002 -2.841227519167457 5.8503445784179497 7 15.250000000000002 6.5871212121212128 4.2500000000000009 16.750000000000004 142.00000000000003 8 3.5595747423406574 3.0647481538457622 1.0000000180025095e-35 3.0208333333333335 28.500000000000004 7.5362144677271941 3.0707996944216944 2.4668421375839582 0.68880611455108365 27.700000000000006 1.0000000180025095e-35 2.8440784848328056 9 1.9728273796353162 10 2.2355481283422463 2.7500000000000004 19.091666666666669 11 0.0067366346576073011 10.875000000000002 12 2.8041304077011548 6.3125000000000009 0.20627185314685317 0.93750000000000011 2.5635814707136761 22.650000000000002 11.469935662539205 13
decision_type=2 2 2 1 2 2 1 2 1 1 2 1 1 2 2 1 2 2 2 2 2 2 2 2 2 1 2 10 2 2 2 1 2 2 2 8 2 2 2 2 2 2 2 2 1 2 1 2 2 8 1 2 2 1 2 2 2 2 2 2 2 1
left_child=1 32 4 -3 7 9 23 12 42 10 20 17 54 15 -15 -14 18 -8 60 -17 33 22 -11 -7 26 -26 43 -27 29 30 -29 -30 50 34 35 -6 37 38 40 -40 -18 -38 -9 -25 -36 46 57 48 -23 61 -1 -52 -10 -37 -2 -56 -21 -46 -53 -58 -13 -35
right_child=2 3 -4 -5 5 6 11 8 52 21 -12 16 13 14 -16 19 36 -19 -20 56 -22 47 -24 24 25 27 -28 28 31 -31 -32 -33 -34 49 44 53 41 -39 39 -41 -42 -43 -44 -45 45 -47 -48 -49 -50 -51 51 58 -54 -55 55 -57 59 -59 -60 -61 -62 -63
leaf_value=0.0011541355790283703 -0.0024565637368798524 -0.0021857196115683932 0.011180733200018535 -0.0043709443987237249 0.00016906705957556723 -0.0021223096071114277 0.003234956209007123 -0.00034350823478516702 4.2285191624902299e-05 -0.0070292965752019433 0.002857355169552728 0.0003327567932421172 -0.0043821837205688221 -1.8376404411812877e-05 0.0040168102247445823 -0.0038887385922671495 0.012316205247346713 0.0099480766098766337 -0.0025167958557409499 -0.00084451128844553194 -0.00089006866225315178 0.00024179596783339142 -6.1558776744963239e-06 -0.0029228377502027005 0.0055946322317710351 0.014597986228837923 -0.00084125696557803557 -0.0062831848337929546 0.0060054916170796009 0.0048713594141079125 0.00069206385387859948 0.00017373253851263871 0.0021240614677080494 0.0017361370699189083 0.00089381726610031635 0.00027863931036493098 0.00090268395724894541 0.0066900483099799736 -0.0087753875179011672 0.0045689217575399571 0.0019225541598030917 -0.0074811318412883136 0.00095278135526620511 0.0025765482313143684 -0.003832741535767448 -0.00019023278682963609 -0.0058238362953702888 -6.9284342180697686e-05 0.00047472434187337823 -0.000842382445223322 -0.010830039293853934 -0.0090062139547656805 -0.0010686481821693906 -0.00083202005432244102 -0.00043781639732957679 -0.0031286347500830594 -0.00074932762984203372 0.001279728729373153 -0.00056413121529806935 0.0028275720884971657 0.0044854012027536029 0.00061160082629999621
leaf_weight=840 2153 1097 336 1480 385 683 658 413 12906 98 465 1330 1786 31143 893 1129 130 237 211 2476 182 246 158 283 640 106 2103 216 255 46 130 793 1222 5419 1746 109 421 641 45 862 3834 72 8597 1666 136 4439 451 18980 2979 617 156 350 1285 279 8329 943 730 164 1372 1037 188 9066
leaf_count=816 2153 1096 168 1479 384 459 393 401 12335 98 233 869 1772 30533 638 1107 84 119 129 2299 142 246 158 273 330 63 1225 117 133 24 69 423 1126 3891 1636 107 211 339 45 523 2480 36 7442 1295 136 4197 449 15953 2667 410 156 350 788 266 8286 837 703 164 1313 952 95 7353
internal_value=0.000457954 -0.0105623 0.000987606 -0.0260454 0.000898403 0.00261014 0.00594142 -0.000526883 0.00150181 0.00148182 0.00306766 0.00927604 -0.00145684 -0.000673256 0.000143428 -0.00432952 0.00801743 0.0199172 0.00164451 -0.00196823 0.0027505 -0.000175552 -0.0174903 0.00176645 0.00286825 0.00763374 0.000294843 0.00256583 0.000412908 -0.0124555 -0.017853 0.00523832 -0.000430094 0.00292149 0.000407912 0.0101357 0.0098643 0.0108825 0.00930727 0.0174504 0.00743884 -0.0015081 0.0043892 0.00561282 -0.000676806 -0.00247933 -0.011629 2.45429e-05 0.0042297 0.00420413 -0.00334498 -0.00661461 -0.000334108 -0.00589974 -0.00414 -0.00302976 8.12912e-05 0.00159164 -0.00458212 0.00455034 0.00427584 0.00463516
internal_weight=142142 6517 135625 2577 135289 61469 15550 73820 23201 45919 23458 8629 50619 39194 32036 7158 7734 895 1729 5372 22993 22461 256 6921 6238 2186 4052 1546 1440 392 346 1048 3940 22811 7709 773 6005 5512 4871 907 3964 493 9010 1949 6936 5190 751 22205 3225 15102 2718 1878 14191 388 11425 9272 4243 300 1722 1767 1518 14485
internal_count=124974 6336 118638 2575 118470 48224 9734 70246 20966 38490 19368 5323 49280 38004 31171 6833 4811 512 1093 5061 19135 19122 256 4411 3952 1159 2793 829 766 210 186 556 3761 18993 7339 757 3718 3471 3132 568 2564 247 7843 1568 6582 4946 749 18866 2913 11654 2635 1819 13123 373 11276 9123 3954 300 1663 1655 964 11244
cat_boundaries=0 1 3 5 7 9 11 13 15 17 18 20 22 24 25
cat_threshold=1089461023 4111403171 283415 1690748180 131457 915362737 40991 33570816 2048 16942003 262273 2759861312 175382 327714 260 537001984 1 109056144 268763424 8208 1948766208 131507 537395201 32778 9126400
is_linear=0
shrinkage=0.05


Tree=84
num_leaves=63
num_cat=13
split_feature=14 23 13 14 0 20 0 26 0 0 47 16 41 50 50 47 0 43 43 0 24 28 3 0 28 40 13 20 22 20 41 0 0 50 22 0 22 43 26 0 24 49 20 24 26 39 26 50 20 41 0 44 22 0 13 14 41 47 26 41 16 15
split_gain=253.591 257.356 287.139 170.612 123.045 96.884 117.212 73.9598 70.0697 59.4812 77.7515 88.1034 54.1357 80.6248 74.511 46.8328 83.3108 51.5337 51.1259 46.6965 44.9938 43.5185 42.5734 41.9989 40.4338 38.7129 35.8859 34.8163 64.5042 44.5966 44.6802 44.4866 34.9041 34.2911 32.9149 32.2182 31.9267 37.2755 33.5566 32.9286 31.791 33.3654 31.6555 30.7889 30.181 47.6227 28.8866 29.0555 28.5403 27.6062 33.2205 27.4527 26.9194 26.8541 26.8385 26.3574 26.2883 26.035 25.9739 25.668 45.1544 111.665
threshold=1.5000000000000002 0.62500000000000011 1.5000000000000002 90.500000000000014 0 1.5000000000000029 1 0.055021074318350911 2 3 -4.0832680554680456 13.520833333333334 0.13205891141466763 11.350000000000003 5.2000000000000011 3.4052348542560442 4 2.5500000000000003 8.1500000000000021 5 10.861507352941178 145.00000000000003 -0.88545602565320969 6 139.50000000000003 1.1250000000000002 17.500000000000004 -3.3037167063899077e-16 0.24734241452991454 -4.8889577377787301e-16 0.36885555678165932 7 8 2.0500000000000003 0.12499999999999996 9 0.010990338164251202 4.4500000000000011 0.0077545620509124006 10 5.4498170235836279 15.800000000000002 -1.7999999999999992 5.7335084033613457 0.092347462556515672 0.73214285714285732 0.11276356008390766 0.45000000000000007 -0.49999999999999972 0.1924500897298754 11 33.800000000000004 0.16071428571428567 12 24.500000000000004 15.500000000000002 0.67401307762451079 -4.5236149813559985 0.024621259427599254 0.4573835895089709 2.077380952380953 2.0625000000000004
decision_type=2 2 2 2 1 2 1 2 1 1 2 10 2 2 2 2 1 2 2 1 2 2 2 1 2 2 2 2 2 2 2 1 1 2 2 1 2 2 2 1 2 2 2 2 2 2 2 2 2 2 1 2 2 1 2 2 2 2 2 2 8 2
left_child=1 7 4 5 -3 9 -7 23 -4 10 57 12 13 14 -12 16 18 24 -11 52 51 33 -20 43 -17 -6 -19 28 29 30 31 44 -32 -14 49 -30 39 46 -39 -8 42 -42 -35 -1 -18 -46 47 -38 -10 -33 -51 -13 -9 -40 -34 -28 -41 -2 -25 60 -29 -62
right_child=3 2 8 -5 25 6 36 19 48 15 11 20 21 -15 -16 17 27 26 22 -21 -22 -23 -24 58 -26 -27 55 59 35 -31 32 34 54 40 -36 -37 37 38 53 56 41 -43 -44 -45 45 -47 -48 -49 -50 50 -52 -53 -54 -55 -56 -57 -58 -59 -60 -61 61 -63
leaf_value=-0.00016568231195164264 -0.0048648159164047522 -0.0023184201030789996 -0.0029022186588756938 0.010621696540017612 -0.004176857355116948 -0.00035054293384215174 0.0013449839435970556 0.009166187612721477 -0.0029294196379278103 -0.0006634207663050451 -0.00042944953843089274 0.0019904094954377172 -0.00018379246241396197 -0.0014106925470052769 0.0029592220012963689 0.0012068092298500033 5.0566472898808115e-05 0.00022977358707331754 -0.0069274137301279515 0.0006780345280961831 0.0090017616457143124 0.0026368717431104918 -0.0017853878188136552 -0.0038937913439840324 0.010091103262699986 -0.0094943109364088799 0.0078876699397117164 0.00015171121907316956 0.0023954911789313138 -0.0016820421296321166 -0.0040164645687904678 -0.00033350198553871448 -0.0014161907137290319 -0.0020111407378738291 0.00010434358587114724 -7.0028166036184563e-06 -0.0020290431682313151 -0.021539883886197087 -0.00074336151585582821 0.0040882754535268408 0.0036372046886223534 -0.00040620852915445043 0.00094851984239411886 0.0032944209770143342 0.0078918646643540268 0.00089178976348714973 0.010339113767340919 0.0033786881293966786 0.0010411509193510638 -0.00036946298933318025 -0.0026084936402906433 0.0086157967866512756 -0.00037326710812320976 0.0018938162499743561 0.0086564292908048127 0.00204817465638365 0.010580415030273273 -0.0014959499301097857 -0.00077818810461139927 -0.00038904958085126399 -0.00071968945159677227 0.00010572324204306539
leaf_weight=4252 190 1291 1249 336 1059 4529 532 447 268 3831 2176 1182 4055 813 1088 223 7391 8998 259 1855 264 2350 1467 3194 238 566 69 2840 2743 205 1243 5023 2801 582 4062 2971 256 36 1065 925 1717 602 7711 536 233 933 213 1901 1229 1136 1599 72 135 3225 24 340 391 1244 4439 6221 913 28404
leaf_count=4123 174 1289 1233 168 1059 3376 390 364 265 3346 1833 608 3771 668 820 193 6440 7978 231 1641 133 1796 1261 3168 162 564 35 2838 2543 137 1202 4241 2626 423 3669 2850 183 35 727 548 1392 516 7129 492 136 646 111 1222 1223 984 1468 37 125 2187 12 170 287 1099 4313 6093 913 25308
internal_value=0.000385492 -0.00475586 -0.0138257 0.00125301 -0.0247497 0.00115425 0.0052199 -0.00129854 -0.00221878 0.000662992 0.00285551 0.00357294 0.00273501 -0.0024387 0.00107044 3.61733e-05 -0.000393607 0.00327237 -0.00627604 0.00666325 0.0152041 0.00397491 -0.0134308 -0.00286146 0.0195779 -0.0338906 0.00247077 8.28327e-05 -0.00118212 -0.00229179 -0.00209625 -0.00114069 -0.00688007 0.00296189 -0.00312695 0.00360367 0.00866102 0.00706212 0.00429743 0.0144916 0.00445633 0.00963147 0.0030076 0.000811627 0.00160423 0.00907883 0.0121025 0.0103545 0.00506963 -0.00503866 -0.00908077 0.0112311 0.0188786 0.00470636 -0.00375353 0.016939 0.018685 -0.00842857 -0.00516026 0.0010838 0.00165262 0.00106914
internal_weight=142142 20520 5662 121622 2916 121286 13073 14858 2746 108213 24046 22612 21094 4077 3264 84167 74299 9868 5557 2437 1518 17017 1726 12421 461 1625 9407 68742 30364 24650 24445 20377 4068 14667 11820 5714 8544 6696 4326 1848 10612 2319 8293 4788 8557 1166 2370 2157 1497 7758 2735 1254 582 4290 2825 409 1316 1434 7633 38378 32157 29317
internal_count=124974 19859 5633 105115 2912 104947 9066 14226 2721 95881 20399 19126 18348 3321 2653 75482 66944 8538 4838 2130 778 15027 1492 12096 355 1623 8183 62106 26954 21561 21424 17584 3840 13231 10362 5393 5690 4465 2949 1225 9460 1908 7552 4615 7222 782 1516 1405 1488 6693 2452 645 489 2914 2638 205 835 1273 7481 35152 29059 26221
cat_boundaries=0 1 3 5 6 7 9 11 13 15 17 18 20 22
cat_threshold=1088782111 3372625192 398208 66513080 8192 42385696 19922944 3414096 100352 483027968 429111 71905308 44800 67174531 181654 2415987209 123250 369201300 671092290 129 543228032 33808
is_linear=0
shrinkage=0.05


Tree=85
num_leaves=63
num_cat=20
split_feature=19 23 14 0 26 21 0 28 25 0 0 24 23 22 42 0 0 0 39 24 24 0 24 17 16 19 0 0 22 0 0 0 25 26 27 0 19 0 15 26 0 0 26 0 25 28 28 21 49 13 29 16 19 29 18 14 0 42 23 25 24 0
split_gain=307.369 375.461 174.208 164.166 106.913 63.8619 119.72 87.1057 61.7131 72.3871 59.258 58.119 55.3366 44.8061 44.4143 43.7053 43.4439 40.9876 46.7582 37.3705 36.5556 67.6456 36.0338 50.6077 60.1838 64.5747 45.4941 42.2779 37.7841 49.0962 37.4818 37.0424 35.5022 34.638 31.371 52.5106 38.7579 38.7482 30.7727 29.2813 46.8327 29.1911 27.5612 27.5125 26.8079 26.7415 34.5285 30.5664 33.7478 26.4378 25.6174 25.4029 25.3364 25.2394 25.2163 27.7804 26.7914 25.1536 30.7203 25.0973 25.1355 31.0428
threshold=1.2500000000000002 0.37500000000000006 90.500000000000014 0 0.067545592673360966 21.500000000000004 1 142.00000000000003 5.7184807633204207 2 3 2.5755090497737565 0.37500000000000006 0.38398731203007525 16.350000000000005 4 5 6 0.38750000000000007 5.9775246305418728 2.7966980270369022 7 5.4498170235836279 0.75000000000000111 2.0208333333333335 2.2500000000000004 8 9 0.16075487012987014 10 11 12 2.8440784848328056 0.25541670730631871 5.4311013767209024 13 2.7500000000000004 14 2.1875000000000004 0.019467041108653802 15 16 0.11276356008390766 17 2.5795017660997384 110.50000000000001 114.50000000000001 7.5000000000000009 13.542857142857144 1.5000000000000002 8.7123850457551892 15.841666666666669 15.750000000000002 4.3780754357226419 10.875000000000002 13.500000000000002 18 13.542857142857144 0.62500000000000011 1.231416256120329 1.4170008912655974 19
decision_type=2 2 2 1 2 8 1 2 2 1 1 2 2 2 2 1 1 1 2 2 2 1 2 2 8 2 1 1 2 1 1 1 2 2 2 1 2 1 2 2 1 1 2 1 2 2 2 10 2 2 2 8 2 2 2 2 1 2 2 2 2 1
left_child=1 39 4 -3 5 7 12 10 13 -10 14 16 51 17 19 44 -8 -6 -19 45 21 -13 23 24 26 31 -22 -25 29 -24 -30 -26 -12 34 35 42 -37 -36 49 40 -1 -11 -20 -27 -9 47 -47 48 -2 -28 -34 -7 -29 -51 -31 -56 -57 -21 -59 -41 -61 -62
right_child=2 3 -4 -5 8 6 11 15 9 41 32 20 -14 -15 -16 -17 -18 18 33 57 22 -23 28 27 25 43 38 52 30 54 -32 -33 50 -35 37 36 -38 -39 -40 59 -42 -43 -44 -45 -46 46 -48 -49 -50 53 -52 -53 -54 -55 55 56 -58 58 -60 60 61 -63
leaf_value=-0.0094440830537610605 0.0010441084832182757 -0.0019605126258360195 0.010090611713016751 -0.0039488400814211956 -3.2901970377047232e-05 -0.0010400999911907517 7.798138947581191e-05 -0.00018865886532859477 4.0514618654952095e-05 0.0046015653047829118 -0.0014308333140235496 -0.00016004124750015338 -0.0018664735498601149 0.0085897528793210665 0.0095098134477563882 0.00094770688337738609 -0.0028889953375614563 0.0049326467287692634 -0.00033129603270592447 0.0034580450496503714 5.4071995818222307e-05 0.00059074438457894511 0.00045387355501382844 -0.0013737366709020427 -0.0010041133088841802 -0.00012963865074421267 0.0016996427223081867 2.6909348011294745e-05 0.0026991691119839013 -4.4449485625408519e-05 0.00036674712431596925 -0.00023948220088730878 -0.00011935630238548712 -0.00092989998739685946 0.0021951344182665755 0.00014598148014167701 0.00041087410594914386 0.00063527593345438229 -9.9723372304216801e-05 -0.012232402800228232 0.00021694240105972763 0.0022021304301553359 -0.0026983728096200534 0.00012203458809763036 0.004398667010652532 0.0045893182220744016 0.00055815683746717197 -0.00475213180285109 -0.0016763701581149926 0.0004231015232969482 0.011030797830362628 0.0020134570222180292 -0.0033872843369910813 -0.00017829438013633458 -0.0011252561294710973 -0.0013412495977847495 0.00036296424969439745 -0.00079934879485095704 0.0038519382651807546 0.0038398848136517506 -0.0030014133004057312 0.0019158288294687355
leaf_weight=603 1578 1097 336 1480 7753 2179 2216 371 1949 1137 3464 322 5471 286 234 5579 3221 770 2815 658 737 442 5463 10147 330 1418 219 12463 2613 5492 3063 418 14502 239 3106 218 4972 5405 206 100 807 2686 382 6133 2275 499 6558 163 1165 583 37 545 150 36 901 195 588 523 414 684 718 1028
leaf_count=602 1449 1096 168 1479 6327 2028 2207 358 1051 586 3443 322 5081 231 201 4473 3211 645 2186 475 737 427 4719 10033 330 1410 219 12042 2360 5224 2859 418 13175 184 1992 218 3912 4008 206 100 779 1415 291 6080 1509 397 5901 150 1093 583 20 462 97 36 555 104 312 399 319 660 681 939
internal_value=0.000365794 -0.0102401 0.000875533 -0.0250756 0.000786052 8.15858e-06 -0.000937347 0.00163844 0.00332592 0.00800191 0.000380756 -0.000128907 -0.00658603 0.00228524 0.00313437 0.00619317 -0.00504689 0.0020652 0.003379 0.00269876 0.000386075 0.0112353 0.000223727 -0.000767181 0.00218183 0.000390964 0.0105191 -0.0020735 0.00200071 0.000478244 0.00538929 -0.0136115 -0.00142361 0.00283843 0.0031064 0.000935265 0.00403672 0.00524495 0.0171517 -0.000531591 -0.00630404 0.0119836 -0.00409757 0.00178032 0.0114772 0.00156012 0.00322258 -0.00247506 -0.00121902 0.0215673 -0.000340096 -0.000768807 -0.000138229 0.0268468 -0.00223946 -0.00759347 -0.000695153 0.00980263 0.00452559 0.00268471 0.00370012 0.000512307
internal_weight=142142 6517 135625 2577 135289 103571 65551 38020 31718 5772 29795 57356 8195 25946 11792 8225 5437 25660 17907 11558 51919 764 51155 32840 10080 8299 1781 22760 18315 12639 5676 748 18003 17137 16898 8387 5190 8511 1044 3940 1410 3823 3197 7551 2646 9963 7057 2906 2743 838 14539 2724 12613 619 7176 1684 783 1595 937 2530 2430 1746
internal_count=124974 6336 118638 2575 118470 95424 62062 33362 23046 3052 27022 54491 7571 19994 10384 6340 5418 19763 13436 10183 49073 749 48324 32191 10019 8238 1781 22172 16133 10914 5219 748 16638 12791 12607 6607 4130 6000 1044 3761 1381 2001 2477 7490 1867 8990 6298 2692 2542 838 13195 2490 12139 619 6195 971 416 1193 718 2380 2280 1620
cat_boundaries=0 1 2 4 5 6 8 10 12 14 16 18 20 22 23 24 26 28 30 32 34
cat_threshold=1089461023 24395776 3158314499 365940 7618560 6569984 2390761609 368884 3775406122 423884 2223644932 99316 806027743 130 3355443387 311176 3834118460 302336 579010944 148475 32 522620 74499201 112246912 1575934 190348 2191376 520 67248400 16464 134225920 197248 1078448971 3153
is_linear=0
shrinkage=0.05


Tree=86
num_leaves=63
num_cat=16
split_feature=19 23 14 0 26 25 0 25 41 0 22 0 24 25 41 26 21 0 47 47 43 0 21 0 16 0 32 18 14 24 18 28 21 0 25 0 13 41 49 47 29 40 19 16 18 41 26 0 25 19 49 19 18 0 24 13 22 0 0 24 0 0
split_gain=304.618 363.369 168.68 168.469 100.925 87.8337 68.357 81.8706 54.9937 43.6604 41.5504 36.8666 42.7216 36.6412 36.547 35.4056 39.2507 49.6291 35.3781 36.5818 35.202 34.4198 33.9907 43.6276 32.2388 30.96 34.6042 39.9785 29.6928 29.4064 29.7292 32.1581 31.7483 43.4937 31.8604 28.535 30.2956 30.0327 31.4883 28.4331 27.5811 27.5213 27.4135 52.2268 43.55 34.0216 27.3101 45.9938 27.1526 29.18 27.1312 27.1122 37.753 30.9123 27.3824 33.7736 33.663 30.8084 26.9779 26.594 26.2651 26.1139
threshold=1.2500000000000002 0.37500000000000006 90.500000000000014 0 0.039996653279785806 4.0574104091154588 1 8.0511516332111182 1.4142135623730965 2 0.17708489505247377 3 2.9829152249134951 1.0339370996192301 0.064516129032258188 0.0093312185328498515 10.500000000000002 4 -2.272322130227336 -5.8820085401547644 8.1500000000000021 5 1.5000000000000002 6 1.1742424242424245 7 4.4462873998794192 14.125000000000002 2.5000000000000004 4.3963303587688953 10.625000000000002 142.00000000000003 8.5000000000000018 8 2.0129202758764495 9 27.500000000000004 0.088823118336865584 8.1071428571428594 2.6132872149701876 5.0381671523589029 27.125000000000004 2.2500000000000004 2.0208333333333335 1.8750000000000002 0.28284271247461945 0.019467041108653802 10 3.2358737863179616 12.750000000000002 16.214285714285719 4.7500000000000009 3.8750000000000004 11 2.2355481283422463 2.5000000000000004 0.081168831168831154 12 13 7.4663165266106448 14 15
decision_type=2 2 2 1 2 2 1 2 2 1 2 1 2 2 2 2 8 1 2 2 2 1 10 1 8 1 2 2 2 2 2 2 8 1 2 1 2 2 2 2 2 2 2 10 2 2 2 1 2 2 2 2 2 1 2 2 2 1 1 2 1 1
left_child=1 46 4 -3 11 9 7 8 10 24 14 15 -13 21 61 -2 20 -18 19 -8 28 -11 -9 -24 -6 26 27 -21 -17 30 31 50 34 -34 -33 36 37 38 -20 41 -36 -39 43 44 -19 -45 47 -1 -30 -50 -26 52 54 -53 -15 56 60 -57 -54 -41 -56 -7
right_child=2 3 -4 -5 5 6 18 22 -10 13 -12 12 -14 51 -16 16 17 42 35 25 -22 -23 23 -25 29 -27 -28 -29 48 -31 -32 32 33 -35 40 -37 -38 39 -40 59 -42 -43 -44 45 -46 -47 -48 -49 49 -51 -52 53 58 -55 55 57 -58 -59 -60 -61 -62 -63
leaf_value=-0.0089758046931815438 -0.002445055271712876 -0.0018624869945442159 0.0095860811273658988 -0.003751398077350138 0.0031398345134717345 4.3820135381111849e-05 0.0023227362939342469 0.0059611585786786721 0.014967332455170691 -0.0074406516923209431 0.0030041607159446261 -0.0018537085976442381 -0.00018195886359069214 0.00043455724274122921 0.00081795931482794295 -0.00013874046927261351 -0.0014749780909564638 0.00090079480250887523 0.001913635505806921 -1.6234952254912117e-05 -1.7756998488727139e-05 -5.4940359801358699e-06 0.0086036671460927704 -0.00098920467715895026 -0.00025004331867338746 -0.0019250624656224958 0.00082635239510620018 -0.0024134201206755137 0.00026143402746150459 0.00126275495494812 -0.0010632774118010779 -0.00080649245508078731 -0.002617234461456053 0.00078331877703684001 0.0040311778535747633 0.00012111250093269633 0.0048206788712666484 0.0016252549880639957 -0.00051370571304266424 0.00058783767220774163 0.0010618823259709754 -0.0025438952563764717 -2.1039247358251025e-05 -0.00061799182019881558 0.00036998626692414386 -1.4983683382463476e-05 0.00071346967171832538 0.00010710680992542798 0.0036996769374365748 0.00040544027220977834 0.0013829954462951323 -4.1184976763419812e-06 8.306071387362835e-05 -0.00099823105388576199 -0.0005500075558507511 0.00036780605301982018 -0.00054160945891350016 -5.183386045327643e-05 0.00036522529799278838 -0.0043855109863105207 -0.0013648199390444817 -0.0019012780743772552
leaf_weight=510 1391 1097 336 1480 785 526 324 1192 163 111 2970 5219 21304 1424 8240 1372 3597 886 252 1056 4825 177 195 378 6746 1113 781 382 1252 3436 1610 357 644 1805 1797 8440 676 5951 915 949 1203 85 12487 125 521 332 2530 900 2683 706 549 10397 492 7169 330 1077 1333 1257 434 169 308 391
leaf_count=509 1359 1096 168 1479 750 370 252 646 97 111 2165 5147 20720 1416 5534 1348 3505 885 178 859 4388 177 105 210 6397 864 491 196 1238 2830 936 352 618 1632 1407 6183 344 4119 626 675 1041 43 12294 125 521 331 2380 872 2378 446 523 9187 492 6846 328 1076 1332 1257 434 104 308 274
internal_value=0.000348909 -0.0102094 0.000856362 -0.0248041 0.000768313 0.0019283 0.00378659 0.00648692 0.00504393 0.000424589 0.00465411 -0.000839403 -0.00219888 -0.000968393 0.00298591 0.000355936 0.000732796 -0.00070171 0.0019828 -0.00248701 0.00310868 -0.0186678 0.01656 0.00652439 0.00222747 -0.0040489 -0.000603139 -0.00520848 0.00566096 0.00179882 0.000825517 0.00161388 0.00439039 5.91837e-05 0.00754765 0.00292149 0.00487844 0.00405491 -0.00337757 0.00526834 0.00922859 0.00662498 0.000615861 0.00627078 0.0110405 -0.0083952 -0.000658462 -0.00623317 0.00757109 0.00989528 -0.000595532 -0.000757369 0.00195989 -0.00178716 0.000444154 -0.0015432 -0.00636156 0.00252463 0.0113215 -0.00205094 -0.0157981 -0.00647603
internal_weight=142142 6517 135625 2577 135289 78589 35148 14055 12290 43441 12127 56700 26523 24509 9157 30177 28786 17948 21093 3656 10838 288 1765 573 18932 3332 2219 1438 6013 18147 14711 13101 5806 2449 3357 17437 8997 8321 1167 7154 3000 6036 14351 1864 1407 457 3940 1410 4641 3389 7295 24221 6655 17566 5729 4305 1971 2334 926 1118 638 917
internal_count=124974 6336 118638 2575 118470 63785 24335 9401 8440 39450 8343 54685 25867 22964 6178 28818 27459 17661 14934 2662 9798 288 961 315 16486 2410 1546 1055 5410 15736 12906 11970 5050 2250 2800 12272 6089 5745 804 4941 2448 4162 14156 1862 1406 456 3761 1381 4062 2824 6920 22676 6643 16033 5717 4301 1968 2333 926 779 636 644
cat_boundaries=0 1 3 5 7 8 10 11 13 15 17 19 21 23 25 27 29
cat_threshold=1089461023 44162904 40970 247973393 16420 3606855780 198129 7618560 3670016 1536 2117632 262176 708 394240 36 944644130 2565 527358 157060 2956472576 75986 539492778 169729 556275978 268753 16787662 270363 8459344 8202
is_linear=0
shrinkage=0.05


Tree=87
num_leaves=63
num_cat=16
split_feature=19 23 0 14 20 0 22 0 41 25 39 0 0 23 16 19 0 41 25 16 15 0 21 0 16 44 44 43 25 25 43 28 25 0 15 24 0 20 0 23 50 42 25 0 43 9 0 0 25 0 24 22 25 42 24 50 23 41 0 32 25 42
split_gain=306.693 353.817 172.135 163.428 103.86 118.482 58.8175 58.7936 48.915 65.4046 59.6841 80.877 54.0003 44.712 44.4941 96.5805 60.1051 48.0764 47.9451 43.7074 41.9998 38.8332 86.4107 83.175 70.6543 51.2132 48.413 39.8376 37.6171 36.7327 40.3506 39.4928 35.8772 46.9434 40.6959 34.7784 34.86 33.3016 32.4553 31.5428 31.4938 29.8162 29.5883 29.4656 27.0355 28.3104 26.5283 26.4928 29.4914 25.7928 34.3084 25.7777 25.62 25.4805 29.2424 25.1096 40.6213 31.3772 24.267 23.9572 23.6318 23.4592
threshold=1.2500000000000002 0.37500000000000006 0 90.500000000000014 1.6000000000000008 1 0.38398731203007525 2 0.39851988391580934 1.7812887021222121 0.46428571428571436 3 4 0.87500000000000011 2.0208333333333335 2.7500000000000004 5 0.13333333333333361 1.7812887021222121 3.6742424242424243 2.1875000000000004 6 115.50000000000001 7 13.84848484848485 37.350000000000001 34.150000000000006 1.4000000000000001 7.0914308043246042 3.1519894867965497 4.8500000000000014 137.00000000000003 6.5361703219115208 8 9.6875000000000018 10.317912581699348 9 3.9000000000000008 10 0.37500000000000006 41.600000000000009 21.900000000000002 2.7784219526305605 11 4.7500000000000009 1.5000000000000002 12 13 7.0914308043246042 14 2.244932126696833 0.21078643578643577 1.9375461837340044 -7.364285714285713 1.4170008912655974 5.2000000000000011 0.62500000000000011 0.15713484026367738 15 2.1803621330593699 1.9728273796353162 4.4071428571428592
decision_type=2 2 1 2 2 1 2 1 2 2 2 1 1 2 8 2 1 2 2 10 2 1 8 1 10 2 2 2 2 2 2 2 2 1 2 2 1 2 1 2 2 2 2 1 2 2 1 1 2 1 2 2 2 2 2 2 2 2 1 2 2 2
left_child=1 42 -3 4 6 44 8 -8 14 13 11 -11 -12 -10 16 17 20 18 -16 -14 60 22 24 51 26 -23 27 28 -17 30 -29 -31 33 -7 37 41 -37 -35 -21 -27 -38 52 43 -1 49 -46 -19 48 -34 50 -6 -24 -25 -44 -55 56 -33 -58 -56 -51 -2 -26
right_child=3 2 -4 -5 5 32 7 -9 9 10 12 -13 19 -15 15 21 -18 46 -20 38 -22 25 23 35 61 39 -28 29 -30 31 -32 55 47 34 -36 36 40 -39 -40 -41 -42 -43 53 -45 45 -47 -48 -49 -50 59 -52 -53 -54 54 58 -57 57 -59 -60 -61 -62 -63
leaf_value=-2.5401853482243111e-05 1.0408140303874714e-05 -0.0017693626448170075 -0.0035638281734826308 0.009106777070997607 -0.0052314219046872392 0.00081963679974909063 -1.3117165543302668e-05 0.0046863967829792741 -0.0020573664054228447 -0.0011729729031709048 -0.0020040211664361985 0.0028706618971801271 -0.00067433092703309558 -0.0070963282641690719 0.0005150611026115804 0.0052161725259405106 4.128310604027963e-05 0.00073317010742036124 -0.00070742061663567899 0.0029001071917288848 0.00048717705079572851 1.0819078033796893e-06 -0.001391526505565588 0.00042499629966876731 0.012449526351638086 0.0001084961273545737 -0.0032821056523351546 -0.0014658742817807769 -0.0046742478881153906 0.00052892875644793837 0.0014585476405173548 -0.0012779243188861924 0.0063725591692916977 0.0047096889297876705 0.0010258433812573243 -0.00039568609861591054 0.0050961840065318681 0.019651758706451375 0.00015182291753137458 -0.0062018940909350567 -0.0035819348158069308 -0.0072134270008427925 -0.0084622560272415558 -0.0077661362543196173 9.5738252243682265e-05 0.0041088725804470988 -0.00080332311174263207 0.0056763321704414952 -0.00042841236995349035 -0.0086059922317940803 0.0011348523630646645 0.00034787854140840848 0.00013401152774868974 0.0078308492525460682 -0.0018973165577757523 0.0041208083412187738 -4.6121184532432752e-05 0.0052683621228219128 0.0021249020607261304 -0.0017151930740634093 0.00043950569207753534 0.0031952487430903843
leaf_weight=644 216 1097 1480 336 214 3553 1629 1685 716 1437 8090 2366 12392 236 46 698 3056 227 685 1988 787 52520 3012 181 107 136 324 1514 60 2672 963 680 151 1474 1509 384 589 106 4934 259 40 111 117 556 1238 298 495 1301 405 106 930 684 12560 276 1036 1418 243 474 1311 1813 1008 569
leaf_count=640 216 1096 1479 168 201 2574 1590 1589 714 1422 7963 2213 12308 236 46 516 3052 227 685 1716 782 45420 2506 181 54 109 260 1405 46 2235 896 531 85 1187 814 273 390 57 4411 221 31 99 116 555 949 191 494 730 238 101 647 593 11177 255 999 923 180 350 1196 1340 1008 288
internal_value=0.000308105 -0.0102861 -0.0246877 0.000817284 0.000730616 0.00496183 0.000276982 0.00684615 9.37516e-05 -0.00157167 -0.00117742 0.00469111 -0.00199215 -0.0144753 0.000711436 0.0004292 0.0052575 -0.0123418 -0.021373 -0.000553428 0.0119411 0.000660794 0.00219261 9.93623e-05 0.00597501 -0.000129332 0.00480767 0.00551358 0.0164625 0.00446893 -0.000583132 0.00675018 0.00845417 0.00674319 0.0112403 0.00187698 0.0107939 0.0168849 0.0026282 -0.0180429 0.0178828 0.00117443 -0.000861456 -0.00740633 -0.00150651 0.00390046 -0.00317427 0.0146098 0.00510582 -0.00422487 0.00172727 -0.00655382 0.00140049 0.00200474 0.00302782 0.0108825 0.0061123 0.0144081 0.00121167 -0.00774352 0.0177918 0.0215583
internal_weight=142142 6517 2577 135625 135289 13098 122191 3314 118877 32159 31207 3803 27404 952 86718 81651 5067 1453 731 19314 2011 80198 27283 17561 9722 52915 9046 8722 758 7964 2477 5487 8499 6642 3089 13865 1013 1580 6922 395 629 12852 3940 1200 4599 1536 722 1857 556 3063 1144 3696 12741 2740 2623 2815 1397 717 2347 1919 1224 676
internal_count=124974 6336 2575 118638 118470 9114 109356 3179 106177 30983 30033 3635 26398 950 75194 70136 5058 1452 731 18435 2006 68684 22934 15250 7684 45750 7342 7082 562 6520 2301 4219 5685 4632 2058 12151 694 1244 6127 330 421 11457 3761 1195 3429 1140 721 1053 323 2289 848 3099 11358 2566 2450 1984 1061 530 2195 1441 1224 342
cat_boundaries=0 1 3 5 7 9 11 13 14 16 18 20 22 24 26 27 29
cat_threshold=1089461023 3372625194 136064 1882755648 245426 1426593634 152968 84411603 288110 3322430048 499564 774260144 50176 2375680 877204176 295936 67109024 33792 8634916 4096 544084916 217344 44047340 8193 9961988 67600 10248 2288552719 287868
is_linear=0
shrinkage=0.05


Tree=88
num_leaves=63
num_cat=15
split_feature=19 15 0 15 26 25 39 17 0 0 25 0 0 28 0 44 0 25 19 17 0 29 0 25 43 16 17 25 0 21 0 47 16 47 29 48 0 47 47 0 43 25 27 0 44 15 16 50 15 25 25 24 42 47 0 24 44 25 25 21 50 43
split_gain=303.848 266.948 160.444 147.549 87.3554 79.716 101.299 62.4788 85.3655 71.1239 46.6997 43.5267 42.5232 39.4284 43.3818 39.8586 44.1242 43.4712 45.006 38.6524 64.8726 65.1413 58.2087 41.0014 51.8446 36.7353 36.4538 31.5657 33.079 30.4148 39.4521 34.7697 29.2764 36.8237 28.8597 28.4866 28.0513 36.5708 43.941 28.0076 27.9309 27.9127 27.7546 30.3671 26.9373 26.7358 26.5508 26.4789 27.949 26.0604 25.9965 26.568 24.9447 30.2156 24.878 24.679 24.6725 30.0882 26.8939 25.6846 24.4162 23.9776
threshold=1.2500000000000002 0.43750000000000006 0 87.375000000000014 0.033267198828193505 4.0574104091154588 0.46428571428571436 0.50000000000000477 1 2 8.0511516332111182 3 4 146.50000000000003 5 23.250000000000004 6 3.4783232288476356 8.7500000000000018 1.1547005383792539 7 8.7123850457551892 8 5.5574056331669164 27.700000000000006 3.9791666666666674 0.25000000000000072 5.7184807633204207 9 1.0000000180025095e-35 10 -4.4143483621346364 10.020833333333334 3.5217927809630729 4.3780754357226419 1.5000000000000002 11 3.6677250310733336 1.5332260133916049 12 4.6500000000000012 4.7349668438947559 5.2432098564764411 13 25.150000000000002 8.4375000000000018 19.479166666666668 2.3000000000000007 9.5625000000000018 3.9549026081620826 3.3908329548871916 2.1756907308377902 4.6071428571428585 -1.9447651457439539 14 2.3646193771626303 23.250000000000004 6.5538668989393214 4.7081806541068119 4.5000000000000009 14.550000000000002 0.55000000000000016
decision_type=2 2 1 2 2 2 2 2 1 1 2 1 1 2 1 2 1 2 2 2 1 2 1 2 2 10 2 2 1 8 1 2 8 2 2 2 1 2 2 1 2 2 2 1 2 2 8 2 2 2 2 2 2 2 1 2 2 2 2 10 2 2
left_child=1 42 -3 4 19 12 27 8 -8 10 36 -12 45 15 -15 29 44 18 -18 22 -21 23 -2 -22 32 41 -4 28 -7 47 55 -32 33 54 -11 -13 46 38 -38 -28 61 -10 43 50 -17 -6 56 48 49 -14 -1 -52 -42 -54 -25 -31 57 59 -58 -9 -30 -19
right_child=3 2 26 -5 5 6 7 9 25 34 11 35 13 14 -16 16 17 40 -20 20 21 -23 -24 24 -26 -27 39 -29 60 30 31 -33 -34 -35 -36 -37 37 -39 -40 -41 52 -43 -44 -45 -46 -47 -48 -49 -50 -51 51 -53 53 -55 -56 -57 58 -59 -60 -61 -62 -63
leaf_value=-0.0078482985910436846 -0.00036469552962732356 -0.0012173375551915279 -0.0034048111707484009 0.0081998887531779651 -5.7441833846960671e-05 -0.0034988945780640049 0.00010210028987537312 0.0017069771759100295 -0.00021590359977151642 -5.3005842387215957e-05 -0.00010048408387925979 0.0048448374026355493 0.00021699176459327729 0.002346009718797662 0.00043102328866910793 -0.00021566752335721031 1.8505623974651721e-06 -0.0025539401413295585 -0.0023774201842379885 -0.0034838525515341391 -0.0011980916369804307 0.0093395034122231609 0.00021482927302117762 0.003212457505605293 -0.0041127629125399688 -0.00037397839621718945 -0.0027777869209721115 0.012450845342439055 0.0094131791151515608 -0.0011053353952367618 -0.00476774234408901 -6.350850234559946e-05 -0.00072970368349935819 0.0047262393202585299 0.00073401146359375335 -0.00093707470540342901 0.00077273469611418015 0.0029448017529548789 -0.0013606374989602822 -0.0033747173359173822 0.0040121945385482695 -0.0010972413405162308 0.0054424525031928411 0.0003376601107069166 -0.0020588126511439822 -0.0012466959194102013 -0.00027493737115443228 0.0021455909574863764 -0.0035971306931758154 0.0096467240763627119 0.0096807223556329546 -0.0024384947670096275 -0.010414859405251754 1.2230150800773832e-05 0.00059999284079401138 0.0007581803117145292 0.0017281905376148822 0.0049720837957769994 0.003510558021666832 -0.0013961020307513229 -0.0093683548346414954 0.0027267894260220751
leaf_weight=600 10411 966 985 384 15859 150 2076 882 178 9561 420 1164 1166 1883 3922 1676 7704 83 1620 4032 11199 70 11710 456 320 1415 471 560 204 382 477 4260 425 354 12036 114 5127 1078 905 476 527 406 380 2076 2210 1618 709 3073 109 33 100 463 92 1902 2791 2218 1250 167 2150 621 35 1451
leaf_count=600 10307 965 985 192 15687 122 1802 683 168 7794 234 628 1100 1472 2913 1613 7572 73 1357 3991 10907 37 11617 394 297 1139 471 347 136 379 461 3906 295 271 7846 64 3669 684 642 475 505 383 327 1979 2147 1228 446 2639 75 25 91 443 85 1708 2430 2084 966 102 1448 426 34 1108
internal_value=0.000258859 -0.0102861 -0.0215919 0.000765672 0.000677637 0.00152711 0.00317152 0.00279049 -0.00307777 0.00345157 0.00614776 0.0139464 0.000230456 0.00124127 0.00500258 0.000488028 -0.00103933 0.000324496 -0.00155442 -0.00122328 -0.00283718 -0.00137239 0.000209972 -0.00159173 0.00252933 -0.0104204 -0.0298482 0.0193105 0.00832051 0.00273871 0.000769283 -0.00194714 0.00407127 0.0055372 0.00162648 0.01846 0.00512374 0.00300449 0.00149097 -0.0229378 0.0046462 -0.0210171 -0.0012279 -0.00272994 -0.00572107 -0.00178094 0.00771071 0.00603492 7.25745e-05 0.0022875 -0.00915247 -0.00149823 0.00140563 -0.00115038 0.00386238 0.00570471 0.00899132 0.00400658 0.0114363 0.00175864 0.01938 0.00996417
internal_weight=142142 6517 2898 135625 135241 93473 41208 40259 4075 36184 14587 1698 52265 34788 5805 28983 17265 13379 9324 41768 19647 15615 22121 15545 4346 1999 1932 949 389 11718 7337 4737 4026 3601 21597 1278 12889 7110 6032 947 4055 584 3619 3239 3886 17477 5779 4381 1308 1199 1163 563 2521 1994 3247 2600 5070 1670 3400 1503 239 1534
internal_count=124974 6336 2896 118638 118446 77900 29763 29124 3492 25632 9992 926 48137 31222 4385 26837 16168 12408 8929 40546 18622 14631 21924 14594 3687 1690 1931 639 292 10669 6830 4367 3390 3095 15640 692 9066 4995 4311 946 3479 551 3440 3113 3760 16915 4071 3839 1200 1125 1134 534 2298 1793 2824 2463 3625 1211 2414 1109 170 1181
cat_boundaries=0 1 3 5 7 9 10 12 14 16 17 19 21 23 25 27
cat_threshold=1088836381 2097224135 482488 44137256 41039 2592 41025 1895828078 370427 2248721553 5800064 135172 16779237 325784 2581830035 413956 67127712 598144 151556 8407840 32769 84935872 224819 2181061315 74821 2759852032 515
is_linear=0
shrinkage=0.05


Tree=89
num_leaves=63
num_cat=13
split_feature=14 23 15 0 14 20 0 0 25 0 0 0 40 50 50 20 0 20 24 49 0 24 43 0 47 18 39 23 25 29 25 23 0 20 50 43 42 17 27 42 21 49 28 47 29 47 0 42 41 25 50 29 41 0 25 29 20 25 0 40 41 15
split_gain=200.063 223.004 180.177 155.695 139.893 73.8206 90.3568 59.799 59.2551 55.9355 54.8507 47.266 73.8559 48.8654 81.4693 47.8667 59.8563 42.3458 38.3958 36.8399 38.9462 43.4655 35.7568 35.4685 47.3225 38.896 34.797 40.4067 33.2021 37.8466 37.5224 32.6218 43.188 32.2715 31.7758 31.6793 31.6772 31.5043 31.4744 30.3148 30.0688 28.6252 27.6421 27.6395 27.2618 26.5359 38.529 27.5267 26.2136 26.1886 24.625 35.0179 27.9188 27.2186 26.6353 24.3903 24.2984 29.8242 36.6919 31.1301 29.6006 31.0987
threshold=1.5000000000000002 0.62500000000000011 1.0625000000000002 0 90.500000000000014 1.5000000000000029 1 2 2.6465923254088959 3 4 5 20.125000000000004 11.450000000000001 5.2000000000000011 -0.4000000000000003 6 0.39999999999999969 1.2317558602388328 15.550000000000002 7 6.3504901960784323 4.7500000000000009 8 3.8901462451385291 16.125000000000004 0.86607142857142871 0.87500000000000011 3.225608871412931 4.5637962691458887 3.1185188977086145 0.87500000000000011 9 -0.39999999999999991 0.45000000000000007 24.950000000000006 8.6428571428571441 1.314977819838294 5.2432098564764411 19.928571428571434 24.500000000000004 -7.3214285714285703 139.50000000000003 3.7646499238202167 5.0381671523589029 0.99911350787859365 10 9.6500000000000039 0.07225864964198761 1.0339370996192301 21.300000000000004 4.7327102309348907 0.85714285714285754 11 4.9304839978837087 2.7352273103402625 2.000000000000004 5.1120831803488551 12 17.583333333333339 0.23094010767584972 9.8125000000000018
decision_type=2 2 2 1 2 2 1 1 2 1 1 1 2 2 2 2 1 2 2 2 1 2 2 1 2 2 2 2 2 2 2 2 1 2 2 2 2 2 2 2 8 2 2 2 2 2 1 2 2 2 2 2 2 1 2 2 2 2 1 2 2 2
left_child=1 8 3 -3 5 11 22 43 10 18 -1 12 13 14 26 16 19 -5 -10 20 21 -13 50 24 25 -17 27 -2 30 -30 -16 -18 -33 -9 40 -24 44 -29 -20 -21 -8 -25 -26 -4 -14 46 47 -22 -48 -35 52 -52 53 -7 -53 -11 -36 58 59 -58 -60 -62
right_child=4 2 7 17 -6 6 34 33 9 55 -12 15 36 -15 28 23 31 -19 38 39 45 -23 35 41 42 -27 -28 37 29 -31 -32 32 -34 49 56 -37 -38 -39 -40 -41 -42 -43 -44 -45 -46 -47 48 -49 -50 -51 51 54 -54 -55 -56 -57 57 -59 60 -61 61 -63
leaf_value=-0.0053009694300086624 -6.3395631051763049e-05 -0.0012496729572658905 -0.0049276287406998633 -0.0032345706122109798 0.0082414437797888162 0.00051914747278739568 -0.0036347823930192869 -0.003382037065374377 0.015439155824287577 -0.0025543576496210086 -0.00043185701893052599 0.001263975264895717 -0.0013583763203932121 -0.0030502949863556758 0.0018524739118224609 9.7817475845241034e-05 -0.00078026516740881124 0.0012803832959184525 0.00080064390497615605 -0.0046936786575101034 -0.0027837959386157632 0.0054683788687079574 0.0018269737548082254 -0.0066610503272340645 0.0015725800328229012 0.0016454335117634723 0.00063333598947824539 -0.0024063897636381949 0.0015976938965270805 0.0043009332598695164 -0.0050455692622478126 0.00044206138468974034 -0.0026597559997582846 -0.0078019395512328588 0.0013784670299259894 -0.0028829191520924448 0.0072684090402960651 -3.6952001207346543e-06 0.0065836881727227908 0.00055736820505897233 0.0020643865825946462 -8.9356733996903696e-06 0.010483595914677674 0.0059332405173941009 0.0071670181540178625 0.0016637540472778101 0.0027510681087778324 -0.00044495766765433324 -0.00010531081983629066 0.0010263805781444647 -0.0012602521720968319 0.00061506816246729165 -0.0084827870090799506 -0.001741538124956854 0.0084448732399428957 0.0001174311047433263 0.00078763548303842921 0.0044822735104896871 0.0058479676122577878 -0.0024964846759119698 0.0054847068457940075 0.00057411499908750503
leaf_weight=1429 4125 844 1769 1236 336 837 235 558 111 3002 2002 632 123 591 1177 25791 9673 53 4611 519 361 243 2713 181 169 958 9164 598 1133 1637 189 381 946 31 2443 238 312 353 512 386 228 37151 185 44 109 1974 726 501 7925 1127 298 125 214 1640 106 3191 895 1765 74 38 700 524
leaf_count=1428 3645 843 1752 1235 168 617 172 556 87 2978 1978 512 63 511 1112 23683 8304 53 4372 430 305 150 1933 177 147 485 8027 567 967 1039 174 337 823 31 1746 174 156 293 408 334 160 34010 128 42 56 1605 560 445 6836 1121 240 108 203 1200 58 2975 596 987 37 19 531 285
internal_value=0.000278558 -0.00428805 -0.0127309 -0.024201 0.0010491 0.000959666 0.00450857 -0.00579178 -0.00106972 0.000660221 -0.00683129 0.000530846 0.00275817 0.00223772 0.00269331 4.05239e-05 -0.00185203 -0.0350346 0.00446044 0.000410077 0.00112392 0.0112246 0.000104335 0.000753383 0.00212971 0.00188953 0.000898462 -0.00242171 0.00886995 0.0120155 0.00248354 -0.00457679 -0.0119315 0.000923567 0.00843266 0.00408028 0.0209083 -0.0117069 0.00383392 -0.00932119 -0.00419181 -0.000246231 0.0202676 -0.0120861 0.00684549 0.000343103 -0.000750999 -0.0107617 0.000259178 0.00569025 -0.00353772 0.00631132 -0.00547734 -0.00397296 0.0208836 -0.002554 0.00935481 0.0117576 0.00790547 0.000259534 0.0132888 0.0115061
internal_weight=142142 20520 5662 2133 121622 121286 13073 3529 14858 11427 3431 108213 19511 18967 18376 88702 24267 1289 5234 13267 12362 875 6171 64435 27103 26749 14240 5076 4136 2770 1366 11000 1327 1716 6902 2951 544 951 5123 905 463 37332 354 1813 232 11487 9513 862 8651 1158 3220 529 2691 2477 231 6193 6439 3996 2231 933 1298 1224
internal_count=124974 19859 5633 2131 105115 104947 9066 3502 14226 10820 3406 95881 16610 16335 15824 79271 20641 1288 4867 11177 10413 662 4533 58630 24443 24168 12532 4505 3292 2006 1286 9464 1160 1708 4533 2107 275 860 4780 764 332 34187 275 1794 119 9751 8146 750 7396 1152 2426 406 2020 1817 166 5953 4201 2455 1468 615 853 816
cat_boundaries=0 1 3 5 7 9 10 12 13 15 17 19 21 22
cat_threshold=1089429277 3373153576 432016 66568377 273485 816532508 493606 572942591 143942 33997088 282671641 125504 8396808 3969909955 131487 83887110 262273 1048576 65536 8232 262144 6357120
is_linear=0
shrinkage=0.05


Tree=90
num_leaves=63
num_cat=18
split_feature=19 23 0 15 20 0 22 0 26 17 25 50 0 22 0 0 22 39 0 25 17 0 0 47 0 16 0 22 0 26 20 40 0 25 0 47 25 0 50 23 26 24 0 0 45 41 20 22 50 43 0 49 22 17 24 24 32 43 24 25 16 26
split_gain=272.406 351.973 187.114 128.416 87.3414 91.089 52.2511 52.8666 50.0864 59.8521 37.4336 44.4379 58.321 51.4692 39.7463 36.5078 36.4039 35.8269 60.7682 37.9886 57.4526 67.9247 44.3465 47.8479 40.5995 39.7455 54.5948 36.9413 61.689 49.9183 46.7957 47.0748 41.7908 34.0267 35.6612 33.2678 33.0639 36.8721 30.5459 28.9581 28.6736 26.8885 25.7038 24.9426 24.5831 30.864 30.176 27.4847 29.3526 35.3518 43.082 29.7109 38.7285 38.0124 26.8392 24.7133 30.886 24.6273 25.5686 24.4604 28.4125 25.9362
threshold=1.2500000000000002 0.37500000000000006 0 87.375000000000014 1.0000000000000002 1 0.38398731203007525 2 0.023087669066025402 1.2583057392117911 6.5361703219115208 4.8500000000000014 3 0.062554347826086973 4 5 1.0000000180025095e-35 0.38750000000000007 6 2.6465923254088959 0.85391256382996639 7 8 3.8901462451385291 9 19.479166666666668 10 0.069122023809523772 11 0.055021074318350911 -0.79999999999999838 19.875000000000004 12 1.9375461837340044 13 -4.7262678922256516 4.7155924901984978 14 0.15000000000000005 1.0000000180025095e-35 0.0077545620509124006 6.3891911764705887 15 16 1.0000000180025095e-35 0.060606060606060767 -2.8999999999999964 0.25727307098867824 4.9500000000000011 1.1000000000000003 17 10.27857142857143 0.016666666666666653 0.49999999999999639 5.2738440027963653 6.3504901960784323 3.7488436413601636 66.600000000000009 1.2511379551820732 1.7812887021222121 1.1547619047619049 0.016239393797977904
decision_type=2 2 1 2 2 1 2 1 2 2 2 2 1 2 1 1 2 2 1 2 2 1 1 2 1 10 1 2 1 2 2 2 1 2 1 2 2 1 2 2 2 2 1 1 2 2 2 2 2 2 1 2 2 2 2 2 2 2 2 2 8 2
left_child=1 39 40 4 6 36 8 -8 9 15 11 12 -7 -13 -12 -2 -16 18 -10 20 24 -22 25 27 33 35 -27 28 -24 -29 31 -30 -31 34 -19 -21 -6 -38 41 -1 -3 -14 -41 -11 47 -46 -47 48 51 -50 -51 -37 53 -53 -54 56 -52 58 -48 -40 -61 -62
right_child=3 2 -4 -5 5 10 7 -9 17 43 14 13 38 -15 16 -17 -18 19 -20 22 21 -23 23 -25 -26 26 -28 29 30 32 -32 -33 -34 -35 -36 44 37 -39 59 42 -42 -43 -44 -45 45 46 57 -49 49 50 55 52 54 -55 -56 -57 -58 -59 -60 60 61 -63
leaf_value=0.00039325158292723432 0.00027126931664998025 -0.0033157720117253432 -0.0030728420816004301 0.0075028146542862389 -0.00092287861873762702 -0.0036873347090608855 0.0056133030545390435 0.00057202941296810583 0.0063800400374733586 -0.0047008936057841401 0.0046187899539562038 0.0029088572221512457 -0.00039934141849917726 0.00094670705864220446 0.0043833788622446579 -0.00037345333608356239 -0.00018000616028075457 7.4029496240024533e-06 -0.00030828639460728224 -0.0049223420813081179 -0.0001501654159361654 -0.003348134436210454 2.8727553138380159e-05 0.0053234956413876879 -5.0985549808957314e-05 0.0091969120847806181 0.0008799197563445438 -0.00019915827266128174 -0.0031897651156536978 -0.00043811041773754726 -0.00020439528523433226 0.001761612976319449 0.0014324725856528888 0.00013385196729910899 0.00055767155548408498 -0.00017545057479178563 0.0021335380202230137 -0.00028847975864028098 -0.012134202099819602 0.00091149334920938025 -0.0012795753087464945 -0.0052693025180928169 -0.0088084641647018409 -0.001846228987669063 -0.00075028754918859963 -0.0076048467893942602 0.0072329438344419968 0.002381579352557517 -0.0034001771056836106 5.3319585228173155e-05 0.0019428287442556647 -0.0016575638037658492 -0.00064338087783918365 0.0062334112492735353 0.0036010307155972367 0.0027744148279854387 0.00028020103948267483 0.002842193764130219 -9.1462035869838146e-05 0.0052580532796655984 -0.0089221150401030958 0.001103419799030575
leaf_weight=3079 3656 134 1381 384 5381 431 1191 1941 841 1651 1383 2743 922 3800 331 6313 927 345 844 95 3929 3395 9877 317 3424 212 659 18470 822 3074 7213 212 7098 2087 456 8827 1632 2125 48 355 1062 133 506 3851 574 81 56 2926 259 4020 2008 21 869 344 249 790 1814 340 5550 451 132 4101
leaf_count=2903 3644 134 1380 192 4762 360 1118 1897 752 1636 822 1907 758 2946 193 6286 557 344 841 86 3847 3358 8384 220 3410 106 332 17737 660 2585 6375 106 5439 2075 456 7716 1139 1440 48 352 1061 94 506 3715 464 58 48 2581 197 3540 1710 21 688 249 156 567 1473 292 4730 399 128 2994
internal_value=0.000281372 -0.00970313 -0.0240671 0.000761248 0.000679116 0.00337782 8.08025e-05 0.0064459 -0.000104537 -0.00273688 0.00572212 0.00460312 0.00157501 0.00747937 0.011145 -0.000425777 0.00456659 0.000337626 0.00755931 0.0002029 -0.00222886 -0.00524164 0.000634882 -0.000319467 0.00126643 0.00214762 0.0126663 -0.000451066 -0.00221766 0.000666655 -0.00540627 -0.0153575 0.00347931 0.0056209 0.0143953 0.0018299 -0.000578752 0.00301889 0.00290531 -0.000303223 -0.00927506 -0.00477746 -0.00840487 -0.00692259 0.00192819 -0.000749015 0.000306072 0.00272709 0.00203859 0.00414361 0.00469072 0.000222578 0.00676887 0.020888 0.0021403 0.00798075 0.0063288 0.000722213 -7.04477e-05 0.00462603 0.0049936 0.00371871
internal_weight=142142 6517 2577 135625 135241 24540 110701 3132 107569 15471 15402 12761 6218 6543 2641 9969 1258 92098 1685 90413 13636 7324 76777 47083 6312 29694 871 46766 18124 28642 8247 1034 10172 2888 801 28823 9138 3757 5787 3940 1196 1055 861 5502 28728 6601 6027 22127 19201 8891 8632 10310 1483 365 1118 4612 3822 5946 5606 4732 4684 4233
internal_count=124974 6336 2575 118638 118446 18547 99899 3015 96884 15281 11206 9634 4781 4853 1572 9930 750 81603 1593 80010 13490 7205 66520 41506 6285 25014 438 41286 15525 25761 7141 766 8024 2875 800 24576 7341 2579 4421 3761 1195 852 858 5351 24490 5592 5128 18898 16317 7487 7290 8830 1114 270 844 3750 3183 5070 4778 3569 3521 3122
cat_boundaries=0 1 3 5 6 8 10 12 14 16 18 19 21 23 25 27 29 31 33
cat_threshold=1357897503 285618026 399232 2344840609 268 524292 203542672 32778 4136117824 255200 2759246377 338432 2633266192 252368 1653555556 4355 237343226 515138 33767424 206579347 265244 218104851 281092 203427912 118848 268439112 393216 4616465 137600 1711802110 325784 536870912 4099
is_linear=0
shrinkage=0.05


end of trees

feature_importances:
week=1270
store_std_weekly=500
store_product_share=399
lag_1w=315
rolling_mean_12w=277
trend_4w=276
rolling_mean_4w=253
rolling_max_4w=221
censored_ratio_4w=188
rolling_return_rate_4w=164
store_avg_weekly=154
temp_anomaly=137
lag_2w=124
category_season_avg=114
demand_cv_4w=109
rolling_std_4w=103
yoy_same_week=98
rolling_median_4w=95
wind_max=85
temp_mean=83
precip_total=76
active_ratio_8w=75
nonzero_mean_4w=72
month=66
product_n_stores=64
week_sin=53
temp_mean_lag1w=48
precip_total_lag1w=48
namn_te=46
n_holidays=43
product_avg_weekly=23
typ_te=19
week_cos=12
weeks_since_nonzero=8
recent_zero_count=7
season_spring=5
is_rainy_week=4
bad_weather=3
is_snowy_week=2
is_back_to_school=1
product_id_te=1
season_autumn=1

parameters:
[boosting: gbdt]
[objective: regression_l1]
[metric: l1]
[tree_learner: serial]
[device_type: cpu]
[data_sample_strategy: bagging]
[data: ]
[valid: ]
[num_iterations: 5000]
[learning_rate: 0.05]
[num_leaves: 63]
[num_threads: -1]
[seed: 42]
[deterministic: 0]
[force_col_wise: 0]
[force_row_wise: 0]
[histogram_pool_size: -1]
[max_depth: -1]
[min_data_in_leaf: 20]
[min_sum_hessian_in_leaf: 0.001]
[bagging_fraction: 0.8]
[pos_bagging_fraction: 1]
[neg_bagging_fraction: 1]
[bagging_freq: 0]
[bagging_seed: 400]
[bagging_by_query: 0]
[feature_fraction: 0.8]
[feature_fraction_bynode: 1]
[feature_fraction_seed: 30056]
[extra_trees: 0]
[extra_seed: 12879]
[early_stopping_round: 0]
[early_stopping_min_delta: 0]
[first_metric_only: 0]
[max_delta_step: 0]
[lambda_l1: 0.1]
[lambda_l2: 1]
[linear_lambda: 0]
[min_gain_to_split: 0]
[drop_rate: 0.1]
[max_drop: 50]
[skip_drop: 0.5]
[xgboost_dart_mode: 0]
[uniform_drop: 0]
[drop_seed: 17869]
[top_rate: 0.2]
[other_rate: 0.1]
[min_data_per_group: 100]
[max_cat_threshold: 32]
[cat_l2: 10]
[cat_smooth: 10]
[max_cat_to_onehot: 4]
[top_k: 20]
[monotone_constraints: ]
[monotone_constraints_method: basic]
[monotone_penalty: 0]
[feature_contri: ]
[forcedsplits_filename: ]
[refit_decay_rate: 0.9]
[cegb_tradeoff: 1]
[cegb_penalty_split: 0]
[cegb_penalty_feature_lazy: ]
[cegb_penalty_feature_coupled: ]
[path_smooth: 0]
[interaction_constraints: ]
[verbosity: -1]
[saved_feature_importance_type: 0]
[use_quantized_grad: 0]
[num_grad_quant_bins: 4]
[quant_train_renew_leaf: 0]
[stochastic_rounding: 1]
[linear_tree: 0]
[max_bin: 255]
[max_bin_by_feature: ]
[min_data_in_bin: 3]
[bin_construct_sample_cnt: 200000]
[data_random_seed: 175]
[is_enable_sparse: 1]
[enable_bundle: 1]
[use_missing: 1]
[zero_as_missing: 0]
[feature_pre_filter: 1]
[pre_partition: 0]
[two_round: 0]
[header: 0]
[label_column: ]
[weight_column: ]
[group_column: ]
[ignore_column: ]
[categorical_feature: 0,1]
[forcedbins_filename: ]
[precise_float_parser: 0]
[parser_config_file: ]
[objective_seed: 16083]
[num_class: 1]
[is_unbalance: 0]
[scale_pos_weight: 1]
[sigmoid: 1]
[boost_from_average: 1]
[reg_sqrt: 0]
[alpha: 0.9]
[fair_c: 1]
[poisson_max_delta_step: 0.7]
[tweedie_variance_power: 1.5]
[lambdarank_truncation_level: 30]
[lambdarank_norm: 1]
[label_gain: ]
[lambdarank_position_bias_regularization: 0]
[eval_at: ]
[multi_error_top_k: 1]
[auc_mu_weights: ]
[num_machines: 1]
[local_listen_port: 12400]
[time_out: 120]
[machine_list_filename: ]
[machines: ]
[gpu_platform_id: -1]
[gpu_device_id: -1]
[gpu_device_id_list: ]
[gpu_use_dp: 0]
[num_gpu: 1]

end of parameters

pandas_categorical:[[1, 2, 3, 4, 5, 6, 7, 8, 9, 10, 11, 12, 13, 14, 15, 16, 17, 18, 19, 20, 21, 22, 23, 24, 25, 26, 27, 28, 29, 30, 31, 32, 33, 34, 35, 36, 37, 38, 39, 40, 41, 42, 43, 44, 45, 46, 47, 48, 49, 50, 51], [1, 2, 3, 4, 5, 6, 7, 8, 9, 10, 11, 12]]
