tree
version=v4
num_class=1
num_tree_per_iteration=1
label_index=0
max_feature_idx=50
objective=binary sigmoid:1
feature_names=week month week_sin week_cos is_december is_summer is_swedish_vacation is_back_to_school is_holiday_week n_holidays is_high_impact_holiday is_pre_holiday_week is_post_holiday_week lag_1w lag_2w rolling_mean_4w rolling_mean_12w rolling_std_4w rolling_median_4w rolling_max_4w trend_4w yoy_same_week rolling_return_rate_4w censored_ratio_4w store_avg_weekly store_std_weekly store_product_share product_avg_weekly product_n_stores category_season_avg namn_te product_id_te typ_te season_winter season_spring season_summer season_autumn recent_zero_count weeks_since_nonzero active_ratio_8w nonzero_mean_4w demand_cv_4w temp_mean precip_total wind_max is_rainy_week is_snowy_week temp_anomaly bad_weather temp_mean_lag1w precip_total_lag1w
feature_infos=-1:19:16:21:23:20:18:17:14:22:32:10:40:36:30:11:3:13:46:7:9:33:5:41:12:37:2:48:42:44:1:4:43:29:24:31:47:8:50:34:38:6:39:35:27:0:49:28:15:26:45:25 -1:4:3:5:2:8:9:7:0:1:10:6:11 [-1:1] [-1:0.99270887409805397] [0:1] [0:1] [0:1] [0:1] none [1:2] none none none [0:155] [0:155] [0:137.25] [0:127.125] [0:40.990852638119158] [0:137.5] [0:155] [-26.800000000000004:23.100000000000009] [0:155] [0:0.5] [0:1] [0:69.320261437908499] [0:37.750087604805479] [0:0.34622248661511001] [0.41176470588235292:16.397058823529413] [1:151] [0:12.846153846153848] [0.052172453503482201:67.24050314214368] [0.79633512167823561:13.488613475395516] [0.88142569404972193:9.7187410081910954] [0:1] [0:1] [0:1] [0:1] [0:4] [1:12] [0:1] [0:143.33333333333334] [0:2.0000000000000817] [-10.328571428571427:21.928571428571427] [0:74.100000000000009] [13.5:42] [0:1] [0:1] [-6.601661922136242:6.6868820416182189] [0:3] [-10.328571428571427:21.928571428571427] [0:74.100000000000009]
tree_sizes=3434 3539 3521 3551 3507 3525 3502 3511 3549 3541 3475 3539 3548 3530 3525 3521 3527 3538 3556 3526 3518 3535 3507 3526 3538 3540 3535 3527 3545 3510 3531 3519 3521 3537 3547 3556 3532 3546 3561 3558 3557 3550 3557 3563 3552 3542 3542 3552 3566 3521 3568 3550 3530 3563 3539 3544 3529 3540 3542 3535 3538 3548 3559 3536 3555 3552 3519 3555 3556 3531 3535 3556 3534 3562 3542 3537 3561 3555 3562 3520 3557 3545 3532 3551 3545 3561 3554 3550 3573 3545 3553 3539 3542 3540 3556 3554 3560 3572 3571 3550 3574 3563 3547 3569 3550 3536 3558 3535 3566 3582 3577 3576 3526 3529 3576 3557 3576 3562 3570 3562 3583 3572 3576 3559 3537 3567 3584 3567 3571 3521 3521 3571 3543 3559 3564 3569 3538 3558 3573 3565 3530 3536 3574 3529 3564 3571 3573 3565 3526 3546 3583 3537 3574 3576 3577 3580 3538 3555 3564 3560 3565 3594 3566 3569 3551 3547 3546 3552 3565 3569 3507 3567 3511 3551 3580 3571 3554 3589 3537 3564 3598 3525 3566 3565 3562 3571 3572 3586 3565 3567 3555 3540 3571 3587 3589 3587 3563 3565 3548 3581 3580 3575 3599 3577 3552 3558 3578 3556 3560 3545 3539 3580 3557 3599 3569 3534 3557 3599 3551 3555 3592 3576 3574 3592 3577 3551 3589 3603 3573 3564 3554 3566 3575 3602 3559 3584 3599 3583 3602 3568 3603 3594 3587 3579 3597 3564 3591 3549 3576 3554 3603 3588 3573

Tree=0
num_leaves=31
num_cat=6
split_feature=15 13 20 15 22 15 22 38 0 15 16 0 26 38 24 20 16 14 0 26 15 13 0 0 24 26 15 26 14 0
split_gain=205503 5698.14 1656.97 1308.58 1262.82 599.65 366.853 260.602 209.364 177.312 163.068 157.495 142.939 135.276 103.746 81.3427 77.2097 74.0408 65.6281 63.5363 60.6753 55.7129 51.6098 45.2331 38.6275 32.0772 31.5081 31.0606 29.6317 29.3714
threshold=0.43750000000000006 1.0000000180025095e-35 0.099999999999999964 1.9375000000000002 0.12499999999999996 1.8125000000000002 0.12491987179487171 1.5000000000000002 0 3.5625000000000004 1.0000000180025095e-35 1 0.017789415239374103 1.5000000000000002 0.79852133160956706 0.10000000000000016 1.0000000180025095e-35 1.0000000180025095e-35 2 0.021808284169030454 0.93750000000000011 1.5000000000000002 3 4 1.2892769607843138 0.032040658723125608 0.93750000000000011 0.021501176077194553 1.0000000180025095e-35 5
decision_type=2 2 2 2 2 2 2 2 1 2 10 1 2 2 2 2 10 2 1 2 2 2 1 1 2 2 2 2 2 1
left_child=2 4 6 12 7 11 8 -2 14 21 -10 19 18 -7 -1 -4 -8 -13 -3 -6 29 -5 28 -15 -16 -22 -20 -23 -9 -14
right_child=1 3 15 9 5 13 16 22 10 -11 -12 17 20 23 24 -17 -18 -19 26 -21 25 27 -24 -25 -26 -27 -28 -29 -30 -31
leaf_value=0.29507098818502481 0.35151777630879188 0.3479399868020327 0.3275996146945746 0.36525928470507057 0.33911890809076534 0.37283431956632079 0.34477425171024634 0.31766496891295271 0.29449620554012002 0.3745974751622172 0.30320621664388225 0.31822464249862281 0.34641034721072717 0.34082156679459702 0.31942050008252604 0.35259523246569929 0.3153260080457046 0.33557364004259926 0.35155265324918039 0.35619440147818032 0.36216449129289802 0.36841002009634805 0.31020680621206209 0.35813584145614819 0.30734897264167405 0.36746425588844184 0.36135815738016902 0.37222267809030707 0.33838247520269993 0.35957719542929251
leaf_weight=293.78618377447128 76.026100486516953 419.92686852812767 67.524746477603912 749.08424833416939 162.40172016620636 316.23618096113205 40.778375327587128 50.16624715924263 26140.197198092937 18346.97285336256 1005.6930041313171 144.43736478686333 125.09648880362511 82.653512060642242 168.50452461838722 193.3886866569519 206.18681171536446 320.39513027667999 200.01700079441071 179.24193030595779 1068.1646476387978 1406.8653751909733 537.03016576170921 251.3657711148262 646.02992367744446 1117.4233110845089 533.23191764950752 5442.1612985432148 65.286185652017593 342.16123563051224
leaf_count=864 287 1561 230 2971 582 1290 150 163 76862 75216 3082 473 463 298 555 732 667 1132 754 688 4188 5643 1695 974 2018 4467 2085 22125 233 1332
internal_value=0.334685 0.369607 0.29591 0.371897 0.338448 0.349191 0.295451 0.316998 0.295237 0.373506 0.294831 0.337688 0.360905 0.36344 0.306032 0.345964 0.320248 0.330268 0.354919 0.347887 0.363482 0.370856 0.312918 0.354287 0.309731 0.364915 0.358533 0.371454 0.32983 0.35663
internal_weight=60698.4 31936.3 28762.1 29751.1 2185.24 1456.73 28501.2 728.509 28254.2 25945.1 27145.9 806.476 3806.02 650.255 1108.32 260.913 246.965 464.832 1153.18 341.644 2652.85 7598.11 652.483 334.019 814.534 2185.59 733.249 6849.03 115.452 467.258
internal_count=213780 128620 85160 120805 7815 5437 84198 2378 83381 105955 79944 2875 14850 2562 3437 962 817 1605 4400 1270 10450 30739 2091 1272 2573 8655 2839 27768 396 1795
cat_boundaries=0 1 3 5 7 9 11
cat_threshold=3840 3340360457 279296 2667716919 273753 3003406592 1 537396112 1599 2504138822 273568
is_linear=0
shrinkage=1


Tree=1
num_leaves=31
num_cat=5
split_feature=15 13 20 15 14 0 21 16 41 18 26 0 0 30 47 0 20 0 15 41 15 42 30 27 26 26 47 15 25 26
split_gain=196624 5526.6 1569.2 1274.85 1203.01 415.195 337.631 233.904 217.006 193.983 138.592 96.5788 87.1312 86.6504 95.5461 81.256 78.2474 63.4121 58.722 55.339 54.5934 50.7351 67.1468 50.5207 46.4718 45.0464 35.7851 35.4661 32.6719 31.1887
threshold=0.43750000000000006 1.0000000180025095e-35 0.099999999999999964 1.9375000000000002 1.5000000000000002 0 18.500000000000004 1.0000000180025095e-35 1.0801234497346444 3.8750000000000004 0.017789415239374103 1 2 0.75862504825077981 3.5217927809630729 3 0.10000000000000016 4 0.93750000000000011 0.39851988391580934 1.4375000000000002 3.0714285714285716 1.3144826693473637 1.9996271542200621 0.029561139873942901 0.018053049081094903 6.249752916883847 2.4375000000000004 7.0914308043246042 0.032040658723125608
decision_type=2 2 2 2 2 1 8 10 2 2 2 1 1 2 2 1 2 1 2 2 2 2 2 2 2 2 2 2 2 2
left_child=2 4 6 10 8 20 13 26 12 19 17 -10 -2 14 -1 28 -4 -3 -12 -5 -6 22 -15 -14 -21 -13 -8 -17 -7 -20
right_child=1 3 16 9 5 15 7 -9 11 -11 18 25 23 21 -16 27 -18 -19 29 24 -22 -23 -24 -25 -26 -27 -28 -29 -30 -31
leaf_value=-0.044291957477856768 -0.016050345386481139 0.0061729818168963328 -0.013751781369679179 0.030422369711296783 0.0064670499115411055 -0.0066986866416370583 -0.046038166784297445 -0.035989434492876872 -0.030996552742771733 0.032593913276983563 0.01472906184694679 -0.023741203939001754 -0.014375367662136552 -0.0030941726061389846 -0.01512775599743171 0.0013467317717088536 0.01074828717030522 0.016594966771123577 0.020176352098460575 0.02397755064962008 0.027060090479244816 -0.035306631721244736 -0.029526742597209388 0.0082415367243187636 0.028838940752903539 -0.0082628887277707078 -0.037006352818394754 0.015623892862348903 -0.032454279096240206 0.025413553747551249
leaf_weight=729.56523853540421 156.08814412355423 419.47633105516434 67.682218730449677 4283.9614405930042 63.330755442380905 224.8540355861187 25349.953173995018 1064.6385292857885 400.18728451430798 17719.120758444071 466.09366466104984 130.92412783205509 47.814438566565514 51.560441836714745 54.392052218317986 204.30000764131546 193.02534851431847 731.08449347317219 1064.3554508537054 1576.5579394996166 464.65254233777523 1000.2665032893419 183.67890855669975 170.8223744481802 2219.6791168004274 197.50453494489193 275.65825858712196 105.97742214798927 19.681318148970604 1112.3743081837893
leaf_count=2144 524 1561 230 17527 236 791 73925 3267 1256 73096 1795 426 162 183 182 744 732 2839 4188 6301 1877 3076 580 640 9031 689 841 410 60 4467
internal_value=-0.00681851 0.0275347 -0.0445016 0.0298014 -0.00313932 0.0118098 -0.0449451 -0.0455538 -0.0178204 0.0313959 0.0189359 -0.0241707 -0.00532619 -0.0368352 -0.0423593 -0.000458953 0.0042279 0.0130359 0.0214792 0.0287551 0.024222 -0.0332197 -0.023929 0.00294464 0.0268458 -0.0142234 -0.0459461 0.00619229 -0.00886258 0.0228932
internal_weight=60749.3 31778.8 28970.4 29592.7 2186.14 1082.8 28709.7 26690.2 1103.34 25799.3 3793.38 728.616 374.725 2019.46 783.957 554.813 260.708 1150.56 2642.82 8080.2 527.983 1235.51 235.239 218.637 3796.24 328.429 25625.6 310.277 244.535 2176.73
internal_count=213780 128620 85160 120805 7815 4118 84198 78033 3697 105955 14850 2371 1326 6165 2326 2005 962 4400 10450 32859 2113 3839 763 802 15332 1115 74766 1154 851 8655
cat_boundaries=0 2 4 6 8 10
cat_threshold=2417055753 327680 2355560666 177653 69436518 399604 543728178 2685 2667716919 273753
is_linear=0
shrinkage=0.02


Tree=2
num_leaves=31
num_cat=0
split_feature=15 13 20 15 22 38 22 21 41 14 18 26 16 22 24 47 20 16 15 26 13 42 29 2 49 26 26 26 15 24
split_gain=188317 5364.3 1489.31 1243.89 1186.16 561.445 338.705 296.187 240.124 230.306 189.896 134.351 129.525 121.015 91.0549 91.4672 75.2753 74.1692 57.0297 56.1829 54.5582 53.1883 53.1445 50.0748 49.6971 39.0405 35.2706 30.3617 29.3987 27.3998
threshold=0.43750000000000006 1.0000000180025095e-35 0.099999999999999964 1.9375000000000002 0.12499999999999996 1.5000000000000002 0.12491987179487171 3.5000000000000004 0.54545454545454619 1.5000000000000002 3.8750000000000004 0.017789415239374103 1.0000000180025095e-35 0.29642857142857149 0.79852133160956706 3.5217927809630729 0.10000000000000016 1.0000000180025095e-35 0.93750000000000011 0.015908411030283655 1.5000000000000002 3.0714285714285716 2.369064242037942 -0.060268340127661552 -3.6999999999999997 0.055021074318350911 0.029715279138194401 0.032040658723125608 1.1875000000000002 4.7111632092450515
decision_type=2 2 2 2 2 2 2 8 2 2 2 2 10 2 2 2 2 10 2 2 2 2 2 2 2 2 2 2 2 2
left_child=2 4 6 11 8 -6 7 14 -2 13 20 22 24 -7 15 -1 -4 -8 -13 -11 -5 -16 29 -10 -9 -25 -22 -20 -24 -3
right_child=1 3 16 10 5 9 17 12 23 19 -12 18 -14 -15 21 -17 -18 -19 27 -21 26 -23 28 25 -26 -27 -28 -29 -30 -31
leaf_value=-0.043238137612069634 0.012792235312114035 0.0039478442948569139 -0.013459916271070163 0.022797018385989246 0.028350718304184366 -0.015757560466301467 0.0038586141600678069 -0.04128713147503995 -0.034823103971055709 -0.0029263245967077797 0.032145670609027267 0.01447477229187508 -0.036704591535512469 0.0044409957734428069 -0.022153350455722295 -0.014967348142133607 0.010556579761260027 -0.024865118433320045 0.019848041793966705 0.012523383871771727 0.026921460250656608 -0.034244790887896316 0.01167490526007979 -0.024684447008785991 -0.045107229855808555 -0.0036529560445484059 0.030123926808987948 0.025026701481498579 0.020663198115968621 0.013828795605038914
leaf_weight=751.35863365232944 63.116568610072136 311.16933789849281 67.830372512340546 749.65932071208954 374.73866972327232 364.08189986646175 41.042871102690697 2059.3282696604729 247.06183934211731 116.785934060812 17608.027336910367 464.86143666505814 936.61585833132267 171.70528051257133 217.55113619565964 55.447218343615532 192.65827929973602 208.16177053749561 1060.4112964123487 426.64400990307331 2829.8985945284367 843.60092313587666 303.46163019537926 379.8111609518528 23771.847062796354 42.656412869691849 4456.5369889736176 1107.0772303640842 349.31448586285114 183.96756856143475
leaf_count=2194 243 1152 230 3001 1531 1228 150 6077 758 418 73096 1795 2836 631 707 185 732 667 4188 1629 11509 2583 1159 1226 68799 151 18349 4467 1381 708
internal_value=-0.00667935 0.0271291 -0.0433475 0.0293749 -0.00308167 0.0073652 -0.0437768 -0.0439804 -0.0237865 1.49186e-06 0.0309563 0.0186252 -0.0445296 -0.00925866 -0.0360401 -0.0413826 0.00414481 -0.0200655 0.0211359 0.00916872 0.0283369 -0.0318541 0.0128104 -0.0273062 -0.0448083 -0.0226486 0.0288945 0.0225333 0.0165878 0.00772042
internal_weight=60756.4 31611 29145.4 29424.4 2186.6 1453.96 28885 28635.7 732.646 1079.22 25644.1 3780.26 26767.8 535.787 1867.96 806.806 260.489 249.205 2632.35 543.43 8036.09 1061.15 1147.91 669.529 25831.2 422.468 7286.44 2167.49 652.776 495.137
internal_count=213780 128620 85160 120805 7815 5437 84198 83381 2378 3906 105955 14850 77712 1859 5669 2379 962 817 10450 2047 32859 3290 4400 2135 74876 1377 29858 8655 2540 1860
is_linear=0
shrinkage=0.02


Tree=3
num_leaves=31
num_cat=5
split_feature=15 13 20 15 22 15 22 21 41 18 0 26 0 16 24 20 16 14 0 49 0 26 0 41 42 49 26 15 22 15
split_gain=180530 5207.47 1416.36 1215.42 1136.65 544.24 321.393 280.606 229.631 186.268 145.025 130.368 124.397 122.924 86.4841 72.421 70.9521 66.8425 64.675 61.5331 61.2037 58.0468 55.8698 54.1799 50.4516 46.9319 45.0058 39.9788 33.7735 30.2473
threshold=0.43750000000000006 1.0000000180025095e-35 0.099999999999999964 1.9375000000000002 0.12499999999999996 1.8125000000000002 0.12491987179487171 3.5000000000000004 0.54545454545454619 3.8750000000000004 0 0.017789415239374103 1 1.0000000180025095e-35 0.79852133160956706 0.10000000000000016 1.0000000180025095e-35 1.0000000180025095e-35 2 9.0571428571428587 3 0.021808284169030454 4 0.39851988391580934 3.0714285714285716 -3.6999999999999997 0.029561139873942901 0.93750000000000011 0.23214285714285718 0.93750000000000011
decision_type=2 2 2 2 2 2 2 8 2 2 1 2 1 10 2 2 10 2 1 2 1 2 1 2 2 2 2 2 2 2
left_child=2 4 6 11 8 10 7 14 -2 23 21 20 -7 25 19 -4 -8 -12 -10 -1 -3 -6 -13 -5 -16 -9 -25 -24 -14 -22
right_child=1 3 15 9 5 12 16 13 18 -11 17 22 28 -15 24 -17 -18 -19 -20 -21 29 -23 27 26 -26 -27 -28 -29 -30 -31
leaf_value=-0.043772182482105473 0.012576994043751611 0.0058558244116583367 -0.013175949242593507 0.029590256578436544 -0.0023166655819566308 0.026113167695155232 0.0037887669639106083 -0.040269103680719114 -0.0068761560053108486 0.031716816358633743 -0.022283410866563803 0.023927323520396095 -0.0036669439567964947 -0.035808443333022279 -0.021650815596811968 0.01036850664098189 -0.02429479461660642 -0.005769197493196189 -0.02899846807209009 -0.029553302563087379 0.0092426909454464308 0.013832546257850797 0.0087842372954007476 0.023206764750455914 -0.033419738498598799 -0.043979131083614148 0.028009251986922185 0.018674278659095961 0.013506098884765474 0.018867131488603282
leaf_weight=608.13460913300514 62.965672805905342 418.19612871110439 67.969620704650879 4234.0317929387093 166.54704974591732 467.65890434384346 41.019069373607635 2069.1339818686247 89.262688472867012 17490.409858569503 145.24211174249649 1395.0765294283628 83.571591421961784 940.88498656451702 218.21148380637169 192.28797096014023 208.85069952905178 314.09749536216259 582.80973578989506 202.49814543128014 198.71977749466896 182.23516118526459 214.69724917411804 1561.2293390184641 847.17549805343151 23892.778462186456 2194.4873846173286 1011.7266437262297 92.349253788590431 528.2943599075079
leaf_count=1753 243 1561 230 17527 596 1908 150 6077 310 73096 471 5629 299 2836 707 732 667 1107 1825 626 754 701 814 6301 2583 68799 9031 4007 355 2085
internal_value=-0.00654747 0.0267387 -0.0422708 0.0289645 -0.00301975 0.00723078 -0.0426873 -0.0428848 -0.0232388 0.0305347 -0.00367793 0.0183214 0.0209129 -0.0434181 -0.0351704 0.00406352 -0.0196152 -0.010909 -0.0266649 -0.0403669 0.0125878 0.00594139 0.0208013 0.0279335 -0.0310955 -0.0436889 0.0260383 0.0168478 0.00503038 0.0160922
internal_weight=60722.6 31433.6 29288.9 29246.9 2186.74 1451.7 29028.7 28778.8 735.038 25480.2 808.122 3766.71 643.58 26902.8 1876.02 260.258 249.87 459.34 672.072 810.633 1145.21 348.782 2621.5 7989.75 1065.39 25961.9 3755.72 1226.42 175.921 727.014
internal_count=213780 128620 85160 120805 7815 5437 84198 83381 2378 105955 2875 14850 2562 77712 5669 962 817 1578 2135 2379 4400 1297 10450 32859 3290 74876 15332 4821 654 2839
cat_boundaries=0 2 4 5 7 9
cat_threshold=3340368649 279296 1456821261 319616 822364416 2667716919 273753 1526324796 66113
is_linear=0
shrinkage=0.02


Tree=4
num_leaves=31
num_cat=0
split_feature=15 13 20 15 14 38 16 41 15 15 49 2 20 27 13 13 39 16 41 2 42 17 29 47 38 39 17 14 47 14
split_gain=173216 5057.62 1349.52 1188.95 1077.88 378.945 274.426 196.289 164.393 115.216 100.275 113.936 69.6793 50.5215 50.28 50.2745 48.5154 48.4533 41.4272 39.6213 39.4164 37.4327 34.427 30.0671 25.1503 22.4253 20.0657 17.5602 17.2336 16.895
threshold=0.43750000000000006 1.0000000180025095e-35 0.099999999999999964 1.9375000000000002 1.5000000000000002 1.5000000000000002 1.0000000180025095e-35 1.0801234497346444 3.4375000000000004 0.93750000000000011 4.6571428571428584 0.8542199457734333 0.10000000000000016 1.9996271542200621 1.5000000000000002 1.5000000000000002 0.93750000000000011 1.5871212121212122 0.47836929604673029 -0.82298386589365657 -6.6357142857142852 0.95742710775633755 2.5817535577189337 -1.62908899288034 2.5000000000000004 0.93750000000000011 0.49999999999999928 1.5000000000000002 -1.4003690710075796 3.5000000000000004
decision_type=2 2 2 2 2 2 10 2 2 2 2 2 2 2 2 2 2 8 2 2 2 2 2 2 2 2 2 2 2 2
left_child=2 4 6 9 7 -6 10 13 14 21 11 -1 28 -2 27 16 -11 29 -10 -19 -15 26 -9 -13 -24 -16 -3 -5 -4 -7
right_child=1 3 12 8 5 17 -8 22 18 15 -12 23 -14 20 25 -17 -18 19 -20 -21 -22 -23 24 -25 -26 -27 -28 -29 -30 -31
leaf_value=-0.04104373644990212 -0.018397354868815802 -0.0067241236099619111 8.8562587743017134e-05 0.013466158169823857 0.027068200275351759 -0.007154828379532777 -0.032586052540761877 -0.027099613506808926 0.031489165707686888 0.013327915061217957 -0.042789629608873565 -0.027098182290377949 0.010183975741800425 -0.023286040182495072 0.026141283644340464 0.022203534178963015 0.021388382146507606 -0.0065224585410621197 0.028285908373439118 0.0090609967945530171 0.0014390585255711419 0.015719876253293217 -0.0059708761204633563 -0.035753302651410641 -0.020376975671538719 0.029122858976471443 0.0080900496995016304 0.023312428411209792 -0.019928923509543076 0.0057843938513148715
leaf_weight=4928.4794664680958 82.819198414683342 36.798276126384735 23.955278351902962 111.87147229909897 386.07177539169788 202.78083783388138 1346.9592114984989 386.21840938925743 16489.970387086272 770.72550672292709 21696.693244561553 297.36250081658363 191.91490218043327 25.442641317844391 2324.1478806585073 1667.8728556782007 548.12996669113636 75.50266794860363 2297.615559309721 365.45280531048775 267.50554469227791 358.85774803161621 67.300663039088249 873.23829486966133 281.22503009438515 3499.8990240544081 370.43869316577911 584.57643726468086 44.145086154341698 46.099493116140366
leaf_count=14276 273 131 86 439 1590 711 4098 1219 69439 3000 62285 931 732 81 9568 6713 2201 264 9562 1381 972 1401 235 2608 917 14572 1404 2375 144 172
internal_value=-0.00642242 0.0263626 -0.041264 0.0285695 -0.00296028 0.0112796 -0.0416687 -0.0167676 0.0301298 0.0180256 -0.0421046 -0.0396445 0.00398397 -0.00488925 0.0273096 0.0198142 0.016734 0.00233562 0.0311031 0.00632162 -0.000855025 0.0109764 -0.0227709 -0.0336466 -0.0177267 0.0279505 0.00666329 0.0218239 -0.0128996 -0.00463838
internal_weight=60650.1 31247.3 29402.7 29060.9 2186.42 1075.91 29142.7 1110.51 25308.1 3752.82 27795.8 6099.08 260.015 375.767 6520.49 2986.73 1318.86 689.836 18787.6 440.955 292.948 766.095 734.744 1170.6 348.526 5824.05 407.237 696.448 68.1004 248.88
internal_count=213780 128620 85160 120805 7815 4118 84198 3697 105955 14850 80100 17815 962 1326 26954 11914 5201 2528 79001 1645 1053 2936 2371 3539 1152 24140 1535 2814 230 883
is_linear=0
shrinkage=0.02


Tree=5
num_leaves=31
num_cat=4
split_feature=15 38 20 15 0 22 22 21 14 18 26 22 38 24 47 15 0 20 0 41 49 0 42 38 41 26 15 15 15 22
split_gain=166327 4738.81 1288.04 1194.77 1121.63 656.39 301.779 260.944 215.785 183.138 134.577 106.069 101.25 81.5962 86.4141 79.696 70.2557 67.0465 54.6886 49.7078 48.9392 47.6262 46.013 44.9368 44.1528 41.2941 34.0206 33.4441 30.4632 25.2682
threshold=0.43750000000000006 1.5000000000000002 0.099999999999999964 1.9375000000000002 0 0.12499999999999996 0.12491987179487171 3.5000000000000004 1.5000000000000002 3.6250000000000004 0.029049534093724402 0.24999999999999997 7.5000000000000009 0.79852133160956706 3.5217927809630729 1.9375000000000002 1 0.10000000000000016 2 0.39851988391580934 -3.6999999999999997 3 3.0714285714285716 6.5000000000000009 0.91624569458170257 0.028804294136259453 0.93750000000000011 0.81250000000000011 0.93750000000000011 0.24881652661064427
decision_type=2 2 2 2 1 2 2 8 2 2 2 2 2 2 2 2 1 2 1 2 2 1 2 2 2 2 2 2 2 2
left_child=2 3 6 10 15 21 7 13 11 19 16 -7 -9 14 -1 -3 27 -4 -10 -5 -14 24 -15 -8 -6 -21 -18 -2 -12 -25
right_child=1 4 17 9 5 8 23 12 18 -11 28 -13 20 22 -16 -17 26 -19 -20 25 -22 -23 -24 29 -26 -27 -28 -29 -30 -31
leaf_value=-0.040303648120723977 0.011429477665538146 0.0094211367803827707 -0.012630840948916609 0.028700969495180848 0.007543273778676223 -0.019870521716376651 -0.023983776707027039 -0.032624862071875295 0.014464482625725307 0.030875730252275978 0.015308431627341908 -0.0015165992323248406 -0.038240326782129595 -0.020555825966943275 -0.013105564192513091 0.02949216015895488 0.0030451366797523511 0.010002890955220594 0.0011745478158856272 0.022398922366558431 -0.041901090226686977 -0.028165384660373945 -0.031767035447960779 0.0029553750496432822 -0.020363143346453325 0.02709636104452999 0.012051103338434999 0.019916334591744581 0.023370478011987716 -0.020160368686492198
leaf_weight=760.11883638799191 270.79161924123764 110.35944229364395 68.221408739686012 4133.3101683557034 35.941544309258461 222.78429408371449 175.11503015458584 596.15282645821571 276.72500582039356 17333.956182017922 265.76851145923138 291.94589214026928 2143.3183651715517 219.49736970663071 56.034531846642494 356.17680338025093 222.72164027392864 191.53950244188309 240.16550540924072 1461.8797760605812 24349.533405572176 561.60784584283829 853.08534993231297 50.659581258893013 50.413857951760292 2206.6658450365067 807.48455145955086 882.07834160327911 1322.4218839108944 25.656686887145042
leaf_count=2194 1043 419 230 17329 134 731 553 1798 1075 73484 1041 1041 6258 707 185 1500 828 732 878 5963 69656 1747 2583 182 163 9187 3132 3532 5393 82
internal_value=-0.00630361 0.0259991 -0.0403197 0.0281277 -0.00266285 -0.0102941 -0.0407137 -0.0409044 -0.000411445 0.0297052 0.0175932 -0.00956824 -0.0414167 -0.0334925 -0.0385156 0.0243587 0.0143048 0.0039061 0.00867121 0.0270911 -0.04161 -0.0260813 -0.0295551 -0.0184373 -0.00778948 0.0252498 0.0100408 0.0178209 0.0220653 -0.00503232
internal_weight=60542.1 31053.2 29488.9 28907.1 2146.12 1679.58 29229.2 28977.7 1031.62 25135.8 3771.27 514.73 27089 1888.74 816.153 466.536 2183.08 259.761 516.891 7801.86 26492.9 647.963 1072.58 251.431 86.3554 3668.55 1030.21 1152.87 1588.19 76.3163
internal_count=213780 128620 85160 120932 7688 5769 84198 83381 3725 105963 14969 1772 77712 5669 2379 1919 8535 962 1953 32479 75914 2044 3290 817 297 15150 3960 4575 6434 264
cat_boundaries=0 1 3 5 6
cat_threshold=1090543616 1089592860 82519 2530614348 354688 805574912
is_linear=0
shrinkage=0.02


Tree=6
num_leaves=31
num_cat=0
split_feature=38 13 38 18 22 22 21 18 26 38 18 13 24 47 22 38 13 26 21 49 23 39 13 49 26 22 17 22 2 32
split_gain=159528 4403.98 2713.46 1219.52 687.87 397.404 267.695 212.844 172.682 160.029 110.966 92.0726 73.0932 84.289 69.7994 83.9924 60.5003 60.2007 55.5319 47.2772 45.9007 44.3968 43.4795 43.1984 38.4866 38.4826 32.1939 30.8037 30.17 29.5261
threshold=2.5000000000000004 1.0000000180025095e-35 1.5000000000000002 1.8750000000000002 0.12499999999999996 0.11313025210084031 18.500000000000004 3.6250000000000004 0.029049534093724402 7.5000000000000009 2.3750000000000004 1.5000000000000002 0.79852133160956706 3.5217927809630729 0.27507541478129721 6.5000000000000009 1.5000000000000002 0.019433027683087054 4.5000000000000009 -3.6999999999999997 0.37500000000000006 0.93750000000000011 1.5000000000000002 2.9357142857142859 0.029049534093724402 0.19603435672514616 1.376892636821528 0.12499999999999996 0.8542199457734333 3.7488436413601636
decision_type=2 2 2 2 2 2 8 2 2 2 2 2 2 2 2 2 2 2 8 2 2 2 2 2 2 2 2 2 2 2
left_child=2 4 3 8 6 -4 12 16 11 -8 17 18 13 -2 15 20 28 29 -1 -11 -6 -18 -3 -14 -17 -19 -16 -10 -5 -7
right_child=1 22 5 7 14 10 9 -9 27 19 -12 -13 23 -15 26 24 21 25 -20 -21 -22 -23 -24 -25 -26 -27 -28 -29 -30 -31
leaf_value=0.01634951283052016 -0.03939630504817624 0.0059029959600097361 -0.022139495466348195 0.018942236633171908 -0.029434599916335926 -0.010745619491323169 -0.031567262593509046 0.030497938863812496 0.024707654380021263 -0.037387356586464825 0.015169445941493907 0.017707316714830706 -0.021258484501144547 -0.012634837497037721 -0.0095145370866207505 -0.010359109191185621 0.024875655996601576 -0.0036681167904813777 0.0064373043541677971 -0.040979776706463661 -0.0059940525495208877 0.028438885735919708 0.028942523432593594 -0.031389415991851695 0.019736690762810517 0.0092754761009287041 0.011311245452127585 0.018590455643306785 0.027847768084736595 0.0057344715742688639
leaf_weight=317.38088531792164 763.06158441305161 40.356216952204704 311.48076918721199 687.10200773179531 227.61567209661007 220.77824077010155 871.80171750485897 17199.097026735544 835.92677895724773 2148.1506714820862 250.45652863383293 947.61310337483883 255.46777825057507 56.349191799759865 100.50412048399448 61.784015387296677 2642.3425184041262 139.12208676338196 843.15273554623127 24317.501986935735 43.760516285896301 4438.177594050765 364.36641745269299 986.61490359902382 19.880471915006638 251.20491361618042 38.163556605577469 729.51459631323814 240.68799956142902 50.234283044934273
leaf_count=1255 2198 153 1001 2781 703 758 2636 73484 3443 6259 978 3779 816 186 341 209 10980 494 3201 69424 151 18730 1543 2977 78 947 144 2937 1008 186
internal_value=-0.00619078 -0.0385901 0.0264141 0.0276498 -0.0394781 -0.00274038 -0.0398714 0.029221 0.0168481 -0.0404064 0.00391561 0.0130535 -0.0327189 -0.0376331 -0.0158216 -0.0205254 0.0264657 -0.000365497 0.00920043 -0.0406932 -0.0258345 0.0271231 0.0267546 -0.029378 -0.00235659 0.00461842 -0.00352362 0.0219107 0.0213563 -0.00758858
internal_weight=60399.7 30295.4 30104.3 28881 29890.7 1223.28 29398.9 25207.4 3673.59 27337.5 911.796 2108.15 2061.49 819.411 491.708 353.041 8008.31 661.34 1160.53 26465.7 271.376 7080.52 404.723 1242.08 81.6645 390.327 138.668 1565.44 927.79 271.013
internal_count=213780 87818 125962 121598 86122 4364 84496 106983 14615 78319 3363 8235 6177 2384 1626 1141 33499 2385 4456 75683 854 29710 1696 3793 287 1441 485 6380 3789 944
is_linear=0
shrinkage=0.02


Tree=7
num_leaves=31
num_cat=3
split_feature=15 38 38 15 0 22 22 21 18 38 14 26 38 24 22 0 23 39 26 42 41 22 22 0 15 26 42 26 26 15
split_gain=153792 3040.17 2833.07 925.789 859.782 524.586 373.554 262.395 177.736 170.406 122.74 108.184 108.085 85.8257 81.9326 71.1033 70.5533 55.5395 54.6777 53.4494 48.5138 45.1802 43.3246 43.1891 41.5265 37.8548 35.5406 29.5084 28.3656 25.6528
threshold=0.68750000000000011 1.5000000000000002 2.5000000000000004 1.9375000000000002 0 0.12499999999999996 0.083333333333333273 3.5000000000000004 3.6250000000000004 1.5000000000000002 1.5000000000000002 0.029049534093724402 7.5000000000000009 0.79852133160956706 0.32002164502164504 1 1.0000000180025095e-35 1.0000000180025095e-35 0.015908411030283655 14.407142857142858 0.40000000000000002 0.20627185314685317 0.24881652661064427 2 1.9375000000000002 0.028348404389881954 3.0714285714285716 0.017789415239374103 0.050070448810054506 1.4375000000000002
decision_type=2 2 2 2 1 2 2 8 2 2 2 2 2 2 2 1 2 2 2 2 2 2 2 1 2 2 2 2 2 2
left_child=2 3 9 11 24 23 7 13 20 22 14 15 -9 19 -7 29 -14 -8 -12 -4 -5 -11 27 28 -3 -22 -15 -1 -6 -2
right_child=1 4 6 8 5 10 17 12 -10 21 18 -13 16 26 -16 -17 -18 -19 -20 -21 25 -23 -24 -25 -26 -27 -28 -29 -30 -31
leaf_value=0.0050196135406960097 0.0064485023561911547 0.011143760106265926 -0.038805252270406994 0.027889842352539117 -0.016996316789287091 -0.011916095902203184 -0.00040716840363482431 -0.031278100795997868 0.03013513760557137 -0.021349923970925323 -0.0038504653197952098 0.021992775928721314 -0.039836651666661636 -0.019836981852883507 0.0078216501028095103 0.018028682870529698 0 -0.021534209140511545 0.012154706432386048 -0.021090586469980414 0.021554030797165002 -0.0012774713494979623 -0.0026045694081157818 -0.028063188396914112 0.029252111323282867 0.02625415183104467 -0.029749200151951434 0.016476340477169164 0.0019609898816076521 0.013746128605133865
leaf_weight=167.57596610486507 455.71285277605057 69.793182000517845 725.43317840993404 4299.0880513191223 140.5851277410984 277.37729945778847 62.894891977310181 695.09505499899387 17059.474957317114 114.44113002717495 104.44178429245949 1464.6896395385265 26574.151510879397 222.13355626165867 116.49383851885796 1134.1231199204922 17.335052520036697 279.92402440309525 401.9275738298893 94.211445644497871 1327.7555662691593 76.805741369724274 105.34459507465363 313.78750959038734 343.18176534771919 2071.6337600797415 884.68313565850258 219.27922801673412 37.391247615218163 368.77501060068607
leaf_count=631 1736 270 2084 18272 459 941 223 2090 73484 368 373 6013 75905 712 434 4549 63 893 1550 297 5474 273 385 964 1470 8733 2679 868 134 1453
internal_value=-0.00608321 0.0260097 -0.0379076 0.0276212 0.000833825 -0.00671187 -0.0388385 -0.0390834 0.028972 0.00231201 0.00230471 0.0178292 -0.0395972 -0.0317452 -0.00601294 0.0146765 -0.0398103 -0.0177532 0.00881104 -0.0368777 0.0263814 -0.0135359 0.0085549 -0.0233079 0.0257239 0.0244448 -0.0278369 0.0116417 -0.0122592 0.00965802
internal_weight=60225.5 29986.2 30239.3 28181.3 1804.98 1392 29555.9 29213 24758 683.447 900.24 3423.3 27286.6 1926.46 393.871 1958.61 26591.5 342.819 506.369 819.645 7698.48 191.247 492.2 491.764 412.975 3399.39 1106.82 386.855 177.976 824.488
internal_count=213780 126309 87471 119714 6595 4855 84946 83830 105963 2525 3298 13751 78058 5772 1375 7738 75968 1116 1923 2381 32479 641 1884 1557 1740 14207 3391 1499 593 3189
cat_boundaries=0 1 3 5
cat_threshold=24576 2936930787 440584 177510697 100364
is_linear=0
shrinkage=0.02


Tree=8
num_leaves=31
num_cat=5
split_feature=15 13 13 15 22 22 0 21 18 41 16 14 26 15 24 13 47 0 0 22 26 0 22 49 0 26 49 26 13 16
split_gain=148010 3116.93 2747.55 885.412 777.152 631.164 360.388 247.56 173.98 158.725 132.154 106.776 100.095 82.7448 81.7597 76.4399 76.0385 71.4597 55.6749 54.823 52.3812 50.1032 44.3215 41.0398 39.3121 34.4488 34.2018 29.2107 27.7648 23.1774
threshold=0.68750000000000011 1.0000000180025095e-35 1.0000000180025095e-35 1.9375000000000002 0.12499999999999996 0.12491987179487171 0 2.5000000000000004 3.8750000000000004 0.54545454545454619 1.0000000180025095e-35 1.5000000000000002 0.029049534093724402 2.0625000000000004 0.79852133160956706 1.5000000000000002 3.5217927809630729 1 2 0.3305555555555556 0.021501176077194553 3 0.24881652661064427 -3.6999999999999997 4 0.016883707070932154 2.9357142857142859 0.017789415239374103 1.5000000000000002 0.087121212121212113
decision_type=2 2 2 2 2 2 1 8 2 2 10 2 2 2 2 2 2 1 1 2 2 1 2 2 1 2 2 2 2 10
left_child=2 4 5 12 9 7 13 14 20 -2 23 19 15 -6 16 17 -1 -3 -11 -8 28 -7 27 -9 -13 -23 -16 -4 -5 -27
right_child=1 3 22 8 6 21 11 10 -10 18 -12 24 -14 -15 26 -17 -18 -19 -20 -21 -22 25 -24 -25 -26 29 -28 -29 -30 -31
leaf_value=-0.037785405664384257 0.010766182468644889 0.017425720486013187 0.0053795303358724414 0.014441353074555565 0.01090562207617171 -0.0015503301317530515 -0.014155669771279716 -0.035932219919605421 0.029827453010800239 -0.0091901312717410245 -0.031663929503414817 0.011962733259690614 0.021718395887989357 0.027679780912788523 -0.019840953780995384 0.018450466713937443 -0.012360064697544653 0.0055338740659898805 -0.026812235949381705 0.0037508588286125082 0.026995100088232152 -0.024744105507129483 -0.0023639073783963856 -0.039353149786318528 -0.00021764633025756015 0.0081232106776198739 -0.029279875372279936 0.016586256155972711 0.023622976888419474 -0.014145903994403929
leaf_weight=764.4936761111021 61.482808366417885 345.12893036007881 173.38371384143829 178.24484401941299 194.46887899935246 111.21213954687119 223.67946530878544 2092.0113622993231 16822.041609525681 144.19716854393482 1112.2740601152182 221.58060590922832 1449.6486483663321 342.95863056182861 243.12923273444176 1012.7478091567755 56.598781138658524 570.39984355866909 362.00973400473595 94.176499173045158 6140.8024543821812 181.77061860263348 107.51567839086056 24164.874643996358 196.11024941504002 18.069508284330368 843.37980301678181 228.59699009358883 1411.1118246614933 153.52367971837521
leaf_count=2198 243 1387 655 719 748 390 747 6077 73096 488 3322 858 5985 1460 776 4088 186 2175 1115 345 26209 571 393 68871 715 67 2548 909 5931 508
internal_value=-0.00598073 0.0256764 -0.0371356 0.0273375 0.000456 -0.0379247 0.00914281 -0.0382925 0.0286613 -0.0189337 -0.0387881 -8.49529e-05 0.0176932 0.0213463 -0.0311222 0.0146277 -0.0361085 0.0103308 -0.0226225 -0.00880241 0.0261104 -0.0146021 0.00883702 -0.0390855 0.00651479 -0.0180558 -0.0272465 0.0118776 0.022635 -0.011587
internal_weight=60021.6 29770.8 30250.8 27930.1 1840.66 29741.3 1272.97 29276.8 24552.2 567.69 27369.2 735.547 3377.93 537.428 1907.6 1928.28 821.092 915.529 506.207 317.856 7730.16 464.576 509.496 26256.9 417.691 353.364 1086.51 401.981 1589.36 171.593
internal_count=213780 126309 87471 119590 6719 85514 4873 83978 105955 1846 78270 2665 13635 2208 5708 7650 2384 3562 1603 1092 32859 1536 1957 74948 1573 1146 3324 1564 6650 575
cat_boundaries=0 2 4 6 8 10
cat_threshold=1125210113 262144 284512780 66225 43276576 100360 528511001 642 2496005580 92546
is_linear=0
shrinkage=0.02


Tree=9
num_leaves=31
num_cat=7
split_feature=15 13 13 15 38 38 38 21 41 0 26 38 0 26 0 24 47 26 50 49 0 0 42 15 15 0 0 26 26 13
split_gain=142531 3037.05 2637.48 871.411 724.463 495.966 248.206 199.189 157.992 144.504 97.8033 89.8854 84.3831 75.3422 68.6185 63.6497 73.5976 61.6891 59.9433 44.7669 42.3078 42.2614 39.4942 34.7147 33.6274 33.5751 26.6316 25.3428 25.3099 24.9856
threshold=0.68750000000000011 1.0000000180025095e-35 1.0000000180025095e-35 1.9375000000000002 1.5000000000000002 7.5000000000000009 2.5000000000000004 2.5000000000000004 0.39851988391580934 0 0.017154390559353454 2.5000000000000004 1 0.029561139873942901 2 0.79852133160956706 3.5217927809630729 0.020285650902645502 29.950000000000006 -3.6999999999999997 3 4 3.0714285714285716 3.4375000000000004 1.9375000000000002 5 6 0.012854076033517103 0.077230447859481716 1.5000000000000002
decision_type=2 2 2 2 2 2 2 8 2 1 2 2 1 2 1 2 2 2 2 2 1 1 2 2 2 1 1 2 2 2
left_child=2 4 5 10 24 11 9 15 23 18 14 -1 -8 20 -3 16 -7 -11 -6 -9 -10 -12 -17 -5 -2 -4 27 -13 -23 -16
right_child=1 3 25 8 6 7 12 19 13 17 21 26 -14 -15 29 22 -18 -19 -20 -21 -22 28 -24 -25 -26 -27 -28 -29 -30 -31
leaf_value=-0.012358150553972063 0.010993615003986419 0.016631585599203545 0.01453463255274603 0.027217498911758762 -0.0061474904492027907 -0.03699215607920852 -0.0055579124404587198 -0.034991197544623348 0.014342152234618438 -0.0025626843982738345 0.02273780057975824 -0.02695959120672466 -0.026219884932473458 0.027153728074188789 0.00062704921626420714 -0.018651771871833013 -0.011925904971757708 0.012444950261136008 -0.030919869276849414 -0.038452595861453956 0.023844771652802854 0.015387588299313264 -0.02942654357804169 0.029791021636641421 0.026150858208428152 0.0036646787471923802 -0.02882110232367761 -0.0094411973617138864 0.027018329138519214 0.010476283874522105
leaf_weight=205.85874116420746 84.322131022810936 518.27915571630001 213.39470300078392 3257.0739905387163 501.45054993033409 763.08629608154297 147.02472019195557 2159.2003275454044 381.74731631577015 166.6580559015274 1180.8881745934486 53.784934863448143 256.709073767066 4392.5291885882616 222.41395528614521 207.74143700301647 56.297853127121925 301.61964739859104 40.359687969088554 24504.039483234286 1774.3892498463392 1154.8964055329561 744.78171803057194 14542.519523501396 339.92382039129734 295.11023582518101 929.86714705824852 106.96267639100552 89.347392961382866 197.38887052237988
leaf_count=690 330 2085 844 14055 1757 2195 507 6281 1567 594 4914 163 791 19001 828 665 185 1162 122 69931 7533 4657 2239 63799 1456 1113 2811 354 380 771
internal_value=-0.0058829 0.0253538 -0.0364064 0.027005 0.000445942 -0.037179 -0.00642758 -0.0377345 0.028326 -0.0010913 0.0174188 -0.0249214 -0.0196225 0.0255929 0.0118127 -0.031011 -0.035344 0.00693196 -0.00804199 -0.038177 0.0223707 0.0195618 -0.0271635 0.0293259 0.0232834 0.00867966 -0.027234 -0.0149014 0.0161721 0.00522334
internal_weight=59789.7 29549.5 30240.1 27711.5 1838.07 29731.6 1413.82 28435.1 24348.3 1010.09 3363.21 1296.47 403.734 6548.67 938.082 1771.91 819.384 468.278 541.81 26663.2 2156.14 2425.13 952.523 17799.6 424.246 508.505 1090.61 160.748 1244.24 419.803
internal_count=213780 126309 87471 119590 6719 85514 4933 81496 105955 3635 13635 4018 1298 28101 3684 5284 2380 1756 1879 76212 9100 9951 2904 77854 1786 1957 3328 517 5037 1599
cat_boundaries=0 2 4 6 8 10 12 14
cat_threshold=543785719 170621 1628990244 329742 1627256457 114790 486547475 22812 284810812 66049 1625841296 131270 1988120832 17
is_linear=0
shrinkage=0.02


Tree=10
num_leaves=31
num_cat=0
split_feature=38 13 13 37 22 16 21 38 22 16 26 16 22 26 26 21 24 47 29 26 41 13 49 23 49 21 39 14 20 20
split_gain=137064 3739.65 2510.96 857.293 594.626 349.654 234.231 198.155 342.857 147.784 92.8406 79.7503 84.3167 77.8064 72.3267 64.1171 63.8724 72.9141 48.4917 47.5645 47.55 40.2706 38.9033 38.5085 37.1814 35.2827 29.1562 27.2901 26.7934 22.6671
threshold=2.5000000000000004 1.0000000180025095e-35 1.5000000000000002 1.0000000180025095e-35 0.12499999999999996 2.1742424242424243 18.500000000000004 1.5000000000000002 0.11313025210084031 0.087121212121212113 0.020285650902645502 1.0000000180025095e-35 0.28340695962179346 0.023773446953453455 0.034810207786709055 12.500000000000002 0.79852133160956706 3.5217927809630729 2.2798260546013762 0.020285650902645502 0.39851988391580934 1.5000000000000002 -3.6999999999999997 0.37500000000000006 2.9357142857142859 11.500000000000002 0.84523809523809534 1.0000000180025095e-35 -0.69999999999999785 3.6000000000000032
decision_type=2 2 2 2 2 8 8 2 2 10 2 10 2 2 2 8 2 2 2 2 2 2 2 2 2 8 2 2 2 2
left_child=2 4 3 13 6 14 16 15 -9 22 -10 -6 23 18 25 -5 17 -2 -1 -17 -7 -3 -8 -13 -18 29 -27 -15 -14 -4
right_child=1 21 5 7 11 20 9 8 10 -11 -12 12 28 27 -16 19 24 -19 -20 -21 -22 -23 -24 -25 -26 26 -28 -29 -30 -31
leaf_value=0.0071626615166434692 -0.036331783807272887 0.005367833902255259 0.023333592850873667 0.016402099972543046 0.0054872774061121453 0.02920225078918327 -0.034544054528583154 -0.020754506918644812 -0.0048524664966537708 -0.029968866401545217 0.0083894798083750666 -0.026165487097733389 0.0099119699012263935 -0.0013762566496463629 0.025793561480015152 0 -0.01947156647291309 -0.011481424128770248 0.018464443541466657 0.010036922906878932 0.026637433960524554 0.027634929214498134 -0.037858276782096308 -0.0049669369189391807 -0.028850865236514037 0.015324166681383779 0.021297864367585118 0.02327671984585996 -0.009596584291627356 0
leaf_weight=243.40012449026108 763.72554455697536 40.066576942801476 1100.1760170161724 323.33837144076824 66.39842900633812 16239.230479598045 2106.5923656076193 312.54831287264824 333.00994791090488 1159.7984417825937 565.5826368033886 260.64842873811722 37.720922708511353 16.308189645409584 1544.5259313583374 330.28035271167755 256.99994465708733 56.588740050792694 465.26999363303185 431.98422576487064 4361.7338169813156 353.33663648366928 24071.005049780011 44.009999394416809 990.57887463271618 856.13552998006344 659.38796842098236 1439.3296712636948 85.548221260309219 17.524847760796547
leaf_count=951 2198 153 4659 1306 243 71744 6124 997 1173 3470 2142 805 141 62 6655 1228 816 186 1907 1704 18985 1543 68725 151 2977 3492 2775 6113 286 69
internal_value=-0.00578914 -0.0356024 0.0250978 0.011267 -0.0364091 0.0275854 -0.0367757 0.00273908 -0.00280809 -0.0372768 0.00346014 -0.014472 -0.017632 0.0202912 0.0222442 0.00893676 -0.0300976 -0.0346899 0.0146574 0.00569209 0.0286641 0.0254754 -0.0375963 -0.0232465 -0.0269861 0.0201277 0.0179734 0.0229845 -0.00337482 0.022975
internal_weight=59532.8 30293 29239.8 4461.05 29899.6 24778.7 29405.3 2296.74 1211.14 27337.4 898.593 494.326 427.928 2164.31 4177.75 1085.6 2067.89 820.314 708.67 762.265 20601 393.403 26177.6 304.658 1247.58 2633.22 1515.52 1455.64 123.269 1117.7
internal_count=213780 87818 125962 17583 86122 108379 84496 8550 4312 78319 3315 1626 1383 9033 17650 4238 6177 2384 2858 2932 90729 1696 74849 956 3793 10995 6267 6175 427 4728
is_linear=0
shrinkage=0.02


Tree=11
num_leaves=31
num_cat=4
split_feature=15 13 13 15 22 22 38 21 15 41 16 14 26 22 24 13 0 47 41 0 0 0 22 20 49 26 26 42 41 38
split_gain=132423 2880.68 2430.53 850.877 708.952 576.357 339.977 227.099 154.763 138.268 121.463 108.595 94.6968 77.9405 74.9097 71.2069 67.831 67.7754 59.4939 51.5877 49.3397 48.0096 42.5603 41.5931 37.9904 35.2237 32.2215 32.1415 24.4856 22.1249
threshold=0.68750000000000011 1.0000000180025095e-35 1.0000000180025095e-35 1.9375000000000002 0.12499999999999996 0.12491987179487171 1.5000000000000002 2.5000000000000004 3.8125000000000004 0.54545454545454619 1.0000000180025095e-35 1.5000000000000002 0.029049534093724402 0.29642857142857149 0.79852133160956706 1.5000000000000002 0 3.5217927809630729 0.40000000000000052 1 2 3 0.12491987179487171 -0.20000000000000032 -3.6999999999999997 0.050070448810054506 0.016883707070932154 3.0714285714285716 1.4142135623730965 6.5000000000000009
decision_type=2 2 2 2 2 2 2 8 2 2 10 2 2 2 2 2 1 2 2 1 1 1 2 2 2 2 2 2 2 2
left_child=2 4 5 12 9 7 -6 14 18 -2 24 13 15 -8 17 16 -3 -1 -5 -13 25 -7 -4 -20 -9 -11 -23 -16 -10 -28
right_child=1 3 22 8 6 21 11 10 28 20 -12 19 -14 -15 27 -17 -18 -19 23 -21 -22 26 -24 -25 -26 -27 29 -29 -30 -31
leaf_value=-0.035664128414141627 0.0098942324140154757 0.016910153147182208 0.01300394476878213 0.026871708387062303 0.025479268947391099 -0.00095307500209220657 -0.011645144403814922 -0.033894978470975723 0.02889809470347552 -0.014040750024351532 -0.029815633649909724 -0.0012724130338845907 0.020811801095493139 0.0068618823382995669 -0.018001112435693079 0.017587041573940906 0.0051963510031431664 -0.011654190717306398 0.019447885603195676 0.012413965596646113 -0.025292510488785346 -0.023360371747034234 0.001049439238116571 0.024712597604304457 -0.03718017007554851 0.010176220824143902 -0.013273167179911886 -0.027436266126882825 0.0095374324708217637 0.0079010669721529831
leaf_weight=762.57555569708347 60.65417967736721 325.90730360150337 304.51465404033661 4726.9217057675123 350.2144873291254 111.53687416017056 266.85449939966202 2087.8115497380495 15882.886666938663 113.64014630019665 1113.2810580283403 157.6549631357193 1425.0503129512072 133.49825678765774 220.5886342227459 998.67879663407803 581.8868567943573 56.724622413516045 985.40478044748306 356.68359734117985 367.20999608933926 182.58201313018799 201.64823617041111 2300.5312900096178 24076.315641880035 26.945364385843277 152.80812811851501 867.72517549991608 32.955264687538147 19.352177113294601
leaf_count=2198 243 1327 1202 20785 1514 390 899 6077 70899 374 3322 572 5985 497 704 4088 2235 186 4175 1391 1129 571 755 9960 68871 100 504 2620 136 71
internal_value=-0.00569952 0.02474 -0.0350654 0.0263719 0.000460827 -0.0358074 0.00880656 -0.0361606 0.0276932 -0.0180237 -0.0366367 0.00233873 0.0168597 -0.00541923 -0.0292963 0.0138671 0.00970825 -0.0340747 0.0253609 0.00841247 -0.0214361 -0.0135642 0.00831496 0.023159 -0.0369227 -0.00854888 -0.0169323 -0.0255969 0.0288611 -0.0106843
internal_weight=59251 29093.6 30157.5 27260.2 1833.36 29651.3 1264.91 29185 23928.7 568.45 27277.4 914.691 3331.52 400.353 1907.61 1906.47 907.794 819.3 8012.86 514.339 507.796 466.279 506.163 3285.94 26164.1 140.586 354.742 1088.31 15915.8 172.16
internal_count=213780 126309 87471 119590 6719 85514 4873 83978 105955 1846 78270 3359 13635 1396 5708 7650 3562 2384 34920 1963 1603 1536 1957 14135 74948 474 1146 3324 71035 575
cat_boundaries=0 2 4 6 8
cat_threshold=284512780 66097 671621680 37949 9722144 100364 528511001 642
is_linear=0
shrinkage=0.02


Tree=12
num_leaves=31
num_cat=7
split_feature=15 13 13 38 38 18 14 21 14 0 14 26 0 0 15 24 47 26 0 49 0 16 42 50 0 0 31 26 13 26
split_gain=127726 2812.09 2340.71 1261.41 455.944 309.26 228.01 183.403 157.321 123.296 85.0065 83.4381 85.8615 82.1824 65.512 58.3178 66.0128 55.6097 44.4431 42.8293 40.4789 36.7592 35.7655 33.8899 31.7681 27.3194 26.8738 24.0161 21.3763 20.3962
threshold=0.68750000000000011 1.5000000000000002 1.0000000180025095e-35 1.5000000000000002 7.5000000000000009 2.8750000000000004 1.0000000180025095e-35 2.5000000000000004 2.5000000000000004 0 1.0000000180025095e-35 0.023773446953453455 1 2 1.6875000000000002 0.79852133160956706 3.5217927809630729 0.020038486185837801 3 0.78571428571428581 4 2.6306818181818183 3.0714285714285716 29.950000000000006 5 6 4.1705093512483282 0.016596553965101554 16.500000000000004 0.021275401783873254
decision_type=2 2 2 2 2 2 2 8 2 1 2 2 1 1 2 2 2 2 1 2 1 8 2 2 1 1 2 2 2 2
left_child=2 3 4 8 10 14 13 15 11 23 25 12 -2 26 20 16 -6 -11 -13 -9 -3 -7 -17 -8 -4 27 -5 -1 -16 -26
right_child=1 5 24 6 7 21 9 19 -10 17 -12 18 -14 -15 28 22 -18 -19 -20 -21 -22 -23 -24 -25 29 -27 -28 -29 -30 -31
leaf_value=-0.022221336297896001 0.00058713615309344974 0.021572983375449158 0.012304444738632375 -0.0089107153591690951 -0.034982899041282517 0.025065580005656899 -0.0057825055413257683 -0.034000990861174557 0.023597331226533184 -0.0020946820360582632 -0.010745759549745186 0.0082226149926278493 0.013884367503297183 -0.023377413839450197 0.023953446736242955 -0.017496280591545604 -0.011238588087851959 0.011921777551763262 0.019862409321742495 -0.036528953005383655 0.012491965147528865 0.028475425809512369 -0.02773773281830804 -0.026869094029912232 -0.0038061119999550676 -0.027134419149293314 0.010371337283779945 -0.0062491896675982931 0.0013966077037590623 0.0083183470962451007
leaf_weight=81.29911096394062 327.04969884455204 707.09772877395153 290.18156649172306 139.77319383621216 759.69632831215858 1712.6157038658857 462.93883500993252 4174.9977698475122 1012.3131655454636 170.72509218752384 192.38684299588203 231.4410695284605 511.22727581858635 291.69150179624557 3594.9007018059492 208.35955464839935 56.408016234636307 316.58414965867996 790.57436017692089 22341.010840713978 488.67923337221146 18017.734923496842 744.62679246068001 30.777059987187386 114.00075156986713 942.19680204987526 32.725213021039963 82.08562096953392 19.161416456103325 101.01062396168709
leaf_count=251 1238 2981 1147 474 2195 7555 1624 12131 4386 610 646 933 2061 906 15639 665 185 1226 3329 64081 1983 81071 2239 94 417 2847 122 274 77 393
internal_value=-0.0056137 0.0244459 -0.0344444 0.0095462 -0.0351736 0.0270652 -0.00567618 -0.0357091 0.0172095 -0.000178594 -0.0234312 0.0136903 0.0089129 -0.0171763 0.0224555 -0.0292561 -0.0334133 0.00684799 0.0175518 -0.0361356 0.0182032 0.0281843 -0.0255814 -0.0071477 0.0081669 -0.0255855 -0.0047531 -0.0137481 0.0238406 0.00175377
internal_weight=58946.3 28858 30088.3 4317.82 29583.1 24540.2 1445.22 28285.1 2872.61 981.025 1297.97 1860.29 838.277 464.19 4809.84 1769.09 816.104 487.309 1022.02 26516 1195.78 19730.4 952.986 493.716 505.193 1105.58 172.498 163.385 3614.06 215.011
internal_count=213780 126309 87471 17003 85514 109306 5056 81496 11947 3554 4018 7561 3299 1502 20680 5284 2380 1836 4262 76212 4964 88626 2904 1718 1957 3372 596 525 15716 810
cat_boundaries=0 2 4 6 8 10 12 14
cat_threshold=543785718 170621 2382496147 449800 1629014821 67598 553911362 401682 141680253 491650 1793613498 136134 1988120832 17
is_linear=0
shrinkage=0.02


Tree=13
num_leaves=31
num_cat=9
split_feature=15 13 13 38 22 22 18 16 0 0 18 26 0 15 0 37 0 0 22 0 16 26 0 26 24 26 39 13 0 43
split_gain=123254 2756.79 2256.85 1219.93 552.217 437.611 306.919 161.172 155.534 117.62 107.537 104.045 87.5806 64.4612 57.0112 51.7712 46.819 46.3798 41.3426 37.6052 36.5633 31.7415 29.9254 27.8432 26.4365 22.7892 22.5324 20.8269 19.8405 18.3335
threshold=0.68750000000000011 1.5000000000000002 1.0000000180025095e-35 1.5000000000000002 0.12491987179487171 0.12499999999999996 2.8750000000000004 1.0000000180025095e-35 0 1 2.3750000000000004 0.029049534093724402 2 1.6875000000000002 3 1.0000000180025095e-35 4 5 0.24881652661064427 6 2.6306818181818183 0.016883707070932154 7 0.017789415239374103 4.2473958333333348 0.050070448810054506 1.0000000180025095e-35 16.500000000000004 8 2.9500000000000006
decision_type=2 2 2 2 2 2 2 10 1 1 2 2 1 2 1 2 1 1 2 1 8 2 1 2 2 2 2 2 1 2
left_child=2 3 4 8 7 14 13 9 15 -1 12 24 -7 19 25 -2 -9 -6 23 -3 -8 -19 -12 28 -10 -5 -23 -15 -4 -17
right_child=1 6 18 5 17 10 20 16 11 -11 22 -13 -14 27 -16 29 -18 21 -20 -21 -22 26 -24 -25 -26 -27 -28 -29 -30 -31
leaf_value=-0.026769792185981935 0.023417116860947031 0.011303720002264855 -0.0045238247250652787 -0.014745386164158093 -0.00025915614931349557 0.0058434338012259973 0.024773267731558257 -0.01041541521556375 0.0019901127398304018 -0.03555372785945575 -0.00075307711036546915 0.017462206139486073 -0.0081572180405791346 0.023657502219779546 -0.027099384199186335 0.021827407203559891 -0.029011521130974598 -0.022356519448694066 -0.0027988720460760171 0.020596632713135499 0.028184506071049397 0.010544813973917917 0.016926116091892044 0.01562019285438529 0.0099794499403647006 0.00053153072134269771 -0.012265969367472727 0.001372974114182792 0.0089570297832435013 0.010932352016044287
leaf_weight=1024.0210771560669 1216.1920590847731 381.29252494871616 56.756133258342743 200.17784896492958 107.33576217293739 328.43894921243191 1698.3464024066925 105.44319042563438 340.22635585069656 26669.490107119083 52.026502162218094 618.05535079538822 361.82186371088028 3567.3887332826853 263.44505283236504 97.112536922097206 1231.9826330989599 184.49675756692886 107.01326213777065 808.42635767161846 17841.443081766367 16.145880192518234 194.33170428872108 225.34227101504803 338.27174808084965 45.00979246199131 159.24479994177818 19.153148531913757 115.13097304105759 248.19479115307331
leaf_count=3088 5272 1546 207 653 375 1224 7555 342 1309 76874 189 2611 1253 15639 796 412 3674 576 393 3418 81071 60 782 909 1342 159 525 77 448 1001
internal_value=-0.00553123 0.0241597 -0.0338538 0.00938884 -0.0345711 -0.00556801 0.0267715 -0.034919 0.0169571 -0.0352551 0.00253084 0.0114342 -0.00150351 0.022165 -0.0204481 0.0212901 -0.027881 -0.0128262 0.00802564 0.0179385 0.0278929 -0.0160369 0.0137968 0.0109908 0.00602902 -0.0114274 -0.00991195 0.0235453 0.00464362 0.0142155
internal_weight=58621.8 28619.4 30002.4 4303.3 29498.2 1445.25 24316.1 29030.9 2858.05 27693.5 936.619 1296.55 690.261 4776.26 508.633 1561.5 1337.43 467.223 504.243 1189.72 19539.8 359.887 246.358 397.229 678.498 245.188 175.391 3586.54 171.887 345.307
internal_count=213780 126309 87471 17003 85514 5056 109306 83978 11947 79962 3448 5262 2477 20680 1608 6685 4016 1536 1957 4964 88626 1161 971 1564 2651 812 585 15716 655 1413
cat_boundaries=0 2 3 5 7 9 11 13 15 17
cat_threshold=1391809037 66085 3840 3342367500 345888 177536813 100364 536891648 32 394293273 642 4152754306 16252 2621872 569 1286984 68608
is_linear=0
shrinkage=0.02


Tree=14
num_leaves=31
num_cat=5
split_feature=38 18 38 18 22 37 22 21 18 26 23 0 26 2 21 0 0 18 26 38 24 26 22 22 0 26 0 22 22 41
split_gain=118792 2709.6 2180.23 1087.4 527.7 314.467 309.152 229.356 202.837 149.485 112.293 105.525 83.3947 82.6731 75.9997 70.0755 63.0177 59.1448 55.6406 54.0873 52.0914 43.0206 40.4357 38.6045 37.175 35.96 29.1915 26.8079 25.2904 25.121
threshold=2.5000000000000004 1.3750000000000002 1.5000000000000002 1.8750000000000002 0.12499999999999996 1.5000000000000002 0.11313025210084031 18.500000000000004 3.6250000000000004 0.029049534093724402 1.0000000180025095e-35 0 0.0035305698511303506 0.8542199457734333 11.500000000000002 1 2 2.3750000000000004 0.021501176077194553 7.5000000000000009 0.79852133160956706 0.017418429664473805 0.24999999999999997 0.31185515873015873 3 0.015315442105664353 4 0.18749999999999997 0.22916666666666669 0.95296318527914736
decision_type=2 2 2 2 2 2 2 8 2 2 2 1 2 2 8 1 1 2 2 2 2 2 2 2 1 2 1 2 2 2
left_child=2 4 3 9 7 -3 16 12 18 14 19 21 -2 -12 -1 -6 29 22 26 -9 -14 -8 -13 -17 -11 -16 -5 -7 -19 -4
right_child=1 5 6 8 15 27 11 10 -10 24 13 17 20 -15 25 23 -18 28 -20 -21 -22 -23 -24 -25 -26 -27 -28 -29 -30 -31
leaf_value=0.016642270405943529 -0.035464139743332616 0.026270003475164071 0.0084245885617993798 0.015766430504603045 -0.0010948769475067435 -0.023594077759951308 0.0010205057730060842 -0.02766658292770981 0.027967111240506552 0.013303182249359056 -0.02646753827294307 -0.013200760806989184 -0.030464359387018827 0.0035191240060990468 0.0044132928166503368 -0.022602383103499643 -0.023427234580216508 0 0.02485290512609423 -0.035039095489707302 -0.022424865245550728 0.016125424392619474 -0.00021875139688590835 -0.0064351429985176067 0.021952880462898557 0.011127986615286165 0.023175621824457492 0.0027165856279385996 0.017207154440746726 -0.015559798287808324
leaf_weight=689.98890425264835 458.35142827033997 331.02053667604923 44.394115716218948 664.41412530839443 155.19511348009109 61.012005671858788 108.75051595270634 497.35231281816959 15989.825091838837 457.57920825481415 325.50652213394642 173.81528018414974 566.90021215379238 39.370466306805611 559.38666662573814 244.88139474391937 245.59364871680737 68.093519002199173 5911.4559237658978 26158.268831387162 1033.8882504105568 270.43376871943474 217.14910306036472 86.565619736909866 1040.3467054665089 802.33197064697742 963.42555043101311 17.955319732427597 69.539765045046806 24.616516709327698
leaf_count=2857 1322 1498 163 2842 546 187 395 1491 73484 1898 984 584 1676 147 2157 763 759 252 26421 75656 3190 1072 782 293 4482 3221 4236 65 278 79
internal_value=-0.00545229 -0.033196 0.0239333 0.0251127 -0.0339046 0.0177277 -0.00217358 -0.0342511 0.0266714 0.0147611 -0.0347503 0.00373864 -0.0276485 -0.0231753 0.0112019 -0.0130774 -0.0191703 -0.00206461 0.0239106 -0.0349054 -0.0253361 0.0115845 -0.00609764 -0.0179972 0.0195907 0.00840005 0.0204371 -0.0174872 0.00898837 -0.000127197
internal_weight=58277.4 29976.3 28301.1 27078.8 29566.3 409.988 1222.39 29079.6 23529.1 3549.63 27020.5 907.782 2059.14 364.877 2051.71 486.642 314.604 528.598 7539.3 26655.6 1600.79 379.184 390.964 331.447 1497.93 1361.72 1627.84 78.9673 137.633 69.0106
internal_count=213780 87818 125962 121598 86068 1750 4364 84466 106983 14615 78278 3363 6188 1131 8235 1602 1001 1896 33499 77147 4866 1467 1366 1056 6380 5378 7078 252 530 242
cat_boundaries=0 2 4 6 8 10
cat_threshold=3622853128 353154 1703440409 33283 25434376 36864 1694892035 421810 1594233651 345149
is_linear=0
shrinkage=0.02


Tree=15
num_leaves=31
num_cat=11
split_feature=15 13 13 38 22 22 18 0 0 38 18 30 0 15 0 39 41 0 22 0 41 0 0 14 39 0 42 0 13 0
split_gain=114950 2660.91 2093.38 1135.01 519.376 404.614 302.258 154.667 151.564 102.531 100.778 92.7226 82.3399 61.9599 54.5628 50.9392 49.6579 42.0361 40.5752 39.1346 37.4844 29.1017 28.9399 24.9604 24.7684 22.1378 21.2634 20.5175 20.4278 18.6798
threshold=0.68750000000000011 1.5000000000000002 1.0000000180025095e-35 1.5000000000000002 0.12491987179487171 0.12499999999999996 2.8750000000000004 0 1 7.5000000000000009 2.3750000000000004 0.75862504825077981 2 1.6875000000000002 3 0.93750000000000011 0.65064586096437071 4 0.12491987179487171 5 0.39851988391580934 6 7 3.5000000000000004 1.0000000180025095e-35 8 0.89285714285714279 9 16.500000000000004 10
decision_type=2 2 2 2 2 2 2 1 1 2 2 2 1 2 1 2 2 1 2 1 2 1 1 2 2 1 2 1 2 1
left_child=2 3 4 8 7 14 13 11 16 -9 12 -1 -7 19 29 21 -2 24 27 -3 -8 -10 -12 -18 -6 -20 -13 -4 -15 -5
right_child=1 6 18 5 17 10 20 9 15 -11 22 26 -14 28 -16 -17 23 -19 25 -21 -22 -23 -24 -25 -26 -27 -28 -29 -30 -31
leaf_value=-0.034936355143178513 0.023135996262431183 0.020781464324636043 0.002494137042762092 0.0013511562611406255 0.011129678697229702 0.0056866003643928284 0.027824092142996332 -0.026633876954125224 0.0020560290969186498 -0.034473609339370291 -0.00085636153513269492 -0.028765712347787315 -0.0078906064965611738 0.023095247360607717 -0.026136394917162631 0.015535464782173837 0.011988704087311409 -0.016819093961712498 0.0079078002549571678 0.011861330247056082 0.025371785508622301 0.010629360828649612 0.016490512663891229 0.024783875563188645 -0.0073908347093494618 -0.0047397358545019589 -0.022679649375709873 0.015454175678477362 0.0010134316869540967 -0.013484793776065145
leaf_weight=510.96752573549747 1117.7700805664062 694.83544014394283 90.506455883383751 42.77886874973774 32.580873280763626 327.77817177772522 15353.244020491838 765.83608587086201 289.13080956041813 26104.001888662577 51.959266066551208 435.94714820384979 362.35177025198936 3511.9829261004925 263.45521104335785 571.45743237435818 340.12875191867352 292.88203506171703 82.681561872363091 483.24781885743141 3799.7232074141502 425.02363327145576 192.9683071821928 82.539936259388924 142.02240753173828 117.81054110825062 996.9944376796484 210.75861401855946 19.025332599878311 202.65734750032425
leaf_count=1477 4923 2981 346 154 120 1224 71254 2309 1128 75827 189 1299 1253 15639 796 2409 1395 937 322 1983 17372 1725 782 367 479 433 3066 856 77 658
internal_value=-0.00537609 0.0236139 -0.0327594 0.00905783 -0.0334536 -0.00535006 0.0262163 -0.0337936 0.0164244 -0.0342412 0.00244869 -0.027238 -0.00144833 0.0216162 -0.0196492 0.0109668 0.0207307 -0.0123713 0.00767258 0.0174552 0.0273427 0.00738628 0.0133946 0.0146914 -0.00349585 0.00057311 -0.0246014 0.0122793 0.0229829 -0.0108836
internal_weight=57915 28132.1 29783 4270 29281.2 1443.95 23862.1 28813.7 2826.05 26869.8 935.058 1943.91 690.13 4709.09 508.891 1285.61 1540.44 467.485 501.757 1178.08 19153 714.154 244.928 422.669 174.603 200.492 1432.94 301.265 3531.01 245.436
internal_count=213780 126309 87471 17003 85514 5056 109306 83978 11947 78136 3448 5842 2477 20680 1608 5262 6685 1536 1957 4964 88626 2853 971 1762 599 755 4365 1202 15716 812
cat_boundaries=0 1 3 5 7 9 11 13 15 17 19 20
cat_threshold=40736 1391809037 66085 3342367500 345888 177536813 100364 4291948569 33414 141680253 491650 67108946 420234 2621872 569 548950185 168646 269688905 324152 272384
is_linear=0
shrinkage=0.02


Tree=16
num_leaves=31
num_cat=9
split_feature=15 13 20 38 38 18 14 14 0 0 37 0 0 0 38 24 13 15 26 24 0 41 0 0 0 26 26 27 38 13
split_gain=111065 2611.63 2027.02 1097.6 374.518 300.762 199.818 150.022 126.532 110.712 78.9275 76.3545 70.8287 69.5587 67.8862 67.6455 61.6805 61.0787 51.3872 46.6514 38.2893 37.4744 32.814 30.2466 28.7483 24.7092 22.8342 21.786 20.44 19.9209
threshold=0.68750000000000011 1.5000000000000002 0.099999999999999964 1.5000000000000002 7.5000000000000009 2.8750000000000004 1.0000000180025095e-35 2.5000000000000004 0 1 1.0000000180025095e-35 2 3 4 2.5000000000000004 0.79852133160956706 1.0000000180025095e-35 1.6875000000000002 0.021501176077194553 1.2892769607843138 5 0.45738358950897134 6 7 8 0.042947090223079958 0.012854076033517103 4.1716539355468223 8.5000000000000018 16.500000000000004
decision_type=2 2 2 2 2 2 2 2 1 1 2 1 1 1 2 2 2 2 2 2 1 2 1 1 1 2 2 2 2 2
left_child=2 3 4 7 14 17 11 10 15 24 13 27 -12 -2 -1 -6 -4 20 -11 -17 -3 -7 26 25 -8 -18 -16 -5 -10 -19
right_child=1 5 16 6 8 21 9 -9 28 18 12 -13 -14 -15 22 19 23 29 -20 -21 -22 -23 -24 -25 -26 -27 -28 -29 -30 -31
leaf_value=-0.0085892708516731534 0.005480307681843947 0.020505720292018862 -0.0080382067095708803 -0.0070530691424072903 -0.033780754969215343 0.02747184028957245 -0.015347613765867681 0.022523724937875387 -0.033895410931043986 -0.0011767336393911554 -0.0028135407095761663 -0.021374473210967731 0.011518526946962324 0.018039548731578949 -0.023069817020876623 -0.01219467174011464 -0.0024962116000384433 0.022820044077772363 0.011989802094579885 -0.024681976779590192 0.011670333471739281 0.024653829618558824 -0.025186419400277087 0.011853282381174146 -0.0037096677410443637 0.01823803336157882 -0.0054761779053873949 0.011262138264271915 -0.029621110313438559 0.00099620500547182591
leaf_weight=142.54614631831646 261.89471077919006 690.31587861478329 112.63197410106659 122.35439909994602 299.76308520138264 16278.186490729451 110.90135306119919 983.23492175340652 26041.756178408861 193.32312317192554 207.32976078987122 312.70268881320953 381.54940705001354 977.26118431985378 45.326589033007622 169.2604625672102 138.39840778708458 3483.5724326372147 291.52370616793633 613.41711765527725 481.56336158514023 2676.6408893316984 948.21653737127781 296.55819028615952 383.08457252383232 24.352809965610504 94.197095483541489 29.302939131855965 725.7024791687727 19.019181191921234
leaf_count=488 1056 2981 380 417 872 76307 362 4386 76029 696 789 975 1551 4165 138 546 515 15639 1140 1867 1983 12319 2877 1186 1356 101 314 110 2158 77
internal_value=-0.00530274 0.0233506 -0.0322476 0.00891048 -0.032981 0.0259483 -0.00525015 0.0161849 -0.0334617 -9.23491e-05 0.0127333 -0.0160092 0.00659716 0.0156103 -0.022028 -0.0251795 0.00498435 0.0213447 0.0065889 -0.0220638 0.0172049 0.0270789 -0.0237424 0.00825244 -0.00668842 0.00071636 -0.0109305 -0.00303863 -0.033771 0.0227082
internal_weight=57535.9 27883.8 29652.1 4254.46 29080.2 23629.3 1443.19 2811.27 27849.9 978.833 1828.04 464.36 588.879 1239.16 1230.29 1082.44 571.941 4674.47 484.847 782.678 1171.88 18954.8 1087.74 459.309 493.986 162.751 139.524 151.657 26767.5 3502.59
internal_count=213780 126309 87471 17003 85289 109306 5056 11947 81472 3554 7561 1502 2340 5221 3817 3285 2182 20680 1836 2413 4964 88626 3329 1802 1718 616 452 527 78187 15716
cat_boundaries=0 1 3 5 7 9 11 13 15 17
cat_threshold=3840 543785718 170621 1628981797 67594 2235957319 420106 134146 431120 141680253 491650 914379008 1 2501091648 355385 2 125
is_linear=0
shrinkage=0.02


Tree=17
num_leaves=31
num_cat=6
split_feature=15 13 20 38 22 22 18 21 0 16 18 26 26 0 0 15 13 0 15 16 49 16 0 22 41 22 0 26 30 26
split_gain=107350 2565.03 1962 1061.87 406.702 385.031 299.496 210.617 147.017 115.976 105.862 99.3535 80.2677 75.4425 72.5372 60.2383 59.4366 58.1221 48.7263 47.9709 39.3944 37.9194 37.4794 33.8802 31.9353 31.477 28.7503 28.1008 25.7151 25.1328
threshold=0.68750000000000011 1.5000000000000002 0.099999999999999964 1.5000000000000002 0.12491987179487171 0.12491987179487171 2.8750000000000004 3.5000000000000004 0 1.0000000180025095e-35 2.3750000000000004 0.029049534093724402 0.0060820248065185005 1 2 1.6875000000000002 1.0000000180025095e-35 3 2.1875000000000004 1.0000000180025095e-35 -3.6999999999999997 2.6306818181818183 4 0.24999999999999997 0.65064586096437071 0.24881652661064427 5 0.017789415239374103 4.2385321271434293 0.050070448810054506
decision_type=2 2 2 2 2 2 2 8 1 10 2 2 2 1 1 2 2 1 2 10 2 8 1 2 2 2 1 2 2 2
left_child=2 3 4 8 7 17 15 12 18 20 13 28 -1 -7 -14 22 -4 -5 24 -6 -9 -8 -3 -21 -2 27 -12 -18 -10 -19
right_child=1 6 16 5 19 10 21 9 11 -11 26 -13 14 -15 -16 -17 25 29 -20 23 -22 -23 -24 -25 -26 -27 -28 -29 -30 -31
leaf_value=-0.03228712572375856 0.020058511301160622 0.020235741382171494 -0.0078770481002317858 -0.026545912831431557 0.0061140994702181825 0.0049760930119562268 0.023617578630345925 -0.030488089427026407 0.0012827342368367702 -0.026495377059832514 -0.00049377856674979255 0.016528271912825795 -0.013688213040758632 -0.0078731058696191181 -0.026271379666482072 0.022439752850872623 0.0041557220370982539 -0.014027673713166091 0.024193269883451128 -0.021531324535421125 -0.033782328620979046 0.027124553915211017 0.011482500370945468 -0.0091580543046095395 0.011403809906229287 -0.0026556988943777153 0.016596012420812659 0.015467521159584994 0.0091891337505289779 0.0023765977468022921
leaf_weight=622.22778950631618 471.81320297718048 685.754827439785 112.69830903410912 244.03473180532455 44.375097796320915 340.987589225173 1636.1846618801355 2047.9499699026346 336.87829057872295 1074.106144413352 54.312886312603951 605.25990419089794 356.82752400636673 364.8378224670887 926.98412284255028 3473.9501573592424 165.14148515462875 203.85072901844978 733.26856814324856 181.59409482777119 23482.328330904245 17118.551747575402 479.88176354765892 201.18050062656403 315.13663519918919 84.402240589261055 192.64220684766769 208.82446540892124 334.03250379860401 42.183533161878586
leaf_count=1826 2045 2981 380 733 159 1270 7555 6077 1309 3241 198 2611 1143 1257 2799 15716 634 663 3344 567 68805 81071 1983 672 1296 312 785 856 1342 150
internal_value=-0.00523219 0.0230937 -0.0317584 0.00876426 -0.032483 -0.00515348 0.0256879 -0.0327741 0.0159504 -0.0332425 0.00224562 0.01057 -0.0261827 -0.00168346 -0.0231401 0.021079 0.00489782 -0.0195053 0.020222 -0.0129136 -0.0335225 0.0268235 0.0169594 -0.0152018 0.0166745 0.0081129 0.0134408 0.0105982 0.00527223 -0.01071
internal_weight=57142.2 27633.6 29508.6 4239.24 28937.6 1442.85 23394.3 28510.4 2796.39 26604.4 952.781 1276.17 1906.04 705.825 1283.81 4639.59 571.067 490.069 1520.22 427.15 25530.3 18754.7 1165.64 382.775 786.95 458.368 246.955 373.966 670.911 246.034
internal_count=213780 126309 87471 17003 85289 5056 109306 83891 11947 78123 3510 5262 5768 2527 3942 20680 2182 1546 6685 1398 74882 88626 4964 1239 3341 1802 983 1490 2651 813
cat_boundaries=0 2 4 5 7 9 11
cat_threshold=1391809037 66085 3342367500 345890 15729152 73991874 423920 141680253 491650 2622384 553
is_linear=0
shrinkage=0.02


Tree=18
num_leaves=31
num_cat=6
split_feature=15 13 38 38 22 18 22 21 14 13 16 18 26 26 0 24 0 16 15 0 0 49 22 0 41 22 41 0 26 22
split_gain=103800 2519.24 1904.8 1026.84 370.668 298.463 279.325 215.632 145.604 110.11 99.2956 92.634 83.5637 77.5273 79.9817 76.4179 74.8543 64.5591 59.4301 50.7268 43.3071 38.488 38.2476 38.2412 38.1728 36.682 33.4904 26.7874 24.3915 21.5673
threshold=0.68750000000000011 1.5000000000000002 2.5000000000000004 1.5000000000000002 0.12499999999999996 2.8750000000000004 0.083333333333333273 3.5000000000000004 2.5000000000000004 1.0000000180025095e-35 1.0000000180025095e-35 2.3750000000000004 0.0052557365575992511 0.023773446953453455 0 0.79852133160956706 1 1.0000000180025095e-35 1.6875000000000002 2 3 -3.6999999999999997 0.24881652661064427 4 0.39851988391580934 0.20627185314685317 0.86066296582387103 5 0.017789415239374103 0.45019841269841276
decision_type=2 2 2 2 2 2 2 8 2 2 10 2 2 2 1 2 1 10 2 1 1 2 2 1 2 2 2 1 2 2
left_child=2 3 9 8 19 18 7 12 13 25 21 16 -4 14 -2 -14 -6 -8 23 26 -15 -9 28 -3 -7 -1 -5 -13 -11 -19
right_child=1 5 6 4 11 24 17 10 -10 22 -12 27 15 20 -16 -17 -18 29 -20 -21 -22 -23 -24 -25 -26 -27 -28 -29 -30 -31
leaf_value=-0.016739105465770142 -0.00020330510321395047 0.0082209856046423155 -0.032293774212408977 0.0046279722517001539 0.0055039128753423443 0.027067427642128133 0.0052749234746522532 -0.030019614607733641 0.022019216280588533 0.0041012761758468293 -0.026369883933551219 -0.00075077592410490866 -0.028557148069027663 0.0069728828459173168 0.012551510094690807 -0.018490591559891627 -0.0074405985919167887 -0.019629517743479107 0.022177016428867848 -0.022187039206090737 0.018392848987359975 -0.033282511215746553 -0.0033829648313070744 0.018679059947658973 0.024569620261348232 0.00017148453581684352 -0.015661410779634767 0.015959923088191233 0.014801191887069548 -0.0014732049071019778
leaf_weight=126.13674193620682 323.07601824402809 247.92164285480976 563.16398195922375 59.725950330495834 327.04720491170883 14864.425477534533 55.783343628048897 2038.4530823230743 968.27421230077744 159.01641543209553 1036.9932614266872 52.016899108886719 553.47779256105423 225.11008647084236 499.23399585485458 783.23997308313847 363.23731927573681 257.10714566707611 3445.1309944838285 385.45599703490734 765.57246777415276 23357.021278783679 101.11688029766083 911.44068349897861 3688.5344121605158 81.194498896598816 63.265688851475716 191.17159484326839 207.34093232452869 32.343998700380325
leaf_count=404 1238 1016 1655 217 1224 71254 201 6077 4386 611 3130 189 1661 929 2061 2456 1253 805 15716 1188 3333 68851 372 3948 17372 286 203 782 852 110
internal_value=-0.00516434 0.0228438 -0.0312914 0.0086229 -0.00505645 0.0254349 -0.0320729 -0.0322919 0.0157198 0.00188602 -0.0327677 0.00241535 -0.0256206 0.0123136 0.00768315 -0.0227283 -0.00130948 -0.013921 0.0208187 -0.0187469 0.0161022 -0.033025 0.00728105 0.0167183 0.026576 -0.0101135 -0.00534974 0.0129565 0.0102821 -0.017705
internal_weight=56733 27380.6 29352.4 4223.19 1441.92 23157.5 28677.6 28332.3 2781.27 674.805 26432.5 933.473 1899.88 1812.99 822.31 1336.72 690.285 345.234 4604.49 508.448 990.683 25395.5 467.474 1159.36 18553 207.331 122.992 243.188 366.357 289.451
internal_count=213780 126309 87471 17003 5056 109306 84946 83830 11947 2525 78058 3448 5772 7561 3299 4117 2477 1116 20680 1608 4262 74928 1835 4964 88626 690 420 971 1463 915
cat_boundaries=0 2 4 6 8 10 12
cat_threshold=2382496147 449800 3342367500 345888 9730336 98304 2701395010 401680 2542141440 7984 2621872 569
is_linear=0
shrinkage=0.02


Tree=19
num_leaves=31
num_cat=1
split_feature=15 13 38 38 18 38 37 15 20 13 26 26 42 2 38 26 29 1 18 2 26 3 15 26 15 37 2 2 26 28
split_gain=100401 2474.76 1847.57 993.051 297.654 235.455 169.577 137.524 130.194 105.916 77.8964 59.0056 58.9642 76.7574 55.8404 46.6655 44.9752 38.7562 34.7224 27.4329 25.867 22.5077 22.4908 21.9537 21.7263 21.366 20.838 18.4739 20.5494 17.0128
threshold=0.68750000000000011 1.5000000000000002 2.5000000000000004 1.5000000000000002 2.8750000000000004 7.5000000000000009 1.5000000000000002 2.1875000000000004 0.099999999999999964 1.0000000180025095e-35 0.029049534093724402 0.017154390559353454 5.1285714285714299 0.8542199457734333 2.5000000000000004 0.021501176077194553 2.2798260546013762 0 3.8750000000000004 0.8542199457734333 0.013534118357487851 -0.51639395938746235 1.6875000000000002 0.020494248693728553 1.6875000000000002 1.0000000180025095e-35 -0.85421994577343319 0.8542199457734333 0.016883707070932154 140.50000000000003
decision_type=2 2 2 2 2 2 2 2 2 2 2 2 2 2 2 2 2 1 2 2 2 2 2 2 2 2 2 2 2 2
left_child=2 3 9 7 11 27 15 10 12 -1 16 22 13 -7 20 21 -2 -17 -6 -9 -8 -5 -3 29 -13 -12 -16 -4 -29 -11
right_child=1 4 5 6 18 8 14 19 -10 23 25 24 -14 -15 26 17 -18 -19 -20 -21 -22 -23 -24 -25 -26 -27 -28 28 -30 -31
leaf_value=-0.009911508181493214 0.0031252427226150389 0.011320404558486744 -0.023505457575916048 0.0023670419405749884 0.024348168425255116 -0.031403354641079309 -0.015857694520990569 0.018409948469074195 0.0078617747838310766 0.005500421747550166 0.019378310061376487 0.018500084197594004 -0.032636248895357711 -0.025889591768662328 -0.027073458794309106 0.009425861873653742 0.011804873216890539 -0.0011934321352357858 0.026798338429302251 0.025783593940341975 -0.00028945554099079045 -0.0090239801506844432 0.018283193194879886 0.011499965488090173 0.022648126323236904 0.011362049816502661 -0.014783402535367217 -0.021473646712297977 -0.0065612428983366933 -0.0073287718240953297
leaf_weight=207.38532462716103 405.34521050751209 332.7040546387434 921.940947920084 98.031581699848175 3501.6765419542789 5902.2922808974981 56.989923492074013 608.4620994925499 30.890303269028664 185.1353987455368 514.2549996227026 820.36152797937393 20077.606924697757 1410.813293248415 80.880592212080956 274.51953390240669 616.01461651921272 258.97887621819973 14848.096691101789 399.62212766706944 158.04922318458557 208.75744737684727 587.58951638638973 232.25174713134766 2828.5697396844625 222.52968554198742 304.63104420900345 93.734417572617531 73.569549858570099 49.13793857395649
leaf_count=690 1589 1383 2823 358 16575 17597 188 2739 118 715 2273 3581 59590 4285 243 1063 2539 931 72051 1871 572 716 2641 941 13075 936 985 289 244 179
internal_value=-0.00509864 0.0226002 -0.030844 0.00848554 0.0251888 -0.0316176 -0.00496102 0.0154944 -0.0319844 0.00185086 0.0120544 0.0205633 -0.0320309 -0.0303534 -0.0130506 0.000822711 0.00839897 0.0044092 0.0263359 0.0214206 -0.00466851 -0.00533185 0.0158326 0.00715213 0.021737 0.0170401 -0.0176025 -0.0223034 -0.0152647 0.00266662
internal_weight=56310.8 27126.1 29184.8 4207.07 22919 28510.8 1440.84 2766.23 27421.6 673.91 1758.14 4569.22 27390.7 7313.11 600.551 840.287 1021.36 533.498 18349.8 1008.08 215.039 306.789 920.294 466.525 3648.93 736.785 385.512 1089.24 167.304 234.273
internal_count=213780 126309 87471 17003 109306 84946 5056 11947 81590 2525 7337 20680 81472 21882 1988 3068 4128 1994 88626 4610 760 1074 4024 1835 16656 3209 1228 3356 533 894
cat_boundaries=0 1
cat_threshold=3164
is_linear=0
shrinkage=0.02


Tree=20
num_leaves=31
num_cat=0
split_feature=15 38 38 15 38 22 22 21 18 22 23 38 16 26 26 24 16 21 26 24 2 49 22 41 22 18 15 26 41 22
split_gain=97140.6 2207.89 1793.48 803.744 559.361 367.051 273.889 214.389 174.294 106.876 164.096 99.8139 98.4653 91.385 81.5703 75.1628 62.2113 60.1905 49.6678 42.1428 40.0026 38.7319 35.9388 34.971 34.1074 29.6813 24.6669 23.6094 22.797 22.2446
threshold=0.68750000000000011 1.5000000000000002 2.5000000000000004 1.9375000000000002 7.5000000000000009 0.11313025210084031 0.083333333333333273 3.5000000000000004 3.6250000000000004 0.2583683473389356 0.37500000000000006 1.5000000000000002 1.0000000180025095e-35 0.029049534093724402 0.0052557365575992511 0.79852133160956706 1.0000000180025095e-35 10.500000000000002 0.027971330261086152 4.6876065643648772 -0.060268340127661552 -3.6999999999999997 0.20627185314685317 0.38664222481883087 0.24881652661064427 2.3750000000000004 1.9375000000000002 0.017789415239374103 0.45756572334974271 0.083333333333333273
decision_type=2 2 2 2 2 2 2 8 2 2 2 2 10 2 2 2 10 8 2 2 2 2 2 2 2 2 2 2 2 2
left_child=2 3 11 13 5 20 7 14 18 10 -7 24 21 17 -4 -16 -8 -2 23 -19 -3 -9 -13 -5 27 -11 -6 -1 -10 -15
right_child=1 4 6 8 26 9 16 12 28 25 -12 22 -14 29 15 -17 -18 19 -20 -21 -22 -23 -24 -25 -26 -27 -28 -29 -30 -31
leaf_value=0.0036008880951266947 0.016957621242506694 -0.026573544031026883 -0.031348256828518502 0.022782738428510498 0.0095323691299613964 -0.016120391476130633 0.0056070841736174572 -0.029123684691634951 0.026815439909264899 0.0074480487986488455 0.0053595082408384089 -0.017100653968123564 -0.025499034775155142 0.021641582386732382 -0.027678723115190471 -0.017674848910918792 -0.016932550705774017 0.0064725175065992848 0.023894338611326456 0.014343172172643821 -0.014113987491224668 -0.032394999669014109 0.00014353052580329538 0.017692963588258444 -0.0031603903404142327 0.021079600727604869 0.02561312552541117 0.0139681290610131 0.024047237861399836 0.01599639981102715
leaf_weight=164.60210689902306 579.1556359231472 184.43711198866367 558.10783198475838 1176.5221030563116 54.166826918721199 223.03908108174801 55.831120833754539 2016.9963633269072 13164.29415436089 237.18861566483974 379.52665701508522 115.68912051618099 1030.115004658699 585.93564690649509 548.11464387178421 779.95854546129704 289.15951460599899 864.95432534813881 4437.2639253884554 414.55621720850468 294.27690327167511 23056.143613249063 77.642907753586769 1295.1281755268574 104.6628253608942 92.738205894827843 294.50766885280609 210.5102196931839 1821.9013141989708 771.11892850697041
leaf_count=631 2497 556 1655 5561 218 746 201 6077 64692 892 1419 368 3130 2629 1661 2456 915 3508 21055 1733 951 68851 273 5863 385 387 1426 868 8792 3384
internal_value=-0.00503512 0.0223615 -0.030414 0.0238791 0.00069306 -0.00490965 -0.0311805 -0.0313998 0.0252528 0.00238738 -0.0025987 0.00181556 -0.031878 0.014505 -0.0247317 -0.0218717 -0.0132105 0.0115589 0.0225665 0.00906576 -0.0190915 -0.0321362 -0.0101771 0.0201485 0.00672279 0.0114952 0.0232745 0.00953646 0.0264851 0.0184909
internal_weight=55878.2 26870.7 29007.5 25110.8 1759.88 1411.21 28334.4 27989.4 21895.1 932.493 602.566 673.107 26103.3 3215.72 1886.18 1328.07 344.991 1858.67 6908.91 1279.51 478.714 25073.1 193.332 2471.65 479.775 329.927 348.674 375.112 14986.2 1357.05
internal_count=213780 126309 87471 119714 6595 4951 84946 83830 105963 3444 2165 2525 78058 13751 5772 4117 1116 7738 32479 5241 1507 74928 641 11424 1884 1279 1644 1499 73484 6013
is_linear=0
shrinkage=0.02


Tree=21
num_leaves=31
num_cat=7
split_feature=15 15 20 20 22 41 21 20 22 15 41 16 18 26 0 22 26 0 0 0 20 20 0 16 0 0 49 22 21 26
split_gain=94017.9 2069.9 1743.91 508.519 378.965 371.759 204.568 184.588 213.382 171.899 170.235 116.365 103.897 93.8591 84.232 80.0219 76.8273 80.7231 74.8821 62.6118 58.931 49.2741 48.0848 43.9854 40.7698 40.0518 39.3131 31.5697 28.1784 28.1283
threshold=0.68750000000000011 1.9375000000000002 0.099999999999999964 -0.3000000000000011 0.12491987179487171 0.61885990497240806 2.5000000000000004 -0.10000000000000032 0.11112278244631187 0.93750000000000011 1.0801234497346444 1.0000000180025095e-35 3.8750000000000004 0.017154390559353454 0 0.24999999999999997 0.0060820248065185005 1 2 3 0.49999999999999972 0.20000000000000018 4 1.0000000180025095e-35 5 6 -3.6999999999999997 0.24999999999999997 11.500000000000002 0.03146702545730936
decision_type=2 2 2 2 2 2 8 2 2 2 2 10 2 2 1 2 2 1 1 1 2 2 1 10 1 1 2 2 8 2
left_child=2 3 4 10 6 12 16 8 18 20 14 26 -3 19 -2 25 -1 -18 -7 -11 24 -4 -10 -6 -5 -12 -8 -25 -15 -9
right_child=1 5 21 9 23 7 11 29 22 13 15 -13 -14 28 -16 -17 17 -19 -20 -21 -22 -23 -24 27 -26 -27 -28 -29 -30 -31
leaf_value=-0.030387550817170275 -0.0064395250107590939 0.023092751541760343 -0.0050981693782570408 0.0055273387414767321 0.0063721039586262631 -0.019932088136001402 -0.028707041130174575 0.018037910388539271 0.0060815387137167819 0.016403714840103969 0 -0.024713980434046087 0.026420709052847602 0.021392182706742504 0.0090764648784944068 -0.00015885878251017783 -0.011566071433125047 -0.024617080051628243 0.0029546904712052075 0.0039429994182284423 0.012948339979078207 0.008157137355357582 0.018416931433889103 -0.020117539937354569 -0.0065264230131428357 -0.024082872276430731 -0.031999408302055617 -0.0081949573199757292 0.015698190163701848 0.023939656549934147
leaf_weight=611.41277453303337 221.75029772520065 5605.2094924151897 148.47145031392574 198.24889738857746 44.415336564183235 84.858025208115578 2005.5037562549114 645.74842509627342 216.59615436196327 262.07196061313152 43.545496344566345 1070.2319327890873 14195.858128651977 548.3691918104887 335.47299733757973 108.20259582996368 341.4511386603117 895.51722581684589 132.74858514964581 464.9145909100771 169.62980809807777 419.33134627342224 576.78726607561111 181.24172660708427 225.94173502922058 203.79700899124146 22900.82121476531 201.18677218258381 1411.7626634389162 962.29636889696121
leaf_count=1826 804 26760 515 771 159 276 6077 2978 904 1127 151 3272 70497 2463 1328 388 1104 2745 522 1852 718 1667 2577 567 819 625 68867 672 6129 4620
internal_value=-0.00497384 0.0221288 -0.0300025 0.00921602 -0.0307001 0.0245418 -0.0309878 0.0173947 0.0106101 0.0128883 -0.00396099 -0.0314528 0.0254833 0.0150405 0.00291174 -0.0147222 -0.0244008 -0.0213591 -0.00679886 0.00879005 0.00308883 0.00464747 0.0154177 -0.0118128 -0.000870315 -0.020935 -0.0317386 -0.0140098 0.0173316 0.0216201
internal_weight=55433.4 26613.8 28819.6 4193.71 28251.8 22420.1 27824.9 2619.03 1010.99 3280.94 912.768 25976.6 19801.1 2687.12 557.223 355.545 1848.38 1236.97 217.607 726.987 593.82 567.803 793.383 426.844 424.191 247.343 24906.3 382.428 1960.13 1608.04
internal_count=213780 126309 87471 17175 85289 109134 83891 11877 4279 13879 3296 78216 97257 11571 2132 1164 5675 3849 798 2979 2308 2182 3481 1398 1590 776 74944 1239 8592 7598
cat_boundaries=0 2 3 5 7 9 11 13
cat_threshold=314679335 170068 15729152 121733152 7800 1626456072 98854 67772466 171324 3136084241 115250 50338820 2048
is_linear=0
shrinkage=0.02


Tree=22
num_leaves=31
num_cat=6
split_feature=38 13 13 37 22 16 16 0 0 0 22 13 16 22 0 18 22 0 16 23 13 22 38 18 47 0 32 20 18 50
split_gain=90930.7 2453.77 2056.15 616.924 437.013 334.719 173.839 149.75 117.429 97.5014 96.9062 151.089 63.0791 72.4227 56.0272 53.3045 48.3852 47.8651 35.9849 33.406 30.6221 26.3003 39.356 24.3638 23.3713 21.2876 20.8603 20.7549 20.2927 18.491
threshold=2.5000000000000004 1.0000000180025095e-35 1.5000000000000002 1.0000000180025095e-35 0.12499999999999996 2.1742424242424243 1.0000000180025095e-35 0 1 2 0.26041666666666669 1.0000000180025095e-35 1.0000000180025095e-35 0.30009590792838875 3 3.8750000000000004 0.21078643578643577 4 1.8819444444444446 0.37500000000000006 1.5000000000000002 0.12499999999999996 1.5000000000000002 4.3750000000000009 -1.62908899288034 5 3.4138708466806387 -0.69999999999999785 1.6250000000000002 14.15
decision_type=2 2 2 2 2 8 10 1 1 1 2 2 10 2 1 2 2 1 10 2 2 2 2 2 2 1 2 2 2 2
left_child=2 4 3 9 6 14 8 21 24 25 11 -9 -6 19 16 -7 -4 -8 -12 -14 -3 22 -5 -11 -2 -1 -18 -15 -16 -19
right_child=1 20 5 7 12 15 17 10 -10 23 18 -13 13 27 28 -17 26 29 -20 -21 -22 -23 -24 -25 -26 -27 -28 -29 -30 -31
leaf_value=-0.0036435828830482966 -0.020602381854327109 0.0048583337800198953 0.016263797857375886 0.012543807024955793 0.0062811114777970379 0.023491315166716806 -0.028160436511147538 -0.0097399921196299841 -0.031342780064792693 0.01869162131581005 0.0021594731436345455 0.0039507552612985056 -0.022074166844010749 0.010941366055301376 0.017902419007924247 0.026185879459477552 -0.0017403657473998922 -0.016393688196666433 0.01427637120720018 -0.002584224159315245 0.024588653785376956 0.014065178524344786 -0.0064875823588124298 0.026114655189810675 -0.026553300185171429 0.010297912551515954 0.011153934724215711 -0.0064712883023495616 0.021725531262794084 -0.023624758129199015
leaf_weight=44.652450114488602 451.48851208388805 39.661013901233673 605.78284282982349 97.307384788990021 66.407949924468994 4415.0881583243608 704.27231775224209 718.64338220655918 24456.989617809653 1239.5562128424644 229.76555420458317 578.01414071023464 262.46602261066437 36.377736583352089 1079.4693791568279 13797.803006470203 98.655070528388023 497.84831291437149 176.10537153482437 44.279501125216484 315.69204019010067 381.26796068251133 72.696839585900307 254.26688081026077 1446.7808504253626 471.55442062020302 93.357338652014732 85.521798193454742 1948.9353256523609 269.98508687317371
leaf_count=178 1413 153 2753 402 243 21363 2115 2450 74133 5590 874 2294 811 136 4798 69366 412 1579 716 151 1543 1568 246 1245 4428 2020 417 285 9270 828
internal_value=-0.00491458 -0.029546 0.0219403 0.00921102 -0.030202 0.0244005 -0.0305341 0.00201091 -0.0309147 0.0172594 -0.000940661 -0.00362661 -0.0114208 -0.0142342 0.018966 0.0255377 0.013319 -0.0236584 0.00753202 -0.0193776 0.0225015 0.0109379 0.00431866 0.0198854 -0.0250514 0.00899429 0.00450149 -0.000976816 0.0203214 -0.0188004
internal_weight=54980.7 28677.8 26302.9 4263.83 28322.4 22039.1 27827.4 2253.8 26355.3 2010.03 1702.53 1296.66 495.053 428.645 3826.2 18212.9 797.795 1472.11 405.871 306.746 355.353 551.272 170.004 1493.82 1898.27 516.207 192.012 121.9 3028.4 767.833
internal_count=213780 87818 125962 17583 86122 108379 84496 8550 79974 9033 6334 4744 1626 1383 17650 90729 3582 4522 1590 962 1696 2216 648 6835 5841 2198 829 421 14068 2407
cat_boundaries=0 2 3 5 7 9 10
cat_threshold=3532675336 128 36768 67767570 431504 386007058 5948 135069891 522176 2
is_linear=0
shrinkage=0.02


Tree=23
num_leaves=31
num_cat=9
split_feature=15 13 38 38 15 38 21 14 0 0 13 0 20 24 47 41 15 49 37 41 0 0 0 0 14 21 24 0 21 0
split_gain=88159.4 2334.73 1642.97 873.281 286.489 228.361 184.598 157.773 139.627 97.3506 91.473 70.2629 69.6144 68.8513 72.9697 52.57 51.8185 46.0872 45.836 45.4652 40.0254 39.4006 36.6331 30.4128 30.0731 28.9929 28.8212 27.5169 23.9178 22.5766
threshold=0.68750000000000011 1.5000000000000002 2.5000000000000004 1.5000000000000002 2.6875000000000004 7.5000000000000009 1.0000000180025095e-35 1.0000000180025095e-35 0 1 1.0000000180025095e-35 2 0.099999999999999964 0.79852133160956706 3.5217927809630729 0.45738358950897134 1.6875000000000002 0.78571428571428581 1.0000000180025095e-35 0.65064586096437071 3 4 5 6 3.5000000000000004 1.0000000180025095e-35 1.2599120530565169 7 12.500000000000002 8
decision_type=2 2 2 2 2 2 8 2 1 1 2 1 2 2 2 2 2 2 2 2 1 1 1 1 2 10 2 1 8 1
left_child=2 3 10 8 16 20 13 11 19 25 29 -5 17 14 -7 -6 21 -8 23 -2 -4 -3 -20 -10 -11 -9 -15 -12 -21 -1
right_child=1 4 5 7 15 6 12 9 18 24 27 -13 -14 26 -16 -17 -18 -19 22 28 -22 -23 -24 -25 -26 -27 -28 -29 -30 -31
leaf_value=-0.015602079411128005 0.021210677811037151 0.0067815673048035405 -0.0081658363981333727 -0.0018280680382795 0.025855244116386029 -0.029889033484647127 -0.028621649935058825 -0.007686550175018533 0 0.0033225470841736927 0.00080891010903901841 -0.019344218074981438 0.0019567607777567714 -0.010552911745777762 -0.005387169166567788 0.022665923708102106 0.020851232111908244 -0.031222443416888974 -0.0054776656502230816 0.018704632427194789 -0.022299135115936963 0.017482937995462678 0.0074631988878746469 0.013111542072210181 0.015033697559143784 0.01374733419213287 -0.021247654718500646 0.010852359048264221 0.0084694738879671772 -0.0017647968180453434
leaf_weight=96.261293292045593 1051.3370403945446 228.05924600362778 141.48745930194855 148.06348288059235 15158.829179555178 721.94155225157738 3951.3150191307068 460.39097836613655 84.46310567855835 374.36164736747742 209.26934739947319 314.27834567427635 24.456949606537819 136.83493989706039 55.8627989590168 2787.4892514497042 2887.8571127057076 21036.795429632068 116.09375689923763 173.11141681671143 936.58836245536804 899.80064134299755 266.52331106364727 776.89504630863667 115.76984894275665 23.373658299446106 741.57205919921398 253.50742077827454 233.93183395266533 111.2240913361311
leaf_count=307 4923 954 465 516 76879 2195 12136 1595 344 1395 804 986 91 446 185 13719 13744 64228 442 774 2891 4010 1091 3385 473 91 2309 1031 988 383
internal_value=-0.00485725 0.0216785 -0.0292303 0.00788462 0.0242755 -0.0299777 -0.0303467 -0.00470064 0.0145786 -0.000102323 0.00167557 -0.0142806 -0.0307824 -0.0237107 -0.0281824 0.0253649 0.0193871 -0.0308155 0.00932099 0.0188286 -0.0207724 0.015575 0.00352424 0.0119594 0.00608062 -0.00640003 -0.0196459 0.00663844 0.0129762 -0.00923548
internal_weight=54517.7 26100.6 28417.1 4138.59 21962 27746.9 26668.8 1436.24 2702.36 973.896 670.262 462.342 25012.6 1656.21 777.804 17946.3 4015.72 24988.1 1243.98 1458.38 1078.08 1127.86 382.617 861.358 490.131 483.765 878.407 462.777 407.043 207.485
internal_count=213780 126309 87471 17003 109306 84946 81590 5056 11947 3554 2525 1502 76455 5135 2380 90598 18708 76364 5262 6685 3356 4964 1533 3729 1868 1686 2755 1835 1762 690
cat_boundaries=0 2 4 6 8 10 12 14 16 18
cat_threshold=1391809037 66085 610894454 170621 1628981797 67592 914379008 1 394657792 7984 67108930 289034 2 262144 2501345606 392249 2294974 366593
is_linear=0
shrinkage=0.02


Tree=24
num_leaves=31
num_cat=7
split_feature=38 14 18 38 38 22 21 18 22 26 16 22 26 21 0 0 0 16 22 16 0 49 0 26 26 0 39 21 20 0
split_gain=85303.7 2246.43 1800.17 485.455 483.727 409.293 217.953 206.169 141.806 136.078 124.178 116.664 76.3586 67.7866 64.9433 60.727 59.5394 58.6587 50.5536 71.4997 47.2814 39.2573 39.1638 34.7638 34.6151 33.9861 32.4902 30.0943 27.7828 24.84
threshold=2.5000000000000004 1.0000000180025095e-35 1.8750000000000002 1.5000000000000002 1.5000000000000002 0.12499999999999996 18.500000000000004 3.6250000000000004 0.11313025210084031 0.029049534093724402 0.087121212121212113 0.22499999999999998 0.0035305698511303506 4.5000000000000009 0 1 2 1.9791666666666667 0.30009590792838875 1.0000000180025095e-35 3 -3.6999999999999997 4 0.014800098652305152 0.015315442105664353 5 0.86607142857142871 6.5000000000000009 -0.49999999999999928 6
decision_type=2 2 2 2 2 2 8 2 2 2 10 2 2 8 1 1 1 8 2 10 1 2 1 2 2 1 2 8 2 1
left_child=2 5 3 9 7 6 12 17 -6 13 21 14 -2 -1 -5 -13 -14 27 19 -7 26 -8 -11 -17 -15 -12 -10 -4 -19 -21
right_child=1 -3 4 11 8 18 10 -9 20 22 25 15 16 24 -16 23 -18 28 -20 29 -22 -23 -24 -25 -26 -27 -28 -29 -30 -31
leaf_value=0.014637722517130558 -0.030858725040888532 0.022219447412838857 0.02138071040834123 -0.0011869934969268485 -0.015049618540143686 0.0074816303010386796 -0.027541875154057992 0.025637111987913613 -0.012635516088180195 0.010034704103937999 -0.027413466601336877 -0.0056923940663512205 -0.012985055740941871 0.0026673362616783077 -0.017808057230284419 -0.002780722194353828 -0.023554806211838426 0.019048298406746919 -0.00036253955834735023 -0.0048438465735672559 0.014953582261765228 -0.03083079151909018 0.019358229685384646 0.016856129327138487 0.0092583564851959951 -0.017680956693257931 0.007888092166685106 0.01566044840745022 0.023218859796125844 -0.021532171579753564
leaf_weight=625.13309825956821 437.42839732766151 338.47800141572952 702.32298909127712 161.88614694774151 117.71185965836048 46.258850604295731 1983.0053417831659 14296.270497098565 50.099438458681107 340.21163330972195 618.35218389332294 142.17062339186668 410.92421473562717 550.72118665277958 263.33182552456856 45.679307028651237 1146.6577409654856 950.77706444263458 132.47665119171143 74.348841935396194 230.65504939854145 22328.016970589757 1073.4483570605516 133.99412228167057 800.32100497186184 505.79403473436832 70.306067287921906 1032.7449750900269 4205.0987105071545 232.59786769747734
leaf_count=2719 1321 1649 3374 568 379 169 6124 73484 173 1472 1873 495 1324 2180 842 161 3566 4554 461 249 948 68766 4908 529 3336 1599 269 4821 20750 717
internal_value=-0.00480162 -0.0288073 0.0214945 0.00938838 0.0238045 -0.029429 -0.029752 0.0242493 0.00363344 0.0126045 -0.0302585 -0.00517022 -0.0232488 0.0091699 -0.0120231 0.00384965 -0.0210436 0.0213572 -0.0110746 -0.0149993 0.0100289 -0.0305668 0.017362 0.0111786 0.00659831 -0.023511 -0.000544908 0.0180203 0.0224652 -0.0184914
internal_weight=54047.2 28254.3 25792.9 4136.9 21656 27915.9 27430.2 21187.2 468.772 3389.84 25435.2 747.062 1995.01 1976.18 425.218 321.844 1557.58 6890.94 485.682 353.206 351.061 24311 1413.66 179.673 1351.04 1124.15 120.406 1735.07 5155.88 306.947
internal_count=213780 87818 125962 17210 108752 86169 84573 106983 1769 14615 78362 2595 6211 8235 1410 1185 4890 33499 1596 1135 1390 74890 6380 690 5516 3472 442 8195 25304 966
cat_boundaries=0 2 4 5 7 9 11 12
cat_threshold=2747586984 34688 685835506 103645 7340544 2622354 167535 84279299 290224 203423939 522176 1367949591
is_linear=0
shrinkage=0.02


Tree=25
num_leaves=31
num_cat=9
split_feature=15 38 20 15 0 38 18 21 38 26 0 18 0 24 47 26 38 50 49 20 14 0 0 0 0 0 26 0 24 26
split_gain=82762.1 1986.34 1548.46 775.544 496.091 335.535 176.171 172.188 157.072 87.3989 70.0168 62.7368 62.1883 59.455 71.5256 51.5052 49.3387 46.8164 46.44 43.3317 37.1901 36.9798 34.9952 31.4804 28.0839 27.4289 26.4199 24.4918 23.5412 22.8104
threshold=0.68750000000000011 1.5000000000000002 0.099999999999999964 1.9375000000000002 0 7.5000000000000009 3.6250000000000004 1.5000000000000002 2.5000000000000004 0.029049534093724402 1 2.6250000000000004 2 0.79852133160956706 3.5217927809630729 0.027971330261086152 2.5000000000000004 29.950000000000006 0.78571428571428581 0.20000000000000018 2.5000000000000004 3 4 5 6 7 0.021808284169030454 8 4.6876065643648772 0.012854076033517103
decision_type=2 2 2 2 1 2 2 8 2 2 1 2 1 2 2 2 2 2 2 2 2 1 1 1 1 1 2 1 2 2
left_child=2 3 5 9 11 16 15 13 10 12 20 26 28 14 -7 21 -1 -12 -9 -4 -6 -5 29 -15 -11 -10 -3 -21 -2 -18
right_child=1 4 19 6 8 7 -8 18 25 24 17 -13 -14 23 -16 -17 22 -19 -20 27 -22 -23 -24 -25 -26 -27 -28 -29 -30 -31
leaf_value=-0.0072776963772446506 0.0033976186402202521 0.00069274077869664315 -0.0048823050209866117 0.022027702210723539 -0.00021692492236766606 -0.029196086832368025 0.025438165761915883 -0.027888973081933496 -0.0065088323833310856 0.011090578652629792 -0.0046994017956049775 0.024720559527820575 0.013654619556170366 -0.013232645808650623 -0.0049215224882862719 0.022782529907323833 -0.020006557537316658 -0.026628124905907949 -0.030508851170074024 0.00043628910898315071 0.011934930310803267 0.015724797299315914 -0.021675771995781652 -0.023144253933481247 0.019427130810672454 -0.021270768532149504 0.015523002975573004 0.010963613142908642 0.011194552084337391 -0.0025628875667242797
leaf_weight=142.63458707928658 518.77714279294014 84.578011780977249 148.32008510828018 1120.7944871783257 251.93873132765293 712.29465788602829 14121.6969525069 3892.4659940749407 113.01823645830154 361.8122673779726 468.85131560266018 264.92485183477402 1072.750546336174 370.04758380353451 55.693852320313454 4225.6977058202028 44.535240396857262 40.420520663261414 20663.698051601648 147.89912508428097 161.3501110970974 1243.9458123892546 926.37614752352238 519.50455546379089 953.68995335698128 232.82018187642097 119.01249188184738 267.41216334700584 228.58763390779495 93.184695154428482
leaf_count=488 2108 323 515 5488 911 2195 73484 12132 377 1599 1645 1339 4672 1190 185 21055 138 122 64160 572 648 5936 2877 1610 4414 721 509 1095 958 314
internal_value=-0.00474804 0.0212491 -0.0285166 0.0227529 0.000587089 -0.0291912 0.0241585 -0.029669 -0.00591263 0.0134479 -0.00160705 0.0178975 0.0105483 -0.023261 -0.0274877 0.0214032 -0.0187472 -0.00649782 -0.0300978 0.00424568 0.00442471 0.0189041 -0.0202411 -0.0195094 0.0174113 -0.0173978 0.00955837 0.00756501 0.00576739 -0.00807808
internal_weight=53568.7 25584.7 27984.1 23847.8 1736.91 27420.4 20712.1 26213.7 1268.4 3135.62 922.561 468.515 1820.12 1657.54 767.989 6590.44 1206.73 509.272 24556.2 563.631 413.289 2364.74 1064.1 889.552 1315.5 345.838 203.591 415.311 747.365 137.72
internal_count=213780 126309 87471 119714 6595 85289 105963 81472 4424 13751 3326 2171 7738 5180 2380 32479 3817 1767 76292 2182 1559 11424 3329 2800 6013 1098 832 1667 3066 452
cat_boundaries=0 1 3 5 7 9 10 12 14 16
cat_threshold=1091594240 2659587464 484738 2936930787 436488 2700198476 173762 914379008 1 14682624 1090912259 286136 814224164 329742 2232625472 355640
is_linear=0
shrinkage=0.02


Tree=26
num_leaves=31
num_cat=0
split_feature=15 13 20 37 22 22 16 21 13 16 26 26 26 26 42 29 21 13 3 16 49 15 41 2 22 22 15 50 14 22
split_gain=80207.1 2242.7 1507.7 732.275 354.933 299.632 298.007 201.305 148.393 111.297 94.9526 74.0725 73.6466 68.7934 62.8553 52.659 49.8024 43.21 42.9311 41.6249 40.4755 39.8678 35.4598 30.8366 28.8689 28.6061 25.175 22.638 21.7225 20.016
threshold=0.68750000000000011 1.5000000000000002 0.099999999999999964 1.0000000180025095e-35 0.12491987179487171 0.12499999999999996 2.6306818181818183 3.5000000000000004 1.0000000180025095e-35 1.0000000180025095e-35 0.020038486185837801 0.0035305698511303506 0.035497313153316959 0.023773446953453455 14.407142857142858 2.369064242037942 12.500000000000002 1.0000000180025095e-35 -0.12053668025532314 1.0000000180025095e-35 -3.6999999999999997 1.5625000000000002 0.39851988391580934 -0.060268340127661552 0.12499999999999996 0.45019841269841276 4.0625000000000009 18.550000000000004 1.0000000180025095e-35 0.21078643578643577
decision_type=2 2 2 2 2 2 8 8 2 10 2 2 2 2 2 2 8 2 2 10 2 2 2 2 2 2 2 2 2 2
left_child=2 3 4 13 7 8 12 11 23 20 15 -1 21 18 -13 -7 -12 -4 -2 -6 -9 -3 -8 -5 -19 -21 28 -20 -15 -23
right_child=1 6 17 5 19 10 22 9 -10 -11 16 14 -14 26 -16 -17 -18 24 27 25 -22 29 -24 -25 -26 -27 -28 -29 -30 -31
leaf_value=-0.030036369072999804 0.015959917049255402 0.01296181664947158 -0.006677015294982807 -0.023721904343119084 0.0070916221072009301 -0.0088722291728543842 0.025443950200339106 -0.02681512122708132 0.0049313862627142829 -0.022939598444247707 0.016509413084103763 -0.021492257972106958 0.022521034953041159 -0.0051969111748557898 -0.0055771532150383531 0.0037260335697053711 0.0055234010882161278 0.010795652585446179 0.0081946388723190006 -0.014705869169464897 -0.030168283978487968 0.019699683824265343 0.022882529253642991 -0.012948407210499726 0.00018073511593778846 0.0017451577489150936 0.024958551966838036 -0.0045477898417138687 0.01770305148129581 0.014867271874956655
leaf_weight=433.77629049122334 330.39378786087036 727.12113186717033 112.88153700530529 188.6933526545763 44.500495433807373 256.19355802237988 13177.635380715132 1939.7013120949268 157.26221026480198 1038.0204099267721 219.61863555014133 1288.0702716112137 1798.4308811277151 14.247974902391432 114.00667820870876 266.86487102508545 706.03883348405361 284.49439670145512 271.71998430788517 335.56263487040997 21956.258301258087 1758.8270402848721 3233.4456008374691 315.57233421504498 165.44769684970379 45.193210259079933 252.91310623288155 65.716452106833458 1039.4152983874083 546.64474594593048
leaf_count=1328 1486 3193 380 578 159 904 69385 6077 646 3241 937 4059 8952 57 381 1027 2773 1166 1151 1081 68805 8616 16539 1028 636 158 1291 259 4866 2621
internal_value=-0.00469562 0.0210395 -0.0281772 0.00745334 -0.0288478 -0.000730872 0.0236496 -0.0291365 -0.0118611 -0.0296142 0.00435175 -0.0226009 0.019233 0.0161986 -0.0202271 -0.00242197 0.00819636 0.0041716 0.0108219 -0.0105495 -0.0299003 0.0172562 0.0249448 -0.0171357 0.00696366 -0.0127027 0.0189004 0.00563607 0.0173606 0.0185834
internal_weight=53084.7 25326.8 27757.9 4084.65 27195.1 2110.24 21242.1 26769.8 661.528 24934 1448.72 1835.85 4831.02 1974.41 1402.08 523.058 925.657 562.824 667.83 425.256 23896 3032.59 16411.1 504.266 449.942 380.756 1306.58 337.436 1053.66 2305.47
internal_count=213780 126309 87471 17003 85289 7893 109306 83891 2252 78123 5641 5768 23382 9110 4440 1931 3710 2182 2896 1398 74882 14430 85924 1606 1802 1239 6214 1410 4923 11237
is_linear=0
shrinkage=0.02


Tree=27
num_leaves=31
num_cat=7
split_feature=15 13 38 38 16 16 21 14 0 26 13 0 0 26 24 47 20 0 41 49 15 0 41 26 26 39 0 0 44 25
split_gain=77747.3 2208.25 1473.74 761.404 298.181 236.021 178.833 139.518 135.36 86.344 79.0694 78.9193 78.9053 72.9168 71.9725 70.0475 57.5566 50.8458 43.789 41.7514 39.3989 36.6137 35.7134 32.642 32.0741 32.0641 31.2225 26.2786 25.9724 25.6526
threshold=0.68750000000000011 1.5000000000000002 2.5000000000000004 1.5000000000000002 2.6306818181818183 1.0000000180025095e-35 1.0000000180025095e-35 1.5000000000000002 0 0.029049534093724402 1.0000000180025095e-35 1 2 0.035497313153316959 0.79852133160956706 3.5217927809630729 0.099999999999999964 3 0.65064586096437071 0.78571428571428581 1.5625000000000002 4 0.39851988391580934 0.020038486185837801 0.025836569391989705 0.86607142857142871 5 6 15.65 7.0914308043246042
decision_type=2 2 2 2 8 10 8 2 1 2 2 1 1 2 2 2 2 1 2 2 2 1 2 2 2 2 1 1 2 2
left_child=2 3 10 8 13 6 14 11 18 -10 -1 25 29 20 15 -4 19 -7 -2 -8 21 -3 -6 -14 -13 -5 -16 -12 -22 -9
right_child=1 4 5 7 22 17 16 12 9 -11 27 24 23 -15 26 -17 -18 -19 -20 -21 28 -23 -24 -25 -26 -27 -28 -29 -30 -31
leaf_value=-0.0086354064747382765 0.020334680982287301 0.00013163166341254774 -0.028601402917373148 -0.020765642078602351 0.025256112351379416 -0.0056175419758115706 -0.027353374648735943 -0.0041411312349591495 0.0035465146395720639 0.014263399262925849 0.00047543195824448724 -0.0089320636525870734 -0.00043558183734111598 0.022302502791895256 -0.011597505849156442 -0.0045547756604945953 0.00086930452810415578 -0.021770374989683153 0.012171456804107821 -0.02990472495806833 0.0042681218066187116 0.014396633164906478 0.022675258470084985 0.011937176530776413 0.0017415296513603998 -0.0045828141777814902 -0.021620507162617181 0.010282171126508526 0.018710549339711814 -0.026809717940946633
leaf_weight=207.46512052416801 1016.7355993688107 94.735983356833458 700.34587162733078 270.65259909629822 13011.819214105606 116.34570562839508 3731.8698279708624 236.59631027281284 651.73081682622433 570.15373331308365 208.2135406434536 247.92712911963463 118.63605582714081 1779.9475957155228 334.53281319141388 55.5408024340868 23.524813950061798 1382.6166699677706 399.03886313736439 20037.792937710881 56.725657790899277 628.91864225268364 3198.1253754198551 273.38564504683018 198.01369205117226 66.171822056174278 476.42349997162819 250.7894649207592 2229.5549582839012 19.62274244427681
leaf_count=690 4923 390 2189 850 69385 389 11816 843 2651 2611 804 838 433 8952 1086 185 87 4331 1762 63364 265 2803 16539 1098 709 226 1499 1031 10972 59
internal_value=-0.0046447 0.020834 -0.0278496 0.00733442 0.0234472 -0.0285786 -0.0290394 -0.00439554 0.0137036 0.00851669 0.0014938 -0.0100676 0.00243777 0.019013 -0.0223305 -0.0268859 -0.0294775 -0.020726 0.017952 -0.0295085 0.0170408 0.0127649 0.0247524 0.0079657 -0.00407727 -0.0172074 -0.0179765 0.00614174 0.018367 -0.00601261
internal_weight=52594 25068.5 27525.5 4068.67 20999.8 26859 25360 1431.01 2637.66 1221.88 666.468 782.765 648.241 4789.88 1566.84 755.887 23793.2 1498.96 1415.77 23769.7 3009.94 723.655 16209.9 392.022 445.941 336.824 810.956 459.003 2286.28 256.219
internal_count=213780 126309 87471 17003 109306 84946 80226 5056 11947 5262 2525 2623 2433 23382 4959 2374 75267 4720 6685 75180 14430 3193 85924 1531 1547 1076 2585 1835 11237 902
cat_boundaries=0 2 4 6 7 9 10 12
cat_threshold=1391809037 66085 203490530 177653 560472626 35453 536891648 118358016 288 14682624 2501345606 392249
is_linear=0
shrinkage=0.02


Tree=28
num_leaves=31
num_cat=5
split_feature=15 13 38 38 16 22 22 21 0 16 26 22 23 13 26 26 0 0 16 15 21 41 23 41 0 22 22 0 41 24
split_gain=75379.2 2175.26 1438.34 736.453 298.409 288.433 252.926 207.799 132.43 91.5766 83.8631 80.599 149.755 76.1041 72.5165 72.196 53.2012 53.095 52.9131 44.0415 39.2219 39.1444 36.2827 35.9878 35.4994 33.8212 31.7037 28.8831 28.7058 24.9497
threshold=0.68750000000000011 1.5000000000000002 2.5000000000000004 1.5000000000000002 2.6306818181818183 0.11313025210084031 0.083333333333333273 18.500000000000004 0 0.087121212121212113 0.029049534093724402 0.2583683473389356 0.37500000000000006 1.0000000180025095e-35 0.0035305698511303506 0.035497313153316959 1 2 1.0000000180025095e-35 2.1875000000000004 11.500000000000002 0.2309401076758506 1.0000000180025095e-35 0.39851988391580934 3 0.24881652661064427 0.20627185314685317 4 0.65064586096437071 4.2473958333333348
decision_type=2 2 2 2 8 2 2 8 1 10 2 2 2 2 2 2 1 1 10 2 8 2 2 2 1 2 2 1 2 2
left_child=2 3 13 8 15 17 7 14 19 22 29 12 -7 26 -4 20 -16 -5 -8 28 -3 -22 -9 -6 -13 -15 -1 -11 -2 -10
right_child=1 4 6 5 23 11 18 9 10 27 -12 24 -14 25 16 -17 -18 -19 -20 -21 21 -23 -24 -25 -26 -27 -28 -29 -30 -31
leaf_value=-0.01464416257029603 0.017636319521207339 0.019638967860382116 -0.029497046146844945 -0.007475423938807289 0.025073353312256731 -0.01513977560569155 0.0063346399512248753 -0.029262192634614582 -0.00035630547716869763 -0.0071244518382263438 0.014061072276437221 -0.0014124588894449872 0.0052969441649753533 0.0089157069037202313 -0.012100129966422549 0.022088222973543851 -0.022248603079948019 -0.022483865304593668 -0.014426347013090302 0.021714308634596693 0.02024208302385606 0.012981553822872659 -0.0025599321761821366 0.022472084714770309 0.013402068990756589 -0.0039965286078410709 0.0010398533953862019 -0.023608230219526408 0.0092621282050458983 0.007398410061991427
leaf_weight=126.02458339929581 440.26149195432663 1246.2838154435158 425.99462732672691 205.68912847340107 12846.217348143458 224.14671520888805 55.880977466702461 23431.679022654891 327.76357774436474 84.583821967244148 566.86707074940205 87.215562075376511 384.80043788254261 357.83897113800049 399.73456734418869 1761.4859866946936 1090.9954804629087 277.58493992686272 286.26262035965919 662.963275000453 420.0644411444664 1321.0396609604359 22.618887543678284 3162.8816546648741 250.62847691774368 100.36667919158936 81.472353622317314 824.63051852583885 301.72226819396019 323.24085012078285
leaf_count=404 2045 6146 1322 687 69385 751 201 74799 1309 281 2611 321 1447 1463 1300 8952 3467 853 915 3344 2128 6156 80 16539 997 372 286 2581 1296 1342
internal_value=-0.00459538 0.0206323 -0.0275333 0.00721621 0.0232493 -0.00431344 -0.0282594 -0.0284827 0.013508 -0.0289884 0.00837517 0.00209185 -0.00223025 0.00146913 -0.0220087 0.018797 -0.0198004 -0.0168388 -0.010952 0.0177304 0.0168294 0.0147765 -0.0292376 0.024565 0.00989196 0.00603641 -0.00846387 -0.0224621 0.0143089 0.00347981
internal_weight=52098.9 24810.9 27288.1 4052.88 20758 1430.07 26622.4 26280.2 2622.82 24363.5 1217.87 946.791 608.947 665.703 1916.72 4748.87 1490.73 483.274 342.144 1404.95 2987.39 1741.1 23454.3 16009.1 337.844 458.206 207.497 909.214 741.984 651.004
internal_count=213780 126309 87471 17003 109306 5056 84946 83830 11947 77741 5262 3516 2198 2525 6089 23382 4767 1540 1116 6685 14430 8284 74879 85924 1318 1835 690 2862 3341 2651
cat_boundaries=0 2 3 5 7 9
cat_threshold=1391809037 66085 7340544 177535276 100364 671100976 166081 546439424 32
is_linear=0
shrinkage=0.02


Tree=29
num_leaves=31
num_cat=0
split_feature=38 13 13 41 22 16 21 16 22 38 22 26 24 26 26 16 16 22 41 21 49 29 21 23 13 41 14 3 27 44
split_gain=73044.1 1981.4 1875.44 476.491 401.799 334.295 203.487 127.773 118.205 145.828 125.329 76.2911 74.2489 72.0249 62.2133 55.2362 54.9219 65.491 53.2123 48.5907 42.5703 35.7966 34.7062 31.1258 28.024 26.1808 19.0779 18.2895 18.2668 18.1855
threshold=2.5000000000000004 1.0000000180025095e-35 1.5000000000000002 0.65064586096437071 0.12499999999999996 2.1742424242424243 3.5000000000000004 1.0000000180025095e-35 0.2583683473389356 1.5000000000000002 0.11313025210084031 0.0060820248065185005 0.79852133160956706 0.034810207786709055 0.027039419061427306 1.5871212121212122 1.0000000180025095e-35 0.30009590792838875 0.39851988391580934 12.500000000000002 -3.6999999999999997 2.2798260546013762 11.500000000000002 0.37500000000000006 2.5000000000000004 0.26978538028199145 1.0000000180025095e-35 0.95297903005573359 2.3813545835873016 35.800000000000004
decision_type=2 2 2 2 2 8 8 10 2 2 2 2 2 2 2 8 10 2 2 8 2 2 8 2 2 2 2 2 2 2
left_child=2 4 3 14 6 13 11 20 9 19 -11 -2 -13 22 21 -10 -6 23 -7 -5 -8 27 -4 -18 -3 -24 -16 -1 -19 -28
right_child=1 24 5 8 16 18 7 -9 15 10 -12 12 -14 -15 26 -17 17 28 -20 -21 -22 -23 25 -25 -26 -27 29 -29 -30 -31
leaf_value=0.0086408530904821344 -0.027694466556539982 0.010127595434724341 0.018168328007550433 0.012645624333340984 0.0067527168302328701 0.024774980985831595 -0.025781495807647409 -0.022010074289541066 0.0029512282667055389 -0.016052073247294761 -0.00035196462850633597 -0.024532456230444741 -0.014359055510050778 0.021207989529544339 -0.0049002402582417129 0.015291907287350083 -0.019930104319698664 -0.010789446715027226 0.021865697833720405 0.0024282716649135835 -0.029228925590299097 0.01489992871021782 0.018935674117764558 -0.0012165837696195996 0.024579388945024722 0.011509930326590556 0.020007834749858597 -0.0027548121072713278 0.0053188884467589379 0.0029393920000506859
leaf_weight=188.12290336191654 581.83662037551403 82.829504981637001 967.91457305848598 264.32890774309635 66.271959334611893 13139.76090490818 1893.5151482373476 1190.5334338694811 260.96293485164642 312.5856102257967 580.03376367688179 515.66011063754559 732.50913083553314 1312.6937201619148 10.511866033077238 342.66172830760479 259.97378981113434 38.940465062856674 3612.751341983676 643.37273733317852 21341.836493045092 433.75491251051426 254.89103463292122 44.244927689433098 249.52674746513367 1084.195735052228 1005.1279390901327 74.913795083761215 82.69394126534462 29.588294237852097
leaf_count=800 1821 359 4728 1151 243 71744 6077 3758 1019 997 2110 1650 2369 6655 43 1470 811 127 18985 2606 68821 1984 1292 151 1337 4975 4953 312 294 138
internal_value=-0.00454761 -0.0271888 0.0204591 0.00818238 -0.0277926 0.022955 -0.0281289 -0.0286174 0.00239471 -0.000166859 -0.00590766 -0.0215613 -0.0186268 0.0173904 0.0161399 0.0100307 -0.00975009 -0.0123942 0.0241528 0.00545745 -0.0289522 0.0113526 0.0151847 -0.017312 0.0211602 0.0129775 0.0192706 0.00532568 0 0.0195489
internal_weight=51598.5 27080.4 24518.2 4145.97 26748 20372.2 26255.9 24425.9 2403.95 1800.32 892.619 1830.01 1248.17 3619.7 1742.02 603.625 492.125 425.853 16752.5 907.702 23235.4 696.792 2307 304.219 332.356 1339.09 1045.23 263.037 121.634 1034.72
internal_count=213780 87818 125962 17583 86122 108379 84496 78656 9353 6864 3107 5840 4019 17650 8230 2489 1626 1383 90729 3757 74898 3096 10995 962 1696 6267 5134 1112 421 5091
is_linear=0
shrinkage=0.02


Tree=30
num_leaves=31
num_cat=0
split_feature=15 13 38 38 18 22 22 21 14 16 39 26 30 13 26 22 26 16 23 29 41 22 22 36 41 26 22 15 16 26
split_gain=70916.4 2108.49 1364.07 687.815 301.919 267.014 246.008 207.362 130.088 101.215 81.8371 78.3464 74.2096 70.9217 65.7715 62.3298 57.0182 49.0953 44.6981 42.3267 42.0203 32.363 29.814 28.27 28.069 25.6129 25.2688 24.9288 23.8848 22.601
threshold=0.68750000000000011 1.5000000000000002 2.5000000000000004 1.5000000000000002 2.8750000000000004 0.11313025210084031 0.083333333333333273 2.5000000000000004 2.5000000000000004 1.0000000180025095e-35 0.86607142857142871 0.0052557365575992511 0.75862504825077981 1.0000000180025095e-35 0.023773446953453455 0.23583656947627532 0.017154390559353454 1.0000000180025095e-35 1.0000000180025095e-35 2.2798260546013762 0.39851988391580934 0.24881652661064427 0.20627185314685317 1.0000000180025095e-35 0.45515964514441687 0.037453661211625605 0.22466177613236438 2.1875000000000004 1.8819444444444446 0.017789415239374103
decision_type=2 2 2 2 2 2 2 8 2 10 2 2 2 2 2 2 2 10 2 2 2 2 2 2 2 2 2 2 8 2
left_child=2 3 13 8 16 23 7 11 14 18 15 -4 -13 22 19 -7 -3 -8 -9 -2 -6 29 -1 -5 -16 -22 -18 -12 -28 -15
right_child=1 4 6 5 20 10 17 9 -10 -11 27 12 -14 21 24 -17 26 -19 -20 -21 25 -23 -24 -25 -26 -27 28 -29 -30 -31
leaf_value=-0.014234041562481542 -0.00011918142634458322 0.013242095516382051 -0.027766355976744327 -0.01290035554587423 0.024663969693685873 -0.0090204429895641494 0.0060834430898025005 -0.028671592746459709 0.019418641703070949 -0.021857611149973474 0.0048315138324397308 -0.024350173059631386 -0.014108900398378204 0.0026544443355721405 0.016728881602276108 0.0035717871141328046 0.020413499416976597 -0.013920755970186289 0.0035379370075604034 0.0092746445764725696 0.019595997013647448 -0.004032196776841173 0.0009738699500680399 -0.024303392423709404 0.009418120257437098 0.023577497431766428 0.011399130944105234 0.016342122701493031 0.018568174055010322 0.013034882832751536
leaf_weight=125.88764247298241 311.55266650021076 855.69801698625088 524.62027221918106 348.98776790499687 12862.6105889678 285.48705585300922 55.822062909603119 23016.692380234599 877.82151278853416 993.15294878184795 174.21264606714249 495.39863982796669 747.29578898847103 155.77218241989613 509.17252133786678 340.39496597647667 2369.9327491670847 285.30387344956398 15.517211571335791 479.34872499108315 1370.7330316156149 100.31844878196716 81.444522947072983 132.70560844242573 415.6027854681015 1869.3562676906586 320.1837252676487 145.0280901491642 628.30952975153923 200.05731284618378
leaf_count=404 1240 4024 1655 1133 71254 986 201 74932 4386 3160 654 1596 2429 611 2410 1273 11959 915 58 2059 7236 372 286 407 1852 10136 1516 603 3181 852
internal_value=-0.00450075 0.0202423 -0.0269358 0.00699714 0.022866 -0.00413992 -0.0276548 -0.0278788 0.0131296 -0.0283714 0.00202458 -0.021133 -0.0182564 0.00134937 0.00987193 -0.00215581 0.0180213 -0.0105646 -0.0286486 0.00556256 0.0241171 0.00577522 -0.00823628 -0.0162141 0.013506 0.021919 0.0192346 0.0102262 0.0162127 0.00860654
internal_weight=51094.4 24297.1 26797.3 4020.31 20276.8 1426.82 26133.8 25792.7 2593.5 24025.4 945.123 1767.31 1242.69 663.48 1715.68 625.882 4174.12 341.126 23032.2 790.901 16102.7 456.148 207.332 481.693 924.775 3240.09 3318.43 319.241 948.493 355.829
internal_count=213780 126309 87471 17003 109306 5056 84946 83830 11947 78150 3516 5680 4025 2525 7561 2259 20680 1116 74990 3299 88626 1835 690 1540 4262 17372 16656 1257 4697 1463
is_linear=0
shrinkage=0.02


Tree=31
num_leaves=31
num_cat=0
split_feature=38 13 13 37 22 16 21 16 21 22 13 26 26 26 18 47 16 22 26 49 29 16 21 39 13 49 17 13 14 18
split_gain=68740.4 1867.58 1825.27 482.784 389.577 335.798 203.163 123.976 110.587 86.6163 85.005 71.2966 68.3485 63.0592 59.9251 54.4315 51.4188 62.6675 46.3842 44.429 36.2251 35.3284 34.486 28.0254 27.334 21.3012 16.9153 16.4019 16.2894 15.682
threshold=2.5000000000000004 1.0000000180025095e-35 1.5000000000000002 1.0000000180025095e-35 0.12499999999999996 2.1742424242424243 18.500000000000004 0.087121212121212113 12.500000000000002 0.25000000000000011 1.0000000180025095e-35 0.034810207786709055 0.0028987418745386006 0.028804294136259453 3.8750000000000004 3.5217927809630729 1.0000000180025095e-35 0.30009590792838875 0.023181966527594803 -3.6999999999999997 2.2798260546013762 1.8819444444444446 11.500000000000002 0.84523809523809534 2.5000000000000004 4.4071428571428592 1.376892636821528 12.500000000000002 4.5000000000000009 1.0000000180025095e-35
decision_type=2 2 2 2 2 8 8 10 8 2 2 2 2 2 2 2 10 2 2 2 2 10 8 2 2 2 2 2 2 2
left_child=2 4 3 13 6 11 12 19 18 10 -10 22 -2 20 -7 -14 -6 -18 25 -8 -1 -11 27 -24 -3 -5 -19 -4 -15 -20
right_child=1 24 5 8 16 14 7 -9 9 21 -12 -13 15 28 -16 -17 17 26 29 -21 -22 -23 23 -25 -26 -27 -28 -29 -30 -31
leaf_value=0.005331386820840031 -0.029049181525460384 0.0098854330517196953 0.018032030894159033 -0.0039449051600056358 0.00654222321407507 0.02155379336991348 -0.025144366252521415 -0.021236015004242562 -0.0082597851482431456 0.0016903556929784634 0.0022422215656888859 0.020797989868601107 -0.020161929418425501 0.017100439621960915 0.024519570483508859 -0.0044739793860028654 -0.016810163722434851 -0.0043336414792262655 0.0021852130993228005 -0.028661492883911462 0.014235886624358497 0.013741139886350458 0.0098812232303412319 0.016002210841754936 0.024233310692892768 0.0072077565430843406 0.011966586094072744 -0.0047965666202585871 0.023914566085140334 0.017741126624465357
leaf_weight=299.00073638558388 373.07760389149189 82.270523846149445 942.10752014815807 90.412588357925415 66.212541282176971 4007.7314964830875 1875.699029058218 1088.0308568626642 700.27583646774292 230.19999495148659 542.86528187990189 1286.7683463841677 1441.3028613477945 837.76442851126194 12329.50459612906 99.886814475059509 303.29697813093662 89.392847418785095 33.967975094914436 20880.373862713575 531.30392827093601 172.70007298886776 755.90224309265614 565.85503686964512 243.48364336788654 241.4789762198925 32.132399067282677 10.220861807465552 223.85439549386501 210.17270648479462
leaf_count=1276 1185 359 4682 339 243 21363 6124 3470 2409 885 2182 6655 4653 4104 69366 339 962 300 131 68725 2458 722 3492 2775 1337 963 121 46 1195 919
internal_value=-0.00445507 -0.0266151 0.0200698 0.00792783 -0.0272066 0.0225776 -0.0275436 -0.0280536 0.00159091 -0.00104088 -0.00366327 0.0169606 -0.0211473 0.0153457 0.0237973 -0.0191688 -0.0094246 -0.0119884 0.00911236 -0.0283758 0.011084 0.00696849 0.014756 0.0125471 0.0207938 0.00410175 1.39748e-07 0.0177518 0.0186194 0.0157105
internal_weight=50587.2 26575.2 24012.1 4114 26249.4 19898.1 25758.4 23844.1 2222.07 1646.04 1243.14 3560.85 1914.27 1891.92 16337.2 1541.19 491.035 424.822 576.032 22756.1 830.305 402.9 2274.09 1321.76 325.754 331.892 121.525 952.328 1061.62 244.141
internal_count=213780 87818 125962 17583 86122 108379 84496 78319 8550 6198 4591 17650 6177 9033 90729 4992 1626 1383 2352 74849 3734 1607 10995 6267 1696 1302 421 4728 5299 1050
is_linear=0
shrinkage=0.02


Tree=32
num_leaves=31
num_cat=8
split_feature=15 13 38 38 18 16 0 0 14 20 26 0 0 24 26 13 26 0 41 15 0 26 39 26 24 41 0 26 26 0
split_gain=66763.8 2045.7 1298.11 642.927 304.261 235.468 131.368 129.626 120.599 92.6004 77.5863 74.3475 72.6229 68.1158 93.1343 66.382 56.3116 50.9835 43.021 42.8653 40.8152 37.5238 30.7155 28.8181 28.3833 26.916 26.1996 25.885 25.4306 25.326
threshold=0.68750000000000011 1.5000000000000002 2.5000000000000004 1.5000000000000002 2.8750000000000004 1.0000000180025095e-35 0 1 1.5000000000000002 0.099999999999999964 0.029049534093724402 2 3 0.71763298620883775 0.015708519889949705 1.0000000180025095e-35 0.017154390559353454 4 0.39851988391580934 2.1875000000000004 5 0.021808284169030454 0.86607142857142871 0.021501176077194553 4.037051184110009 0.65064586096437071 6 0.037453661211625605 0.014280261795293602 7
decision_type=2 2 2 2 2 10 1 1 2 2 2 1 1 2 2 2 2 1 2 2 1 2 2 2 2 2 1 2 2 1
left_child=2 3 15 7 16 6 13 19 12 -8 -9 21 22 -4 -15 -1 20 28 -6 25 -3 -10 -5 -14 -13 -2 -17 -20 -7 -18
right_child=1 4 5 8 18 17 9 10 11 -11 -12 24 23 14 -16 26 29 -19 27 -21 -22 -23 -24 -25 -26 -27 -28 -29 -30 -31
leaf_value=-0.0080166749809411249 0.016882120344358469 0.016670661242871917 -0.028622027960046738 -0.019016689837818335 0.024333437948066361 -0.015475665582917667 -0.028012371212631976 0.0029642730097329461 0 0.0064338318943003327 0.01322928130529539 -0.0098615234977160824 -0.0091672636639005597 -0.026255682464332141 -0.01317596503141453 0.010327858841191077 0.015364438080431564 -0.02022895682577271 0.019181548841731622 0.021006361035521663 0.0068658858192579553 0.014198422690638592 -0.0036064493992799184 0.0012648660886485444 0.0018682398005536189 0.0087056547567292888 0.00058914984229697205 0.02321544536325823 0.0029918699686682969 0.020421211476994681
leaf_weight=207.21306502819061 429.22920481860638 484.22874036431313 333.8531352430582 289.01787848770618 12530.52085365355 47.840737208724022 22806.03362993896 644.94049391150475 112.07558332383633 29.297129258513451 552.74672058224678 174.7727058082819 183.87411525845528 346.93072098493576 646.96850290894508 216.49923047423363 1118.3915440738201 1351.3034496456385 1341.8196535408497 639.77519086003304 360.64632737636566 210.33813808858395 68.913584023714066 236.70468029379845 148.01930350065231 297.95399338006973 237.76305194199085 1823.5935636609793 67.095723211765289 2139.9189416021109
leaf_count=690 2045 2357 1073 919 71254 154 75766 2651 413 112 2611 609 618 1095 2180 906 5628 4331 7236 3344 1667 862 237 849 549 1296 929 10136 235 11028
internal_value=-0.0044104 0.0198653 -0.0263752 0.00678393 0.022498 -0.0270891 -0.0275659 0.0127635 -0.00397767 -0.0279542 0.00767564 0.00238734 -0.00926731 -0.0204609 -0.0178269 0.00125326 0.0175986 -0.0191769 0.0237739 0.017 0.0128256 0.0089992 -0.0157241 -0.00320571 -0.00432104 0.0136088 0.00555037 0.0215316 -0.00435433 0.0188171
internal_weight=50078.3 23787.5 26290.8 3988.36 19799.1 25629.3 24163.1 2564.65 1423.72 22835.3 1197.69 645.206 778.51 1327.75 993.899 661.475 4103.19 1466.24 15695.9 1366.96 844.875 322.414 357.931 420.579 322.792 727.183 454.262 3165.41 114.936 3258.31
internal_count=213780 126309 87471 17003 109306 84946 80226 11947 5056 75878 5262 2433 2623 4348 3275 2525 20680 4720 88626 6685 4024 1275 1156 1467 1158 3341 1835 17372 389 16656
cat_boundaries=0 1 3 5 7 8 10 12 14
cat_threshold=3872 1391809037 66085 3566493132 487810 203490538 177653 536891648 1761208258 245954 1793613465 131270 2131108115 284212
is_linear=0
shrinkage=0.02


Tree=33
num_leaves=31
num_cat=7
split_feature=15 13 38 38 18 22 22 0 0 16 24 26 18 26 20 13 0 26 0 16 41 15 0 22 22 39 22 0 26 0
split_gain=64789.7 2016.62 1269.92 621.828 304.943 248.889 242.068 164.716 126.876 95.2273 86.0684 107.508 77.1073 75.3322 67.5839 63.8998 61.9259 55.5049 53.0953 45.7576 43.3579 42.4757 39.9078 31.557 28.4274 26.5208 25.7048 34.686 24.9018 24.6021
threshold=0.68750000000000011 1.5000000000000002 2.5000000000000004 1.5000000000000002 2.8750000000000004 0.12491987179487171 0.083333333333333273 0 1 1.0000000180025095e-35 0.71763298620883775 0.015708519889949705 2.3750000000000004 0.029049534093724402 0.099999999999999964 1.0000000180025095e-35 2 0.017154390559353454 3 1.0000000180025095e-35 0.45738358950897134 2.1875000000000004 4 0.12491987179487171 0.20627185314685317 0.93750000000000011 0.22466177613236438 5 0.037453661211625605 6
decision_type=2 2 2 2 2 2 2 1 1 10 2 2 2 2 2 2 1 2 1 10 2 2 1 2 2 2 2 1 2 1
left_child=2 3 15 8 17 18 7 10 21 14 -4 -12 16 -10 -9 24 -7 22 -5 -8 -6 25 -3 -17 -1 -2 -19 -28 -22 -14
right_child=1 4 6 5 20 12 19 9 13 -11 11 -13 29 -15 -16 23 -18 26 -20 -21 28 -23 -24 -25 -26 -27 27 -29 -30 -31
leaf_value=-0.01372385903305485 0.01046482154514772 0.016466969537057601 -0.028551708553721605 -0.0062741267339272546 0.024067058449924929 0.00533313726293865 0.0062202243367302824 -0.027826016328997033 0.0029081010322208906 -0.021226451219995935 -0.025074449419796856 -0.01275653905490463 -0.00088720741367362963 0.013041272317033122 0.0090635903566290161 0.009824290823329777 -0.0064147142695487403 0.019814517385173896 -0.021082863626709459 -0.013095092986949148 0.018155586137935272 0.02080622809423132 0.0067526619878610569 -0.00077148317658115833 0.0011218405484382788 0.018918678840853589 0.0030682370225770966 0.016880660782249857 0.022843103272149175 0.014811510018353074
leaf_weight=125.73637174069881 478.76756761968136 480.61152447760105 392.95086008310318 201.62367203831673 13260.489949554205 307.15759684145451 55.788796558976173 22383.441944375634 644.31434185802937 1001.1703963875771 473.5420201420784 765.11264468729496 53.917969197034836 549.57643838226795 17.770515322685242 267.39361901581287 394.94012735784054 2304.4435635656118 279.5273502022028 283.57918159663677 972.57281903922558 633.10666781663895 359.58824557065964 186.11643208563328 81.480446085333824 244.32923537492752 106.30028480291367 818.09426857531071 1259.8768655508757 185.46032792329788
leaf_count=404 2153 2357 1276 676 76307 1155 201 75164 2651 3234 1506 2581 198 2611 69 1118 1372 11959 870 915 5258 3344 1667 717 286 1188 514 4183 7061 785
internal_value=-0.00436656 0.0196806 -0.0261056 0.00667586 0.0223192 -0.00390224 -0.0268183 -0.0270466 0.0125826 -0.0275055 -0.0201219 -0.017531 0.00206543 0.00754729 -0.0277946 0.00123325 -0.00126135 0.0173968 -0.015561 -0.00983474 0.023607 0.016795 0.0126474 0.00545558 -0.00785849 0.0134152 0.0186137 0.015544 0.020837 0.0118003
internal_weight=49568.8 23534.7 26034.1 3972.72 19562 1422.63 25373.4 25034 2550.09 23402.4 1631.61 1238.65 941.476 1193.89 22401.2 660.727 702.098 4069.04 481.151 339.368 15492.9 1356.2 840.2 453.51 207.217 723.097 3228.84 924.395 2232.45 239.378
internal_count=213780 126309 87471 17003 109306 5056 84946 83830 11947 78467 5363 4087 3510 5262 75233 2525 2527 20680 1546 1116 88626 6685 4024 1835 690 3341 16656 4697 12319 983
cat_boundaries=0 1 3 5 7 9 11 13
cat_threshold=7968 1391809037 66085 1194875660 345888 177535276 34828 1761208258 245954 117964818 4224 2622384 553
is_linear=0
shrinkage=0.02


Tree=34
num_leaves=31
num_cat=6
split_feature=15 13 38 38 16 22 22 21 0 16 26 24 26 26 26 13 0 49 16 0 15 15 41 0 0 22 22 21 44 0
split_gain=62885.5 1987.8 1242.25 601.505 306.642 240.209 239.482 215.089 124.186 103.342 77.0545 77.3133 73.1412 72.9973 71.5126 61.4613 56.5411 45.0306 44.0967 43.5608 42.0965 39.8309 38.1039 37.4039 32.8453 30.4729 27.3696 26.7466 26.5685 25.9341
threshold=0.68750000000000011 1.5000000000000002 2.5000000000000004 1.5000000000000002 2.6306818181818183 0.12499999999999996 0.083333333333333273 2.5000000000000004 0 1.0000000180025095e-35 0.0052557365575992511 0.79852133160956706 0.029049534093724402 0.020038486185837801 0.035497313153316959 1.0000000180025095e-35 1 -3.6999999999999997 1.0000000180025095e-35 2 2.1875000000000004 1.5625000000000002 0.39851988391580934 3 4 0.12491987179487171 0.20627185314685317 12.500000000000002 15.65 5
decision_type=2 2 2 2 8 2 2 8 1 10 2 2 2 2 2 2 1 2 10 1 2 2 2 1 1 2 2 8 2 1
left_child=2 3 15 8 14 19 7 10 20 17 -4 -12 -10 24 21 26 -15 -9 -8 -5 27 23 -6 -3 -7 -17 -1 -2 -23 -11
right_child=1 4 6 5 22 13 18 9 12 29 11 -13 -14 16 -16 25 -18 -19 -20 -21 -22 28 -24 -25 -26 -27 -28 -29 -30 -31
leaf_value=-0.013464951682581047 0.018267402216850893 -0.00042319588855176723 -0.026528236497486618 -0.0033647536237338058 0.024081390665085391 0.0010427061673036076 0.0061046688640639815 -0.024295613569752583 0.0028529517137291295 -0.0088224301147035653 -0.02308638236417785 -0.012607149948378671 0.0128557750177419 -0.00097716986667688212 0.020903980185544395 0.0096605597118932206 0.011420099183409294 -0.027878732041189205 -0.012859092135069836 -0.018285593294013504 0.02060930137137678 0.0024711465523893938 0.021336219854161943 0.012984351941667178 -0.011335926186198126 -0.00075614349865012599 0.0011002888688384355 0.0099808735077759111 0.017267521269891201 -0.0220088248056283
leaf_weight=125.64952935278416 273.58314251899719 101.51201522350311 507.10296505689621 127.76056903600693 11872.723119348288 167.35037018358707 55.764955833554268 1813.0426949113607 643.69822159409523 125.84471403062344 499.36075995862484 715.42029875516891 546.43136574327946 249.33765989542007 1653.4527277201414 266.54644627869129 345.13904549181461 20269.045238792896 283.0682078897953 370.83717185258865 626.46865640580654 54.047338858246803 2954.7493094801903 592.70025749504566 160.38313055038452 186.15474323928356 81.473726168274879 445.48188728094101 2096.8338461965322 845.16644065082073
leaf_count=404 1309 432 1655 437 69385 612 201 6077 2651 423 1661 2364 2611 916 8952 1118 1382 68913 915 1171 3344 265 16539 2761 538 717 286 2032 10972 2737
internal_value=-0.00432398 0.0194992 -0.025845 0.00657004 0.0221436 -0.00383204 -0.0265567 -0.0267859 0.0124042 -0.0273009 -0.0198431 -0.0169775 0.00742095 0.00220083 0.0175234 0.00120941 0.0063829 -0.0275888 -0.00965335 -0.0149768 0.0165926 0.0155318 0.0235401 0.0111819 -0.00531366 0.00535645 -0.0077065 0.0132242 0.016909 -0.0206694
internal_weight=49056.1 23282.5 25773.6 3956.47 19326 1420.81 25113.8 24775 2535.66 23053.1 1721.88 1214.78 1190.13 922.21 4498.55 659.824 594.477 22082.1 338.833 498.598 1345.53 2845.09 14827.5 694.212 327.734 452.701 207.123 719.065 2150.88 971.011
internal_count=213780 126309 87471 17003 109306 5056 84946 83830 11947 78150 5680 4025 5262 3448 23382 2525 2298 74990 1116 1608 6685 14430 85924 3193 1150 1835 690 3341 11237 3160
cat_boundaries=0 2 4 6 8 10 12
cat_threshold=1391809037 66085 2827493618 234591 8681768 34816 118358016 304 3741085961 459554 546447104 52
is_linear=0
shrinkage=0.02


Tree=35
num_leaves=31
num_cat=7
split_feature=38 13 13 37 22 16 21 16 0 0 26 22 13 26 0 0 37 49 0 26 22 18 0 26 16 22 13 26 0 16
split_gain=61013 1730.93 1666.7 434.978 372.76 341.169 211.051 131.069 123.853 93.3517 77.3566 76.067 90.5071 73.0401 69.9309 55.3302 48.4914 45.8439 37.7132 36.8464 36.5318 35.3101 32.5004 32.4799 30.9451 28.4449 25.7478 25.0722 23.0361 21.3873
threshold=2.5000000000000004 1.5000000000000002 1.0000000180025095e-35 1.0000000180025095e-35 0.12499999999999996 2.6306818181818183 3.5000000000000004 1.0000000180025095e-35 0 1 0.035497313153316959 0.26041666666666669 1.0000000180025095e-35 0.0035305698511303506 2 3 1.0000000180025095e-35 -3.6999999999999997 4 0.022090530794665202 0.30009590792838875 3.8750000000000004 5 0.023773446953453455 1.8819444444444446 0.21078643578643577 2.5000000000000004 0.013997491915703602 6 1.0000000180025095e-35
decision_type=2 2 2 2 2 8 8 10 1 1 2 2 2 2 1 1 2 2 1 2 2 2 1 2 10 2 2 2 1 10
left_child=1 3 4 9 6 10 13 17 19 23 16 12 -10 -2 -15 29 25 -8 -9 -5 -17 -7 -18 -1 -13 -3 -4 28 -11 -6
right_child=2 5 26 8 15 21 7 18 11 27 -12 24 -14 14 -16 20 22 -19 -20 -21 -22 -23 -24 -25 -26 -27 -28 -29 -30 -31
leaf_value=0.00070097769755889886 -0.027368294228655575 0.018670569328520105 0.0095014721396968812 0.0041764879734243268 0.011642415408019727 0.021237490241423757 -0.024027381775174821 -0.024014599483500845 -0.0083439138667207764 -0.0022297031552178602 0.020566795232593367 0.0013617277855508087 0.0023396064555604259 -0.0090083293234189451 -0.02023673415246155 -0.018242117001956878 0.0029432873174551604 -0.02765045234451987 -0.014743818590235762 0.014879255771436433 -0.0024727017222377721 0.023924352453526143 0.013142960911884279 0.011009462416147361 0.012722504751692593 0.012272094414375464 0.02359569330888598 0.018650579641797064 0.013865426051647348 -0.0036362929095858864
leaf_weight=206.34036892652512 400.59522745013237 1333.8408604413271 81.113263309001923 253.27848039567471 47.037419378757477 2893.7227536737919 1796.8141843825579 633.38187284767628 715.35488043725491 48.62251590192318 1673.5471457540989 226.33309099078178 562.00497856736183 379.2204378247261 982.79205955564976 223.63930477201939 176.49020890891552 20013.187938436866 520.2247184664011 280.68189580738544 84.918825000524521 11482.636251717806 991.69695499539375 315.04639050364494 170.52281406521797 411.36178207397461 231.624252602458 1158.0771949738264 114.97948178648949 132.97308982908726
leaf_count=852 1322 7085 359 998 179 16280 6077 2039 2450 205 9122 874 2294 1266 3252 707 798 68821 1719 1218 290 68174 4815 1503 716 2105 1337 5933 540 450
internal_value=-0.00428286 0.0193302 -0.0255719 0.00744883 -0.0261419 0.0218658 -0.0264843 -0.0270021 0.00144686 0.0146149 0.0170739 -0.00123995 -0.00363336 -0.0196932 -0.017366 -0.00871426 0.0150416 -0.0273562 -0.0202354 0.00971061 -0.0135956 0.0233895 0.0117679 0.00686443 0.00635212 0.0171975 0.0201285 0.0174513 0.00970631 0.000352926
internal_weight=48542.1 23014.5 25527.5 4051.24 25214.8 18963.3 24726.2 22963.6 2208.18 1843.07 4586.94 1674.22 1277.36 1762.61 1362.01 488.569 2913.39 21810 1153.61 533.96 308.558 14376.4 1168.19 521.387 396.856 1745.2 312.738 1321.68 163.602 180.011
internal_count=213780 125962 87818 17583 86122 108379 84496 78656 8550 9033 23925 6334 4744 5840 4518 1626 14803 74898 3758 2216 997 84454 5613 2355 1590 9190 1696 6678 745 629
cat_boundaries=0 2 4 5 7 9 11 13
cat_threshold=3532675336 128 67767570 439696 15729152 1703440413 295559 203948227 522176 352845824 7480 2315255841 84550
is_linear=0
shrinkage=0.02


Tree=36
num_leaves=31
num_cat=8
split_feature=38 13 13 37 22 16 21 16 0 0 22 13 24 47 18 0 0 47 41 0 22 16 0 13 22 0 18 27 22 0
split_gain=59241.6 1709.66 1618.72 422.447 368.756 341.934 211.246 132.048 119.349 91.4595 73.1771 86.8946 65.7322 76.4549 61.3091 53.3148 44.8769 41.4571 37.251 37.1562 35.2362 29.9179 28.5885 25.6124 25.1322 47.5851 23.6651 23.3311 22.5121 20.9327
threshold=2.5000000000000004 1.5000000000000002 1.0000000180025095e-35 1.0000000180025095e-35 0.12499999999999996 2.6306818181818183 3.5000000000000004 1.0000000180025095e-35 0 1 0.26041666666666669 1.0000000180025095e-35 0.79852133160956706 3.5217927809630729 1.8750000000000002 2 3 6.5725963273325059 0.39851988391580934 4 0.30009590792838875 1.8819444444444446 5 2.5000000000000004 0.20833333333333337 6 4.3750000000000009 3.1827094474153306 0.12499999999999996 7
decision_type=2 2 2 2 2 8 8 10 1 1 2 2 2 2 2 1 1 2 2 1 2 10 1 2 2 1 2 2 2 1
left_child=1 3 4 9 6 14 12 17 27 29 11 -10 13 -2 16 -6 -3 -8 -7 -9 -17 -12 -14 -4 -16 -26 -11 28 -5 -1
right_child=2 5 23 8 15 18 7 19 10 26 21 -13 22 -15 24 20 -18 -19 -20 -21 -22 -23 -24 -25 25 -27 -28 -29 -30 -31
leaf_value=-0.0055060063449203838 -0.026141684114328934 0.0052385831086545721 0.0093478928465483852 -0.00044314394324513278 0.00034651634038313265 0.02378010642587074 -0.027216599414466316 -0.023715492243766411 -0.0081740751152653245 0.016024306420201088 0.0013352820421562723 0.0022947899761476742 -0.010629104286974098 -0.00093234808463822693 0.019430153549398414 -0.01792223595314452 0.0150646578863347 -0.018058664828058596 0.021003267983799777 -0.014511000202062408 -0.0024250509369180728 0.012520439155082665 -0.019001006603615058 0.023434419361547183 0.00093086953930773819 0.016824436441776728 0.023781207104725231 0.015534197787577352 0.010102893660866544 0.0080076686239956615
leaf_weight=42.81996177136898 651.89069867134094 281.22616492211819 80.848949149250984 118.38074320554733 179.90296140313148 11363.006594821811 21326.292211800814 628.75349628925323 715.67300802469254 1092.689431861043 226.25954502820969 561.58400750160217 406.30972030758858 53.965067803859711 2486.9870987534523 223.13686417043209 1090.8807545900345 236.62513779103756 2822.373365059495 518.22869735956192 84.914674058556557 169.86445009708405 639.47314098477364 228.60494968295097 102.46610367298126 585.993871062994 217.9530471265316 184.33012615144253 229.6670508235693 476.96979603171349
leaf_count=178 2198 1272 359 452 629 68254 74088 2039 2450 5441 874 2294 1350 186 13623 707 5350 810 16200 1719 290 716 2106 1337 518 3162 1237 802 962 2177
internal_value=-0.00424248 0.0191511 -0.0253307 0.00732988 -0.0258953 0.0216954 -0.0262394 -0.0267613 0.0014209 0.0144256 -0.00121468 -0.00356091 -0.0194271 -0.0242547 0.0168808 -0.0085532 0.0132287 -0.0271196 0.0232336 -0.0199552 -0.0133501 0.00623983 -0.0160896 0.0199432 0.0184386 0.0147589 0.0172495 0.00954722 0.00648579 0.0067497
internal_weight=48028.1 22769.1 25258.9 4036.19 24949.5 18732.9 24461.5 22709.9 2205.76 1830.43 1673.38 1277.26 1751.64 705.856 4547.55 487.954 1372.11 21562.9 14185.4 1146.98 308.052 396.124 1045.78 309.454 3175.45 688.46 1310.64 532.378 348.048 519.79
internal_count=213780 125962 87818 17583 86122 108379 84496 78656 8550 9033 6334 4744 5840 2384 23925 1626 6622 74898 84454 3758 997 1590 3456 1696 17303 3680 6678 2216 1414 2355
cat_boundaries=0 2 4 6 8 10 11 13 14
cat_threshold=3532675336 128 67767570 439696 1703440413 295559 3305242626 24497 203948227 522176 6294016 390070298 4370 2
is_linear=0
shrinkage=0.02


Tree=37
num_leaves=31
num_cat=6
split_feature=15 15 38 38 41 16 38 21 15 0 0 0 24 26 47 38 0 26 49 20 26 26 0 41 26 25 0 26 26 14
split_gain=57577.7 1728.49 1157.34 509.245 337.195 236.635 203.717 186.714 111.141 101.619 85.7154 78.8713 71.9056 164.36 73.2426 55.3661 50.1912 49.4565 47.79 48.6803 39.0463 37.7016 36.796 34.6068 34.4219 32.3229 29.9248 29.8196 29.1581 32.7821
threshold=0.68750000000000011 1.9375000000000002 2.5000000000000004 1.5000000000000002 0.61885990497240806 1.0000000180025095e-35 1.5000000000000002 1.0000000180025095e-35 3.9375000000000004 0 1 2 0.79852133160956706 0.023181966527594803 3.5217927809630729 1.5000000000000002 3 0.014800098652305152 0.78571428571428581 0.099999999999999964 0.026717122452737354 0.027971330261086152 4 0.97590007294853376 0.023181966527594803 7.0914308043246042 5 0.079459703934912071 0.013534118357487851 1.5000000000000002
decision_type=2 2 2 2 2 10 2 8 2 1 1 1 2 2 2 2 1 2 2 2 2 2 1 2 2 2 1 2 2 2
left_child=2 3 15 11 8 7 21 12 22 25 23 20 14 -14 -4 -1 -7 -13 -9 -20 -2 26 24 -5 -3 -8 -6 -19 -12 -30
right_child=1 4 5 10 6 16 9 18 -10 -11 28 17 13 -15 -16 -17 -18 27 19 -21 -22 -23 -24 -25 -26 -27 -28 -29 29 -31
leaf_value=0.0048125941997305063 0.011312135189714743 0.010832033842389994 -0.025897868067506619 0.008159633360043583 -0.00018789840162924205 -0.0033106422109013892 -0.0058964850905826437 -0.024439686586560105 0.023676087908138545 0.0086408180010470684 -0.018180305011327037 0.00055358581581492082 -0.02050699813535185 0.00012341926920562661 -0.0011315434703937327 -0.0078496309419146086 -0.018866555262101261 0.0085920922052619558 -0.027273790815516709 0.00092474611406750517 0.01804942897064591 0.019489712271995755 0.02132873980688569 -0.0038815726343319457 0.018360206262910007 -0.02855641468212812 0.014523154860513941 0.022284571560619575 -0.01093353393203161 0.00087389167815358939
leaf_weight=464.13319392502308 810.20696917176247 349.77303986251354 642.69574059545994 183.77045479416847 67.547899305820465 113.52512013912201 115.10027866065502 3390.3438888639212 11151.573394611478 330.51745600998402 145.24074387550354 323.01893584430218 562.8514691144228 209.77703413367271 53.714771240949631 192.62906201183796 1317.1185099035501 1053.5555808395147 18008.049500405788 22.954178333282471 677.5356924533844 1193.1541170328856 3685.0725927203894 190.34721679985523 1134.3168089985847 31.646480321884155 565.99936513602734 68.630655482411385 333.69030195474625 125.72347734868526
leaf_count=1884 3761 1852 2189 710 329 389 405 11817 67948 1346 465 1336 1853 732 185 641 4331 4857 63364 86 3448 6713 21022 675 6435 96 2988 349 1114 460
internal_value=-0.00420295 0.0189734 -0.0251146 0.00687325 0.0215122 -0.025822 0.0142911 -0.0263195 0.0225276 0.00258715 -0.00559223 0.0110415 -0.0192821 -0.014901 -0.0240293 0.00104963 -0.0178103 0.00747135 -0.0267984 -0.0272366 0.0143278 0.0173288 0.0200338 0.0019464 0.0165138 -0.0106779 0.013155 0.00950445 -0.0101412 -0.00767435
internal_weight=47514.2 22536.4 24977.8 3911.72 18624.7 24321 2303.97 22890.4 16320.7 477.264 978.772 2932.95 1469.04 772.629 696.411 656.762 1430.64 1445.21 21421.3 18031 1487.74 1826.7 5169.16 374.118 1484.09 146.747 633.547 1122.19 604.655 459.414
internal_count=213780 126309 87471 17175 109134 84946 11877 80226 97257 1847 3424 13751 4959 2585 2374 2525 4720 6542 75267 63450 7209 10030 29309 1385 8287 501 3317 5206 2039 1574
cat_boundaries=0 2 4 6 7 9 11
cat_threshold=541622530 3705 4078729992 2562 284810780 98883 536891648 520486963 283664 67108882 71960
is_linear=0
shrinkage=0.02


Tree=38
num_leaves=31
num_cat=7
split_feature=15 13 38 38 18 16 22 21 22 14 0 26 42 18 0 0 13 0 0 49 26 16 26 22 0 22 26 26 22 0
split_gain=55916.1 1884.42 1134.17 522.994 311.685 237.493 220.399 186.901 129.637 121.525 73.1745 70.5799 117.974 69.2545 58.6798 56.6274 53.6794 51.1715 48.7536 47.6936 44.6562 44.5392 39.7526 39.4081 31.4294 29.3723 26.2722 26.1333 25.7694 24.5456
threshold=0.68750000000000011 1.5000000000000002 2.5000000000000004 1.5000000000000002 2.8750000000000004 1.0000000180025095e-35 0.11313025210084031 1.0000000180025095e-35 0.083333333333333273 2.5000000000000004 0 0.0023604272768445005 14.407142857142858 2.3750000000000004 1 2 1.0000000180025095e-35 3 4 -3.6999999999999997 0.023773446953453455 2.6306818181818183 0.015908411030283655 0.24999999999999997 5 0.12491987179487171 0.050070448810054506 0.027459072507104953 0.20627185314685317 6
decision_type=2 2 2 2 2 10 2 8 2 2 1 2 2 2 1 1 2 1 1 2 2 8 2 2 1 2 2 2 2 1
left_child=2 3 16 9 14 7 17 11 19 10 -2 -4 -13 15 22 -8 28 26 -7 -9 -12 -6 -3 -20 -11 -18 -5 -16 -1 -15
right_child=1 4 5 6 21 18 13 8 -10 24 20 12 -14 29 27 -17 25 -19 23 -21 -22 -23 -24 -25 -26 -27 -28 -29 -30 -31
leaf_value=-0.012899028851726951 0.013970397410563327 0.0054200123389505795 -0.027581540692184589 -0.0090734998927367878 0.019086192036061454 -0.0032530954062639766 0.0047466765764839968 -0.023228196661413444 0.0050666859885268945 0.020404906266398473 0.00050869004971137684 -0.018235330564279086 0.0081002202588767395 -0.0011162408875206619 0.016004634615049182 -0.0064262591748553023 0.0091857453278959156 -0.019849327357816148 -0.019864416790496612 -0.026955205611632099 0.008868820990098527 0.023199940844553488 0.014318816256885426 -0.0074382539879090572 0.0091965837788027457 -0.0010750687343738107 0.0094049501392165832 0.020461081278931387 0.0012336777499478676 0.014347314241818954
leaf_weight=125.35624226927757 614.63610455393791 258.31041298806667 315.08709408342838 156.68611095845699 1315.9963345974684 113.45339222252369 333.85634706914425 1745.175885990262 49.723643913865089 613.00913165509701 472.51487673819065 1073.9791260510683 69.893184170126915 54.937977850437164 1116.4371968358755 366.92006543278694 263.93435500562191 283.42958576977253 1187.2571418136358 19376.755719617009 568.71378085017204 13188.850896984339 1158.9167852848768 122.74686463177204 207.94424839317799 185.29506239295006 34.544377028942108 1362.1556742489338 81.474798709154129 184.02813105285168
leaf_count=404 2944 1223 1069 519 7555 389 1256 6077 178 3355 1936 3636 254 202 5777 1271 1118 895 3925 69012 2681 81071 6129 406 1031 717 126 7551 286 787
internal_value=-0.00416402 0.0188012 -0.0248823 0.00614306 0.0214755 -0.0255899 -0.00354437 -0.0260925 -0.0265754 0.0116808 0.00851223 -0.0190306 -0.0165918 0.00205352 0.0164056 -0.00110127 0.0010289 -0.0146124 -0.0175473 -0.0266516 0.00505803 0.0228321 0.0126369 -0.0185934 0.0179932 0.00493015 -0.00526762 0.0184094 -0.00729852 0.0112867
internal_weight=47002 22291.9 24710.1 3891.22 18400.7 24054.1 1414.4 22630.6 21171.7 2476.82 1655.86 1458.96 1143.87 939.743 3895.82 700.776 656.06 474.66 1423.46 21121.9 1041.23 14504.8 1417.23 1310 820.953 449.229 191.23 2478.59 206.831 238.966
internal_count=213780 126309 87471 17003 109306 84946 5056 80226 75267 11947 7561 4959 3890 3516 20680 2527 2525 1540 4720 75089 4617 88626 7352 4331 4386 1835 645 13328 690 989
cat_boundaries=0 2 4 6 8 9 11 13
cat_threshold=284742188 66149 521011507 268092 3342360332 345890 143980844 34828 536891648 3421855129 135200 2621872 131625
is_linear=0
shrinkage=0.02


Tree=39
num_leaves=31
num_cat=6
split_feature=15 13 38 37 18 16 21 38 0 0 26 42 0 0 13 49 20 0 41 26 26 26 26 26 15 26 26 0 37 40
split_gain=54310.6 1857.9 1111.56 506.601 312.72 238.277 187.595 161.444 101.688 97.157 70.0047 101.714 57.4456 53.7354 51.63 48.8746 48.1426 48.1101 46.6914 40.1557 34.0178 33.6404 31.3156 28.7459 28.1551 27.8248 27.6978 27.5673 26.2814 22.7132
threshold=0.68750000000000011 1.5000000000000002 2.5000000000000004 1.0000000180025095e-35 2.8750000000000004 1.0000000180025095e-35 1.0000000180025095e-35 2.5000000000000004 0 1 0.0035305698511303506 14.407142857142858 2 3 1.0000000180025095e-35 0.78571428571428581 0.099999999999999964 4 0.38664222481883087 0.025836569391989705 0.027459072507104953 0.015908411030283655 0.023773446953453455 0.037453661211625605 4.1875000000000009 0.016596553965101554 0.021808284169030454 5 1.0000000180025095e-35 1.7083333333333337
decision_type=2 2 2 2 2 10 8 2 1 1 2 2 1 1 2 2 2 1 2 2 2 2 2 2 2 2 2 1 2 2
left_child=2 3 14 9 12 6 10 8 26 22 -4 -12 21 -9 -1 -8 -17 25 -6 -10 28 -3 -2 -20 -11 -7 -5 -16 -14 -23
right_child=1 4 5 7 18 17 15 13 19 24 11 -13 20 -15 27 16 -18 -19 23 -21 -22 29 -24 -25 -26 -27 -28 -29 -30 -31
leaf_value=-0.0071582523368522765 0.00031889163703765876 0.004217987141720861 -0.02640421962045127 0.0040543846602597265 0.023317774902537579 -0.014278778458282777 -0.023958605538322665 -0.0014519524325410688 -0.0049657565783389548 0.015386549652463354 -0.017624459039346535 0.0076270925109571041 0.017895592768705126 -0.017652297913646336 0.010048449317242728 -0.026845401499618591 0.0011439335497470729 -0.018837598769314932 0.017908401647639946 0.0024433106643021629 0.020010609084988668 0.007205293725528506 0.010204303811623763 0.022134024868423398 0.023699911257122973 1.9554648546805774e-05 0.013583327251166058 5.878583241870186e-05 0.011661829834984259 0.015257316747749891
leaf_weight=206.70784458518028 219.23956494033337 200.41048491001129 372.13744759559631 230.92148600518703 11205.820956945419 106.26721401512623 3320.165136039257 140.58995892107487 597.01563017070293 1050.2407345026731 1011.8265893310308 65.320679426193237 709.91540282964706 245.04265543818474 200.94520498812199 17577.352483525872 23.002656489610672 1206.7133659273386 1313.8495769351721 564.7399355918169 1529.1225918829441 199.20518301427364 321.5918280929327 1789.7221287786961 221.53830823302269 102.95610232651234 284.7531006783247 247.51662899553776 527.66412188112736 696.54513585567474
leaf_count=690 908 945 1276 927 70076 352 11817 487 2196 5341 3447 236 3825 788 855 63364 86 4007 7675 2237 8552 965 1556 10875 1305 361 1258 980 2603 3790
internal_value=-0.00412595 0.0186322 -0.0246565 0.00604769 0.0213136 -0.0253643 -0.025872 -0.000722807 0.00195467 0.0137532 -0.0187772 -0.0160577 0.0162172 -0.012346 0.00100884 -0.0263598 -0.0268075 -0.0172908 0.0226844 -0.00133846 0.0178599 0.0117459 0.00614466 0.0203706 0.0167712 -0.00692155 0.00922506 0.00484013 0.0152885 0.0135189
internal_weight=46488.8 22047.9 24440.9 3875.67 18172.3 23785.7 22369.8 2063.06 1677.43 1812.61 1449.28 1077.15 3862.86 385.633 655.17 20920.5 17600.4 1415.94 14309.4 1161.76 2766.7 1096.16 540.831 3103.57 1271.78 209.223 515.675 448.462 1237.58 895.75
internal_count=213780 126309 87471 17003 109306 84946 80226 7893 6618 9110 4959 3683 20680 1275 2525 75267 63450 4720 88626 4433 14980 5700 2464 18550 6646 713 2185 1835 6428 4755
cat_boundaries=0 1 3 5 7 9 11
cat_threshold=3533004040 67775762 439696 520486930 268092 1637370660 67594 562057472 53 1793611409 135878
is_linear=0
shrinkage=0.02


Tree=40
num_leaves=31
num_cat=7
split_feature=15 13 20 37 16 18 22 21 22 0 13 0 22 24 49 0 0 49 22 41 0 0 0 16 20 18 15 22 15 15
split_gain=52754.6 1833.43 1090.38 491.262 318.344 313.67 207.861 178.795 123.055 94.3089 90.3596 88.7554 71.1681 65.8329 72.1923 57.1335 51.2418 49.7669 48.8024 47.0851 45.5449 40.4398 37.3924 37.2296 32.2644 31.9294 27.5439 26.3026 23.4345 20.8309
threshold=0.68750000000000011 1.5000000000000002 0.099999999999999964 1.0000000180025095e-35 1.0000000180025095e-35 2.8750000000000004 0.12499999999999996 1.5000000000000002 0.12491987179487171 0 1.0000000180025095e-35 1 0.24999999999999997 0.79852133160956706 9.0571428571428587 2 3 -3.6999999999999997 0.26250000000000001 0.39851988391580934 4 5 6 1.7613636363636365 0.20000000000000018 2.6250000000000004 4.1875000000000009 0.22499999999999998 1.9375000000000002 5.1875000000000009
decision_type=2 2 2 2 10 2 2 8 2 1 2 1 2 2 2 1 1 2 2 2 1 1 1 10 2 2 2 2 2 2
left_child=2 3 4 9 7 15 10 13 17 -2 22 25 16 14 -1 23 -6 -9 -13 -7 -15 -4 -5 27 -23 -8 -11 -3 -17 -30
right_child=1 5 21 6 12 19 11 8 -10 26 -12 18 -14 20 -16 28 -18 -19 -20 -21 -22 24 -24 -25 -26 -27 -28 -29 29 -31
leaf_value=-0.027234423345933869 0.0062375544427405137 0.010971029065475885 0.0084645612547118426 -0.0064374422892940573 -0.010319739875917038 0.023154470434950048 0.0067519679364323971 -0.022737012323221881 0.0085341851689224261 0.015248056607091658 0.0032162622406386992 -0.0051826066537319438 -0.0047811333911030023 -0.0076460471616697882 -0.011712457607550112 0.015398319701872418 -0.020414712812868871 -0.026564558831966477 0.0056979746594530934 0.02010984690096073 -0.018701868016969846 -0.013117019708968487 -0.018980865323626885 0.015309399355445641 0.0019903982085130627 0.01875324949582249 0.023544391781299811 0.0012083240633251437 0.020068228222780472 -0.0032954014572233788
leaf_weight=506.4720321148634 557.32290707528591 471.84528760612011 280.06165540218353 209.55669681727886 376.64897434413433 11237.210408821702 589.88607253134251 1711.2069267630577 38.597191244363785 1024.7886056602001 151.87073953449726 471.65406222641468 197.99197892844677 315.54561801254749 172.44090968370438 907.77362275123596 966.68221290409565 18883.704391598701 248.67103153467178 2878.2726827412844 451.63852566480637 75.467415228486061 282.49499142169952 832.34852837026119 195.24012593924999 106.79726321995258 218.19963797926903 151.09292715787888 1453.8434215188026 13.149118751287459
leaf_count=1752 2550 2378 1145 705 1285 71254 2419 6077 138 5257 646 1734 672 1072 622 4653 3217 68925 989 17372 1529 251 901 4564 786 499 1303 716 8304 65
internal_value=-0.00408862 0.0184644 -0.0244357 0.00594946 -0.0250844 0.0211546 -0.000710813 -0.0257012 -0.0261836 0.0135735 -0.0101146 0.00356073 -0.0162026 -0.0187646 -0.0233901 0.0160321 -0.0178567 -0.0262509 -0.00137174 0.0225395 -0.0145701 0.00333344 -0.0142641 0.012412 -0.0021666 0.00857031 0.0166401 0.00865219 0.0180953 0.0198389
internal_weight=45978.5 21806.8 24171.7 3861.24 23620.9 17945.5 2060.93 22079.6 20633.5 1800.31 643.922 1417.01 1541.32 1446.1 678.913 3830.05 1343.33 20594.9 720.325 14115.5 767.184 550.769 492.052 1455.29 270.708 696.683 1242.99 622.938 2374.77 1466.99
internal_count=213780 126309 87471 17003 85289 109306 7893 80115 75140 9110 2252 5641 5174 4975 2374 20680 4502 75002 2723 88626 2601 2182 1606 7658 1037 2918 6560 3094 13022 8369
cat_boundaries=0 2 4 6 8 9 11 13
cat_threshold=67775762 439760 3555942153 328224 521011507 270140 2006995224 61 6294016 3941390995 148358 177527084 100364
is_linear=0
shrinkage=0.02


Tree=41
num_leaves=31
num_cat=7
split_feature=38 13 13 37 22 16 21 16 0 0 26 26 0 22 13 0 49 39 0 0 41 26 22 26 16 26 13 0 14 14
split_gain=51242.1 1610.77 1413.05 366.316 357.48 348.696 214.35 128.573 106.703 85.7027 78.5285 68.3457 67.9829 66.5585 72.7716 50.5724 50.2678 47.4504 47.2042 42.6031 39.6196 33.948 33.393 29.7094 28.309 25.9025 24.2217 21.8874 21.5821 20.5457
threshold=2.5000000000000004 1.5000000000000002 1.0000000180025095e-35 1.0000000180025095e-35 0.12499999999999996 2.6306818181818183 18.500000000000004 0.087121212121212113 0 1 0.035497313153316959 0.0028987418745386006 2 0.26041666666666669 1.0000000180025095e-35 3 -3.6999999999999997 0.84523809523809534 4 5 0.39851988391580934 0.022090530794665202 0.30009590792838875 0.023773446953453455 2.1742424242424243 0.050803650222262901 2.5000000000000004 6 4.5000000000000009 1.0000000180025095e-35
decision_type=2 2 2 2 2 8 8 10 1 1 2 2 1 2 2 1 2 2 1 1 2 2 2 2 10 2 2 1 2 2
left_child=1 3 4 9 6 10 11 16 21 23 17 -2 -13 14 -10 -6 -8 18 -3 -9 -7 -5 -17 -1 -15 28 -4 -22 -11 -25
right_child=2 5 26 8 15 20 7 19 13 25 -12 12 -14 24 -16 22 -18 -19 -20 -21 27 -23 -24 29 -26 -27 -28 -29 -30 -31
leaf_value=0.00017102570359768646 -0.026612589755425829 0.014958608276028263 0.0088426545178857171 0.0036919088488784535 0.00096179908188276137 0.023088481729868226 -0.022514413965153222 -0.022933343960670101 -0.0076773768900927292 0.013456685978442271 0.019560888548177141 -0.008379467313696258 -0.019075144899985956 0.0020172542311824248 0.0019239483633176552 -0.016811276288186346 -0.026360413044893356 0.01657544762790189 0.0071232189522773392 -0.013089016080309233 0.012847040219839916 0.01404038571312842 -0.0017178581944521779 -0.013188140559598145 0.01349497958120276 0.02240393498899048 0.02274489927948857 0.020961242525789445 0.022215551106295379 0.011187179989359785
leaf_weight=204.31521575152874 339.78081215918064 702.29232601821423 79.320543840527534 250.78407956659794 179.11563414335251 10600.848668202758 1708.5398176461458 532.43261414766312 714.06197805702686 852.0987114161253 1574.0511174947023 397.33132362365723 1054.5821534246206 263.82934713363647 557.6772383749485 220.57450127601624 18591.225780457258 1357.8315147906542 715.62069427967072 497.36446210741997 312.25427837669849 274.49975425004959 84.646354883909225 11.323277950286863 129.47322228550911 257.37035468220711 214.38832396268845 2346.4641675204039 148.67290841042995 295.04579643905163
leaf_count=852 1185 3714 359 998 629 68254 6124 1779 2450 4338 9122 1356 3636 1031 2294 707 68725 7507 3582 1691 1850 1218 290 46 559 1459 1337 14350 881 1457
internal_value=-0.00405251 0.0182955 -0.0242216 0.0067547 -0.0247649 0.0208875 -0.0251216 -0.0256854 0.00127327 0.0135174 0.0159334 -0.018368 -0.0163739 -0.00121597 -0.00345674 -0.00764228 -0.0260411 0.0138502 0.011197 -0.0185988 0.0225072 0.00901597 -0.0123472 0.00607399 0.00591968 0.0163236 0.0191852 0.0201584 0.0148403 0.0101025
internal_weight=45467.8 21568.5 23899.3 3959.15 23605.6 17609.4 23121.3 21329.6 2190.33 1768.83 4349.8 1791.69 1451.91 1665.04 1271.74 484.336 20299.8 2775.74 1417.91 1029.8 13259.6 525.284 305.221 510.684 393.303 1258.14 293.709 2658.72 1000.77 306.369
internal_count=213780 125962 87818 17583 86122 108379 84496 78319 8550 9033 23925 6177 4992 6334 4744 1626 74849 14803 7296 3470 84454 2216 997 2355 1590 6678 1696 16200 5219 1503
cat_boundaries=0 2 4 5 7 9 11 13
cat_threshold=3532675336 128 67767570 439696 7340544 1703440413 295559 1081204448 65606 203423939 260032 83886080 89108
is_linear=0
shrinkage=0.02


Tree=42
num_leaves=31
num_cat=6
split_feature=15 13 38 38 18 21 14 38 13 37 26 0 0 0 0 24 42 26 20 47 18 26 26 0 14 15 15 0 15 39
split_gain=49808.4 1782.63 1051.94 461.845 317.029 225.989 116.527 116.429 107.212 91.9367 77.2626 74.6566 72.1056 70.2754 57.5796 57.284 146.668 94.3156 51.8601 48.1486 47.11 41.0222 34.5187 31.3383 29.7827 29.4849 27.7601 26.0854 23.0263 22.4885
threshold=0.68750000000000011 1.5000000000000002 3.5000000000000004 1.5000000000000002 2.8750000000000004 3.5000000000000004 2.5000000000000004 7.5000000000000009 1.0000000180025095e-35 1.5000000000000002 0.0035305698511303506 0 1 2 3 0.79852133160956706 14.407142857142858 0.022090530794665202 0.099999999999999964 6.249752916883847 3.8750000000000004 0.023773446953453455 0.015908411030283655 4 2.5000000000000004 1.9375000000000002 0.93750000000000011 5 5.1875000000000009 0.93750000000000011
decision_type=2 2 2 2 2 8 2 2 2 2 2 1 1 1 1 2 2 2 2 2 2 2 2 1 2 2 2 1 2 2
left_child=2 3 8 6 14 10 13 -7 -1 12 -4 -11 -5 29 22 16 -12 -17 19 -9 -6 -15 -3 -8 -14 -16 -13 -10 -27 -2
right_child=1 4 5 9 20 7 23 18 27 11 15 26 24 21 25 17 -18 -19 -20 -21 -22 -23 -24 -25 -26 28 -28 -29 -30 -31
leaf_value=-0.0096421420420223641 0.010331337616798664 0.0042500194354710636 -0.025817715686829744 -0.0056341672218069615 0.019740253828296458 -0.016909375023280812 0.01980032113436863 -0.025814376493287411 0.009477282654979536 -0.016245043044196383 -0.024176596772368109 -0.010421453229847803 0.0023736998489544475 0.00019978977447345848 0.014599650359889018 -0.016825932362658742 0.016068989989199242 -0.002583011692297757 0.0031995781172283605 -0.016302262475550628 0.022868106218702257 0.0082553854014209369 0.013204275874859988 0.0086186300525206063 0.013072002994701834 0.019497243120372296 0.0024951193162244412 -4.0895742736918952e-05 -0.0037948202248173951 0.018756854848713981
leaf_weight=394.54332043230534 377.98631365597248 223.74229608476162 375.45873622596264 359.70294809341431 2696.190995246172 663.43843029439449 590.40874786674976 20161.956750229001 208.93804258108139 292.55775697529316 438.19903591275215 96.455768704414368 300.42410926520824 469.65901353955269 1001.8437087535858 554.32881690561771 36.807649478316307 286.34242998063564 23.002475544810295 246.16118690371513 11039.484554827213 558.66353166103363 942.61356903612614 203.82359632849693 162.90521854162216 1580.2080282121897 194.82170890271664 240.39276485145092 14.805121436715124 223.53239756822586
leaf_count=1319 1777 1076 1323 1261 16575 2237 3355 75227 894 961 1547 323 1119 1936 5194 1861 137 1003 87 884 72051 2681 5127 1031 688 9209 704 952 74 1167
internal_value=-0.00401663 0.0181382 -0.0240159 0.00576825 0.0208437 -0.0248279 0.0110556 -0.0253969 -0.00205481 -0.00333195 -0.0176862 -0.0093837 0.000955266 0.00794708 0.0156552 -0.0152971 -0.0209349 -0.0120248 -0.0256691 -0.025703 0.02226 0.00456264 0.0114213 0.0173556 0.00610702 0.0174228 -0.00171845 0.00458294 0.0192618 0.0133521
internal_weight=44959.4 21329.8 23629.6 3830.94 17498.9 22785.7 2424.07 21094.6 843.874 1406.87 1691.14 583.835 823.032 1629.84 3763.21 1315.68 475.007 840.671 20431.1 20408.1 13735.7 1028.32 1166.36 794.232 463.329 2596.86 291.277 449.331 1595.01 601.519
internal_count=213780 126309 87471 17003 109306 84306 11947 78435 3165 5056 5871 1988 3068 7561 20680 4548 1684 2864 76198 76111 88626 4617 6203 4386 1807 14477 1027 1846 9283 2944
cat_boundaries=0 2 4 6 8 10 12
cat_threshold=201785562 194045 107577895 2685 284742188 66149 521011218 268092 3421855129 135200 1793611440 135878
is_linear=0
shrinkage=0.02


Tree=43
num_leaves=31
num_cat=5
split_feature=15 15 15 37 20 21 20 18 22 20 22 37 0 26 26 16 22 24 42 26 0 20 49 0 22 0 2 15 0 26
split_gain=48397.4 1623.43 1031.14 302.214 266.052 223.342 161.603 157.043 144.283 128.879 130.532 127.445 82.1728 81.6775 75.6274 69.9904 69.2582 59.9069 141.221 84.2389 57.7258 52.2903 52.1597 45.8362 44.9822 41.6028 39.7877 39.0454 37.2043 33.295
threshold=0.68750000000000011 1.9375000000000002 0.18750000000000003 1.0000000180025095e-35 -0.10000000000000063 3.5000000000000004 0.19999999999999998 3.8750000000000004 0.12491987179487171 -0.10000000000000032 0.12491987179487171 1.5000000000000002 0 0.017154390559353454 0.0035305698511303506 1.0000000180025095e-35 0.24881652661064427 0.79852133160956706 14.407142857142858 0.022090530794665202 1 -0.49999999999999989 -3.6999999999999997 2 0.24881652661064427 3 -0.88545602565320969 0.93750000000000011 4 0.027459072507104953
decision_type=2 2 2 2 2 8 2 2 2 2 2 2 1 2 2 10 2 2 2 2 1 2 2 1 2 1 2 2 1 2
left_child=2 4 5 7 11 14 24 21 15 10 26 12 -2 20 -1 22 28 18 -16 -19 -6 23 -7 -3 -4 -12 -5 -15 -13 -11
right_child=1 3 6 9 13 8 -8 -9 -10 29 25 16 -14 27 17 -17 -18 19 -20 -21 -22 -23 -24 -25 -26 -27 -28 -29 -30 -31
leaf_value=-0.025626130413902298 -0.0047158541184270887 0.0027842769023913722 -0.014750899445990824 -0.027380973279609432 0.01162571867788526 -0.022031583236831978 0.0042427739634184856 0.022789760400927759 -0.0024725849583377615 0.011484641728499841 0.0019946292551716654 0.0010098498213191643 0.0072625718039425746 0.0051627814452224986 -0.024092517320619022 -0.018967316142677947 0.0018140022851232858 -0.016355381630233316 0.015470740192216906 -0.0026290734576623126 6.2153355030763346e-05 0.019381711156813468 -0.025990298910044306 0.015810283240066444 -0.0028258858097364855 0.014837606739320584 -0.0041656402657332774 0.013806340424590165 -0.018936174737458275 0.019641084987156901
leaf_weight=369.57455655932426 345.30327847599983 154.32731781899929 445.27729825675488 37.451833590865135 267.43390969932079 1659.3806118667126 457.46904733777046 10842.733365863562 112.67556822299957 340.02504995465279 176.31433364748955 49.487482860684395 626.80132253468037 259.15303426980972 432.0822878330946 712.37450876832008 125.00982342660427 526.17636117339134 36.709308087825775 277.82331442832947 469.22978290915489 3947.5823004096746 18144.646047309041 720.24530622363091 184.85087722539902 300.68460254371166 126.10305295884609 1446.9684410095215 224.88894517719746 634.88224944472313
leaf_count=1317 1360 831 1492 117 1262 6077 1867 71735 386 1858 774 176 2673 1156 1541 2458 461 1779 136 974 1994 23902 68809 4136 635 1488 481 7363 730 3812
internal_value=-0.00398133 0.0179766 -0.0238113 0.0205836 0.00615358 -0.0247401 -0.00475856 0.0214362 -0.0253102 0.01228 0.00523116 -0.000882142 0.00301188 0.0101082 -0.0175333 -0.0254343 -0.0103617 -0.015113 -0.0208734 -0.0116644 0.0044753 0.0183761 -0.025663 0.0137638 -0.0113142 0.0105249 -0.00999915 0.0125165 -0.0159408 0.0168607
internal_weight=44453.7 21094.6 23359 17280.3 3814.28 22271.4 1087.6 15664.9 20629.1 1615.46 640.554 1371.49 972.105 2442.79 1642.37 20516.4 399.386 1272.79 468.792 804 736.664 4822.15 19804 874.573 630.128 476.999 163.555 1706.12 274.376 974.907
internal_count=213780 126309 87471 109134 17175 83477 3994 100604 77730 8530 2860 5400 4033 11775 5747 77344 1367 4430 1677 2753 3256 28869 74886 4967 2127 2262 598 8519 906 5670
cat_boundaries=0 2 4 6 8 10
cat_threshold=234979431 395348 1222763017 114694 201465874 282704 101319586 171838 50351108 2048
is_linear=0
shrinkage=0.02


Tree=44
num_leaves=31
num_cat=7
split_feature=15 13 15 41 16 21 13 21 16 0 0 26 26 24 3 26 14 49 18 21 25 0 26 41 0 0 26 0 0 47
split_gain=47031.7 1742.59 1017.33 420.867 319.402 223.884 162.129 115.012 102.539 85.5552 80.4531 74.7953 72.377 59.1092 134.716 81.9696 56.52 55.2781 44.1189 43.5087 43.3332 42.1579 41.7079 41.5173 35.9839 32.8149 31.1059 26.5811 26.2337 25.5994
threshold=0.68750000000000011 1.5000000000000002 0.18750000000000003 0.65064586096437071 2.6306818181818183 3.5000000000000004 1.0000000180025095e-35 13.500000000000002 1.0000000180025095e-35 0 1 0.0035305698511303506 0.035990767905530706 0.79852133160956706 -0.78574730703237872 0.028557204494808152 2.5000000000000004 4.3357142857142863 3.8750000000000004 11.500000000000002 6.5361703219115208 2 0.022714891796077503 0.2309401076758506 3 4 0.050070448810054506 5 6 6.5725963273325059
decision_type=2 2 2 2 8 8 2 8 10 1 1 2 2 2 2 2 2 2 2 8 2 1 2 2 1 1 2 1 1 2
left_child=2 3 5 10 12 11 24 21 17 20 -2 -1 19 14 -13 -15 -11 29 -6 -3 -9 -5 -23 -21 -4 -10 28 -8 -12 -7
right_child=1 4 6 7 18 8 27 9 25 16 26 13 -14 15 -16 -17 -18 -19 -20 23 -22 22 -24 -25 -26 -27 -28 -29 -30 -31
leaf_value=-0.025404247240365763 0.0043957801696507233 0.016744497946555706 -0.0011803829148462704 0.015955286282578616 0.019656023372232434 -0.023587226773198525 0.009370422776668462 -0.0074911242836460477 -0.0078747727165952523 -0.0020797108911291017 0.018403348456228347 0.014489442555508327 0.019306529058404204 -0.015238150853206045 -0.023859951454224291 -0.00052849315051777543 0.0082226891472913059 -0.025979448996091187 0.022721605418759946 0.017396388210507829 -0.026557419849663654 -0.0027924219961014489 0.010712427583212723 0.00952043954813072 -0.013655352145580313 -0.020011734485643379 0.022246692517159095 -0.00014095277161795642 0.010410665648517106 -0.015819694127309221
leaf_weight=365.41449408233166 354.02325482666492 1098.7557736188173 133.26072752475739 168.81973253190517 2680.3050707131624 3781.4233605116606 205.40848901867867 439.31233279407024 170.21832706034184 919.02821587026119 405.71215558052063 37.419966876506805 1447.9104162454605 593.91030322015285 426.91840642690659 207.21170292794704 273.81111627817154 15582.739898502827 10271.323093831539 364.17299735546112 52.761035978794098 185.0579831302166 172.89146879315376 1200.1729878336191 492.52712655067444 615.89742989838123 263.14867247641087 254.2450443059206 565.65430568158627 221.30305340886116
leaf_count=1317 1629 6256 464 775 16763 14333 885 1621 598 3502 2271 138 8714 2021 1539 732 1174 59865 69161 2158 169 716 759 6254 1641 2123 1530 1004 2857 811
internal_value=-0.00394668 0.0178159 -0.0236125 0.00555543 0.0205439 -0.0245452 -0.00467355 -7.93039e-05 -0.025121 -0.00263977 0.0133985 -0.0173075 0.0156447 -0.0148992 -0.0206535 -0.0114745 0.000280783 -0.0254109 0.0220934 0.0136268 -0.00953185 0.00804138 0.00360989 0.0113965 -0.0112849 -0.0178024 0.015784 0.00429892 0.0141116 -0.0231749
internal_weight=43950.8 20862.9 23087.9 3800.22 17062.6 22002.5 1085.44 2211.68 20371.6 1684.91 1588.54 1630.87 4111.01 1265.46 464.338 801.122 1192.84 19585.5 12951.6 2663.1 492.073 526.769 357.949 1564.35 625.788 786.116 1234.52 459.654 971.366 4002.73
internal_count=213780 126309 87471 17003 109306 83477 3994 8716 77730 6466 8287 5747 23382 4430 1677 2753 4676 75009 85924 14668 1790 2250 1475 8412 2105 2721 6658 1889 5128 15144
cat_boundaries=0 2 4 5 7 9 11 13
cat_threshold=74973250 504 67251490 427152 7880704 1937830145 640 2761359632 63 1793613456 135878 284246028 67584
is_linear=0
shrinkage=0.02


Tree=45
num_leaves=31
num_cat=8
split_feature=38 15 13 22 13 13 21 38 16 0 26 22 41 0 26 0 22 0 0 49 0 0 0 26 26 22 22 39 16 26
split_gain=45728.5 1580.07 1270.58 350.162 299.408 261.663 216.169 132.337 131.472 90.5147 88.7598 88.7209 76.2084 72.3052 65.8101 64.9526 62.9975 60.6012 54.1316 53.5631 49.1543 45.599 40.5385 35.7165 33.8454 30.4642 30.2383 28.8199 27.7898 26.3536
threshold=2.5000000000000004 1.9375000000000002 1.0000000180025095e-35 0.12499999999999996 2.5000000000000004 1.0000000180025095e-35 18.500000000000004 1.5000000000000002 0.087121212121212113 0 0.017418429664473805 0.11313025210084031 0.50598892903556514 1 0.0028987418745386006 2 0.24881652661064427 3 4 -3.6999999999999997 5 6 7 0.018053049081094903 0.028804294136259453 0.23583656947627532 0.30009590792838875 0.73214285714285732 3.8819444444444451 0.029561139873942901
decision_type=2 2 2 2 2 2 8 2 10 1 2 2 2 1 2 1 2 1 1 2 1 1 1 2 2 2 2 2 8 2
left_child=1 5 3 6 7 9 14 13 19 23 17 -9 28 24 -2 -16 -11 -7 25 -8 -5 -10 -13 -1 -3 -12 -22 -19 -6 -14
right_child=2 4 -4 20 12 10 8 11 21 16 18 22 29 -15 15 -17 -18 27 -20 -21 26 -23 -24 -25 -26 -27 -28 -29 -30 -31
leaf_value=-0.0026458039685884767 -0.025748448287364459 0.007251579610215813 0.018600775778314128 0.0015779748877581528 0.020560080194700681 0.011394964771553892 -0.021602253751427304 -0.013449313715581146 -0.021856519502745145 -0.014229124163570561 0.010111091868326457 -0.0032661812334771265 0.014219505879924751 0.018932064515787578 -0.0077044889512967408 -0.018187762247229643 0 -0.0030343476991659675 0.014299589209082832 -0.025628644443526222 -0.015825987055994334 -0.011781001137869061 0.013129016888766085 0.0097486770426382964 0.014811462626293766 0.002398779441038874 -0.001525954751520118 0.0049667053705715189 0.022987028871781955 0.01959897870526367
leaf_weight=157.38871510326862 324.67617112398148 435.75325278937817 281.46748483181 174.91986709833145 3153.7619186639786 312.73337014019489 1639.0227564871311 88.935714215040207 548.88050661981106 310.19373407959938 631.30714753270149 78.935022488236427 630.05780437588692 1737.1586607843637 392.24791917204857 1025.1869525760412 204.51948025822639 359.86149878799915 1223.8600686341524 17654.52320112288 220.85966902971268 456.42561006546021 214.93052440881729 213.99774505198002 589.62063080072403 317.2723551094532 85.70369128882885 352.39893254637718 8373.6435241550207 1261.3030355721712
leaf_count=557 1185 2397 1696 617 20505 1480 6124 289 1886 1027 3057 293 3688 10526 1356 3636 751 1480 6274 68725 715 1584 924 840 3533 1467 294 1545 57338 7991
internal_value=-0.00391255 0.0176476 -0.0234347 -0.0239633 0.0203951 0.00649144 -0.0243324 0.0147917 -0.024918 -0.00310061 0.00915633 0.00366965 0.0217034 0.0163199 -0.0174669 -0.0155055 -0.00842851 0.00425667 0.0114498 -0.025291 -0.00697986 -0.0176842 0.00900147 0.00434741 0.0115365 0.00748955 -0.0115725 0.000888114 0.0223303 0.0178429
internal_weight=43451.5 20647.6 22803.9 22522.4 16564.1 4083.53 22041 3145.33 20298.9 886.1 3197.43 382.801 13418.8 2762.53 1742.11 1417.43 514.713 1024.99 2172.44 19293.5 481.483 1005.31 293.866 371.386 1025.37 948.58 306.563 712.26 11527.4 1891.36
internal_count=213780 125962 87818 86122 107484 18478 84496 17962 78319 3175 15303 1506 89522 16456 6177 4992 1778 4505 10798 74849 1626 3470 1217 1397 5930 4524 1009 3025 77843 11679
cat_boundaries=0 2 4 5 7 9 11 13 15
cat_threshold=4082916104 157442 489554994 415135 7340544 551670273 32774 1694892483 458028 1703440413 295555 203948227 260064 537461520 132651
is_linear=0
shrinkage=0.02


Tree=46
num_leaves=31
num_cat=7
split_feature=38 15 13 16 13 13 0 38 0 0 41 0 24 0 0 41 39 42 17 15 16 27 13 49 39 17 38 0 41 27
split_gain=44450.7 1562.73 1235.95 348.895 299.344 252.789 155.171 129.639 86.9793 81.1448 76.7208 74.4643 72.5128 71.5767 71.4118 70.3957 39.9977 37.6082 31.462 29.3973 28.2159 26.3328 24.0255 23.4884 23.3268 22.3009 21.4908 21.4056 20.8616 16.9183
threshold=2.5000000000000004 1.9375000000000002 1.0000000180025095e-35 1.0000000180025095e-35 2.5000000000000004 1.0000000180025095e-35 0 1.5000000000000002 1 2 0.50598892903556514 3 0.64800579322638152 4 5 0.67363657506888297 0.93750000000000011 0.89285714285714279 0.95742710775633555 0.81250000000000011 3.8819444444444451 2.3813545835873016 2.5000000000000004 -7.4857142857142849 0.61250000000000016 0.499999999999999 11.500000000000002 6 0.68013604081360512 1.7564860621668024
decision_type=2 2 2 10 2 2 1 2 1 1 2 1 2 1 1 2 2 2 2 2 8 2 2 2 2 2 2 1 2 2
left_child=1 5 3 6 7 8 12 13 24 -9 20 19 -2 28 -5 26 18 -14 -13 25 -6 -16 -4 -23 -1 -7 -8 -12 -3 -26
right_child=2 4 22 14 10 11 15 9 -10 -11 27 16 17 -15 21 -17 -18 -19 -20 -21 -22 23 -24 -25 29 -27 -28 -29 -30 -31
leaf_value=-0.0018765122968473706 -0.026043866913817996 0.012598438598522551 0.0081103569252082824 -0.019937089622206267 0.020412861211393973 -0.012414936791868151 -0.025194822394523763 -0.0072143227695147015 -0.0082627819547874664 0.010947333085187234 0.011037518938065555 0.00045085948597862075 -0.019503724476597796 0.018765184569360584 -0.015148066509133074 0.0057495374197173025 0.011335521116419696 -0.012223950049005687 0.0070390447448465208 0.013737009470773092 0.022869555558094487 0.012505229671101323 0.022124435801597835 -0.0089947181561212588 -0.0041963484493521648 0.0084125882634536048 -0.019163177282180695 0.018797776188152426 0.0036813281167380513 0.010532410587317236
leaf_weight=141.42581905424595 357.07792450487614 888.61299557983875 77.585281580686569 737.53856782615185 3113.4052356928587 18.32537417113781 18586.361441642046 155.27726763486862 514.6154176145792 226.55719155073166 315.6105397939682 567.71891066431999 560.59458777308464 1717.8654560148716 397.29193964600563 27.567116484045982 388.20504316687584 682.26606006920338 605.65216873586178 1201.4438998401165 8249.5864074826241 17.78400357067585 201.00812809169292 567.19730307161808 33.168981805443764 402.5541767179966 318.26742531359196 1555.477125659585 129.92029097676277 196.43407726287842
leaf_count=509 1316 5241 359 2524 20505 70 73027 550 1778 956 1921 2422 2129 10526 1349 107 1923 2417 2860 6231 57338 67 1337 1965 116 1797 1221 9758 689 772
internal_value=-0.00387928 0.0174893 -0.0232485 -0.0237736 0.0202497 0.00638588 -0.0245016 0.0146259 -0.00304041 0.00360806 0.0215696 0.0090146 -0.0178473 0.0161504 -0.0150429 -0.0250373 0.00572609 -0.0155626 0.00387773 0.0120419 0.0222038 -0.0109844 0.0184207 -0.00824661 0.00426459 0.00737711 -0.0250974 0.0176784 0.0113833 0.008292
internal_weight=42952.4 20421.9 22530.5 22251.9 16352.3 4069.54 20532.1 3118.23 885.644 381.834 13234.1 3183.9 1599.94 2736.4 1719.81 18932.2 1561.58 1242.86 1173.37 1622.32 11363 982.273 278.593 584.981 371.029 420.88 18904.6 1871.09 1018.53 229.603
internal_count=213780 125962 87818 86122 107484 18478 80217 17962 3175 1506 89522 15303 5862 16456 5905 74355 7205 4546 5282 8098 77843 3381 1696 2032 1397 1867 74248 11679 5930 888
cat_boundaries=0 1 3 5 7 9 11 13
cat_threshold=36768 4082916104 157442 594051890 3627 150593048 99015 489554994 415135 134676675 260032 117440515 391964
is_linear=0
shrinkage=0.02


Tree=47
num_leaves=31
num_cat=6
split_feature=38 13 13 16 16 37 21 22 22 0 0 26 26 0 22 0 13 49 39 0 41 26 26 26 16 0 26 13 14 31
split_gain=43208.6 1508.83 1202.48 356.296 350.679 313.134 184.59 171.958 96.3724 95.0824 81.4718 78.5301 65.2092 110.134 61.1347 59.9936 58.5765 54.8811 46.5285 47.745 43.1819 31.8012 31.4293 28.9455 26.6614 25.647 24.8889 23.9153 22.1681 20.2266
threshold=2.5000000000000004 1.5000000000000002 1.0000000180025095e-35 2.6306818181818183 1.0000000180025095e-35 1.0000000180025095e-35 1.5000000000000002 0.083333333333333273 0.24999999999999997 0 1 0.035497313153316959 0.010121075296461701 2 0.26041666666666669 3 1.0000000180025095e-35 -3.6999999999999997 0.84523809523809534 4 0.39851988391580934 0.023773446953453455 0.022090530794665202 0.017154390559353454 1.6742424242424245 5 0.050803650222262901 2.5000000000000004 4.5000000000000009 2.3839093649270522
decision_type=2 2 2 8 10 2 8 2 2 1 1 2 2 1 2 1 2 2 2 1 2 2 2 2 10 1 2 2 2 2
left_child=1 5 4 11 6 10 12 17 15 22 21 18 -2 -14 16 -6 -11 -8 19 -3 -5 -1 -7 -17 -16 -22 28 -4 -12 -10
right_child=2 3 27 20 8 9 7 -9 29 14 26 -13 13 -15 24 23 -18 -19 -20 -21 25 -23 -24 -25 -26 -27 -28 -29 -30 -31
leaf_value=-0.00040445174820639474 -0.022357805576009082 0.014160221070301206 0.007977523173496967 0.022349333400326184 -0.020958810721078979 0.003283659179405784 -0.021172250402659507 0.0082408493864740313 -0.010269221202218506 -0.0072418992453792685 0.012491306819788651 0.018620435629263504 -0.0010381186167486328 -0.017836475670508747 0.00033456333299426044 -0.016334254752595215 0.0013989745788605412 -0.025295305951089149 0.015530734466272171 0.006212961254024916 0.011547310120893132 0.009589252554232975 0.013310634381565337 -0.0082652536756454391 0.010868611612507698 0.020057122393324973 0.021562247562674126 0.021991040593304669 0.021607876415356397 0.002281605106188318
leaf_weight=209.71030017733574 571.86075328290462 632.48667611181736 77.351934880018234 9732.8658490926027 731.164252191782 248.47932226955891 1591.8809080868959 60.423578545451164 76.38349786400795 711.82819651067257 805.02356159687042 1478.592626735568 230.81465503573418 569.91037093102932 199.86887419223785 356.66544553637505 552.03271788358688 17247.020604461432 1287.0390803366899 728.75371941924095 292.59781961143017 306.5129940956831 268.74941094219685 408.62144576013088 190.04761472344398 2176.5897120088339 239.62361139059067 198.22904951870441 138.38011042773724 138.83092495799065
leaf_count=887 2075 3508 359 68254 2529 998 6077 224 252 2450 4269 9122 816 2086 776 1215 2294 68939 7507 3788 1850 1554 1218 1423 814 14350 1445 1337 878 486
internal_value=-0.00384616 0.0173317 -0.0230647 0.0199932 -0.0235861 0.00609058 -0.0243233 -0.0248429 -0.0148165 0.00104357 0.0125138 0.014875 -0.0171147 -0.0132759 -0.00130444 -0.0166153 -0.00345755 -0.0249514 0.0127576 0.0100926 0.0217185 0.00540786 0.00841699 -0.0119455 0.0055636 0.0191999 0.0154007 0.0182577 0.0139139 -0.0021612
internal_weight=42458.3 20199.2 22259.2 16328.9 21983.6 3870.26 20271.9 18899.3 1711.67 2171.01 1699.25 4126.87 1372.59 800.725 1653.78 1496.45 1263.86 18838.9 2648.28 1361.24 12202.1 516.223 517.229 765.287 389.916 2469.19 1183.03 275.581 943.404 215.214
internal_count=213780 125962 87818 108379 86122 17583 80217 75240 5905 8550 9033 23925 4977 2902 6334 5167 4744 75016 14803 7296 84454 2441 2216 2638 1590 16200 6592 1696 5147 738
cat_boundaries=0 2 4 5 7 9 11
cat_threshold=3532675336 128 67767570 439760 7340544 135200963 522208 1081203936 65606 83886080 89108
is_linear=0
shrinkage=0.02


Tree=48
num_leaves=31
num_cat=8
split_feature=38 15 13 38 13 13 21 22 41 0 26 22 22 41 26 24 0 0 49 0 0 0 0 22 26 28 26 18 26 0
split_gain=42008.3 1534.83 1170.19 348.223 299.768 236.475 187.04 171.418 124.223 85.9558 85.5179 83.3745 82.7686 77.7773 68.3307 109.4 67.2276 66.9199 60.4474 55.1898 54.9488 49.9515 44.8098 44.0601 35.0078 32.2342 28.9742 27.0987 26.844 34.9015
threshold=2.5000000000000004 1.9375000000000002 1.0000000180025095e-35 7.5000000000000009 2.5000000000000004 1.0000000180025095e-35 1.0000000180025095e-35 0.083333333333333273 0.67363657506888297 0 0.015315442105664353 0.21433982683982686 0.30009590792838875 0.50598892903556514 0.010121075296461701 0.79852133160956706 1 2 0.78571428571428581 3 4 5 6 0.16071428571428567 0.017154390559353454 140.50000000000003 0.077230447859481716 3.6250000000000004 0.029561139873942901 7
decision_type=2 2 2 2 2 2 8 2 2 1 2 2 2 2 2 2 1 1 2 1 1 1 1 2 2 2 2 2 2 1
left_child=1 5 3 12 8 11 14 18 22 23 19 17 16 27 -5 -16 24 -1 -8 25 26 -13 -3 -10 -2 -7 -12 -6 29 -15
right_child=2 4 -4 6 13 10 7 -9 9 -11 20 21 -14 28 15 -17 -18 -19 -20 -21 -22 -23 -24 -25 -26 -27 -28 -29 -30 -31
leaf_value=-0.014516519936431301 -0.014847227884223735 0.019180416801976869 0.01809642669208485 -0.022165279006175983 0.019712876191287185 0.011025402851438984 -0.021986967269116264 0.0039434714729514788 -0.015418768691573452 0.011114761448280067 0.005978432326956642 -0.0042251027597239518 0.0023935076086405312 0.0043350715006006983 -0.0198411564876281 -0.0050410580052563546 -0.019444826249065017 -2.4434891036342237e-05 -0.02522471196491401 -0.0018006760244654127 0.013414754281274715 0.01030599544201468 0.012712631131754356 0.0032823644988717823 -0.0046249535174034701 -0.0054667087936920902 0.019687009447504979 0.02248471030955871 0.019158847196826975 0.016455892470926266
leaf_weight=276.86085851490498 251.24284374713898 1321.5825568884611 272.59821067750454 586.0156352519989 2117.2337718009949 329.36610518395901 3072.4042095094919 81.944048181176186 82.154297813773155 491.41098363697529 957.09016169607639 154.10628087818623 118.20326496660709 161.41813008487225 433.76964393258095 381.33661569654942 644.88392074406147 242.56998872756958 15835.792801275849 433.57169181108475 1317.2338443994522 211.24653819203377 1050.7317158728838 118.44078658521175 308.63406175374985 51.687479719519615 65.4620371311903 8926.0468839257956 1218.6172056496143 451.67456637322903
leaf_count=915 852 8337 1696 2142 13973 1545 12087 297 313 2467 4536 541 414 925 1623 1345 2202 872 64082 1820 6823 847 6303 542 1078 226 353 63870 7991 2763
internal_value=-0.00381371 0.0171763 -0.0228871 -0.0234049 0.0199672 0.00615131 -0.0240525 -0.024578 0.0142968 0.00675109 0.00871403 -0.00296128 -0.0133778 0.0213116 -0.0168783 -0.0129855 -0.0149438 -0.00810445 -0.0247032 0.00308378 0.0106593 0.00430306 0.0164781 -0.00418718 -0.00914 0.00848999 0.00686363 0.0219606 0.0173583 0.0136712
internal_weight=41965.3 19978.5 21986.8 21714.2 15939.3 4039.19 20391.3 18990.1 3064.32 692.006 3154.41 884.784 1322.96 12875 1401.12 815.106 1204.76 519.431 18908.2 814.625 2339.79 365.353 2372.31 200.595 559.877 381.054 1022.55 11043.3 1831.71 613.093
internal_count=213780 125962 87818 86122 107484 18478 81576 76466 17962 3322 15303 3175 4546 89522 5110 2968 4132 1787 76169 3591 11712 1388 14640 855 1930 1771 4889 77843 11679 3688
cat_boundaries=0 2 4 6 8 10 12 14 16
cat_threshold=88768530 133945 2006507293 2063 203621975 481373 552195729 49382 2802188739 458024 954209394 105725 3234974605 108640 251661712 358681
is_linear=0
shrinkage=0.02


Tree=49
num_leaves=31
num_cat=2
split_feature=15 13 38 37 16 20 21 22 22 23 20 30 49 22 49 22 15 18 22 18 44 21 23 15 1 3 27 1 49 42
split_gain=40850.8 1638.37 946.524 379.218 324.554 219.019 199.336 176.056 132.111 88.5906 83.1928 67.7542 76.6241 64.8703 60.9409 52.0146 51.8224 50.691 49.3554 47.0217 43.821 36.1152 34.7836 33.879 30.101 29.9768 26.5501 22.5388 21.4219 28.6492
threshold=0.68750000000000011 1.5000000000000002 7.5000000000000009 1.0000000180025095e-35 2.6306818181818183 0.19999999999999998 1.0000000180025095e-35 0.22115384615384617 0.083333333333333273 0.62500000000000011 2.5355244887633361e-16 0.75862504825077981 9.0571428571428587 0.20833333333333337 -3.6999999999999997 0.24999999999999997 4.0625000000000009 2.6250000000000004 0.083333333333333273 3.8750000000000004 20.550000000000004 6.5000000000000009 1.0000000180025095e-35 1.6875000000000002 0 0.95297903005573359 2.4482101680899455 1 0.53571428571428581 3.0142857142857147
decision_type=2 2 2 2 8 2 8 2 2 2 2 2 2 2 2 2 2 2 2 2 2 8 2 2 1 2 2 1 2 2
left_child=2 3 5 16 13 15 11 9 14 10 -5 12 -4 23 -8 -1 25 27 -11 -6 -14 -15 -16 -3 -23 -2 -27 -9 29 -13
right_child=1 4 6 7 19 -7 8 17 -10 18 -12 28 20 21 22 -17 -18 -19 -20 -21 -22 24 -24 -25 -26 26 -28 -29 -30 -31
leaf_value=-0.01445998169695677 0.011888928483738919 0.011934862913429947 -0.025816950819708619 -0.013064267895201128 0.018887831816949266 0.0039976187404990385 -0.020593240355176859 0.0082059985435913099 0.0025783922444737374 -0.0049047927337444739 0.0041346608715020728 -0.0133931317386179 0.010206006145412966 0.015424082620480967 -0.02491814658250693 -0.0033725334329255769 0.021251934828278515 0.018814540296890992 0.0077767348530345505 0.02213272054797788 -0.014609914204051227 -0.00062116352356466177 0.0019054213182423019 0.017393917098647231 0.0095710594659538014 -0.0070292687452978755 0.0079298929493640379 0.00087057492915973032 -0.013192963180940208 0.01919705345528909
leaf_weight=949.12644356489182 1244.427592292428 636.18715865910053 447.70126314461231 601.96037386357784 2524.8785882741213 444.58170059323311 1607.8054623156786 315.5294164866209 70.337610930204391 255.69233186542988 134.67466951906681 19.510407358407974 33.276164367794991 333.53352400660515 17040.016354873776 214.50199893116951 218.33555814623833 112.69330842792988 229.72341801226139 9551.9741518199444 125.23235303163528 156.39042726159096 17.561275258660316 2359.8555853068829 448.56049455702305 61.261755004525185 171.50135906040668 378.59259550273418 753.44183035194874 17.489542797207832
leaf_count=3306 6494 3323 1700 2076 16763 1839 6258 1333 249 963 571 63 124 2022 69881 736 1434 529 942 69161 491 840 67 14696 2501 288 894 1479 2690 67
internal_value=-0.00378166 0.0170488 -0.0226919 0.00508851 0.0198281 -0.00788972 -0.023872 -0.000738036 -0.0244202 -0.00552886 -0.00988883 -0.0164661 -0.0215672 0.0147989 -0.0245234 -0.0124472 0.0120613 0.00648733 0.00106671 0.0214608 -0.0091836 0.0100938 -0.024889 0.0162545 0.00706044 0.0106491 0.00386856 0.00438492 -0.012462 0.00179635
internal_weight=41476.4 19735.8 21740.6 3724.39 16011.4 1608.21 20132.4 2028.87 18735.7 1222.05 736.635 1396.65 606.21 3934.53 18665.4 1163.63 1695.53 806.815 485.416 12076.9 158.509 938.484 17057.6 2996.04 604.951 1477.19 232.763 694.122 790.442 37
internal_count=213780 126309 87471 17003 109306 5881 81590 7893 76455 4552 2647 5135 2315 23382 76206 4042 9110 3341 1905 85924 615 5363 69948 18019 3341 7676 1182 2812 2820 130
cat_boundaries=0 1 2
cat_threshold=57 2108
is_linear=0
shrinkage=0.02


Tree=50
num_leaves=31
num_cat=4
split_feature=15 13 15 41 16 21 22 22 13 0 0 16 26 26 0 24 42 26 49 22 41 23 21 41 14 26 26 0 22 16
split_gain=39717 1616.54 927.75 355.084 325.629 231.507 183.501 141.961 127.958 95.1691 78.9138 75.3606 74.6106 72.5871 62.1075 57.7049 134.021 78.6807 57.4174 52.5128 47.6002 44.5075 42.7871 40.3369 35.837 33.3705 31.1886 29.5459 28.0325 26.9826
threshold=0.68750000000000011 1.5000000000000002 0.18750000000000003 0.65064586096437071 2.6306818181818183 3.5000000000000004 0.22115384615384617 0.12491987179487171 1.0000000180025095e-35 0 1 1.0000000180025095e-35 0.0035305698511303506 0.035990767905530706 2 0.79852133160956706 14.407142857142858 0.022090530794665202 -3.6999999999999997 0.20627185314685317 0.39851988391580934 0.62500000000000011 11.500000000000002 0.2309401076758506 1.0000000180025095e-35 0.050070448810054506 0.017154390559353454 3 0.12491987179487171 0.087121212121212113
decision_type=2 2 2 2 8 8 2 2 2 1 1 10 2 2 1 2 2 2 2 2 2 2 8 2 2 2 2 1 2 10
left_child=2 3 5 10 13 12 9 11 19 24 -2 18 -1 22 26 16 -14 -17 -7 -4 -6 -11 -3 -24 -5 27 -8 -12 -10 -9
right_child=1 4 8 6 20 7 14 29 28 21 25 -13 15 -15 -16 17 -18 -19 -20 -21 -22 -23 23 -25 -26 -27 -28 -29 -30 -31
leaf_value=-0.024317645095075866 0.0028727330305855421 0.015753182544229465 -0.01392125500708888 -0.0069763787868127149 0.022007842922796002 -0.020563953738804482 -0.010423928811390591 0.011719783996055293 0.0078613812817496485 -0.014222654179429944 0.017525275399507934 -0.017392182914789368 -0.022752098822769296 0.018417879772905925 0.010497610873743997 -0.014798473217785218 0.015947824423050653 -0.0013784893967851927 -0.024832587524947408 -0.00083816578110730371 0.018694660874514171 -0.0035729320334561029 0.01642462517551467 0.008470904667190032 0.0039130888055286406 0.021406076865642356 0.0033149319939890049 0.009293455598518581 -0.0021001881097488205 -0.0084156518739303514
leaf_weight=342.74056060612202 309.98187889158726 1041.0476458519697 440.09226556122303 164.07273259758949 9474.3215143829584 1541.9009402692318 88.033759385347366 37.444710552692413 265.17129178345203 420.39742042124271 385.12533429265022 677.41591718792915 403.13361141085625 1359.9265758246183 582.89079691469669 506.65337117016315 36.535166621208191 272.21200434863567 16513.120916515589 174.89350607991219 2431.0275367051363 262.76511695981026 343.24736133217812 1156.3368074297905 430.72369639575481 255.12258876860142 237.05597645044327 574.84118440747261 189.08771839737892 73.833264946937561
leaf_count=1317 1449 6256 1502 593 69385 6077 315 136 1148 1462 2271 2458 1541 8714 2575 1779 136 974 68809 603 16539 1018 2158 6254 1766 1572 987 2995 741 250
internal_value=-0.00375014 0.0168982 -0.0225171 0.00500701 0.0196874 -0.0234689 -0.00015418 -0.0240866 -0.00432059 -0.00504291 0.0124036 -0.0242205 -0.0159684 0.014632 0.00669857 -0.0135497 -0.0194048 -0.0101571 -0.0244726 -0.0102551 0.0213379 -0.0100428 0.0125783 0.0103339 0.00084179 0.0146616 -0.00039386 0.0129395 0.00368451 -0.00133533
internal_weight=40991.2 19516.9 21474.2 3711.01 15805.9 20405 2185.94 18843.7 1069.24 1277.96 1525.07 18732.4 1561.27 3900.56 907.981 1218.53 439.669 778.865 18055 614.986 11905.3 683.163 2540.63 1499.58 594.796 1215.09 325.09 959.967 454.259 111.278
internal_count=213780 126309 87471 17003 109306 83477 8716 77730 3994 4839 8287 77344 5747 23382 3877 4430 1677 2753 74886 2105 85924 2480 14668 8412 2359 6838 1302 5266 1889 386
cat_boundaries=0 2 4 6 8
cat_threshold=3683942328 41472 142594 427152 402665714 60749 284246028 67584
is_linear=0
shrinkage=0.02


Tree=51
num_leaves=31
num_cat=8
split_feature=38 13 13 37 16 21 22 41 21 0 22 0 24 49 0 49 39 0 0 0 13 16 0 13 0 13 49 27 27 14
split_gain=38630.1 1461.16 1080.54 478.543 354.619 188.352 160.931 143.663 99.056 94.3421 86.0113 76.5256 64.6478 73.9385 59.8075 57.9612 54.3822 45.1182 44.555 38.7045 34.2394 31.996 31.0162 28.3743 25.2756 24.2422 23.5102 19.1736 17.1399 17.0113
threshold=2.5000000000000004 2.5000000000000004 1.0000000180025095e-35 1.0000000180025095e-35 1.0000000180025095e-35 1.5000000000000002 0.083333333333333273 0.5163977794943222 14.500000000000002 0 0.24999999999999997 1 0.79852133160956706 9.0571428571428587 2 -3.6999999999999997 0.93750000000000011 3 4 5 1.5000000000000002 3.8819444444444451 6 1.0000000180025095e-35 7 2.5000000000000004 -7.4857142857142849 2.3813545835873016 3.0976377620013529 1.5000000000000002
decision_type=2 2 2 2 10 8 2 2 8 1 2 1 2 2 1 2 2 1 1 1 2 8 1 2 1 2 2 2 2 2
left_child=1 3 4 9 5 12 15 21 19 -1 14 23 13 -2 -6 -7 24 29 -14 -5 -13 -3 -18 -10 -11 -4 -16 -12 -21 -9
right_child=2 7 25 8 10 6 -8 17 11 16 27 20 18 -15 26 -17 22 -19 -20 28 -22 -23 -24 -25 -26 -27 -28 -29 -30 -31
leaf_value=0.018433725931857454 -0.025302296799146258 0.019670115302760621 0.0072904087048466272 0.016516896553045037 -0.02026084561665429 -0.020370234895363225 0.0078258300434259145 0.0051874387359348764 -0.0099177398107979219 0.0016405374831834872 -0.0099451632063773006 0.0012459148488805282 -0.0054100312292687924 -0.0089684767616170901 0.0044815318556905102 -0.024677388518655908 0.0074802611840358892 0.01758937265810831 -0.016268625790905621 0.0033610334292536116 0.0082957598559580542 0.022323664022271549 0.015071133017394553 -0.0010418019649048118 0.009472639445540736 0.021529865489465363 -0.012119108931125092 0.0022921910725295668 0.010856534103052332 0.012914428036885564
leaf_weight=1237.7739636749029 450.42185367643833 2960.5214474499226 75.843463480472565 197.97196391224861 684.55150417983532 1525.6256508380175 60.306545332074165 200.09921935200691 295.29851177334785 279.72013446688652 76.099409624934196 1147.6192196309566 303.19371595978737 158.37042574584484 32.490535512566566 16319.468234762549 378.03768296539783 1709.1604077368975 419.87167878448963 378.03044208884239 364.40025831758976 7683.0085784941912 1193.60551404953 290.92948444187641 498.69037973880768 188.04715903103352 744.62456531822681 138.58740817010403 189.99705325067043 326.97957044839859
leaf_count=7752 1752 20764 359 990 2440 6077 224 1128 1017 1451 252 4509 1072 622 120 68939 2131 10933 1531 1656 1875 57503 7205 1291 2788 1337 2607 486 891 2078
internal_value=-0.00371911 0.0167206 -0.0223781 0.00894041 -0.0228865 -0.0236583 -0.0242031 0.0206135 0.00283105 0.0138056 -0.0139914 0.000569554 -0.0162809 -0.0211507 -0.0157268 -0.0243138 0.0112131 0.0159191 -0.0120827 0.0089734 0.00295172 0.0215932 0.0134189 -0.00548149 0.00684311 0.0176403 -0.0112408 -0.00203095 0.00584471 0.0098783
internal_weight=40509.3 19331.8 21177.5 6452.07 20913.6 19237.3 17905.4 12879.8 2864.25 3587.83 1676.35 2098.25 1331.86 608.792 1461.67 17845.1 2350.05 2236.24 723.065 765.999 1512.02 10643.5 1571.64 586.228 778.411 263.891 777.115 214.687 568.027 527.079
internal_count=213780 125962 87818 33556 86122 80217 75240 92406 12229 21327 5905 8692 4977 2374 5167 75016 13575 14139 2603 3537 6384 78267 9336 2308 4239 1696 2727 738 2547 3206
cat_boundaries=0 2 4 6 8 9 10 12 14
cat_threshold=2161230348 68128 75169858 2153 135200963 522176 117702913 393020 6294016 7356416 84018178 267280 1577189522 397700
is_linear=0
shrinkage=0.02


Tree=52
num_leaves=31
num_cat=0
split_feature=15 13 37 16 18 21 22 13 13 22 23 24 26 49 15 26 49 18 18 26 50 26 23 25 26 29 26 13 22 26
split_gain=37565.9 2011.44 431.46 394.453 366.142 200.774 174.84 135.847 124.281 113.868 94.7458 70.8672 145.758 73.2051 66.3261 60.0448 58.1979 57.7932 53.3093 50.4002 48.3555 37.6881 29.705 27.846 27.6116 27.1013 26.4386 25.0453 23.4773 22.2219
threshold=0.43750000000000006 1.5000000000000002 1.0000000180025095e-35 1.0000000180025095e-35 2.8750000000000004 1.0000000180025095e-35 0.15000835561497328 1.0000000180025095e-35 1.0000000180025095e-35 0.12491987179487171 0.62500000000000011 0.79852133160956706 0.023181966527594803 9.0571428571428587 1.6875000000000002 0.030378108988034603 -3.6999999999999997 2.3750000000000004 4.6250000000000009 0.0028987418745386006 10.65 0.014800098652305152 1.0000000180025095e-35 7.0914308043246042 0.021808284169030454 2.2798260546013762 0.015708519889949705 16.500000000000004 0.30639351135190923 0.016596553965101554
decision_type=2 2 2 10 2 8 2 2 2 2 2 2 2 2 2 2 2 2 2 2 2 2 2 2 2 2 2 2 2 2
left_child=3 2 15 5 14 11 8 23 10 16 -4 13 -13 -1 26 25 -7 21 24 -15 -14 -8 -18 29 -6 -2 -3 28 -16 -5
right_child=1 4 6 7 18 9 17 -9 -10 -11 -12 12 20 19 27 -17 22 -19 -20 -21 -22 -23 -24 -25 -26 -27 -28 -29 -30 -31
leaf_value=-0.025127988500288651 0.0027657200801475151 0.0039880566022644989 -0.01386074209170636 -0.016451570680765644 0.015011543602975144 -0.020179405006288991 -0.0047466137254706837 0.0048300045998361379 0.0028553534553716624 0.0075030184462095426 0.00019559071606779739 -0.017102072473788588 -0.0081092800831775863 -0.024118577076116178 0.016446775544231493 0.015306721156797478 -0.024541033883137477 0.013814937260731203 0.022061822651650135 -0.00041355724136548424 0.011295033796872554 0.0045306816301668726 0.0026566720383370251 -0.024494025994317586 0.019847146627728535 0.01036831024385902 0.011292075430993451 -0.0086623325122076201 0.010632402802902534 -0.010417181951172283
leaf_weight=444.55524873733521 307.77534966170788 283.81430226564407 726.1101122200489 548.02884458005428 643.28642083704472 1509.4436081498861 233.47708036005497 160.56479427218437 411.2403316795826 43.359691247344017 256.39060205221176 511.05459916591644 87.279363617300987 53.155946925282478 2130.0247167646885 837.92656244337559 16093.127125963569 205.93005447089672 7518.0313361287117 104.58964531123638 114.91638158261776 660.45064073801041 14.192793548107145 109.96146120131016 3787.9510161876678 526.1207861751318 783.66413839161396 14.293365135788916 370.45286516845226 541.53473542630672
leaf_count=1752 1445 1344 2456 1942 4395 6077 851 662 1765 156 923 1853 312 211 13372 4955 68950 937 56913 411 420 2671 56 400 27318 2747 4184 77 2267 1958
internal_value=-0.00368823 0.0159956 0.0036452 -0.0227543 0.0193053 -0.0235021 -0.00161928 -0.012277 -0.00632363 -0.0240684 -0.0101829 -0.0158482 -0.0114368 -0.0209566 0.0136585 0.0114982 -0.0241485 0.00432492 0.0209926 -0.00882697 0.00282544 0.00207756 -0.0245153 -0.0145899 0.0191603 0.00760621 0.00938543 0.0154511 0.0156071 -0.0135075
internal_weight=40032.7 19696.9 4165.42 20335.8 15531.5 18975.7 2493.6 1360.09 1393.74 17660.1 982.501 1315.55 713.25 602.301 3582.25 1671.82 17616.8 1099.86 11949.3 157.746 202.196 893.928 16107.3 1199.53 4431.24 833.896 1067.48 2514.77 2500.48 1089.56
internal_count=213780 128620 18750 85160 109870 80198 9603 4962 5144 75239 3379 4959 2585 2374 21244 9147 75083 4459 88626 622 732 3522 69006 4300 31713 4192 5528 15716 15639 3900
is_linear=0
shrinkage=0.02


Tree=53
num_leaves=31
num_cat=6
split_feature=38 13 13 37 16 21 22 16 21 0 22 26 0 26 26 2 0 49 26 0 0 26 14 26 38 13 0 22 26 20
split_gain=36538.3 1440.18 1025.03 454.714 356.892 189.847 155.148 139.55 95.6053 94.414 82.1633 75.0197 73.2764 67.2698 66.3646 96.0074 62.1683 59.4628 45.1993 37.4251 37.1174 33.8838 28.9552 28.0002 26.1897 24.188 23.9998 21.4947 18.1923 17.6215
threshold=2.5000000000000004 2.5000000000000004 1.0000000180025095e-35 1.0000000180025095e-35 1.0000000180025095e-35 1.5000000000000002 0.083333333333333273 2.6306818181818183 14.500000000000002 0 0.24999999999999997 0.017154390559353454 1 0.020285650902645502 1.0000000180025095e-35 0.61559370248597556 2 -3.6999999999999997 0.023181966527594803 3 4 0.034435277063267059 1.0000000180025095e-35 0.015908411030283655 1.5000000000000002 2.5000000000000004 5 0.26837572150072159 0.016596553965101554 4.4000000000000012
decision_type=2 2 2 2 10 8 2 8 8 1 2 2 1 2 2 2 1 2 2 1 1 2 2 2 2 2 1 2 2 2
left_child=1 3 4 9 5 14 17 21 18 -1 16 20 24 -14 -2 -16 23 -7 19 -5 -11 26 -13 -6 -10 -4 -3 -9 -12 -28
right_child=2 7 25 8 10 6 -8 27 12 11 28 22 13 -15 15 -17 -18 -19 -20 -21 -22 -23 -24 -25 -26 -27 29 -29 -30 -31
leaf_value=0.018145619240376928 -0.025673438342985303 0.0061497961706408408 0.0070100362854929382 0.011497131117483224 -0.015146002650847618 -0.019991325985868565 0.0075580812000496517 0.021688005652651908 -0.0012765532713431621 0.0090025966377086739 -0.0087449972607998427 -0.0053286705144443922 -0.0023578263821709515 0.0062601159183313104 0.007042247151813427 -0.015377270767177985 -0.019070212401087049 -0.024391593987849541 0.014355779497740475 -0.00034945194982503327 -0.0024913400840751113 0.018720416825653056 0.012966393621196566 -0.0063235880339600793 -0.0098212465600852651 0.02130147521127812 0.015143028089032473 0.018354802510363553 0.0028612091036274634 -0.0092081138769341715
leaf_weight=1213.1505227088928 233.99103647470474 221.77819003164768 75.274385258555412 163.82194976508617 255.07876537740231 1493.362067937851 60.23416855931282 9251.6475227922201 299.47154058516026 208.87498195469379 88.683153450489044 32.176811546087265 592.42687904834747 914.50986744463444 79.749292194843292 998.03771145641804 818.21341967582703 15861.506199404597 329.88140036165714 267.74902872741222 218.09504790604115 921.9493785649538 1857.0899949520826 371.80188941955566 285.72198982536793 182.96042147278786 1040.982609346509 1085.1756375283003 125.63507527112961 9.1423834264278394
leaf_count=7752 938 1284 359 762 897 6077 224 70471 1328 1122 296 165 2315 4069 300 3739 2943 68939 1656 1119 1055 6191 11233 1327 980 1337 6432 7979 442 49
internal_value=-0.00365832 0.0164214 -0.0220552 0.00867744 -0.0225577 -0.0233483 -0.023906 0.0203615 0.00272762 0.0134759 -0.0135972 0.0108761 0.000505016 0.0028421 -0.0158923 -0.0136849 -0.01531 -0.0240176 0.00878225 0.00440627 0.00326003 0.0156936 0.0126363 -0.00984395 -0.0054192 0.0173405 0.013445 0.0213454 -0.00190374 0.0147464
internal_weight=39558.2 18913.6 20644.5 6382.97 20386.3 18726.9 17415.1 12530.7 2853.58 3529.39 1659.41 2316.24 2092.13 1506.94 1311.78 1077.79 1445.09 17354.9 761.452 431.571 426.97 2193.85 1889.27 626.881 585.194 258.235 1271.9 10336.8 214.318 1050.12
internal_count=213780 125962 87818 33556 86122 80217 75240 92406 12229 21327 5905 13575 8692 6384 4977 4039 5167 75016 3537 1881 2177 13956 11398 2224 2308 1696 7765 78450 738 6481
cat_boundaries=0 2 4 6 7 9 11
cat_threshold=2161230348 68128 75169858 2153 4088452924 2061 16269312 2083262656 165059 486539536 301368
is_linear=0
shrinkage=0.02


Tree=54
num_leaves=31
num_cat=0
split_feature=38 37 14 16 16 20 21 22 21 22 24 26 26 47 26 26 26 47 24 16 21 24 38 2 26 25 20 28 44 2
split_gain=35534.7 1324.05 980.572 368.627 323.563 243.525 201.934 109.453 99.1861 86.4333 70.6636 142.849 70.2588 66.188 64.87 53.2305 52.0876 51.8519 49.2266 48.4462 44.0436 45.8624 39.3123 34.3366 26.0046 21.9762 21.8795 19.6939 18.6946 17.8155
threshold=2.5000000000000004 1.0000000180025095e-35 1.0000000180025095e-35 1.0000000180025095e-35 2.7613636363636371 0.60000000000000109 1.0000000180025095e-35 0.024999999999999956 20.500000000000004 0.30009590792838875 0.79852133160956706 0.023181966527594803 0.020285650902645502 3.5217927809630729 0.030136397642893702 0.029049534093724402 0.023181966527594803 6.5725963273325059 4.7111632092450515 4.3416666666666677 13.500000000000002 4.037051184110009 1.5000000000000002 -0.060268340127661552 0.017154390559353454 7.0914308043246042 -0.19999999999999904 121.50000000000001 35.800000000000004 0.46472317204376884
decision_type=2 2 2 10 8 2 8 2 8 2 2 2 2 2 2 2 2 2 2 8 8 2 2 2 2 2 2 2 2 2
left_child=1 4 3 6 14 8 10 17 16 23 13 -12 18 -2 20 -7 27 -8 -10 26 -1 -22 -14 25 -25 -5 -6 -3 -16 -9
right_child=2 5 -4 9 19 15 7 29 12 -11 11 -13 22 -15 28 -17 -18 -19 -20 -21 21 -23 -24 24 -26 -27 -28 -29 -30 -31
leaf_value=0.015439180330916902 -0.022681768490290355 0.0074928551004774212 0.017558999820013885 -0.01606541439501535 0.016504890264204354 0.0089238950258139112 -0.023983980160620276 0.017729387125885912 -0.0072995649011410547 0.0026583275514739917 -0.016722039946508057 0.003072451725424048 0.0067001209660942406 0.00069308910126525641 0.017058349026851483 0.017536415102814017 0.014740383921788818 -0.013219183032065951 0.003103449666410147 0.021815538372024879 0.0037040868496353904 0.011863069183031982 -0.00024820121718580876 -0.015503312220658772 -0.0083503359940935995 -0.026117815527820488 0.020105119222853275 -0.0012259501465335392 0.00052241302589197455 -0.0050390489155268635
leaf_weight=700.06694597005844 539.19996908307076 283.71517331898212 246.24752269685268 531.064358741045 1284.1445576548576 538.93687951564789 16930.830533087254 22.643242165446281 535.30474336445332 122.94605296850204 503.87058033049107 201.35291267931461 747.05973526835442 51.201996773481369 1727.9598461538553 679.69359509646893 360.58095915615559 201.39296185970306 269.55679509043694 7369.1601441055536 436.18869215250015 805.97320714592934 565.81893534958363 420.44081148505211 457.96285639703274 125.91320267319679 2218.6249474734068 155.51783177256584 30.520012021064758 25.483524963259697
leaf_count=4362 2189 1307 1649 1915 9105 2971 74285 85 2016 433 1852 732 3805 185 11284 4409 1916 810 1108 57210 2364 4597 2107 1490 1639 459 16560 661 180 95
internal_value=-0.00362848 0.0162722 -0.0218975 -0.0223836 0.0191073 0.00627232 -0.0231972 -0.023776 0.00312067 -0.0132822 -0.0154691 -0.0110531 0.0008397 -0.0206276 0.0139599 0.0137752 0.00910959 -0.0238609 -0.00379214 0.0208533 0.0113706 0.00902991 0.00369662 -0.0145743 -0.0118379 -0.0181323 0.0188062 0.00437322 0.0167841 0.00569387
internal_weight=39089.4 18708.8 20380.6 20134.3 14572.6 4136.18 18476 17180.4 2917.55 1658.33 1295.63 705.223 2117.74 590.402 3700.71 1218.63 799.814 17132.2 804.862 10871.9 1942.23 1242.16 1312.88 1535.38 878.404 656.978 3502.77 439.233 1758.48 48.1268
internal_count=213780 125962 87818 86169 105662 20300 80233 75275 12920 5936 4958 2584 9036 2374 22787 7380 3884 75095 3124 82875 11323 6961 5912 5503 3129 2374 25665 1968 11464 180
is_linear=0
shrinkage=0.02


Tree=55
num_leaves=31
num_cat=8
split_feature=15 13 16 37 18 0 22 22 13 13 0 24 26 0 0 0 0 41 20 0 0 14 26 26 15 15 26 26 22 26
split_gain=34570.6 1936.01 392.328 387.228 368.181 172.946 163.014 140.102 125.033 113.86 86.2635 75.3763 90.9257 76.193 73.11 69.6656 65.3756 57.0614 53.4686 52.7504 47.0969 46.766 34.8159 32.2963 31.7789 30.7803 27.4987 25.771 25.5405 25.4552
threshold=0.43750000000000006 1.5000000000000002 1.0000000180025095e-35 1.0000000180025095e-35 2.8750000000000004 0 0.15000835561497328 0.083333333333333273 1.0000000180025095e-35 1.0000000180025095e-35 1 0.64800579322638152 0.015708519889949705 2 3 4 5 0.38664222481883087 0.099999999999999964 6 7 1.5000000000000002 0.037453661211625605 0.014800098652305152 1.9375000000000002 4.1875000000000009 0.032768556640598058 0.023773446953453455 0.12491987179487171 0.016596553965101554
decision_type=2 2 10 2 2 1 2 2 2 2 1 2 2 1 1 1 1 2 2 1 1 2 2 2 2 2 2 2 2 2
left_child=2 3 5 10 16 11 9 18 20 14 27 -1 -13 -14 -5 23 21 -6 -7 -11 29 -3 -19 -8 -18 -12 -17 -2 -22 -4
right_child=1 4 8 6 17 7 15 -9 -10 19 25 12 13 -15 -16 26 24 22 -20 -21 28 -23 -24 -25 -26 -27 -28 -29 -30 -31
leaf_value=-0.024660984972442263 -0.0013542240284559557 0.0050169944812913127 -0.010631904106016353 -0.0035936351147944495 0.02142714872682909 -0.023798619670013729 -0.0094747776397011152 0.011473632225944906 0.0046599674861294224 -0.0059459253372884067 0.012565494032931755 -0.021471850340702873 0.0019886618125949281 -0.012799562065365389 -0.014879074971073755 0.0061549589799472816 0.012544704317844619 0.015000744760549726 0.0098082592396776472 0.0082772418549509584 -0.017301601689074186 0.012563561950297095 0.019995762972574702 0.0017905887576101101 0.017790685044864363 0.021882019074821044 0.01609733126328141 0.007636840997491269 -0.0088466489644915686 0.0049540542489025828
leaf_weight=322.69876807928085 213.56089510023594 563.10180456936359 83.204522892832756 457.31438353657722 8907.0941569060087 16679.686218872666 130.71761609613895 42.853851348161697 160.00305515527725 161.40674862265587 940.11096566915512 385.95769594609737 181.13525681197643 588.80495984852314 519.22421637177467 379.02904626727104 883.6168796569109 1092.344583272934 16.617767989635468 248.13523341715336 820.53649209439754 848.31987595558167 1453.5391618311405 418.75034756958485 1203.3139218986034 182.8519132733345 166.94724772870541 299.20683106780052 198.65081866085529 77.114408060908318
leaf_count=1316 916 3040 295 1623 70076 74111 461 158 662 650 5359 1466 660 2420 1756 1557 4930 7675 67 1115 3045 5245 10875 1665 8029 1305 776 1567 675 285
internal_value=-0.00359896 0.0155611 -0.0222809 0.00340822 0.0189051 -0.023051 -0.00156544 -0.0236546 -0.0117634 -0.00612252 0.0109549 -0.0159027 -0.0135201 -0.00944028 -0.00983028 0.00418347 0.013189 0.0206454 -0.0237622 0.00267723 -0.0140144 0.00951666 0.0178806 -0.000874296 0.015526 0.0140299 0.00913647 0.00379375 -0.0155519 -0.0028827
internal_weight=38625.8 19068.6 19557.3 4117.26 14951.3 18217.8 2481.52 16739.2 1339.51 1386.08 1635.73 1478.6 1155.9 769.94 976.539 1095.44 3498.35 11453 16696.3 409.542 1179.51 1411.42 2545.88 549.468 2086.93 1122.96 545.976 512.768 1019.19 160.319
internal_count=213780 128620 85160 18750 109870 80198 9603 74336 4962 5144 9147 5862 4546 3080 3379 4459 21244 88626 74178 1765 4300 8285 18550 2126 12959 6664 2333 2483 3720 580
cat_boundaries=0 1 3 4 6 8 10 12 14
cat_threshold=36768 67775762 439696 2560 4086618428 43522 675713266 257359 521021714 270140 4110811239 465306 545280256 53
is_linear=0
shrinkage=0.02


Tree=56
num_leaves=31
num_cat=0
split_feature=15 13 38 37 18 22 22 49 38 13 2 24 23 15 26 41 18 20 26 26 3 26 13 22 13 26 26 22 15 44
split_gain=33627.8 1906.24 405.932 374.744 369.034 156.935 133.497 119.219 112.157 98.4202 94.0593 91.5318 89.5742 63.9846 58.2069 57.5496 54.9151 46.9478 34.8088 33.3033 25.6093 25.0133 24.7092 23.9349 23.7119 21.6657 19.2414 18.7482 18.6026 18.5806
threshold=0.43750000000000006 1.5000000000000002 7.5000000000000009 1.0000000180025095e-35 2.8750000000000004 0.15000835561497328 0.083333333333333273 4.6571428571428584 1.5000000000000002 1.0000000180025095e-35 0.8542199457734333 0.79852133160956706 0.62500000000000011 1.6875000000000002 0.030378108988034603 0.38664222481883087 2.3750000000000004 0.099999999999999964 0.037453661211625605 0.014800098652305152 -0.12053668025532314 0.015708519889949705 16.500000000000004 0.30639351135190923 4.5000000000000009 0.022090530794665202 0.022352341910671505 0.49728260869565222 4.0625000000000009 35.800000000000004
decision_type=2 2 2 2 2 2 2 2 2 2 2 2 2 2 2 2 2 2 2 2 2 2 2 2 2 2 2 2 2 2
left_child=2 3 9 14 13 8 7 10 -5 27 -4 -12 -10 21 20 24 19 -9 -17 -7 -2 -3 23 -15 -6 -8 -22 -1 29 -16
right_child=1 4 6 5 15 16 25 17 12 -11 11 -13 -14 22 28 18 -18 -19 -20 -21 26 -23 -24 -25 -26 -27 -28 -29 -30 -31
leaf_value=-0.012904197113829719 0.010807745825906713 0.0035347467401627493 -0.021526966211691447 0.0024201399018934787 0.019660934010030117 -0.0044881574160309462 -0.0028886546479149821 -0.023855562740346236 -0.013513093203783277 0.0046103775388428407 -0.024235672902770556 -0.010307571059909967 0.00025409276888847582 0.015853742236463585 0.013537114647166382 0.014849772587572103 0.013417005500372956 0.0093733468070685486 0.019869934254862623 0.0042371330745263605 0.00025151967457666429 0.01068570735069258 -0.0092459916384421258 0.0099142868389608917 0.022119085774229857 0.019777918046727298 0.008904854705498377 0.0026777157590148811 0.021143380760389689 -0.0051585231626043292
leaf_weight=787.23151189088821 375.15106293559074 280.40846259891987 3312.7034096419811 430.00353161990643 2880.2607074826956 233.54231002926826 47.927130401134491 13963.364464432001 699.48090068995953 161.48516587913036 266.99051560461521 696.37215438485146 254.61975774168968 2052.2378211021423 632.23596140742302 1081.5209532082081 203.54402400553226 14.708274245262144 1433.707766957581 656.72074130177498 275.87484489381313 765.51062539219856 14.056501492857931 358.54203473031521 5893.350354142487 21.707833662629128 165.88708867132664 28.974734082818031 157.35093265771866 18.95185175538063
leaf_count=2843 2062 1344 14593 1855 22324 851 166 62940 2376 671 1092 2613 913 13372 3719 7675 937 58 10875 2671 1262 4184 77 2267 47752 83 868 101 1133 103
internal_value=-0.00357012 0.0154187 -0.0221281 0.00335162 0.0187708 -0.00153751 -0.0227993 -0.0229049 -0.00601202 -0.00949671 -0.0199037 -0.0142516 -0.00982888 0.0130302 0.0108062 0.02053 0.00410727 -0.0238172 0.0177395 0.00191846 0.0069532 0.00880321 0.0148321 0.0149921 0.0213214 0.00442705 0.00358407 -0.0123189 0.0146344 0.0129413
internal_weight=38164.4 18863 19301.5 4103.36 14759.6 2477.91 18323.8 18254.1 1384.1 977.691 4276.07 963.363 954.101 3470.76 1625.45 11288.8 1093.81 13978.1 2515.23 890.263 816.913 1045.92 2424.84 2410.78 8773.61 69.635 441.762 816.206 808.539 651.188
internal_count=213780 128620 85160 18750 109870 9603 81545 81296 5144 3615 18298 3705 3289 21244 9147 88626 4459 62998 18550 3522 4192 5528 15716 15639 70076 249 2130 2944 4955 3822
is_linear=0
shrinkage=0.02


Tree=57
num_leaves=31
num_cat=10
split_feature=15 13 38 16 38 22 0 22 0 23 22 13 26 26 26 24 0 0 15 20 39 0 0 0 26 0 38 26 0 0
split_gain=32711.9 1876.53 404.547 369.05 354.297 187.348 181.698 139.609 118.375 97.1439 100.61 95.0925 91.2262 78.6693 77.5723 91.0973 59.9525 58.1106 50.1098 48.7214 45.9706 50.9452 42.1603 39.1986 34.8506 30.4278 25.8223 24.8104 24.7983 22.8474
threshold=0.43750000000000006 1.5000000000000002 7.5000000000000009 2.6306818181818183 1.5000000000000002 0.17389862996480643 0 0.083333333333333273 1 0.62500000000000011 0.12491987179487171 1.0000000180025095e-35 0.029049534093724402 0.035497313153316959 0.013534118357487851 0.64800579322638152 2 3 4.1875000000000009 0.099999999999999964 0.84523809523809534 4 5 6 0.018696443743172704 7 8.5000000000000018 0.016596553965101554 8 9
decision_type=2 2 2 8 2 2 1 2 1 2 2 2 2 2 2 2 1 1 2 2 2 1 1 1 2 1 2 2 1 1
left_child=2 4 11 13 8 9 14 19 -2 22 -11 23 25 20 -4 -16 -17 -7 -5 26 21 -3 -6 27 -19 -10 -8 -1 -15 -14
right_child=1 3 6 18 5 17 7 -9 12 10 -12 -13 29 28 15 16 -18 24 -20 -21 -22 -23 -24 -25 -26 -27 -28 -29 -30 -31
leaf_value=-0.011597322095015284 0.015792508077369385 0.013055153153110982 -0.02238450302014347 0.018243666132519612 -0.0025725528831319357 -0.0028052829524065621 -0.023588949349983228 0.0068168518075911802 -0.0047134253481194805 -0.0099755788725850777 0.014505693346770751 0.0045266370775233185 0.003450247045966158 0.0050906200891993412 -0.02395600202037074 0.00031158604519124764 -0.01227372201654346 0.0001978851270568429 0.021422942392668995 0.0099152276686254558 0.013936089079090235 0.004663651329736041 -0.015534232708030671 -0.015721197693886687 0.012771821021290111 0.0033577740912279388 -0.018208845326824107 -0.0004387039978210713 0.017957934555390236 0.012289014413016204
leaf_weight=160.45424383878708 612.08998076617718 531.84673945605755 474.26978436112404 3050.6596644893289 148.37925341725349 285.09901449084282 16020.538136675954 59.112291634082794 235.04531705379486 146.87237106263638 118.45982022583485 161.2410898655653 189.41391721367836 100.86022873222828 218.3239778727293 202.70556958019733 628.38115693628788 131.07657207548618 7731.5462950393558 15.167702019214628 1180.7340705543756 741.54729495942593 569.60496109724045 488.35007476806641 289.24107326567173 741.14062431454659 455.96963609755039 163.6206452101469 1232.9613232910633 623.09278474748135
leaf_count=573 3685 3184 1865 22877 523 1039 73243 214 981 491 469 671 976 645 903 737 2612 478 63074 60 7507 4107 1928 1772 1210 3401 1911 599 8476 3569
internal_value=-0.00354131 0.0152778 -0.0219772 0.0186377 0.00329729 -0.00370978 -0.0226549 -0.0232865 0.00823292 -0.00934658 0.000919738 -0.00934515 0.00549396 0.0132323 -0.0154947 -0.0124542 -0.00933347 0.00412572 0.0205306 -0.0234109 0.0110571 0.00834539 -0.0131563 -0.0121293 0.00872104 0.00137164 -0.0234446 -0.00589996 0.0171859 0.0104663
internal_weight=37707.8 18659.7 19048.1 14570.2 4089.52 1688.73 18074.5 16550.8 2400.78 983.316 265.332 973.666 1788.69 3787.95 1523.68 1049.41 831.087 705.417 10782.2 16491.7 2454.13 1273.39 717.984 812.425 420.318 976.186 16476.5 324.075 1333.82 812.507
internal_count=213780 128620 85160 109870 18750 6138 81545 75428 12612 3411 960 3615 8927 23919 6117 4252 3349 2727 85951 75214 14798 7291 2451 2944 1688 4382 75154 1172 9121 4545
cat_boundaries=0 1 3 4 6 8 10 12 14 16 18
cat_threshold=36768 15810568 32 2560 673259762 177353 1081201888 65606 855701768 2048 4270479121 264247 100827138 397578 16777218 5648 17039426 417936
is_linear=0
shrinkage=0.02


Tree=58
num_leaves=31
num_cat=7
split_feature=15 13 18 20 37 21 22 22 13 0 23 0 26 0 0 41 0 25 24 0 14 0 39 26 39 15 15 39 26 13
split_gain=31823.8 1847.15 372.029 356.91 354.254 237.574 145.854 145.056 100.846 83.1881 82.0568 81.7445 68.2556 66.7011 65.57 58.996 57.8803 104.895 63.251 50.3874 45.6714 45.6577 38.2723 35.0831 33.044 31.8599 30.7398 28.6625 25.506 24.3286
threshold=0.43750000000000006 1.5000000000000002 2.8750000000000004 0.099999999999999964 1.0000000180025095e-35 18.500000000000004 0.15000835561497328 0.12491987179487171 1.0000000180025095e-35 0 0.62500000000000011 1 0.0023604272768445005 2 3 0.38664222481883087 4 6.3808308673971199 2.1756907308377902 5 1.5000000000000002 6 1.0000000180025095e-35 0.037453661211625605 0.73214285714285732 1.9375000000000002 4.1875000000000009 1.0000000180025095e-35 0.029049534093724402 4.5000000000000009
decision_type=2 2 2 2 2 8 2 2 2 1 2 1 2 1 1 2 1 2 2 1 2 1 2 2 2 2 2 2 2 2
left_child=3 4 14 5 9 12 8 11 10 -2 -6 -7 -1 -8 20 29 18 -18 -14 -10 -3 -5 -13 -17 -15 28 -11 -9 -16 -4
right_child=1 2 15 21 6 7 13 27 19 26 -12 22 16 24 25 23 17 -19 -20 -21 -22 -23 -24 -25 -26 -27 -28 -29 -30 -31
leaf_value=-0.024089952404272932 0.0035063886853098831 0.0045431556249039516 0.01942179435922765 -0.0090648608499161176 -0.012799255638311621 -0.017812190176561771 0.0092441785612594612 0.0088424594053788576 -0.0059397402037392535 0.012142311952218146 0.00031651569819182457 -0.023795014859904127 0.0015059997995148591 -0.0059936129017755489 0.0090269759346816129 0.014527408050427956 -0.016892116632973211 0.016501265382328073 -0.014784204091463979 0.007977719899315304 0.012065204486923942 0.008100793847699482 -0.019048804846058677 0.019619687599233715 0.0034593802837018482 0.017373048170781683 0.021591598734968562 -0.0092741657065327342 0.016289252751710396 0.021937487133896615
leaf_weight=259.89620192348957 508.36194768548012 554.61736351251602 2803.8196192160249 83.392379060387611 714.99011215567589 1532.9646100997925 495.29115870594978 42.635385304689407 161.38247346878052 922.5812708735466 255.65444125235081 14426.162186235189 214.69303931295872 258.16923069953918 511.62562073767185 1058.4469747394323 896.60577726364136 36.367647752165794 165.08762845396996 246.22275134921074 827.58099663257599 160.97837020456791 838.53887501358986 1394.4046493992209 336.66551145911217 1166.1935147494078 176.23361487686634 139.32174016535282 354.08369274437428 5712.8517264202237
leaf_count=1101 2483 3040 22324 306 2456 6620 2146 154 650 5359 923 67235 801 953 2754 7675 3525 154 584 1115 5245 656 3548 10875 1360 8029 1305 476 2176 47752
internal_value=-0.00351291 0.015138 0.0185054 -0.0218295 0.00324368 -0.0221459 -0.00150816 -0.022839 -0.00583215 0.0105434 -0.00933387 -0.0230318 -0.0146206 0.00394138 0.0127035 0.0203054 -0.01268 -0.0153563 -0.00544119 0.00246519 0.00901268 0.00208424 -0.023524 0.0174509 -0.000609236 0.015069 0.0136072 -0.00484645 0.0120663 0.0211188
internal_weight=37255.8 18459.2 14383.6 18796.6 4075.55 18552.3 2468.38 16979.6 1378.25 1607.18 970.645 16797.7 1572.65 1090.13 3414.1 10969.5 1312.75 932.973 379.781 407.605 1382.2 244.371 15264.7 2452.85 594.835 2031.9 1098.81 181.957 865.709 8516.67
internal_count=213780 128620 109870 85160 18750 84198 9603 78033 5144 9147 3379 77403 6165 4459 21244 88626 5064 3679 1385 1765 8285 962 70783 18550 2313 12959 6664 630 4930 70076
cat_boundaries=0 2 3 5 7 8 10 12
cat_threshold=67775762 439696 428 1471237901 266928 521021714 270140 7340544 4110811239 465306 3613768 362536
is_linear=0
shrinkage=0.02


Tree=59
num_leaves=31
num_cat=7
split_feature=38 13 13 41 38 21 41 0 21 26 49 0 26 26 42 0 41 0 24 26 0 26 26 14 13 13 47 0 13 0
split_gain=30952.1 1384.81 882.36 397.554 353.269 204.252 153.401 98.3038 95.6999 77.3167 73.0795 70.9456 68.6124 66.595 103.8 65.734 59.7853 50.863 48.5075 39.8352 40.448 39.3301 33.325 31.8837 31.8251 29.5898 28.6661 27.758 23.6409 22.0537
threshold=2.5000000000000004 2.5000000000000004 1.0000000180025095e-35 0.6343239424027175 7.5000000000000009 1.5000000000000002 0.5163977794943222 0 14.500000000000002 0.020038486185837801 0.78571428571428581 1 0.017154390559353454 1.0000000180025095e-35 14.407142857142858 2 0.67363657506888297 3 4.6876065643648772 0.022714891796077503 4 0.016883707070932154 0.029345837660468353 1.0000000180025095e-35 16.500000000000004 4.5000000000000009 6.5725963273325059 5 2.5000000000000004 6
decision_type=2 2 2 2 2 8 2 1 8 2 2 1 2 2 2 1 2 1 2 2 1 2 2 2 2 2 2 1 2 1
left_child=1 3 4 7 11 13 25 -1 19 18 26 21 27 -6 -15 -11 -12 -8 -10 20 -5 -2 24 -14 -19 -3 -7 -9 -4 -23
right_child=2 6 28 8 5 10 17 12 9 15 16 -13 23 14 -16 -17 -18 22 -20 -21 -22 29 -24 -25 -26 -27 -28 -29 -30 -31
leaf_value=0.017797345689215562 -0.011969755458060704 0.019040479849717507 0.0063313172713920611 0.010782148337995973 -0.02487717194129711 -0.020463500621840328 0.0062792225675979687 0.007429230462450415 -0.0075086301362746926 -0.0038023058242154894 -0.023667943216245185 -0.015674447908827181 -0.0069433358237416566 -0.014317836808070628 0.0085107493058449706 0.0060353280975049863 0.0032064098842418255 0.01297426898279304 0.0026147428130319683 0.013537914734484728 -0.0012260163202431019 0.0057284999703244742 0.018305710673204953 0.012237114887031192 -0.016460915936955083 0.021596341188145497 -0.01206987869749818 -0.0030354611617606766 0.020684734461572703 -0.004744853460233899
leaf_weight=1105.1817983835936 238.4829688668251 3245.7738411203027 73.607144847512245 196.78082866966724 216.50725521147251 2496.4657287448645 312.98824095726013 192.66088739782572 569.48452532291412 357.6978335827589 13556.893243551254 684.47197791934013 32.267549239099026 1003.0496727973223 83.453086867928505 1024.4407881051302 31.204288393259048 660.69295787811279 277.39164733886719 363.15780791640282 236.72259263694286 107.1316092312336 1076.5706852003932 1630.1992342323065 11.980627998709677 6233.4451658278704 203.53743582963943 188.02957940846682 169.0071494653821 229.17162388563156
leaf_count=7519 852 25654 359 929 938 11286 2014 1062 2186 1517 64137 2477 168 3923 322 4748 123 4187 1145 1924 1010 394 7865 10413 73 52613 847 935 1337 823
internal_value=-0.00348483 0.015553 -0.0211498 0.00789673 -0.0216385 -0.0223731 0.0196437 0.0128704 0.00270716 0.000567365 -0.0229871 -0.011332 0.0100374 -0.0146472 -0.0125274 0.00348831 -0.0236041 0.01462 -0.00417169 0.00864458 0.00443461 -0.00570171 0.0159607 0.011841 0.0123497 0.0207296 -0.0198523 0.00233961 0.016542 -0.00129941
internal_weight=36808.4 17715.5 19093 6174.02 18850.4 17591.1 11541.5 3148.34 3025.68 2229.01 16288.1 1259.26 2043.16 1303.01 1086.5 1382.14 13588.1 2062.23 846.876 796.661 433.503 574.786 1749.24 1662.47 672.674 9479.22 2700 380.69 242.614 336.303
internal_count=213780 125962 87818 33556 86122 81576 92406 20097 13459 9596 76393 4546 12578 5183 4245 6265 64260 14139 3331 3863 1939 2069 12125 10581 4260 78267 12133 1997 1696 1217
cat_boundaries=0 2 4 6 8 9 11 13
cat_threshold=3234972232 68128 2006505245 264203 81395778 2152 83886336 294456 16531456 875303300 169155 587256577 2048
is_linear=0
shrinkage=0.02


Tree=60
num_leaves=31
num_cat=8
split_feature=38 13 13 41 16 21 41 0 21 26 0 49 26 42 26 0 41 0 30 26 0 16 26 26 13 47 0 0 0 13
split_gain=30108 1373.9 859.616 387.656 366.273 204.552 154.218 97.1529 92.4732 74.2814 72.0545 67.8058 67.551 99.4891 66.8688 63.4977 60.6161 50.0955 46.5192 38.9283 37.4549 36.5159 33.2081 31.1882 30.8974 29.6711 29.6275 29.495 27.1249 23.4955
threshold=2.5000000000000004 2.5000000000000004 1.0000000180025095e-35 0.6343239424027175 1.0000000180025095e-35 1.5000000000000002 0.5163977794943222 0 14.500000000000002 0.020038486185837801 1 4.3357142857142863 1.0000000180025095e-35 14.407142857142858 0.017154390559353454 2 0.67363657506888297 3 4.6741532841584421 0.026717122452737354 4 3.8819444444444451 0.029345837660468353 0.011417073930645451 16.500000000000004 6.5725963273325059 5 6 7 2.5000000000000004
decision_type=2 2 2 2 10 8 2 1 8 2 1 2 2 2 2 1 2 1 2 2 1 8 2 2 2 2 1 1 1 2
left_child=1 3 4 7 5 12 21 -1 19 18 -6 25 -2 -14 28 -11 -13 -8 -10 20 -5 -3 24 -12 -19 -7 -25 -16 -9 -4
right_child=2 6 29 8 10 11 17 14 9 15 23 16 13 -15 27 -17 -18 22 -20 -21 -22 -23 -24 26 -26 -27 -28 -29 -30 -31
leaf_value=0.017645079024467776 -0.024742921126170121 0.018484044061409934 0.0062251376442322981 0.01082335551019953 -0.017015697918513033 -0.020791316954916674 0.0061819475461542929 -0.0032165620378387634 -0.0073477687097910404 -0.0032734852977182932 -0.014966978802367144 -0.023737197805509928 -0.013950983557865476 0.0094103774524019312 -0.0011774631216433433 0.0061094868339424827 0.0052215035762055162 0.012818087226768924 0.0025646697253701028 0.014278170733841768 -5.0850617179154723e-05 0.021454301554333016 0.018165549126112297 0.00098732521293919606 -0.016064651274184182 -0.012091965605027207 -0.0083877338259045215 0.012218208917361327 0.0071449864443092568 0.020570504661146138
leaf_weight=1092.6630098819733 213.3761081546545 2635.8668201565742 73.418467581272125 221.55141036212444 723.18976227939129 3096.9602285921574 311.77186835557222 180.19566689431667 570.36956568062305 395.82703223824501 204.11535452306271 12450.927092075348 947.9063459187746 75.883487805724144 71.7331827506423 984.42748791724443 26.859485924243927 655.45785427093506 277.21174328029156 294.95797178894281 277.18850128352642 6702.7214214652777 1063.3363600298762 183.46781970560551 12.103372722864149 192.45848193764687 487.29021380841732 1578.6851163953543 200.01142963767052 166.5877643302083
leaf_count=7519 938 20764 359 1061 2708 14370 2014 894 2186 1698 742 59952 3747 292 398 4567 107 4187 1145 1595 1207 57503 7865 670 73 811 1785 10183 1103 1337
internal_value=-0.00345674 0.0154096 -0.0210058 0.0077779 -0.021492 -0.0223549 0.0195252 0.0127173 0.00265803 0.000556358 -0.0122725 -0.0229738 -0.0144154 -0.0121775 0.00989825 0.00342343 -0.023672 0.0144676 -0.00408466 0.00850783 0.00499039 0.0206243 0.0158083 -0.00799913 0.0121951 -0.0202999 -0.00591061 0.0116896 0.00229781 0.0163956
internal_weight=36368.5 17526.1 18842.4 6144.82 18602.4 17004.4 11381.3 3123.29 3021.53 2227.84 1598.06 15767.2 1237.17 1023.79 2030.63 1380.25 12477.8 2042.67 847.581 793.698 498.74 9338.59 1730.9 874.873 667.561 3289.42 670.758 1650.42 380.207 240.006
internal_count=213780 125962 87818 33556 86122 80217 92406 20097 13459 9596 5905 75240 4977 4039 12578 6265 60059 14139 3331 3863 2268 78267 12125 3197 4260 15181 2455 10581 1997 1696
cat_boundaries=0 2 4 6 8 9 10 11 13
cat_threshold=3234972232 68128 2282162371 260032 83558466 2152 83886336 294456 16531456 1636880640 2 184683571 286996
is_linear=0
shrinkage=0.02


Tree=61
num_leaves=31
num_cat=9
split_feature=15 13 16 16 37 0 22 22 13 13 0 0 26 24 26 0 0 18 23 0 0 39 0 15 26 0 16 22 26 26
split_gain=29310 1772.96 393.038 373.492 320.89 184.315 138.241 123.827 104.552 97.8456 81.6807 80.4023 77.6411 74.6999 79.187 90.6337 55.6594 55.1424 51.195 46.3037 46.0945 44.4515 50.5313 31.2694 28.4083 25.3149 24.7689 24.3324 23.6382 23.014
threshold=0.43750000000000006 1.5000000000000002 1.0000000180025095e-35 2.6306818181818183 1.0000000180025095e-35 0 0.22115384615384617 0.083333333333333273 1.0000000180025095e-35 1.0000000180025095e-35 1 2 0.035497313153316959 0.64800579322638152 0.015708519889949705 3 4 3.8750000000000004 1.0000000180025095e-35 5 6 0.84523809523809534 7 4.1875000000000009 0.016883707070932154 8 1.841666666666667 0.12491987179487171 0.012854076033517103 0.050803650222262901
decision_type=2 2 10 8 2 1 2 2 2 2 1 1 2 2 2 1 1 2 2 1 1 2 1 2 2 1 10 2 2 2
left_child=2 4 5 12 11 13 9 18 20 10 -6 -2 21 -1 -15 -16 24 -5 -7 -11 28 22 -3 29 -8 -14 -18 -22 -4 -13
right_child=1 3 8 17 6 7 16 -9 -10 19 -12 23 25 14 15 -17 26 -19 -20 -21 27 -23 -24 -25 -26 -27 -28 -29 -30 -31
leaf_value=-0.023977698452428017 0.0031596887751059077 0.013450805850722851 -0.012520352246061144 0.017156300704046494 -0.0019430818273897693 -0.023101340808038349 -0.0085841205527922987 0.010660058875969382 0.0043109644733754678 -0.0051205958356185114 -0.013240281205776763 0.010135042894579305 0.0044882712398915964 -0.020561306320744217 0.002879270140273677 -0.01290742518457289 0.0053990803695308717 0.020896019510693892 0.0088091784624975307 0.0078331487534386568 -0.016156505645059334 0.013315236480151331 0.0046484437530074398 0.021320530592993922 0.0024719678799962953 0.017422063389046189 0.014661665286759227 -0.0078489857815050943 0.0034211587963816504 0.019181289446286311
leaf_weight=342.03307999670506 503.43017384409904 410.63670927286148 53.557443395256996 2190.5712313652039 471.36258633434772 15019.015102997422 129.74038422107697 41.273094981908798 158.90398676693439 171.91626724600792 603.41978543996811 758.89983886480331 98.266335420310497 419.44979904592037 178.53117723762989 742.58080258965492 317.91654422879219 7990.242712251842 17.799805209040642 262.9749021679163 784.61569920182228 1140.4154169335961 832.78860813379288 169.99090526252985 304.34845386445522 1180.7613816559315 195.09001307189465 195.58864969015121 103.42493246495724 143.8645139336586
leaf_count=1512 2483 2551 194 16790 1710 72768 457 152 662 697 2087 4418 645 1722 660 3311 1318 69161 73 1207 3045 7507 4740 1305 1229 8476 898 675 386 941
internal_value=-0.00342892 0.0147229 -0.0214003 0.0181222 0.00304473 -0.0222227 -0.00146785 -0.0229495 -0.0107228 -0.00522774 -0.00846435 0.0100805 0.0126114 -0.0154402 -0.0133133 -0.00993509 0.00450195 0.0200986 -0.0230605 0.00272869 -0.0128469 0.01043 0.00774202 0.0131403 -0.000804547 0.0166277 0.00885347 -0.0144017 -0.00190621 0.0116575
internal_weight=35933.4 17876.6 18056.8 13843.7 4032.95 16760.7 2456.77 15078.1 1296.09 1509.67 1074.78 1576.19 3662.87 1682.59 1340.56 921.112 947.095 10180.8 15036.8 434.891 1137.19 2383.84 1243.43 1072.76 434.089 1279.03 513.007 980.204 156.982 902.764
internal_count=213780 128620 85160 109870 18750 80198 9603 72993 4962 5701 3797 9147 23919 7205 5693 3971 3902 85951 72841 1904 4300 14798 7291 6664 1686 9121 2216 3720 580 5359
cat_boundaries=0 1 3 5 6 8 10 12 14 16
cat_threshold=36776 4086618428 35328 67775762 439696 2560 2818871538 326989 4110811239 465306 545280256 53 1081197728 65602 16777218 5648
is_linear=0
shrinkage=0.02


Tree=62
num_leaves=31
num_cat=8
split_feature=15 13 38 16 37 21 38 13 0 26 0 0 26 42 24 41 0 23 0 26 0 0 26 15 26 38 0 26 13 20
split_gain=28518 1745.13 399.314 373.996 310.479 222.664 103.527 81.6741 78.3793 76.779 76.1886 75.5738 70.3109 103.133 83.9378 55.6687 52.2773 42.5971 43.2929 38.5723 37.7922 35.2383 35.128 29.7538 28.3983 26.7126 24.9633 24.582 24.2016 23.3903
threshold=0.43750000000000006 1.5000000000000002 7.5000000000000009 2.6306818181818183 1.0000000180025095e-35 1.0000000180025095e-35 2.5000000000000004 1.0000000180025095e-35 0 0.035497313153316959 1 2 1.0000000180025095e-35 14.407142857142858 0.79852133160956706 0.39851988391580934 3 0.62500000000000011 4 0.026256676823867554 5 6 0.021501176077194553 4.1875000000000009 0.023773446953453455 8.5000000000000018 7 0.014800098652305152 4.5000000000000009 0.099999999999999964
decision_type=2 2 2 8 2 8 2 2 1 2 1 1 2 2 2 2 1 2 1 2 1 1 2 2 2 2 1 2 2 2
left_child=2 4 7 9 8 12 10 20 24 17 -6 27 -4 14 -14 28 -8 18 -3 -18 -1 -17 -12 -10 -2 29 -11 -7 -5 -13
right_child=1 3 5 15 6 11 16 -9 23 26 22 25 13 -15 -16 21 19 -19 -20 -21 -22 -23 -24 -25 -26 -27 -28 -29 -30 -31
leaf_value=-0.0051473952741153363 -0.0017580987598628704 0.0011335343006749709 -0.024494081245130632 0.019010148806795701 0.0071285442945379033 -0.022345533659966107 -0.015116309290159245 0.0042685125253775925 0.011656180759996769 0.0044202525882052835 -0.005347041783429215 -0.023320106951911345 -0.020992131546335845 0.0099230906300132038 -0.0086975663679677937 0.0083014244453644258 -0.0090365334671200764 0.013439288631678923 0.0098373963424944252 0.0058547207955122384 -0.014799455287261796 0.017954074572985937 0.0010559861954171855 0.021206007164376019 0.0074201383936534143 -0.017118626192927439 0.017276994135323385 -0.015873401103898788 0.021616950511282079 0.00033177362715345812
leaf_weight=318.5506304204464 228.08201329410076 317.01315622031689 207.37199367582798 2566.2702275589108 526.7915476411581 362.50900086760521 270.08834838867188 160.37775665521622 857.79842838644981 97.985773958265781 603.08121928572655 13790.534819304943 364.26182116568089 79.253845527768135 606.64397460222244 247.68360287696123 155.49206882715225 1010.0593996718526 1041.7558282464743 119.86200408637524 473.61416979134083 1854.9104951769114 777.96373419463634 167.19897525757551 313.75549837946892 352.64007069170475 1167.1092563718557 1083.1481073349714 5363.9335656985641 14.992131039500235
leaf_count=1172 991 1784 938 21595 2314 1615 953 671 5150 645 2217 68245 1586 307 2304 1850 538 6659 6355 438 1772 14716 3143 1303 1703 1574 8476 4919 47790 57
internal_value=-0.00340151 0.0145864 -0.0212617 0.0179933 0.00299437 -0.0219745 -0.00144132 -0.00859288 0.00994179 0.0124623 0.000749344 -0.0226309 -0.0137789 -0.0115802 -0.0133812 0.0199904 -0.00910241 0.0102895 0.00790893 -0.00240294 -0.0112282 0.0169646 -0.00171878 0.0131627 0.00346787 -0.0231279 0.0164809 -0.0174327 0.0207834 -0.0232929
internal_weight=35500.7 17686.8 17813.9 13666.7 4020.11 16861.4 2453.28 952.543 1566.83 3633.92 1907.84 15603.8 1257.53 1050.16 970.906 10032.8 545.442 2368.83 1358.77 275.354 792.165 2102.59 1381.04 1025 541.838 14158.2 1265.1 1445.66 7930.2 13805.5
internal_count=213780 128620 85160 109870 18750 81545 9603 3615 9147 23919 7674 76410 5135 4197 3890 85951 1929 14798 8139 976 2944 16566 5360 6453 2694 69876 9121 6534 69385 68302
cat_boundaries=0 2 3 4 6 8 10 12 14
cat_threshold=67775762 456144 3535034632 40876 2355561666 177654 2500591634 22832 4270479121 264247 83886080 89108 16777218 5648
is_linear=0
shrinkage=0.02


Tree=63
num_leaves=31
num_cat=9
split_feature=15 15 38 13 13 21 41 22 22 0 41 13 0 0 24 49 0 0 0 23 22 0 44 0 0 25 24 22 39 14
split_gain=27748.2 1718.75 397.754 344.456 309.329 223.39 132.934 120.73 110.95 91.7181 91.0055 78.9658 77.5208 75.1003 66.917 80.0547 66.3822 54.9079 48.2471 44.1663 41.9743 40.8767 37.46 36.8387 32.4139 109.122 77.6566 30.2378 28.8927 26.3643
threshold=0.43750000000000006 1.9375000000000002 7.5000000000000009 2.5000000000000004 1.0000000180025095e-35 1.0000000180025095e-35 0.68013604081360512 0.21433982683982686 0.12491987179487171 0 0.39851988391580934 1.0000000180025095e-35 1 2 0.79852133160956706 8.3214285714285747 3 4 5 0.62500000000000011 0.16071428571428567 6 20.550000000000004 7 8 6.736241822416539 1.4537676912870414 0.10611209495786107 0.93750000000000011 6.5000000000000009
decision_type=2 2 2 2 2 8 2 2 2 1 2 2 1 1 2 2 1 1 1 2 2 1 2 1 1 2 2 2 2 2
left_child=2 4 11 6 7 14 17 13 12 20 -5 23 -7 -2 15 -4 27 -3 -9 -15 -8 -12 -17 -1 26 -26 -16 -6 -18 -11
right_child=1 3 5 10 16 8 9 18 -10 29 21 -13 -14 19 24 22 28 -19 -20 -21 -22 -23 -24 -25 25 -27 -28 -29 -30 -31
leaf_value=-0.0050571911550245201 -0.00027916381556340622 0.0093593653652835652 -0.023866624169663956 0.020672254387316298 0.013154508462081136 -0.01732646100433503 -0.017435842287259862 -0.00554039055414016 0.0038367974055468824 0.0066478485651352446 0.0072875426838891503 0.0041906625923448688 -0.023123461951071646 -0.016660598183799682 0.0083161074544882523 0.011395046946203677 0.002043908887524992 0.01674010770469583 0.0077279602732448927 -0.0027244599892433975 0.00076954395940257271 0.017105237357959775 -0.011664878519623752 -0.014601093092687908 -0.016376948668038651 0.021628028741692021 -0.012121285089482221 0.0071112215587876117 0.0086230263381061878 0.020092958268134939
leaf_weight=317.98553422093391 259.50079959630966 778.67884234338999 383.13041290640831 7943.0958066061139 661.35864312946796 1420.0441000908613 90.344257697463036 156.52534133195877 61.573280394077301 430.75681307166815 252.4217581152916 160.14802025258541 13895.334007292986 444.43311138451099 119.46805055439472 33.223663941025734 1078.6986015886068 1323.3609656170011 301.86826388537884 120.33787955343723 105.90861415117979 2387.3557412624359 118.94700267910957 470.65403978526592 378.94178603589535 29.81814606487751 184.61324851214886 738.05791318416595 359.26112808287144 68.615579150617123
leaf_count=1172 947 5237 1713 70314 3749 6498 348 542 220 2210 1859 671 69692 1521 456 127 5163 9660 1197 429 501 18624 540 1772 1501 131 667 3990 1948 381
internal_value=-0.0033743 0.01445 -0.0211248 0.0179277 0.00314604 -0.0218448 0.011647 -0.00498773 -0.0225092 0.00400614 0.0195824 -0.00845991 -0.0226172 -0.00955745 -0.0136086 -0.0189956 0.00683143 0.0141567 0.00319478 -0.0135184 -0.00728174 0.0162757 -0.00637831 -0.0110603 -0.00947264 -0.0131005 -0.00389697 0.00993272 0.00369044 0.00847532
internal_weight=35074.5 17500.6 17573.9 13380.5 4120.04 16625.1 2797.67 1282.67 15377 695.625 10582.9 948.788 15315.4 824.272 1248.14 535.301 2837.38 2102.04 458.394 564.771 196.253 2639.78 152.171 788.64 712.841 408.76 304.081 1399.42 1437.96 499.372
internal_count=213780 128620 85160 109134 19486 81545 18337 4636 76410 3440 90797 3615 76190 2897 5135 2380 14850 14897 1739 1950 849 20483 667 2944 2755 1632 1123 7739 7111 2591
cat_boundaries=0 2 3 5 7 9 11 13 15 16
cat_threshold=71991314 132984 40876 1933900072 2560 419028504 98887 523116594 284319 945823858 46289 83886082 86040 4270479121 264247 6294016
is_linear=0
shrinkage=0.02


Tree=64
num_leaves=31
num_cat=8
split_feature=15 13 38 18 37 21 22 22 38 0 13 0 26 42 30 0 0 41 18 0 0 26 14 0 15 15 26 0 26 26
split_gain=27000.4 1696.01 396.251 376.583 291.235 224.123 128.673 109.376 90.3393 78.7037 76.3472 76.2083 70.348 98.5222 79.9357 66.8895 65.7466 63.3042 52.9734 51.2899 48.3416 44.9575 39.866 35.9667 32.2718 30.6011 25.6728 25.3762 25.1553 23.4608
threshold=0.43750000000000006 1.5000000000000002 7.5000000000000009 2.8750000000000004 1.0000000180025095e-35 1.0000000180025095e-35 0.22115384615384617 0.12491987179487171 1.5000000000000002 0 1.0000000180025095e-35 1 1.0000000180025095e-35 14.407142857142858 0.75862504825077981 2 3 0.26978538028199145 2.6250000000000004 4 5 0.029715279138194401 1.5000000000000002 6 1.9375000000000002 4.1875000000000009 0.023773446953453455 7 0.014800098652305152 0.028804294136259453
decision_type=2 2 2 2 2 8 2 2 2 1 2 1 2 2 2 1 1 2 2 1 1 2 2 1 2 2 2 1 2 2
left_child=2 4 10 15 11 12 8 9 19 28 23 26 -4 14 -14 22 -10 -5 20 -6 -8 27 -3 -1 29 -13 -2 -19 -7 -17
right_child=1 3 5 17 6 7 18 -9 16 -11 -12 25 13 -15 -16 24 -18 21 -20 -21 -22 -23 -24 -25 -26 -27 -28 -29 -30 -31
leaf_value=0.00055210759996777666 -0.0019857682735132062 0.0039484516400653839 -0.024294680856961626 0.021106436472501367 -0.0059742793935422247 -0.022203555626930268 0.0074367192280435489 0.0037624500293796282 -0.0025241621218800303 -0.023012643548840441 0.0041141592225758649 0.01126621064053775 -0.020811648833515273 0.0097382327157529355 -0.008597693858924213 0.0081840226237444805 -0.012823833557427331 0.0062474540825176164 0.017437061214833061 0.0073998813617636517 -0.0020498869426773744 0.019001142413995666 0.011014546891397439 -0.012445522970254603 0.016704969623330498 0.021016956977277429 0.0069466150043655519 0.015603593790814402 -0.01557231949842809 0.015337056376101778
leaf_weight=101.51970794796944 219.0080628246069 551.69206389784813 202.25102616846561 5648.6090250760317 174.14492873847485 350.2669612467289 405.32884103059769 61.59326796233654 477.17662733793259 13685.178185939789 159.92156709730625 869.26277434080839 341.31838598847389 79.429711639881134 615.72037322819233 479.64868240058422 566.65482836961746 200.91782461851835 107.01878753304482 284.32252642512321 431.08724901080132 3300.0224237665534 811.22996009886265 683.6212315261364 1078.148530587554 162.86126092076302 296.53268840909004 915.76314125955105 1055.0483054071665 336.95573298633099
leaf_count=373 951 3124 938 51099 703 1602 1716 220 1715 69692 671 5275 1526 307 2364 2660 1968 1549 529 1315 1657 28571 5384 2571 7907 1303 1618 7407 4896 2169
internal_value=-0.00334761 0.0143147 -0.0209906 0.0177411 0.00287343 -0.0217178 -0.00141686 -0.0223904 -0.00505454 -0.0224992 -0.00832888 0.00965578 -0.0134404 -0.0112391 -0.0130259 0.011796 -0.00830189 0.0196592 0.0043522 0.00230156 0.00259784 0.0177907 0.00812441 -0.0108947 0.0142914 0.0127573 0.00306482 0.0141545 -0.0171612 0.0112053
internal_weight=34652.3 17316.4 17335.9 13323 3993.4 16390.8 2445.73 15152.1 1502.3 15090.5 945.063 1547.66 1238.72 1036.47 957.039 3257.67 1043.83 10065.3 943.435 458.467 836.416 4416.7 1362.92 785.141 1894.75 1032.12 515.541 1116.68 1405.32 816.604
internal_count=213780 128620 85160 109870 18750 81545 9603 76410 5701 76190 3615 9147 5135 4197 3890 21244 3683 88626 3902 2018 3373 37527 8508 2944 12736 6578 2569 8956 6498 4829
cat_boundaries=0 1 3 5 7 9 11 13 15
cat_threshold=40876 67775762 439760 521021746 268092 4086618428 43520 4110811239 461210 1203326733 201266 612389120 17 218105107 416024
is_linear=0
shrinkage=0.02


Tree=65
num_leaves=31
num_cat=1
split_feature=15 15 16 13 13 21 37 18 13 49 26 3 24 26 14 1 26 21 28 26 29 25 47 24 20 14 13 25 21 24
split_gain=26273.4 1670.43 393.122 343.276 288.415 223.715 103.707 92.4095 91.6058 74.0031 70.748 87.475 87.8045 61.8374 49.8754 42.8382 35.9249 39.8095 35.2197 34.3468 33.1235 31.2211 31.1147 32.7601 31.0358 28.4769 28.4059 28.1987 26.5888 24.2924
threshold=0.43750000000000006 1.9375000000000002 1.0000000180025095e-35 2.5000000000000004 1.0000000180025095e-35 1.0000000180025095e-35 1.0000000180025095e-35 3.8750000000000004 1.0000000180025095e-35 4.3357142857142863 1.0000000180025095e-35 -0.78574730703237872 0.79852133160956706 0.015315442105664353 1.5000000000000002 0 0.077230447859481716 11.500000000000002 105.00000000000001 0.041573180657513358 2.5817535577189337 7.0914308043246042 6.5725963273325059 1.5506114130434785 0.099999999999999964 6.5000000000000009 16.500000000000004 7.0914308043246042 14.500000000000002 4.7316448801742927
decision_type=2 2 10 2 2 8 2 2 2 2 2 2 2 2 2 1 2 8 2 2 2 2 2 2 2 2 2 2 8 2
left_child=2 4 5 6 14 10 19 26 27 22 -1 -12 -13 18 20 21 17 -15 -6 28 -2 -8 -7 -24 -11 -17 -5 -4 -3 -20
right_child=1 3 8 7 13 9 15 -9 -10 24 11 12 -14 16 -16 25 -18 -19 29 -21 -22 -23 23 -25 -26 -27 -28 -29 -30 -31
leaf_value=-0.024176134206263952 -0.010899827105064713 0.016064477893301496 -0.011020754206780637 0.016213204996233861 0.0070030321523271433 -0.020054582655180179 -0.00061949717909124552 0.020500889053543348 0.0040084557066576735 -0.023196677599142665 0.009404330389523697 -0.02054272635394316 -0.0076338651104967846 0.012496139440327252 0.0013900854604388909 0.0043429763365266339 0.018892536913929441 0.0059259155963931748 -0.0051739418132806733 0.017137243028261001 -0.0031755752520084631 -0.026130712103656941 -0.003620675144031063 -0.021013868221172068 0.0017871061518168238 0.017508933410408441 -0.0099747211311494877 -0.022589199740990822 0.0097417863535685777 0.0048296423694226941
leaf_weight=199.22305542230606 485.62123399972916 397.74131885170937 1013.2072212100029 2634.4766873791814 283.10291078686714 2904.1097818464041 63.232149168848991 7637.0077437087893 158.02080918848515 11543.087197646499 74.738560497760773 349.54865583777428 559.21517831087112 510.38840427994728 362.77345027029514 457.7262120693922 122.58699771761894 1459.9123798012733 302.14817866683006 717.0421497002244 430.22715711593628 25.767982378602028 109.32355363667011 74.689795449376106 18.019663214683533 76.583361402153969 13.865904226899145 97.153010696172714 1015.6903075948358 137.96254402399063
leaf_count=938 1693 2901 3900 20743 1368 14386 259 69973 662 59971 288 1580 2153 3008 1381 2180 770 7704 1346 5500 1562 86 495 316 71 396 81 400 7015 654
internal_value=-0.00332121 0.0141807 -0.020858 0.0176799 0.00302839 -0.0217181 0.0113693 0.0193637 -0.0100806 -0.0223975 -0.013251 -0.0109509 -0.0126723 0.0066059 -0.0048323 0.0041219 0.00834831 0.00765442 0.00152237 0.0134715 -0.00731528 -0.00796821 -0.0195334 -0.0110112 -0.0231556 0.00623841 0.0160574 -0.0121091 0.0115654 -0.00198149
internal_weight=34234.2 17133.9 17100.3 13039.1 4094.72 15832 2753.78 10285.4 1268.38 14649.2 1182.73 983.502 908.764 2816.1 1278.62 623.31 2092.89 1970.3 723.214 2130.47 915.848 89.0001 3088.12 184.013 11561.1 534.31 2648.34 1110.36 1413.43 440.111
internal_count=213780 128620 85160 109134 19486 80198 18337 90797 4962 75239 4959 4021 3733 14850 4636 2921 11482 10712 3368 15416 3255 345 15197 811 60042 2576 20824 4300 9916 2000
cat_boundaries=0 1
cat_threshold=768
is_linear=0
shrinkage=0.02


Tree=66
num_leaves=31
num_cat=0
split_feature=15 13 37 15 21 18 22 13 22 49 26 26 23 25 43 50 14 40 39 21 47 18 24 26 26 26 39 3 17 47
split_gain=25564.4 1650.56 483.51 297.032 257.136 150.437 136.498 103.751 175.678 82.2777 76.0436 70.9193 60.5368 48.0074 92.733 56.9018 43.2603 43.1832 41.7852 37.276 35.3511 34.8749 29.3125 26.6959 25.1854 24.8588 21.5025 20.9623 20.3638 17.8686
threshold=0.43750000000000006 2.5000000000000004 1.0000000180025095e-35 1.0000000180025095e-35 18.500000000000004 3.6250000000000004 0.12491987179487171 1.0000000180025095e-35 0.22500000000000006 0.78571428571428581 0.03789299120334786 0.0035305698511303506 0.62500000000000011 6.3808308673971199 10.65 3.2500000000000004 1.5000000000000002 1.0000000180025095e-35 0.93750000000000011 11.500000000000002 6.5725963273325059 2.6250000000000004 2.737841671994885 0.013997491915703602 0.034435277063267059 0.016197899982362853 0.93750000000000011 0.95297903005573359 7.4274181776180663 -1.0220574484354488
decision_type=2 2 2 2 8 2 2 2 2 2 2 2 2 2 2 2 2 2 2 8 2 2 2 2 2 2 2 2 2 2
left_child=3 2 10 4 11 18 9 8 12 20 16 -1 -4 15 -15 -13 27 29 24 -9 -6 -10 -11 -21 28 -8 -18 -2 -3 -5
right_child=1 5 7 17 6 -7 25 19 21 22 -12 13 -14 14 -16 -17 26 -19 -20 23 -22 -23 -24 -25 -26 -27 -28 -29 -30 -31
leaf_value=-0.022039271732838053 0.0062047926186872453 0.010617570512944268 -0.010510744660037321 0.012373564771108131 -0.019441673790528885 0.020394546688722238 -0.0084659255934371996 0.0094820472645084104 0.003411838859215774 -0.023312697650353056 0.015552149211489156 -0.016760307606065176 0.00055907842433324851 -0.0097565784015674235 0.038074763733815943 -0.0074250884409029329 0.0077864927273082188 -0.0089625926648630623 0.017462552606758032 -0.0034844546673416196 -0.010262552860524634 0.016723409395032161 -0.020537929980280888 0.0040477878686270893 0.015712562733858799 0.010527639833084452 0.013023727418800096 -0.0037524292207684108 -0.015981857571151493 -0.0015010530710210877
leaf_weight=283.88685956597328 569.97316853702068 874.8080368116498 824.22835150361061 58.203384906053543 2364.8560316860676 7558.8881533741951 53.085606709122658 396.73088510334492 510.03530603647232 10039.150146961212 1138.0288627743721 499.43603426218033 254.80972981452942 49.165715649724007 20.409684807062149 586.82499554753304 559.35877551883459 315.64844399690628 1533.2031362354755 243.15165564417839 202.62715111672878 92.469973117113113 2255.800059184432 773.57407439500093 647.78481356799603 50.892163693904877 875.31807704269886 94.521406576037407 8.5289321541786176 87.685803472995758
leaf_count=1313 3097 5822 2925 255 11599 70307 185 2168 1945 52894 8366 2106 923 179 94 2329 3610 1160 12615 1011 884 453 11618 3851 4930 188 6077 475 45 356
internal_value=-0.00329496 0.0140457 0.00595479 -0.0207264 -0.021172 0.0188636 -0.0219523 0.000294479 -0.00305345 -0.0221121 0.011355 -0.0130177 -0.00788387 -0.0107333 0.00499287 -0.0117699 0.00905112 -0.00481067 0.0150644 0.00428956 -0.0187379 0.00556061 -0.0228104 0.00222187 0.0126205 0.000678091 0.0110162 0.00474796 0.010285 0.00403777
internal_weight=33823.1 16955.4 6332.2 16867.7 16406.1 10623.2 14966.4 3095 1681.54 14862.4 3237.2 1439.72 1079.04 1155.84 69.5754 1086.26 2099.17 461.538 3064.32 1413.46 2567.48 602.505 12295 1016.73 1531.12 103.978 1434.68 664.495 883.337 145.889
internal_count=213780 128620 34901 85160 83389 93719 77368 13276 6246 76995 21625 6021 3848 4708 273 4435 13259 1771 23412 7030 12483 2398 64512 4862 10797 373 9687 3572 5867 611
is_linear=0
shrinkage=0.02


Tree=67
num_leaves=31
num_cat=8
split_feature=15 13 41 38 0 41 22 38 0 24 0 13 0 0 22 23 25 16 0 50 16 38 0 22 29 22 0 40 25 22
split_gain=24874.9 1631.5 478.891 395.421 200.75 164.892 136.887 128.972 99.8426 78.0202 74.6395 68.9096 57.5791 53.2909 51.8943 46.2226 44.7646 41.0245 36.4493 36.3249 34.9938 31.0349 28.0918 26.2185 25.2115 22.9796 21.7678 21.4595 16.1392 15.2568
threshold=0.43750000000000006 2.5000000000000004 0.6343239424027175 7.5000000000000009 0 0.5163977794943222 0.083333333333333273 2.5000000000000004 1 0.64800579322638152 2 1.0000000180025095e-35 3 4 0.2583683473389356 1.0000000180025095e-35 1.5068434723251902 3.8819444444444451 5 2.9500000000000006 1.7613636363636365 8.5000000000000018 6 0.27507541478129721 4.1733648679859972 0.24999999999999997 7 3.2916666666666674 8.4295901173448318 0.19444444444444448
decision_type=2 2 2 2 1 2 2 2 1 2 1 2 1 1 2 2 2 8 1 2 8 2 1 2 2 2 1 2 2 2
left_child=3 2 8 11 9 17 15 10 -2 -5 24 18 25 27 -12 21 -11 29 -1 -18 26 -6 -22 -14 -4 -9 -10 -7 -29 -3
right_child=1 5 7 4 6 13 -8 12 20 16 14 -13 23 -15 -16 -17 19 -19 -20 -21 22 -23 -24 -25 -26 -27 -28 28 -30 -31
leaf_value=-0.0044149129773445482 0.016673428473453097 0.018519528307522713 0.0043105396037643314 -0.023241408391505125 -0.02242567707664506 0.0024407786186529034 0.0077896423868066356 -0.018604365547656737 0.0091897913433788645 0.01639257592193636 -0.0022029914089336895 0.0039478033446157341 -0.0045930992873904524 0.015228027844760451 0.0059048779904683291 0.0084457686552185472 -0.015888391084196853 0.020859465846709613 -0.013898457737049253 -0.0083889210623539941 0.0049668658560314541 -0.016341104568584102 0.012471219427526782 0.010330206419642898 0.010934933164560267 -0.0036804014233490852 0.0015649524500107078 0.012550295056176029 -0.013729312000379346 0.014196986274298174
leaf_weight=313.65688019990921 1061.5693996846676 1878.4395604506135 694.45741945505142 279.83742807805538 13820.930770978332 233.99032521992922 58.728062182664871 197.58102597296238 262.00798182189465 19.837907344102859 1277.8213478028774 159.38284161686897 255.15554757416248 1484.9748570919037 415.87571603059769 17.271730944514275 498.89455960690975 6143.0992343500257 459.61650049686432 601.39790624380112 329.71220896393061 408.37058502435684 953.96658247709274 54.167157843708992 360.12572307139635 58.597992494702339 382.10897137969732 200.52370198816061 6.6920938715338698 527.65046583116055
leaf_count=1172 7785 16360 3264 1316 73234 1461 214 723 1509 101 5454 671 913 11218 1970 69 2305 58650 1772 2395 2117 1911 6774 214 1874 199 2105 1576 50 4404
internal_value=-0.00326885 0.0139124 0.00586399 -0.0205959 -0.0213483 0.0187503 -0.0220739 0.000619688 0.0116643 -0.0136335 0.00241667 -0.00787655 -0.00804496 0.0133895 -0.000192318 -0.0222155 -0.0112811 0.0199506 -0.0103453 -0.0118414 0.00874232 -0.0222559 0.0107109 -0.0017845 0.00655422 -0.0147797 0.00489184 0.00660418 0.0114226 0.0175988
internal_weight=33416.4 16778.5 6303.15 16637.9 15705.3 10475.4 14305.3 3313.78 2989.37 1399.97 2748.28 932.656 565.502 1926.18 1693.7 14246.6 1120.13 8549.19 773.273 1100.29 1927.8 14229.3 1283.68 309.323 1054.58 256.179 644.117 441.206 207.216 2406.09
internal_count=213780 128620 34901 85160 81545 93719 75428 14611 20290 6117 12562 3615 2049 14305 7424 75214 4801 79414 2944 4700 12505 75145 8891 1127 5138 922 3614 3087 1626 20764
cat_boundaries=0 1 3 5 7 9 11 13 15
cat_threshold=36768 3234972232 68192 1790205320 73728 2355560642 177655 117702913 393016 4270479121 264247 218243074 267280 86507796 50335
is_linear=0
shrinkage=0.02


Tree=68
num_leaves=31
num_cat=8
split_feature=15 13 37 16 21 16 38 0 22 13 0 21 26 42 24 26 0 22 0 0 0 26 0 14 0 18 23 22 26 39
split_gain=24205.4 1612.82 456.619 394.523 229.491 156.401 122.776 100.81 100.247 83.3783 76.5847 76.1137 70.7925 91.8371 86.4617 61.7244 60.425 53.8428 45.7675 45.4458 40.8347 35.3005 35.0716 31.3409 30.071 28.7314 27.3534 22.5091 21.9362 20.1205
threshold=0.43750000000000006 2.5000000000000004 1.0000000180025095e-35 1.0000000180025095e-35 1.0000000180025095e-35 2.6306818181818183 2.5000000000000004 0 0.12491987179487171 1.0000000180025095e-35 1 14.500000000000002 1.0000000180025095e-35 14.407142857142858 0.79852133160956706 0.017154390559353454 2 0.22756410256410256 3 4 5 0.034435277063267059 6 1.0000000180025095e-35 7 4.6250000000000009 1.0000000180025095e-35 0.12491987179487171 0.015315442105664353 0.22500000000000003
decision_type=2 2 2 10 8 8 2 1 2 2 1 8 2 2 2 2 1 2 1 1 1 2 1 2 1 2 2 2 2 2
left_child=3 2 7 4 12 21 11 -2 10 18 28 20 -1 14 -14 22 -13 19 -5 -8 -4 24 -9 -17 -3 -7 -12 -20 -6 -26
right_child=1 5 6 9 8 25 17 15 -10 -11 26 16 13 -15 -16 23 -18 -19 27 -21 -22 -23 -24 -25 29 -27 -28 -29 -30 -31
leaf_value=-0.02386174964207808 0.01612390703762364 0.013837243707518654 0.016150754604086458 -0.0023851702644035787 -0.021714565076577232 0.018009965936862191 -0.00071754902404996476 0.0075297003948832921 0.0075703598783106842 0.0038487898787321635 -0.022735204796069525 -0.0073886092379332373 -0.020130040030727877 0.01081798125947794 -0.0071700973019205565 -0.0075015411711093632 0.0017600794010582774 0.0024444358654865002 -0.015305152311159639 -0.016116193834967481 0.0045634070682614991 0.016726282367318913 -0.0038807858497360943 0.010472047311408194 -0.0067812636072124731 0.020693832483249942 0.0036529254439949823 -0.0070100599736036195 -0.015149454442751498 0.0078471724751711085
leaf_weight=190.84389586746693 1078.7104042768478 652.14421059191227 169.69765900820494 206.71541103720665 312.40959194302559 2791.0705812945962 120.2748586833477 184.55000713467598 43.161355391144753 157.51230446994305 12659.815982192755 341.56439539790154 338.15974980592728 72.231661304831505 552.9907788336277 36.408530719578266 1542.5415716841817 133.85682912170887 701.31726443767548 282.4279856979847 494.37966845184565 778.469546854496 223.55659874528646 1667.8960974514484 37.449273779988289 5641.5543191581964 13.651061177253721 182.51516963541508 978.94611003994942 429.11714705824852
leaf_count=938 7968 4664 933 788 1518 25079 431 1059 156 662 68747 1348 1581 280 2160 190 6712 478 2871 1021 2353 6191 1143 11265 197 54684 55 641 4763 2904
internal_value=-0.00324245 0.0137793 0.00577431 -0.0204675 -0.0213589 0.0186377 0.000279154 0.0110748 -0.0220689 -0.00959701 -0.0221635 0.00211832 -0.0126904 -0.0103895 -0.0121613 0.00835205 5.2005e-05 -0.00838141 -0.0115626 -0.0120206 0.00792425 0.0133732 0.00133656 0.0100639 0.0109835 0.0198146 -0.0226864 -0.0134921 -0.016671 0.00645708
internal_weight=33015.9 16605.7 6275.86 16410.3 15162.2 10329.8 3084.74 3191.12 14008 1248.06 13964.8 2548.18 1154.23 963.382 891.151 2112.41 1884.11 536.56 1090.55 402.703 664.077 1897.18 408.107 1704.3 1118.71 8432.62 12673.5 883.832 1291.36 466.566
internal_count=213780 128620 34901 85160 80198 93719 13276 21625 75239 4962 75083 11346 4959 4021 3741 13657 8060 1930 4300 1452 3286 13956 2202 11455 7765 79763 68802 3512 6281 3101
cat_boundaries=0 2 3 5 7 9 10 12 14
cat_threshold=2161230348 68129 40876 75104258 2056 2692763920 55 855657276 2048 7356416 1814835392 165056 3237861062 70
is_linear=0
shrinkage=0.02


Tree=69
num_leaves=31
num_cat=0
split_feature=38 13 13 16 41 21 41 22 26 49 26 26 42 22 28 21 26 16 16 24 25 26 20 13 24 13 21 3 36 26
split_gain=23539.7 1273.94 690.153 373.126 312.167 218.084 165.252 132.983 81.5962 75.8968 70.3909 66.966 87.5809 64.5254 62.5966 51.8458 45.5935 40.0108 39.8579 31.5722 30.2429 27.9599 27.6418 26.978 25.3509 22.0526 21.6803 18.2712 17.6285 16.8828
threshold=2.5000000000000004 2.5000000000000004 1.0000000180025095e-35 1.0000000180025095e-35 0.6343239424027175 1.5000000000000002 0.50598892903556514 0.083333333333333273 0.020038486185837801 4.3357142857142863 0.03789299120334786 1.0000000180025095e-35 14.407142857142858 0.30009590792838875 105.00000000000001 11.500000000000002 0.029345837660468353 3.8819444444444451 1.7613636363636365 4.1120837223778404 7.0914308043246042 0.016596553965101554 4.4000000000000012 1.0000000180025095e-35 1.5506114130434785 2.5000000000000004 3.5000000000000004 0.91023613416931248 1.0000000180025095e-35 0.024453681494238006
decision_type=2 2 2 10 2 8 2 2 2 2 2 2 2 2 2 8 2 8 8 2 2 2 2 2 2 2 8 2 2 2
left_child=1 4 3 5 10 11 17 9 14 -7 18 -2 -13 20 27 -10 22 29 26 -16 21 -5 24 -17 -8 -4 -1 -6 -22 -3
right_child=2 6 25 13 8 7 16 -9 15 -11 -12 12 -14 -15 19 23 -18 -19 -20 -21 28 -23 -24 -25 -26 -27 -28 -29 -30 -31
leaf_value=0.010868096912133812 -0.023754279935407678 0.014006175010422986 0.0054576189306278543 -0.014279573655539939 0.0068881574919149539 -0.019100082104202842 2.9084022890445041e-05 0.0072652508413721343 0.011019963123990643 -0.02287113388586564 0.015651622630075794 -0.012322333578610702 0.0096949283823076649 0.0031685749504405257 -0.0086199019728254913 -0.00021417000615062031 0.015648534910313136 0.020687361344604013 0.011377813594670232 -0.00075530314528832177 -0.0019714223232230096 -0.0081550915492980235 -0.016400795059167136 0.0054356218519697385 0.011167659791050111 0.01971024387998041 0.0030475968539184438 -0.0058265663429154322 -0.024587046836318467 0.018435917997409741
leaf_weight=200.61447689682245 187.91617548465729 558.60544618219137 71.487305469810963 585.3464410752058 310.32534112036228 2917.132748901844 97.895373575389385 59.730294540524483 422.27595342695713 10820.211282014847 1033.4011465683579 887.47610284388065 75.434949398040771 118.51615443825722 430.25149141997099 590.5611546933651 1168.9158079996705 5813.6640560105443 1159.3221872225404 398.79052336513996 18.621236056089401 696.19806914031506 13.402671001851557 766.95352721959352 635.04823646694422 147.10926150530577 520.46235832571983 48.77112677693367 107.45797537267208 1757.1421071514487
leaf_count=1243 938 4710 359 2274 1382 15142 620 224 2280 59874 7873 3747 292 421 1694 2245 9490 57339 8137 1644 71 2688 84 4029 4338 1337 2844 185 451 15825
internal_value=-0.00321667 0.0141752 -0.019811 -0.0202805 0.00677301 -0.0212446 0.0185043 -0.0219461 0.00219565 -0.0220761 0.0114215 -0.0127813 -0.010552 -0.0108014 -0.00184821 0.00490499 0.0131464 0.0197589 0.00906493 -0.00487723 -0.011996 -0.0109948 0.00915388 0.00296803 0.0097133 0.0152765 0.00528701 0.00507209 -0.0215252 0.0173955
internal_weight=32619 15926.4 16692.6 16474 5881.73 14947.9 10044.7 13797.1 2967.93 13737.3 2913.8 1150.83 962.911 1526.14 1188.14 1779.79 1915.26 8129.41 1880.4 829.042 1407.62 1281.54 746.346 1357.51 732.944 218.597 721.077 359.096 126.079 2315.75
internal_count=213780 125962 87818 86122 33556 80217 92406 75240 13459 75016 20097 4977 4039 5905 4905 8554 14532 77874 12224 3338 5484 4962 5042 6274 4958 1696 4087 1567 522 20535
is_linear=0
shrinkage=0.02


Tree=70
num_leaves=31
num_cat=0
split_feature=15 13 37 16 16 49 38 2 24 26 22 13 26 26 22 23 28 14 26 2 18 2 24 24 49 23 39 3 22 24
split_gain=22921.7 1575.71 430.679 393.482 158.381 139.706 113.886 91.3914 91.253 119.221 81.1811 78.6695 74.51 60.549 51.1835 47.0439 42.5452 41.7588 34.9137 31.9781 29.5874 23.8188 23.4416 28.4824 24.9794 22.7786 21.2748 19.7021 18.5939 18.0705
threshold=0.43750000000000006 2.5000000000000004 1.0000000180025095e-35 1.0000000180025095e-35 2.6306818181818183 4.6571428571428584 2.5000000000000004 0.8542199457734333 0.79852133160956706 0.012854076033517103 0.083333333333333273 1.0000000180025095e-35 0.03789299120334786 0.021501176077194553 0.22756410256410256 1.0000000180025095e-35 105.00000000000001 1.5000000000000002 0.034435277063267059 0.8542199457734333 4.6250000000000009 -0.060268340127661552 1.2599120530565169 1.285453431372549 -7.5785714285714283 0.37500000000000006 0.93750000000000011 0.95297903005573359 0.49728260869565222 3.6764705882352944
decision_type=2 2 2 10 8 2 2 2 2 2 2 2 2 2 2 2 2 2 2 2 2 2 2 2 2 2 2 2 2 2
left_child=3 2 12 5 18 7 13 22 -9 -10 15 28 17 16 21 29 -4 27 25 -15 -6 -8 24 -24 -1 -3 -19 -2 -5 -7
right_child=1 4 6 11 20 10 14 8 9 -11 -12 -13 -14 19 -16 -17 -18 26 -20 -21 -22 -23 23 -25 -26 -27 -28 -29 -30 -31
leaf_value=-0.013398329908276323 0.0056842180610773042 0.0067202369181288083 0.0044696420759411789 -0.011691395243744551 0.017772590440357488 -0.022697091673571541 -0.017803928736700766 -0.022375395443765145 -0.018891472399868717 -0.00048972649270138805 0.0073139641057621222 0.0037473292506291166 0.015035783289125432 0.0032321446253584323 0.0024399926098330267 0.0085979179766752529 -0.0039707952032359732 0.007226785706180237 0.016451751864858966 0.010755648062191401 0.020526368669142949 -0.0074455443411555154 0.00051829223690673094 -0.018071229261035601 -0.023164630391718882 0.012915541831263404 0.012490991057891792 -0.004006599985583649 0.0035265829496206832 -0.019701315301329181
leaf_weight=146.83796320855618 560.13964226841927 403.82912591099739 337.97626227885485 1048.7136577218771 2716.4556898102164 9959.6076183319092 157.32410657405853 228.673728749156 224.06629572808743 377.39082604646683 34.753828972578049 157.18872013688087 1096.538858436048 1130.9586537107825 133.75714616477489 17.270659863948822 786.91868567466736 546.29606208205223 760.15568459779024 286.40651300549507 5466.6296962872148 241.91163767874241 31.364590555429459 1586.104964017868 920.48822557926178 697.71246612817049 848.99713461101055 93.912451222538948 29.802712872624397 1198.9420791566372
leaf_count=740 3097 2629 1464 4195 25079 55450 583 1094 911 1538 127 662 8366 5164 478 71 3184 3610 6191 1534 54684 869 182 8458 4897 5136 6077 475 105 6730
internal_value=-0.0031911 0.0135154 0.00559727 -0.0202171 0.0184143 -0.0211285 0.000266741 -0.0175782 -0.0116425 -0.00743792 -0.0222348 -0.00931621 0.0107965 0.00203724 -0.00810498 -0.0223304 -0.00141198 0.00849986 0.0130741 0.004786 0.0196215 -0.0116795 -0.019391 -0.0176981 -0.021881 0.0106868 0.0104641 0.00425038 -0.0112438 -0.0223824
internal_weight=32227.1 16265.9 6221.14 15961.2 10044.8 14725.5 3075.25 3514.93 830.131 601.457 11210.6 1235.71 3145.88 2542.26 532.993 11175.8 1124.89 2049.35 1861.7 1417.37 8183.09 399.236 2684.8 1617.47 1067.33 1101.54 1395.29 654.052 1078.52 11158.5
internal_count=213780 128620 34901 85160 93719 80198 13276 17820 3543 2449 62378 4962 21625 11346 1930 62251 4648 13259 13956 6698 79763 1452 14277 8640 5637 7765 9687 3572 4300 62180
is_linear=0
shrinkage=0.02


Tree=71
num_leaves=31
num_cat=8
split_feature=15 13 41 16 21 41 38 0 22 0 21 13 26 42 24 0 26 0 0 0 16 0 26 26 13 50 23 0 24 22
split_gain=22304.3 1557.49 429.18 393.233 235.065 170.091 111.024 99.2926 96.2233 81.0218 80.9941 76.1063 70.4266 87.7502 85.7593 66.2371 62.1335 54.5504 53.7235 45.3052 41.4467 38.8834 34.7414 32.5137 30.823 30.7561 26.2825 24.3642 22.7408 21.9944
threshold=0.43750000000000006 2.5000000000000004 0.6343239424027175 1.0000000180025095e-35 1.0000000180025095e-35 0.50598892903556514 2.5000000000000004 0 0.12491987179487171 1 14.500000000000002 1.0000000180025095e-35 1.0000000180025095e-35 14.407142857142858 0.79852133160956706 2 0.017154390559353454 3 4 5 3.8819444444444451 6 0.029561139873942901 0.022934691305066802 16.500000000000004 24.350000000000005 1.0000000180025095e-35 7 2.3479430988081513 0.12491987179487171
decision_type=2 2 2 10 8 2 2 1 2 1 8 2 2 2 2 1 2 1 1 1 8 1 2 2 2 2 2 1 2 2
left_child=3 2 7 4 12 20 10 -2 9 28 21 19 -1 14 -14 -12 27 -8 -7 -5 -3 -4 24 -19 -20 -18 -11 -9 -6 -21
right_child=1 5 6 11 8 18 17 16 -10 26 15 -13 13 -15 -16 -17 25 23 22 29 -22 -23 -24 -25 -26 -27 -28 -29 -30 -31
leaf_value=-0.023553981421570912 0.016196185729412491 0.017153979270203151 0.015967569059308288 -0.0019676312161234482 -0.014423882073358128 0.0049701189206335936 -0.01417515357591324 0.0069366006225626033 0.0072841476493050276 -0.022451503404173786 -0.0072880755184642201 0.0036784853905439804 -0.019719658774443843 0.010861568811115671 -0.0066482402377333388 0.0019130090014143194 0.011041067839873081 -0.0081908959383537039 0.011328938176971509 -0.014832816271621016 0.020531529442479428 0.0048807612930537323 0.017013526175602717 0.0046770080520198891 -0.018140639036690616 0.0019926010049991158 0.0034625350190926564 -0.0032944986520464913 -0.020849001060673052 -0.0066051018632710245
leaf_weight=182.31505614519119 1022.6376915201545 2257.5493094548583 177.38119319081306 204.74492292106152 894.44829128682613 340.11067609488964 250.90592022240162 140.40916103869677 43.14189201593399 12080.672895848751 372.04507954418659 156.98615084588528 326.72065578401089 72.183601319789886 544.86871911585331 1656.3543931767344 1340.3031197711825 148.84657816588879 612.78557827323675 686.88658839464188 5749.0299587473273 527.73961395770311 934.49444102495909 158.29819990694523 11.428685545921324 177.08203626424074 13.587699696421621 222.79812412708998 353.95509634912014 181.1711807101965
leaf_count=938 7785 20535 1010 788 4545 2422 922 825 156 68747 1529 662 1581 280 2160 7421 9393 532 4310 2871 58480 2602 7899 595 73 1124 55 1163 1736 641
internal_value=-0.00316565 0.0133838 0.00550956 -0.0200926 -0.0210145 0.0183032 0.000557318 0.011111 -0.0217562 -0.0218532 0.00222414 -0.00917381 -0.0121449 -0.00985213 -0.0116218 0.000180788 0.00818425 -0.00753991 0.0128506 -0.0110781 0.0195885 0.00804827 0.0144203 -0.00146611 0.0106733 0.0100043 -0.0224014 0.000729919 -0.0161779 -0.0130178
internal_weight=31841.9 16100.2 6194.8 15741.7 14511.9 9905.4 3291.57 2903.23 13385.8 13342.7 2733.52 1229.79 1126.09 943.773 871.589 2028.4 1880.59 558.051 1898.82 1072.8 8006.58 705.121 1558.71 307.145 624.214 1517.39 12094.3 363.207 1248.4 868.058
internal_count=213780 128620 34901 85160 80198 93719 14611 20290 75239 75083 12562 4962 4959 4021 3741 8950 12505 2049 14704 4300 79015 3612 12282 1127 4383 10517 68802 1988 6281 3512
cat_boundaries=0 2 3 5 7 9 11 12 14
cat_threshold=3234972232 68192 40876 75104258 2056 2355560642 177655 117440768 359992 2692763920 55 7356416 606867584 169090
is_linear=0
shrinkage=0.02


Tree=72
num_leaves=31
num_cat=9
split_feature=38 13 13 16 41 21 41 22 0 0 21 0 0 30 49 0 39 16 0 22 0 0 16 22 49 0 13 22 40 43
split_gain=21683.3 1238.9 639.933 375.533 288.913 223.463 168.322 127.95 97.1232 82.219 73.8471 70.2353 64.0205 59.5917 85.1648 52.7532 50.0002 41.4916 39.165 37.8381 35.5863 34.8707 32.8652 30.8319 23.7639 22.976 21.676 18.9641 17.2264 19.9546
threshold=2.5000000000000004 2.5000000000000004 1.0000000180025095e-35 1.0000000180025095e-35 0.6343239424027175 1.5000000000000002 0.50598892903556514 0.083333333333333273 0 1 14.500000000000002 2 3 0.75862504825077981 8.3214285714285747 4 0.93750000000000011 3.8819444444444451 5 0.31185515873015873 6 7 3.3416666666666672 0.24999999999999997 -7.4857142857142849 8 2.5000000000000004 0.28340695962179346 3.4166666666666674 30.600000000000005
decision_type=2 2 2 10 2 8 2 2 1 1 8 1 1 2 2 1 2 8 1 2 1 1 8 2 2 1 2 2 2 2
left_child=1 4 3 5 8 13 17 9 -1 -7 21 19 27 14 -2 28 25 -3 -15 -5 -18 -6 -14 24 -13 -10 -4 -12 -8 -30
right_child=2 6 26 11 10 7 15 -9 16 -11 12 23 22 18 -16 -17 20 -19 -20 -21 -22 -23 -24 -25 -26 -27 -28 -29 29 -31
leaf_value=0.016596522484004186 -0.023249190809860605 0.017031059243846982 0.0051672502321166757 -0.017362722495803524 0.014694773431700201 -0.016029963083394719 0.0010876697246337127 0.0070239560329815919 -0.00081728195539100274 -0.022326829337880688 -0.0074239729298996512 0.008450878516395215 0.0012178762369662748 -0.0027092855400904581 -0.0042318361847165902 0.014283434124433302 0.0048185475847954034 0.020441814142055769 -0.012840364750299496 0.00031669311728346766 0.012751688141869555 0.0045710184303882915 0.010356187842096834 0.0027652380491403343 -0.0087065647499655896 0.0067267335011942219 0.019413842484725351 0.0016534546297664416 0.012194622163220648 -0.017575093275874122
leaf_weight=882.80636495351791 328.85001248121262 2228.6789222583175 70.905613146722317 557.13863050937653 190.10209399461746 1230.3978661745787 198.5892797857523 59.673573806881905 259.93237642198801 11892.420821636915 454.54305695742369 30.268386691808701 1453.4816985204816 317.49387913942337 137.55758212506771 1521.8818794488907 371.823472045362 5543.0233204588294 338.92202372848988 50.463443577289581 934.02608251571655 573.78543481230736 175.05993827432394 119.14204348623753 746.82083269953728 401.72783614695072 140.89049022644758 109.7839625403285 133.88772076368332 6.5195501670241347
leaf_count=6873 1653 20535 359 2296 1067 6261 1277 224 1510 68755 1842 120 6339 1234 656 12110 2426 57339 1434 176 6735 2796 914 425 2888 2553 1337 501 1093 52
internal_value=-0.00314035 0.0137711 -0.019439 -0.0199027 0.00646442 -0.0209043 0.0181705 -0.0216375 0.0110063 -0.021771 0.00207256 -0.0103383 0.000194699 -0.0122437 -0.0177459 0.0126964 0.00833986 0.0194732 -0.00824094 -0.0156116 0.0106586 0.00741536 0.00221611 -0.00645541 -0.0079827 0.00383158 0.0148762 -0.00552599 0.00488996 0.0103341
internal_weight=31460.6 15439.7 16020.9 15809.1 5807.07 14305.3 9632.58 13182.5 2850.32 13122.8 2956.76 1503.83 2192.87 1122.82 466.408 1860.88 1967.51 7771.7 656.416 607.602 1305.85 763.888 1628.54 896.231 777.089 661.66 211.796 564.327 338.997 140.407
internal_count=213780 125962 87818 86122 33556 80217 92406 75240 20097 75016 13459 5905 9596 4977 2309 14532 13224 77874 2668 2472 9161 3863 7253 3433 3008 4063 1696 2343 2422 1145
cat_boundaries=0 2 3 5 7 9 10 12 13 15
cat_threshold=2161230344 68128 40876 2282029251 260032 75169858 2088 117440768 359992 6359552 218235938 267280 7356416 1577193618 397700
is_linear=0
shrinkage=0.02


Tree=73
num_leaves=31
num_cat=7
split_feature=15 15 16 38 21 41 0 22 22 26 23 0 26 2 30 0 25 20 22 0 26 0 15 0 26 15 0 15 30 23
split_gain=21126.1 1539.08 367.078 365.632 236.409 185.298 111.505 93.1803 89.2022 86.4133 85.7488 83.4324 70.4542 79.531 82.092 68.3865 76.385 68.3649 53.0936 49.2794 48.4483 47.2357 44.5912 40.0842 38.171 37.2024 36.9424 32.816 31.3189 25.6973
threshold=0.31250000000000006 2.6875000000000004 1.0000000180025095e-35 1.5000000000000002 1.0000000180025095e-35 0.45738358950897134 0 0.12491987179487171 0.24999999999999997 0.020038486185837801 0.62500000000000011 1 1.0000000180025095e-35 0.61559370248597556 0.75862504825077981 2 6.5361703219115208 0.099999999999999964 0.062499999999999958 3 0.029049534093724402 4 4.3125000000000009 5 0.057701027493838007 1.6875000000000002 6 0.93750000000000011 4.6741532841584421 1.0000000180025095e-35
decision_type=2 2 10 2 8 2 1 2 2 2 2 1 2 2 2 1 2 2 2 1 2 1 2 1 2 2 1 2 2 2
left_child=2 3 4 6 12 22 20 11 10 28 21 -6 -1 -14 -15 16 -7 19 -12 -4 25 -5 -3 -10 -17 -2 -19 -11 -8 -13
right_child=1 5 17 8 7 15 9 -9 23 27 18 29 13 14 -16 24 -18 26 -20 -21 -22 -23 -24 -25 -26 -27 -28 -29 -30 -31
leaf_value=-0.023400378041706592 0.0054924782376379504 0.017009919894657815 -0.015607704597777373 -0.00064709921143049425 -0.015872429372367661 0.0063940378842940616 -0.0022757845461977891 0.0070269062878182591 -0.0024546171810383367 0.00075806693472578565 -0.0051303417128230489 -0.022268811677276314 0.0098822459303388992 -0.019590473986690306 -0.0065630284732054447 0.012259529749104306 -0.026598709670380045 -0.0079132398533707585 0.013472845313113133 -0.0059693517246663923 0.016618453904432052 -0.013132771040153516 0.020469734990440941 0.0083298795141363534 0.019490195554860916 0.013704022910412729 0.008115437725294064 0.008855779910350723 0.0051600889093780652 0.0033922686470812349
leaf_weight=177.80269354581833 496.82819302380085 2380.8698954358697 511.42667333781719 171.38519773632288 1222.4801931679249 193.16209318488836 577.41702234745026 43.12392883002758 258.10709155350924 231.94383300840855 131.96931117773056 11701.661278821528 74.144713789224625 305.60590772330761 552.33712613582611 1416.7417544126511 29.684165522456169 88.404301181435585 108.57401575148106 457.51885682344437 648.9659084752202 557.42301763594151 5349.634971305728 270.9977397993207 399.66700866818428 423.22519867122173 119.57837779819965 1803.1842975020409 367.50932402163744 13.534828037023543
leaf_count=938 2628 22459 2147 651 6281 1363 2801 156 988 1085 500 68747 288 1520 2213 11216 147 331 445 1828 4796 1974 56158 1073 3534 3018 500 11971 1969 55
internal_value=-0.00311496 0.013082 -0.0198956 0.00514428 -0.0207935 0.0179903 0.00796674 -0.0215545 -0.00340973 0.00560773 -0.00701369 -0.0216529 -0.0118421 -0.00954784 -0.0112788 0.0125637 0.00154724 -0.0091025 0.00324698 -0.0113317 0.0123013 -0.010427 0.0194138 0.00315765 0.0138151 0.00932372 0.0012015 0.00794517 0.000602322 -0.0222176
internal_weight=31084.9 15817.3 15267.6 6047.53 14090.7 9769.76 4549.07 12980.8 1498.46 2980.05 969.352 12937.7 1109.89 932.088 857.943 2039.26 222.846 1176.93 240.543 968.946 1569.02 728.808 7730.5 529.105 1816.41 920.053 207.983 2035.13 944.926 11715.2
internal_count=213780 128776 85004 33899 80198 94877 28268 75239 5631 17826 3570 75083 4959 4021 3733 16260 1510 4806 945 3975 10442 2625 78617 2061 14750 5646 831 13056 4770 68802
cat_boundaries=0 2 3 5 7 9 11 13
cat_threshold=2834420232 65603 40876 67108866 7736 101071 262080 1392572680 2560 3095868786 103621 3605578 375864
is_linear=0
shrinkage=0.02


Tree=74
num_leaves=31
num_cat=0
split_feature=15 13 41 16 21 41 13 49 26 26 42 24 20 39 26 16 21 16 26 26 47 24 20 20 25 24 26 3 44 21
split_gain=20559.5 1526.18 401.135 366.682 237.012 171.448 102.302 84.2289 70.0297 69.9001 81.8673 82.5166 66.3073 62.672 45.9361 44.5335 39.4627 37.0675 33.5185 32.8026 32.6568 34.899 31.404 27.2301 26.8182 25.2004 23.4074 22.6144 21.6869 21.0042
threshold=0.31250000000000006 2.5000000000000004 0.6343239424027175 1.0000000180025095e-35 1.0000000180025095e-35 0.5163977794943222 1.0000000180025095e-35 4.3357142857142863 0.03789299120334786 1.0000000180025095e-35 14.407142857142858 0.79852133160956706 0.099999999999999964 0.86607142857142871 0.032235078289124156 3.8819444444444451 11.500000000000002 1.7613636363636365 0.020038486185837801 0.017418429664473805 6.5725963273325059 1.5506114130434785 4.4000000000000012 0.099999999999999964 7.0914308043246042 1.2599120530565169 0.011417073930645451 0.56806474673115548 34.600000000000001 3.5000000000000004
decision_type=2 2 2 10 8 2 2 2 2 2 2 2 2 2 2 8 8 8 2 2 2 2 2 2 2 2 2 2 2 8
left_child=3 2 8 4 9 15 13 20 17 -1 11 -11 24 19 22 -3 -8 29 -18 -4 25 -22 28 -9 26 -6 -5 -28 -7 -2
right_child=1 5 6 12 7 14 16 23 -10 10 -12 -13 -14 -15 -16 -17 18 -19 -20 -21 21 -23 -24 -25 -26 -27 27 -29 -30 -31
leaf_value=-0.023304127342323695 0.010232273008918073 0.016750151460686803 -0.0092582725968245148 -0.015388402339671892 -0.021445160969998246 0.0098806569746055003 0.0092078013037601401 -0.022370436284322573 0.015005311603191207 -0.019290613735177761 0.010524767248689264 -0.0062984708335182176 0.0011767422207269868 0.0036174341917113891 0.015336766328410535 0.020287938685359334 -0.0021151419058437139 0.010586917471626763 0.0047973348431299594 -0.0026060398343733054 -0.0015085567251954619 -0.01998701457765226 -0.017833830327310281 0.0011521002857361388 -0.021825752849027501 -0.017055450430452423 -0.0044337330268080033 -0.012242935169074888 -0.0093871547975932709 0.0024478865673509091
leaf_weight=175.00680972635746 194.70063387602568 2201.732020534575 487.73685562610626 242.454200938344 1018.0153747946024 793.13997871428728 435.10993178933859 10017.535431832075 995.30549418926239 314.70339591801167 72.529999509453773 539.60980334877968 207.84221518039703 428.70278534293175 975.47871461510658 5498.7533293962479 450.3401015996933 1138.9854399561882 723.11456697434187 788.91648103296757 101.97673104703426 68.95634813606739 14.213918089866636 17.816636100411415 88.248613029718399 1557.6387544199824 361.83650879561901 270.94976226985455 20.752572938799858 510.86494112014771
leaf_count=938 1243 20764 1731 990 5663 5657 2516 59971 7941 1581 280 2160 831 1707 8430 58650 1958 8262 3871 2984 495 316 91 71 397 8723 1450 1138 127 2844
internal_value=-0.00309043 0.0129531 0.00518516 -0.0197768 -0.0206851 0.0179774 0.00045014 -0.0214557 0.0106973 -0.0116936 -0.00941166 -0.0111585 -0.00896863 -0.00295342 0.0123565 0.0192859 0.00406969 0.00834127 0.00212888 -0.00517886 -0.0182463 -0.00929413 0.00877917 -0.0223264 -0.0111747 -0.0188211 -0.0100072 -0.00785097 0.00933222 0.00465844
internal_weight=30713 15657.8 6153.78 15055.1 13883.8 9504.07 3313.92 12781.9 2839.86 1101.85 926.843 854.313 1171.33 1705.36 1803.59 7700.49 1608.56 1844.55 1173.45 1276.65 2746.59 170.933 828.106 10035.4 963.489 2575.65 875.24 632.786 813.893 705.566
internal_count=213780 128776 35057 85004 80198 93719 14767 75239 20290 4959 4021 3741 4806 6422 14305 79414 8345 12349 5829 4715 15197 811 5875 60042 3975 14386 3578 2588 5784 4087
is_linear=0
shrinkage=0.02


Tree=75
num_leaves=31
num_cat=10
split_feature=19 13 18 38 0 38 39 0 24 26 26 0 39 0 0 26 0 44 13 38 41 0 26 0 18 0 24 26 0 26
split_gain=19985.7 1724.73 381.941 240.633 229.362 118.261 106.439 93.7484 89.2498 110.217 77.8411 75.2166 69.1215 64.1079 63.7208 54.9347 52.5831 45.7964 44.43 38.2857 36.3249 35.536 34.4356 31.4465 31.0015 30.9257 28.681 27.7197 27.6933 22.2159
threshold=0.75000000000000011 1.5000000000000002 3.6250000000000004 1.5000000000000002 0 7.5000000000000009 0.93750000000000011 1 0.64800579322638152 0.015708519889949705 0.029049534093724402 2 0.86607142857142871 3 4 0.021808284169030454 5 26.650000000000002 1.0000000180025095e-35 8.5000000000000018 0.39851988391580934 6 0.029049534093724402 7 1.8750000000000002 8 4.2473958333333348 0.014800098652305152 9 0.010121075296461701
decision_type=2 2 2 2 1 2 2 1 2 2 2 1 2 1 1 2 1 2 2 2 2 1 2 1 2 1 2 2 1 2
left_child=4 3 6 7 8 21 11 24 -1 -10 26 29 13 15 -14 -5 17 -11 19 -7 -4 27 -13 -8 -2 -22 -9 -6 -12 -3
right_child=1 2 20 12 5 18 23 10 9 16 28 22 14 -15 -16 -17 -18 -19 -20 -21 25 -23 -24 -25 -26 -27 -28 -29 -30 -31
leaf_value=-0.022465514271169731 0.0082361760934869244 -0.0057131316330195645 0.020194159390398904 -0.0067383152027176377 -0.0099920910028633778 -0.021550495768227557 0.011510786607285333 -0.0032599441820961011 -0.017966739733780997 2.6535915740919471e-05 0.0027202333608399494 0.0088467026533158768 -0.005319472237683206 -0.009621973318090787 0.0099378877557896404 0.0043105574227692515 -0.0082850712103547507 0.029825951988773025 0.013186633189055065 -0.014624847893992193 0.0040454926113032228 -0.012760081570007192 0.014775555612051549 0.017339177705388391 0.017922928807252873 0.017141948490446247 0.003425154458462293 0.012662472225275041 0.011072288335920714 0.0052543804117873658
leaf_weight=286.74390509724617 289.72553850710392 77.32800105959177 5544.5739702507854 361.00586818158627 35.984232693910599 12172.502430871129 877.18190924823284 542.31815087795258 439.16854952275753 173.83657670021057 279.15869562327862 857.29306677728891 182.35711297392845 781.82293893396854 238.85637448728085 351.60293400287628 587.84443452954292 20.618756771087646 12.346531346440313 373.89984536170959 108.88187889009714 309.60711181163788 806.1450035572052 1382.7676278352737 277.0784579589963 1169.3034471869469 481.70823704451323 44.6944620013237 494.18652930110693 787.16378626972437
leaf_count=1497 1578 419 60156 1306 141 72947 7368 2440 1927 657 1558 5703 655 2823 1006 1363 2812 88 51 1890 992 1284 6449 12223 2238 11323 2299 183 3158 5246
internal_value=-0.00306586 0.0124134 0.0164131 0.00155398 -0.02008 -0.020955 0.0120578 0.00582285 -0.0123076 -0.00995797 0.0034871 0.00919789 -0.00370485 -0.00572448 0.0034033 -0.00124619 -0.00538507 0.00351471 -0.0213106 -0.0213492 0.0194599 -0.00992179 0.0116833 0.0152315 0.0128505 0.0162194 -9.49403e-05 0.00207513 0.00828298 0.00418568
internal_weight=30347.7 15890.5 11610.6 4279.82 14457.2 12949 4787.88 2364.18 1508.21 1221.47 1797.37 2527.93 1915.65 1494.43 421.213 712.609 782.3 194.455 12558.7 12546.4 6822.76 390.286 1663.44 2259.95 566.804 1278.19 1024.03 80.6787 773.345 864.492
internal_count=213780 130303 109879 20424 83477 76496 37408 13271 6981 5484 9455 17817 7153 5492 1661 2669 3557 745 74888 74837 72471 1608 12152 19591 3816 12315 4739 324 4716 5665
cat_boundaries=0 1 3 5 7 9 10 12 14 16 18
cat_threshold=40864 15810568 32 1569062934 401336 3553950477 330240 37978279 3640 2560 2793553920 264215 520228275 283668 83886080 82972 84151362 451857
is_linear=0
shrinkage=0.02


Tree=76
num_leaves=31
num_cat=10
split_feature=15 13 37 16 21 16 0 22 38 0 26 42 24 21 13 26 0 0 26 0 0 0 24 0 22 0 22 0 23 24
split_gain=19471.3 1491.44 369.454 365.963 240.721 164.783 98.8131 94.6755 92.5621 87.6302 69.836 79.0963 84.8792 65.8426 60.1979 57.37 49.1491 49.0421 46.5358 45.8088 40.8245 38.9704 38.2239 34.5238 32.761 30.2943 29.2663 36.1705 24.8868 24.0124
threshold=0.31250000000000006 2.5000000000000004 1.0000000180025095e-35 1.0000000180025095e-35 1.0000000180025095e-35 3.0208333333333335 0 0.12491987179487171 2.5000000000000004 1 0.0023604272768445005 14.407142857142858 0.79852133160956706 14.500000000000002 1.0000000180025095e-35 0.017154390559353454 2 3 0.029715279138194401 4 5 6 1.5900550855793825 7 0.27507541478129721 8 0.25732230392156868 9 1.0000000180025095e-35 2.3479430988081513
decision_type=2 2 2 10 8 8 1 2 2 1 2 2 2 8 2 2 1 1 2 1 1 1 2 1 2 1 2 1 2 2
left_child=3 2 6 4 10 18 -2 9 13 29 -1 12 -12 21 19 23 -15 -10 20 -5 22 -4 -3 -8 -19 -17 -20 -28 -11 -6
right_child=1 5 8 14 7 -7 15 -9 17 28 11 -13 -14 16 -16 25 -18 24 26 -21 -22 -23 -24 -25 -26 -27 27 -29 -30 -31
leaf_value=-0.022103718735884351 0.015626516951644263 -0.02106736087747639 0.015361082299065892 -0.0010390408809158502 -0.013567170702448724 0.019312018336537184 -0.0050233074929939637 0.0075431539135353493 -0.013745858790113891 -0.022010272695819514 -0.018949559103719087 0.011634824377547259 -0.0055252203211936966 -0.0068206562829412828 0.0030404462475973012 0.0008973797305079727 0.0014028552628439952 -0.0045414835619808193 0.016858878438751498 -0.012424220966350208 0.012109106308289057 0.0039620682270413996 0.0050469167086088307 0.0061816800908688577 0.012766067402133451 0.010022039126025386 -0.0085302176861156119 0.012115042307291976 0.0032756094532931592 -0.020295453150317978
leaf_weight=197.68427015841007 892.59753583371639 21.498306684195995 164.62389802932739 190.25879913568497 848.07976909726858 6941.5615712255239 199.07438241690397 43.090247347950935 241.34527912735939 11157.805931426585 303.09514120221138 66.341041728854179 516.31897236406803 344.57645386457443 148.41678707301617 181.37408052384853 1539.5622559040785 258.55274727940559 1101.452966734767 821.20693156123161 791.2741369381547 486.66766016930342 244.86376635730267 214.91004509478807 49.257373914122581 1528.0292890891433 37.310440599918365 108.66148494184017 13.484803080558775 334.7778096050024
leaf_count=1069 7134 129 941 743 4545 74513 1030 156 909 68747 1561 254 2075 1362 630 1107 6743 929 9872 3433 6211 2358 1761 1269 190 11085 288 945 55 1736
internal_value=-0.00304063 0.0126979 0.00501411 -0.0195394 -0.0204686 0.017762 0.00998798 -0.0212619 0.000139402 -0.0213658 -0.0113387 -0.00884715 -0.0105661 0.00175988 -0.00869838 0.00748096 -0.000127646 -0.00727496 0.0130666 -0.0104445 0.00987509 0.00722646 0.00255881 0.000775933 -0.00156079 0.00913259 0.0157263 0.00687898 -0.0219574 -0.0154049
internal_weight=29987.8 15347.2 6100.57 14640.6 13480.7 9246.62 3015.99 12397.2 3084.59 12354.1 1083.44 885.755 819.414 2535.43 1159.88 2123.39 1884.14 549.155 2305.06 1011.47 1057.64 651.292 266.362 413.984 307.81 1709.4 1247.42 145.972 11171.3 1182.86
internal_count=213780 128776 35057 85004 80198 93719 21625 75239 13432 75083 4959 3890 3636 11404 4806 14491 8105 2028 19206 4176 8101 3299 1890 2299 1119 12192 11105 1233 68802 6281
cat_boundaries=0 2 3 5 7 9 11 12 14 16 18
cat_threshold=2161230344 2593 40876 75104258 2056 2355560642 177652 2692763920 53 218106168 481320 7356416 50465843 291102 67117058 4096 390070574 296464
is_linear=0
shrinkage=0.02


Tree=77
num_leaves=31
num_cat=7
split_feature=15 15 16 38 21 41 0 0 26 26 2 24 0 20 25 2 0 26 0 15 15 0 0 26 24 38 20 14 26 20
split_gain=18949.1 1473.94 365.635 319.413 241.2 187.368 107.047 88.2137 79.0715 69.3549 73.5452 80.4353 68.0524 61.1516 61.0074 64.231 60.0183 57.9185 48.2403 47.5426 46.6667 35.1438 34.4357 32.5122 30.7735 25.5903 26.7322 25.0648 24.5635 38.4787
threshold=0.31250000000000006 2.6875000000000004 1.0000000180025095e-35 1.5000000000000002 1.0000000180025095e-35 0.45738358950897134 0 1 0.020285650902645502 1.0000000180025095e-35 0.61559370248597556 0.79852133160956706 2 0.099999999999999964 7.0914308043246042 -0.85421994577343319 3 0.021808284169030454 4 1.9375000000000002 4.3125000000000009 5 6 0.029049534093724402 4.6876065643648772 11.500000000000002 0.099999999999999964 1.5000000000000002 0.030378108988034603 4.4000000000000012
decision_type=2 2 10 2 8 2 1 1 2 2 2 2 1 2 2 2 1 2 1 2 2 1 1 2 2 2 2 2 2 2
left_child=2 3 4 6 9 20 19 -6 24 -1 -11 -12 14 18 -7 -16 17 -5 -4 23 -3 -15 -10 -2 -8 26 -9 -18 29 -14
right_child=1 5 13 16 7 12 8 25 22 10 11 -13 28 21 15 -17 27 -19 -20 -21 -22 -23 -24 -25 -26 -27 -28 -29 -30 -31
leaf_value=-0.023040588739305434 0.0060478110900545161 0.016540727980055268 -0.015005430799603106 -0.0048329120159710552 -0.01519132563226337 0.0082555032693765514 -0.002381765435425212 -0.021947220080816853 0.0014364180230468312 0.0097103230237411096 -0.018858150145173461 -0.005843374153571195 0.011723130490877825 -0.0081782539519664917 -0.036645712996845353 0.0060736213302219543 -0.0092957492349203929 0.0068295670089655617 -0.0054222083322900882 0.016273173867164589 0.020165075695092755 0.0075995863457459624 0.0086717107830487968 0.014085040124239332 0.0049167097607028167 -0.013079985579059364 0.0016709189470135255 -0.0016621095997522311 0.016826546459852005 -0.021066036003075578
leaf_weight=167.13830916583538 600.52368021756411 2262.927912004292 496.88140118122101 323.28548222780228 1176.8801367655396 615.00971622020006 587.21654004603624 10851.539713308215 344.02333057671785 74.292497709393501 302.58404366672039 531.64109964668751 419.56132443249226 82.48954701423645 23.020704053342342 27.715397424995899 554.25757366418839 351.93058986961842 450.33151523768902 604.23933078348637 5023.6440785899758 124.81944954395294 1620.7965216636658 320.1897896528244 375.8752947896719 160.21636287122965 17.216602519154549 261.12354193627834 868.76910273730755 11.732090681791304
leaf_count=938 3339 22459 2147 1199 6302 4760 2867 67939 2052 288 1580 2153 3291 308 102 222 1985 1492 1828 4924 56158 523 10863 2179 2044 929 69 955 7811 74
internal_value=-0.00301596 0.0125707 -0.0194235 0.00479101 -0.0203636 0.0175628 0.00747365 -0.0211669 0.00515408 -0.0111958 -0.00892613 -0.0106385 0.0120211 -0.0085673 0.00638676 -0.0139011 -0.00320837 0.00120182 -0.0107168 0.0117844 0.0190495 0.00117177 0.00747052 0.00890118 0.000452403 -0.021765 -0.0219075 -0.00680741 0.0147078 0.0106458
internal_weight=29631.9 15195.8 14436 5943.46 13281.5 9252.38 4452.86 12205.9 2927.91 1075.66 908.518 834.225 1965.81 1154.52 665.746 50.7361 1490.6 675.216 947.213 1524.95 7286.57 207.309 1964.82 920.713 963.092 11029 10868.8 815.381 1300.06 431.293
internal_count=213780 128776 85004 33899 80198 94877 28268 75239 17826 4959 4021 3733 16260 4806 5084 324 5631 2691 3975 10442 78617 831 12915 5518 4911 68937 68008 2940 11176 3365
cat_boundaries=0 2 3 5 7 9 11 13
cat_threshold=2834420232 65603 40876 520880386 98300 1398078217 289282 101071 262080 3605576 375864 83886083 262160
is_linear=0
shrinkage=0.02


Tree=78
num_leaves=31
num_cat=8
split_feature=15 13 16 41 21 41 0 22 22 13 0 22 26 42 30 20 0 0 26 0 16 0 0 26 13 14 0 15 26 26
split_gain=18440.1 1458.99 365.022 361.509 241.622 174.573 96.2488 94.582 90.5421 122.512 90.0611 69.06 68.7901 75.8189 76.7819 59.2868 58.3636 57.6927 54.382 47.2178 46.5312 41.0225 33.9313 33.0463 31.2261 28.3344 27.0801 24.8242 24.5391 23.6324
threshold=0.31250000000000006 2.5000000000000004 1.0000000180025095e-35 0.6343239424027175 1.0000000180025095e-35 0.5163977794943222 0 0.12491987179487171 0.2583683473389356 1.0000000180025095e-35 1 0.11249999999999998 1.0000000180025095e-35 14.407142857142858 0.75862504825077981 0.099999999999999964 2 3 0.017154390559353454 4 3.8819444444444451 5 6 0.029561139873942901 16.500000000000004 1.0000000180025095e-35 7 1.3125000000000002 0.015315442105664353 0.011417073930645451
decision_type=2 2 10 2 8 2 1 2 2 2 1 2 2 2 2 2 1 1 2 1 8 1 1 2 2 2 1 2 2 2
left_child=2 3 4 6 12 20 -2 10 9 11 28 -5 -1 14 -14 19 -11 -7 26 -4 -3 27 -17 24 -19 -20 -8 -10 -6 -21
right_child=1 5 15 8 7 17 18 -9 21 16 -12 -13 13 -15 -16 22 -18 23 25 29 -22 -23 -24 -25 -26 -27 -28 -29 -30 -31
leaf_value=-0.022952617662186595 0.015772381959165624 0.016277924318392999 -0.014832326396399887 -0.010752034822412999 -0.020668463500921525 0.004626515137443706 0.0070068820159792438 0.0077193837950392556 -0.0036084017141477126 0.0074710131045490711 -0.021788876088789474 -0.0015155910383712549 -0.018891106194928876 0.010336739915833813 -0.0060031118073331849 -0.0080280749118205059 -0.0012274716732430277 0.010658964063231524 -0.0088643860185352429 -0.01272607301499055 0.019979360841409739 0.010893817718021672 0.0074753695860128753 0.016564280532498896 -0.019508682658753291 0.0095922833942851168 -0.0036144979820444392 0.0065926307922211727 -0.013443041935837688 -0.0024549287603687305
leaf_weight=164.46172943711281 861.22657135874033 2094.9022165834904 492.81957331299782 589.617028683424 277.53915683180094 403.46628225594759 146.69197755306959 43.0644501298666 186.9671221524477 599.94972883164883 10816.084645532072 729.46632412075996 286.73332630097866 72.697121262550354 544.1156599521637 82.594121262431145 613.4703031629324 535.09704681485891 30.676259212195873 126.10449689626694 5164.0023566633463 382.10902950167656 124.57418596744537 789.88894425332546 10.965800695121287 1494.6841713413596 226.91358706355095 186.71100691705942 881.16561833769083 323.0839529633522
leaf_count=938 7109 20764 2147 2128 1518 3053 870 156 756 3227 68802 2714 1521 280 2220 308 3021 3959 168 516 58650 1952 523 7223 70 10924 1219 969 4763 1312
internal_value=-0.00299178 0.0124435 -0.0193079 0.00483947 -0.0202585 0.0175492 0.0101723 -0.0210719 0.000351803 -0.00145595 -0.021179 -0.00567435 -0.0110541 -0.00879748 -0.0105268 -0.00844055 0.00311601 0.0117902 0.00747893 -0.0105671 0.0189211 0.00641743 0.00114661 0.0137861 0.00991344 0.00919135 0.000615433 0.00141 -0.0151098 -0.00533009
internal_weight=29281.8 15046.8 14235 6048.48 13085.9 8998.32 2760.19 12017.9 3288.29 2532.5 11974.8 1319.08 1068.01 903.546 830.849 1149.18 1213.42 1739.42 1898.97 942.008 7258.9 755.787 207.168 1335.95 546.063 1525.36 373.606 373.678 1158.7 449.188
internal_count=213780 128776 85004 35057 80198 93719 20290 75239 14767 11090 75083 4842 4959 4021 3741 4806 6248 14305 13181 3975 79414 3677 831 11252 4029 11092 2089 1725 6281 1828
cat_boundaries=0 2 3 5 7 9 11 13 15
cat_threshold=3234972168 68128 40876 137723305 108129 117702912 393016 101071 262080 489566458 191809 3605576 375864 606605760 169154
is_linear=0
shrinkage=0.02


Tree=79
num_leaves=31
num_cat=8
split_feature=19 13 18 21 38 22 22 39 0 14 0 26 38 0 0 0 25 43 0 26 25 24 0 24 26 26 0 25 26 26
split_gain=17943.8 1619.28 383.857 275.894 205.755 142.477 133.056 104.291 102.044 101.375 72.7152 71.0441 63.6541 61.0118 51.4212 50.3156 45.2002 92.4527 66.7179 62.5823 41.2186 81.9558 40.1144 38.7499 35.1864 33.292 32.3723 32.1976 30.415 27.9366
threshold=0.75000000000000011 1.5000000000000002 3.6250000000000004 18.500000000000004 1.5000000000000002 0.17389862996480643 0.12491987179487171 0.93750000000000011 0 2.5000000000000004 1 0.0035305698511303506 7.5000000000000009 2 3 4 6.3808308673971199 10.65 5 0.022352341910671505 3.5570163169082316 0.95955882352941191 6 3.122833729451377 0.024215354901013956 0.029049534093724402 7 8.4295901173448318 0.043313933385253155 0.017418429664473805
decision_type=2 2 2 8 2 2 2 2 1 2 1 2 2 1 1 1 2 2 1 2 2 2 1 2 2 2 1 2 2 2
left_child=3 4 7 11 9 14 8 10 20 13 -3 -1 -10 28 -6 -7 18 27 19 -13 21 -5 -11 -20 -15 -12 -9 -18 -2 -17
right_child=1 2 -4 6 5 15 -8 26 12 22 25 16 -14 24 -16 29 17 -19 23 -21 -22 -23 -24 -25 -26 -27 -28 -29 -30 -31
leaf_value=-0.020625255762952554 -0.0032615213602737716 0.0037223620263321273 0.019112571833579811 -0.019586333878639697 -0.00067724489250578848 -0.0028851097932249643 0.0018014465824361652 0.010964766226650527 -0.01136649663908413 0.0013654481304764367 0.00835005330208855 -0.011781931813362271 -0.021655559049790964 0.0027100150298115296 -0.010485740040381853 4.9301411615172544e-05 -0.020508571664471429 0.040297607670656301 -0.015770249172619873 0.0051428031336527074 -0.019880493014098489 -0.0063752737946150282 0.015018192514923194 -0.002751424049762682 0.010413911381913308 0.014264784319175503 0.016909517452888934 0.01126657900812358 0.0072045848152406814 0.010900507031872526
leaf_weight=243.03688222169876 621.76660084724426 848.74898112565279 6424.3732211366296 323.25422467291355 306.71238169074059 316.90921419858932 103.42139688134193 846.83829578757286 265.10378108918667 124.71829407662153 837.79659558832645 151.67553974688053 10762.54017291218 536.59244659543037 831.47197480499744 142.24480412900448 29.407701805233955 19.777301877737045 537.27690600603819 196.53306232392788 415.61684074997902 469.13127467781305 470.42852179706097 116.46586804836988 439.98679387569427 775.58444155752659 1321.4437290802598 17.69675250351429 131.40240187942982 306.66796237230301
leaf_count=1317 2889 5665 72471 1768 1145 1166 381 7368 1146 774 5703 588 69372 2580 3018 521 102 94 2534 836 2210 2549 3612 503 2649 6449 12223 77 767 1303
internal_value=-0.00296777 0.0119153 0.0159409 -0.0196314 0.00138327 -0.00348219 -0.0205615 0.0115266 -0.0207526 0.00537585 0.00867085 -0.0108401 -0.0213938 0.00290068 -0.00796667 0.00316182 -0.00854499 0.00696057 -0.0096176 -0.00214894 -0.0145474 -0.0118434 0.0124857 -0.013302 0.00615972 0.0111579 0.0147437 -0.00821193 -0.00136964 0.00736654
internal_weight=28934.6 15283.7 11054.8 13650.9 4228.9 1904.01 12339.1 4630.41 12235.6 2324.9 2462.13 1311.87 11027.6 1729.75 1138.18 765.822 1068.83 66.8818 1001.95 348.209 1208 792.385 595.147 653.743 976.579 1613.38 2168.28 47.1045 753.169 448.913
internal_count=213780 130303 109879 83477 20424 7153 77426 37408 77045 13271 17817 6051 70518 8885 4163 2990 4734 273 4461 1424 6527 4317 4386 3037 5229 12152 19591 179 3656 1824
cat_boundaries=0 1 3 5 6 8 9 11 13
cat_threshold=428 1569062934 401336 2164720707 457992 1938061576 673260018 234569 7864832 873071168 126683 520228275 283668
is_linear=0
shrinkage=0.02


Tree=80
num_leaves=31
num_cat=5
split_feature=15 15 16 13 0 41 0 24 26 42 26 0 0 25 2 0 20 15 26 14 26 38 15 41 24 13 24 26 20 20
split_gain=17466.7 1424.01 364.094 301.729 218.686 188.279 99.6373 79.7783 87.9421 79.2101 76.3797 66.7764 59.6845 58.7103 61.0957 57.4038 51.2743 48.1953 43.8391 36.8487 34.5504 33.2657 31.372 31.2763 31.061 30.9754 26.607 24.5288 36.8202 23.1324
threshold=0.31250000000000006 2.6875000000000004 1.0000000180025095e-35 1.0000000180025095e-35 0 0.45738358950897134 1 0.64800579322638152 0.015708519889949705 0.89285714285714279 0.020285650902645502 2 3 7.0914308043246042 -0.85421994577343319 4 0.099999999999999964 4.3125000000000009 0.029049534093724402 1.5000000000000002 0.021808284169030454 11.500000000000002 1.6875000000000002 0.28284271247461945 4.6876065643648772 1.0000000180025095e-35 4.037051184110009 0.030378108988034603 4.4000000000000012 0.099999999999999964
decision_type=2 2 10 2 1 2 1 2 2 2 2 1 1 2 2 1 2 2 2 2 2 2 2 2 2 2 2 2 2 2
left_child=2 3 4 12 7 17 18 -1 -9 -10 24 13 20 -7 -15 25 21 -3 22 -14 26 -6 -5 -12 -8 -4 -2 28 -13 -17
right_child=1 5 15 6 16 11 10 8 9 -11 23 27 19 14 -16 29 -18 -19 -20 -21 -22 -23 -24 -25 -26 -27 -28 -29 -30 -31
leaf_value=-0.022146172873820157 -0.0093800172568978997 0.016191459442254495 -0.0050557075822952368 0.0049952429339006526 -0.021234339580084308 0.0078686407367418408 -0.0024287569074223033 -0.018208178264770371 -0.011713020279551373 0.00095402690407878782 0.012101118370025966 0.011326914724822664 -0.0082698654948473258 -0.036285546348818684 0.0056924558541005064 -0.014249904436872332 0.0069921453309871266 0.019941202177826026 0.015887855472691181 -0.00041827734820552848 0.008762092988550017 -0.012509078722883571 0.01286448948306786 0.0059129014057806607 0.0049034044911770531 0.0086900927321767983 0.004281672190866807 0.016489265624319915 -0.020626910266286335 -0.0036556994503761792
leaf_weight=270.13549523055553 108.06079801172018 2179.3254496082664 448.71222366392612 463.59260287880898 11056.436783537269 602.54379214346409 589.09079428762197 355.51713363826275 445.82676790654659 346.96325147151947 432.74398934096098 409.35492444038391 718.39051881432533 22.742073997855186 27.123627007007599 508.36562763154507 23.701501905918121 4791.3353979811072 586.98590378463268 366.36480067670345 217.28632221370935 204.17435159534216 384.77405645698309 1513.9262474328279 375.24966292828321 73.027928113937378 112.43330706655979 839.25641665607691 11.847198046743868 107.67231994867325
leaf_count=1512 395 22459 1819 2529 71738 4760 2894 1722 2496 1475 3322 3291 2619 102 222 2246 96 56158 4656 1442 925 1159 2911 9703 2063 327 440 7811 74 414
internal_value=-0.00294343 0.0121954 -0.0190803 0.00454271 -0.0200527 0.0172457 0.0072268 -0.0122395 -0.00994625 -0.00616148 0.00502019 0.0116265 -0.00310555 0.00601467 -0.0140467 -0.0081826 -0.0210001 0.0187792 0.011553 -0.0055935 0.00306727 -0.0210813 0.00862056 0.0073153 0.000410059 -0.00299778 -0.00236026 0.0143331 0.0102415 -0.0122592
internal_weight=28593 14752.4 13840.5 5868.9 12702.8 8883.53 4346.36 1418.44 1148.31 792.79 2911.01 1912.87 1522.54 652.409 49.8657 1137.78 11284.3 6970.66 1435.35 1084.76 437.78 11260.6 848.367 1946.67 964.34 521.74 220.494 1260.46 421.202 616.038
internal_count=213780 128776 85004 33899 80198 94877 28078 7205 5693 3971 17982 16260 5821 5084 324 4806 72993 78617 10096 4061 1760 72897 5440 13025 4957 2146 835 11176 3365 2660
cat_boundaries=0 1 3 5 7 9
cat_threshold=36776 2834420232 65603 520880386 98300 1393875208 2560 4276639537 183
is_linear=0
shrinkage=0.02


Tree=81
num_leaves=31
num_cat=7
split_feature=15 15 41 21 38 22 0 0 22 15 26 25 23 38 2 0 26 0 25 26 26 26 26 26 24 22 0 0 0 22
split_gain=17000.4 1579.35 344.314 279.546 204.981 133.6 132.679 105.13 87.4728 75.837 74.6274 70.5648 70.355 67.666 61.3395 58.4933 55.7432 46.8323 91.5178 77.9925 66.5467 46.4999 41.2913 40.3954 40.153 40.1449 39.9096 38.4854 35.4969 32.3072
threshold=0.18750000000000003 1.9375000000000002 0.39851988391580934 3.5000000000000004 1.5000000000000002 0.12491987179487171 0 1 0.24999999999999997 4.0625000000000009 0.0035305698511303506 7.0914308043246042 0.62500000000000011 7.5000000000000009 -0.85421994577343319 2 0.029561139873942901 3 6.3808308673971199 0.022352341910671505 0.0096078023767136502 0.029960264528918104 0.026717122452737354 0.053691206704356211 0.71763298620883775 0.062499999999999958 4 5 6 0.099999999999999964
decision_type=2 2 2 8 2 2 1 1 2 2 2 2 2 2 2 1 2 1 2 2 2 2 2 2 2 2 1 1 1 2
left_child=3 4 9 10 15 7 11 -5 12 28 -1 21 26 -9 -13 22 -8 19 24 -12 -20 -4 29 -17 -19 -14 -6 -10 -3 -2
right_child=1 2 6 5 8 -7 16 13 27 -11 17 14 25 -15 -16 23 -18 18 20 -21 -22 -23 -24 -25 -26 -27 -28 -29 -30 -31
leaf_value=-0.020380797972611768 0.0089038323757335142 0.0099706453347068926 7.8685102765947566e-06 -0.01427286809320337 -0.0027783577667863475 0.0019470288954518658 0.0092617052954058442 -0.010970694666052007 -0.0034909882662151896 0.019905980579417098 -0.011806452382580599 -0.034043676378578108 -0.0052309799604297663 -0.021483247621223094 0.0051714932005745961 0.00058549299321270117 0.015376214572166659 -0.019910655843574165 -0.0071188531168646105 0.0065392613854837458 0.048013636490841886 0.0092969570380421647 0.011763976349686251 0.011640648183342053 -0.0088637706998244432 0.013020020603210353 -0.013349786626417193 0.0072588252278418964 0.016834912252640805 0.00093859614018371759
leaf_weight=236.37949930131435 384.13921734690666 546.19356924295425 358.09965071827173 1204.7385019510984 225.10519993305206 104.48733301460743 990.03541730344296 268.70050540566444 242.77227552980185 4658.2814232632518 167.89497029781342 31.742640845477581 104.05184332281351 10453.614539258182 26.809689097106457 1292.5593628808856 1677.7515372931957 216.03229592740536 15.008207798004152 198.65373605489731 14.634192317724226 555.48856115341187 565.8661717325449 145.02708102017641 384.48931081593037 83.801447927951813 569.61244145035744 265.76642051339149 1825.690089635551 444.84612076729536
leaf_count=1317 2104 5084 2369 6625 842 386 7478 1174 878 55611 652 145 369 69545 230 6483 15359 1200 62 823 69 4602 3796 915 1624 329 2085 1031 18256 2337
internal_value=-0.00291926 0.0116697 0.0158009 -0.0194103 0.00146599 -0.0203426 0.010779 -0.02054 -0.00452343 0.0183924 -0.0102702 0.00424963 -0.00800462 -0.021205 -0.0163862 0.00462756 0.0130785 -0.00779845 -0.0110348 -0.00178896 0.0213981 0.00568967 0.00752885 0.00172459 -0.0129501 0.00288269 -0.0106044 0.00217113 0.0153901 0.0046724
internal_weight=28258.3 14993.6 10670.1 13264.6 4323.55 12031.5 3639.93 11927.1 1491.11 7030.17 1233.09 972.141 982.571 10722.3 58.5523 2832.44 2667.79 996.713 630.164 366.549 29.6424 913.588 1394.85 1437.59 600.522 187.853 794.718 508.539 2371.88 828.985
internal_count=213780 130303 109134 83477 21169 77730 30183 77344 5534 78951 5747 7346 3625 70719 375 15635 22837 4430 2955 1475 131 6971 8237 7398 2824 698 2927 1909 23340 4441
cat_boundaries=0 2 3 5 6 8 10 12
cat_threshold=352845842 220796 8108 1492704792 99015 16253440 1933637896 3584 946087282 113745 117572659 266256
is_linear=0
shrinkage=0.02


Tree=82
num_leaves=31
num_cat=9
split_feature=15 13 41 0 41 22 16 38 0 24 28 0 39 0 0 25 0 16 0 0 22 22 42 13 43 0 27 38 29 22
split_gain=16547.8 1562.61 371.386 237.625 175.621 151.711 109.09 108.092 94.1555 88.9723 71.7308 60.0077 53.3137 52.625 47.7294 50.1782 46.9908 46.8196 39.3182 38.7631 37.1306 36.5673 33.4903 30.1348 29.0171 25.0734 24.6731 23.7 21.8193 19.3613
threshold=0.18750000000000003 2.5000000000000004 0.6343239424027175 0 0.50598892903556514 0.083333333333333273 1.0000000180025095e-35 2.5000000000000004 1 0.64800579322638152 72.500000000000014 2 0.93750000000000011 3 4 1.5068434723251902 5 3.8819444444444451 6 7 0.24999999999999997 0.2583683473389356 3.0142857142857147 1.0000000180025095e-35 2.7500000000000004 8 2.3813545835873016 11.500000000000002 3.8712905344132089 0.19444444444444448
decision_type=2 2 2 1 2 2 10 2 1 2 2 1 2 1 1 2 1 8 1 1 2 2 2 2 2 1 2 2 2 2
left_child=3 2 8 9 17 6 23 11 -2 -1 -11 24 25 -6 22 -16 20 29 -8 -14 -9 -13 -12 27 -4 -10 -18 -5 -7 -3
right_child=1 4 7 5 13 28 18 16 12 10 14 21 19 -15 15 -17 26 -19 -20 -21 -22 -23 -24 -25 -26 -27 -28 -29 -30 -31
leaf_value=-0.021863559280506872 0.015920730575535721 0.016956897725383863 0.011549581456763758 -0.021088627315409451 0.0037752911865508339 -0.00078003744082356767 -0.0019343902606011715 -0.016767654713901483 -0.0017257917929121517 -0.016046618272672515 0.001234395764318522 -0.0023239965557973721 0.0035291347175257825 0.013084357705798211 0.023575679544585681 -0.008736905237780989 -0.0089033178919369661 0.019682537463803655 -0.014743186431814038 0.011786854849510184 -0.0010303205023130717 0.0044471011924200905 0.030027163510437639 0.011156598799528791 0.0035290367511147864 0.0058955732291820166 0.001253489488815438 -0.013314396909808861 0.021956755252000689 0.011747195126358329
leaf_weight=262.25170996785164 713.38296493887901 1541.2987898141146 229.1687580794096 10808.82742600143 340.09975043684244 88.942273363471031 152.54668515920639 243.02366426587105 290.50649297237396 378.1824155151844 128.45740096271038 1351.7272850498557 353.10711390525103 1385.9355394616723 16.695331186056137 628.02712641656399 141.70708374679089 4834.9511960372329 375.30744023621082 932.48596843332052 83.508435666561127 413.27975332736969 15.8518720716238 9.1631867140531522 905.13610828667879 392.81880408525467 273.14348109066486 193.00547157973051 17.39240737259388 427.11603100597858
leaf_count=1497 6187 16259 1268 72500 2596 326 660 975 1807 1743 485 5824 2426 12109 96 3091 526 58480 1763 7279 294 1987 69 37 4380 2591 1039 1141 69 4276
internal_value=-0.00289525 0.0115474 0.00400604 -0.0193021 0.0171323 -0.0202596 -0.0204963 -0.000150245 0.00964869 -0.0112423 -0.00888491 0.0015881 0.00722789 0.0113689 -0.00537927 -0.00764592 -0.00695422 0.0185859 -0.0114252 0.00966663 -0.0124712 -0.000718301 0.00475712 -0.0209262 0.00514798 0.00269369 -0.0021555 -0.0209577 0.00325636 0.0158562
internal_weight=27927 14852.4 6323 13074.7 8529.4 11645.2 11538.9 3640.69 2682.3 1429.47 1167.21 2899.31 1968.92 1726.04 789.032 644.722 741.383 6803.37 527.854 1285.59 326.532 1765.01 144.309 11011 1134.3 683.325 414.851 11001.8 106.335 1968.41
internal_count=213780 130303 36583 83477 93720 76496 76101 16293 20290 6981 5484 13459 14103 14705 3741 3187 2834 79015 2423 9705 1269 7811 554 73678 5648 4398 1565 73641 395 20535
cat_boundaries=0 1 3 5 7 8 10 12 14 16
cat_threshold=40864 2161230344 2080 4206124424 8320 117440768 392760 512 2355560642 456180 3031449616 262206 218235938 267280 1579290770 398212
is_linear=0
shrinkage=0.02


Tree=83
num_leaves=31
num_cat=9
split_feature=15 13 38 0 16 22 15 22 16 24 26 0 23 22 0 0 26 0 25 44 0 0 26 0 24 26 26 22 0 13
split_gain=16106.7 1540.03 341.899 238.555 170.291 149.791 136.591 125.941 109.683 88.2464 108.058 80.517 76.6399 81.4279 48.243 47.7776 46.3138 45.6558 50.334 42.5637 41.2732 40.6711 38.9869 38.4472 37.3885 35.1828 30.8733 30.811 36.1398 29.6375
threshold=0.18750000000000003 2.5000000000000004 1.5000000000000002 0 3.0208333333333335 0.083333333333333273 1.9375000000000002 0.17389862996480643 1.0000000180025095e-35 0.64800579322638152 0.015708519889949705 1 0.62500000000000011 0.03349289137113471 2 3 0.029715279138194401 4 1.6761543611374872 26.650000000000002 5 6 0.026256676823867554 7 1.5900550855793825 0.028804294136259453 0.077230447859481716 0.25732230392156868 8 1.0000000180025095e-35
decision_type=2 2 2 1 8 2 2 2 10 2 2 1 2 2 1 1 2 1 2 2 1 1 2 1 2 2 2 2 1 2
left_child=3 2 6 9 16 8 15 12 29 -1 -11 25 20 -14 -9 26 21 19 -19 -12 -4 24 -17 -10 -3 -8 -2 -18 -29 -5
right_child=1 4 7 5 -6 -7 11 14 23 10 17 -13 13 -15 -16 22 27 18 -20 -21 -22 -23 -24 -25 -26 -27 -28 28 -30 -31
leaf_value=-0.021764460012433366 -0.0007822074445978757 -0.02183536868507515 -0.015843292929354706 -0.020870278543428 0.018705995037593081 0.0031984434253153498 0.00038929187535327505 -0.0023706286860339259 -0.0019004811241505502 -0.016953651435375357 0.00068546315861848074 0.013951830354628275 -0.0077575784861663409 0.01386798679979297 0.0075194018199892486 0.0032522791834907788 0.016094270685854815 0.024568599997557228 -0.0082366034966747312 0.029444267320728357 -0.006297519766546346 0.011255204723237763 0.0098218045082941619 -0.01458533665960139 0.0041757132540637138 0.0092988403564112747 0.018776729120953205 -0.0072568910265089362 0.012421359885032098 0.011011055022236909
leaf_weight=258.23099300265312 828.96245384961367 21.128994025290012 325.90492425858974 10828.789028532803 6255.6404703110456 106.35739329457283 326.56531753391027 348.01785729825497 152.39659363031387 412.42651537060738 171.29864278435707 1264.1499280408025 152.76869028061628 122.52013687044382 426.82524665445089 914.33380767703056 1019.3566113859415 16.243382081389427 540.22924077510834 20.687093988060951 546.27879408746958 732.97464253008366 614.98806937783957 371.95639701187611 247.58476247638464 398.65067134797573 30.583252266049385 49.076696150004864 87.835161723196507 9.1385221481323224
leaf_count=1497 4100 129 1223 73641 74513 395 2229 1317 660 1927 657 10990 552 508 1758 4610 9872 92 2720 88 2012 6113 3847 1763 1860 3237 200 412 821 37
internal_value=-0.00287081 0.0114256 0.00394175 -0.0191937 0.0170242 -0.0201633 0.00702879 -0.00307884 -0.0204023 -0.0110977 -0.00875314 0.0109025 -0.00728319 0.00184098 0.0031258 0.00378491 0.0121204 -0.00415812 -0.0069917 0.00408284 -0.0101824 0.008874 0.00588281 -0.011281 0.00177309 0.00526023 -2.10412e-07 0.0148853 0.00558942 -0.0208385
internal_weight=27601.9 14714.1 6300.55 12887.8 8413.6 11468.6 4378.23 1922.32 11362.3 1419.12 1160.88 1989.37 1147.47 275.289 774.843 2388.87 2157.96 748.458 556.473 191.986 872.184 1001.69 1529.32 524.353 268.714 725.216 859.546 1156.27 136.912 10837.9
internal_count=213780 130303 36583 83477 93720 76496 29213 7370 76101 6981 5484 16456 4295 1060 3075 12757 19207 3557 2812 745 3235 8102 8457 2423 1989 5466 4300 11105 1233 73678
cat_boundaries=0 1 3 5 7 8 10 12 14 16
cat_threshold=40864 489553970 415007 673260018 242761 2198276163 400648 2560 2349532288 455165 218106168 481336 3031449616 262206 1463814958 296464
is_linear=0
shrinkage=0.02


Tree=84
num_leaves=31
num_cat=8
split_feature=15 18 13 0 41 16 38 22 24 26 22 0 0 0 0 0 15 23 44 0 0 26 26 13 13 26 22 38 43 16
split_gain=15677.3 1518.18 351.917 239.347 152.934 149.448 117.514 113.569 87.5039 105.699 84.1781 74.5525 66.319 62.6416 59.1647 44.1188 42.3398 41.1228 40.6669 38.4174 35.6437 35.5391 31.8843 29.9104 29.1502 29.0694 27.8822 24.5302 24.2302 23.2673
threshold=0.18750000000000003 2.8750000000000004 1.5000000000000002 0 0.39851988391580934 1.0000000180025095e-35 1.5000000000000002 0.083333333333333273 0.64800579322638152 0.015708519889949705 0.24999999999999997 1 2 3 4 5 4.3125000000000009 0.62500000000000011 26.650000000000002 6 7 0.034435277063267059 0.027459072507104953 1.0000000180025095e-35 1.0000000180025095e-35 0.016596553965101554 0.22466177613236438 11.500000000000002 32.900000000000013 3.1306818181818183
decision_type=2 2 2 1 2 10 2 2 2 2 2 1 1 1 1 1 2 2 2 1 1 2 2 2 2 2 2 2 2 8
left_child=3 2 6 8 16 7 14 24 -1 -10 13 23 -4 -8 -2 18 -3 25 -11 -7 -12 29 -16 26 27 -14 -6 -5 -25 -13
right_child=1 4 12 5 11 19 10 -9 9 15 20 21 17 -15 22 -17 -18 -19 -20 -21 -22 -23 -24 28 -26 -27 -28 -29 -30 -31
leaf_value=-0.021666844818277704 0.0082703518649236661 0.015954591268595459 0.012984473107067612 -0.020918862242640342 -0.012090690512415622 -0.002255416236870342 -0.0012575285148729975 0.013187900651434886 -0.016785035291985991 0.00067182359806016324 -0.002922032370188983 0.0066071240862866122 -0.0022924318777570165 -0.01124233042250555 -0.001922765564181567 -0.0068801767481619491 0.019795834423562881 0.010370571501134986 0.028680103095266172 -0.013646722500318974 0.0068174206212305976 0.017035997030470356 0.004442775868931605 0.0085469764530861688 0.010867684785669372 0.0057766184627251679 0.011473675698884247 -0.01295020781393866 -0.015347105295307611 0.014533767231382866
leaf_weight=254.25996918976307 607.264025375247 1810.5302771553397 1154.1702901050448 10469.787850826979 62.54316321015358 198.71382273733616 434.41829489171505 36.978497952222824 408.30993061512709 171.34140926599503 284.1681150496006 312.1599542349577 225.24757425487041 646.16752848029137 751.9422811716795 553.97032201290131 4224.0387584343553 683.35897769033909 20.89134968817234 391.63965286314487 291.72243908047676 980.13330301642418 534.83486066013575 426.75198729336262 9.1137266308069211 782.91411804407835 25.496831253170967 188.44857494533062 14.426352381706236 323.5303303077817
leaf_count=1497 3545 19864 9144 72500 220 849 1623 136 1927 657 1037 2508 1247 2369 3389 2812 52975 5208 88 1833 1146 9967 3105 3990 37 5654 116 1141 124 3072
internal_value=-0.00284702 0.0113056 0.00399944 -0.019086 0.0170127 -0.0200677 -0.000195983 -0.0206288 -0.0109556 -0.00862398 -0.00408812 0.0123633 0.00923572 -0.00737664 0.00319851 -0.00408237 0.0186552 0.0065324 0.00400683 -0.0101449 0.00205408 0.0144992 0.0007062 0.00538554 -0.0207516 0.00395257 -0.00489344 -0.0207835 0.00762224 0.010722
internal_weight=27279.3 14575.8 6396.21 12703.5 8179.61 11294.7 3550.52 10704.3 1408.77 1154.51 1656.48 2145.04 2845.69 1080.59 1894.04 746.203 6034.57 1691.52 192.233 590.353 575.891 1615.82 1286.78 529.218 10667.4 1008.16 88.04 10658.2 441.178 635.69
internal_count=213780 130303 37467 83477 92836 76496 16214 73814 6981 5484 6175 19997 21253 3992 10039 3557 72839 12109 745 2682 2183 15547 6494 4450 73678 6901 336 73641 4114 5580
cat_boundaries=0 1 3 5 7 9 10 12 14
cat_threshold=40864 84410882 220796 2691810825 237763 1942288696 36352 317739544 741 2560 2797223952 262206 3127191026 103493
is_linear=0
shrinkage=0.02


Tree=85
num_leaves=31
num_cat=8
split_feature=15 13 37 21 18 16 0 0 38 26 22 26 26 22 0 0 28 0 25 26 26 23 0 0 24 0 26 50 24 24
split_gain=15259.3 1498.42 328.091 288.574 171.18 139.254 102.59 95.6601 93.9115 74.0844 58.7932 54.8382 51.1645 48.5725 46.7875 46.5853 45.0489 44.5438 89.5798 74.1189 62.6678 44.4858 50.1786 41.8753 39.9442 32.2457 31.9892 27.7609 27.2699 44.4398
threshold=0.18750000000000003 2.5000000000000004 1.0000000180025095e-35 3.5000000000000004 3.6250000000000004 1.0000000180025095e-35 0 1 2.5000000000000004 0.0035305698511303506 0.12499999999999996 0.019433027683087054 0.038067534252111658 0.27507541478129721 2 3 105.00000000000001 4 6.3808308673971199 0.022352341910671505 0.0096078023767136502 0.37500000000000006 5 6 0.71763298620883775 7 0.019433027683087054 4.8500000000000014 0.9987745098039218 2.3479430988081513
decision_type=2 2 2 8 2 10 1 1 2 2 2 2 2 2 1 1 2 1 2 2 2 2 1 1 2 1 2 2 2 2
left_child=3 2 7 9 21 6 28 -2 11 -1 -8 16 25 14 -10 -13 -4 19 24 27 -20 22 26 -7 -19 -9 -3 -11 -5 -30
right_child=1 4 8 5 -6 23 10 12 13 17 -12 15 -14 -15 -16 -17 -18 18 20 -21 -22 -23 -24 -25 -26 -27 -28 -29 29 -31
leaf_value=-0.019921605750576186 0.014586525729552191 -0.0074528661167894781 0.0039697034143923336 -0.01976625514839455 0.018755059516338296 -0.0013922149224834929 -0.021444189392821299 -0.00076771552084696384 -0.0015927843694533187 0.011910426400401868 0.00740601192203623 -0.0008848471704716352 0.010961161566750912 0.0053344548968827623 -0.013458358537733252 0.0061418482884633965 -0.0048750714855283692 -0.019427260598154687 -0.0064296275435602977 0.0068965677778394787 0.047380372588811608 0.014387234548009695 0.013096579141554076 -0.013646601370262905 -0.0081841530915556879 0.0060117551634624594 0.0061125580283696484 -0.01387913208981263 -0.010221720451835089 -0.018807538732002992
leaf_weight=223.81622931361198 821.8449190184474 84.279623299837112 326.47195534408092 407.84790033102036 5666.2428561896086 172.53071486949921 9197.7340216264129 386.96877803653479 232.96282204985619 15.621096223592756 25.96304976940155 584.32037474215031 657.09695659577847 106.07853914797306 361.93819813430309 1035.6445119306445 752.34677977859974 204.13517054915428 14.57623526453972 196.81292118132114 14.749466046690939 1650.515754006803 463.15692136436701 423.3987749516964 374.93992529809475 984.21109016984701 326.42139112949371 148.57533849775791 703.47385726124048 397.61270461976528
leaf_count=1317 7148 542 1421 2514 70307 736 65614 2315 869 70 93 2569 5431 388 1430 5220 3019 1200 62 823 69 15977 4080 1985 1624 6773 2814 582 4378 2410
internal_value=-0.00282333 0.0111855 0.00380345 -0.0189792 0.0168126 -0.0199671 -0.0204929 0.00880469 -0.000387429 -0.00955646 -0.0213353 0.00130196 0.00633102 -0.00689785 -0.0091283 0.00363044 -0.00217639 -0.00708872 -0.0103141 -0.00124041 0.0219011 0.0124274 0.00866634 -0.010408 -0.0122616 0.00412459 0.00316998 -0.0111363 -0.0150577 -0.0133829
internal_weight=26962.3 14440.5 6249.88 12521.8 8190.62 11328.6 10732.6 2850.12 3399.76 1193.23 9223.7 2698.78 2028.28 700.98 594.901 1619.96 1078.82 969.41 608.401 361.009 29.3257 2524.37 873.858 595.929 579.075 1371.18 410.701 164.196 1508.93 1101.09
internal_count=213780 130303 36583 83477 93720 77730 75009 21667 14916 5747 65707 12229 14519 2687 2299 7789 4440 4430 2955 1475 131 23413 7436 2721 2824 9088 3356 652 9302 6788
cat_boundaries=0 2 4 6 8 9 11 13 15
cat_threshold=8108 98304 2161230344 2593 1937824541 2049 625606727 133742 16253440 1330395454 293424 2796945680 262206 503455762 266244
is_linear=0
shrinkage=0.02


Tree=86
num_leaves=31
num_cat=7
split_feature=19 18 13 21 41 16 38 0 22 0 25 26 0 23 22 0 24 0 25 26 26 18 0 23 24 26 26 0 26 24
split_gain=14852.4 1477.66 333.633 288.464 154.505 139.885 109.065 103.908 79.7245 73.7005 74.5798 73.0996 64.8113 61.0847 57.9556 57.0268 49.8829 43.3265 86.6064 71.3921 59.3953 42.4074 40.8589 39.8644 39.6326 36.127 35.6003 34.3937 27.507 27.1835
threshold=0.75000000000000011 2.8750000000000004 1.5000000000000002 3.5000000000000004 0.39851988391580934 1.0000000180025095e-35 1.5000000000000002 0 0.24999999999999997 1 7.0914308043246042 0.0035305698511303506 2 0.62500000000000011 0.12499999999999996 3 8.809640522875819 4 6.3808308673971199 0.022352341910671505 0.0096078023767136502 3.8750000000000004 5 0.62500000000000011 0.71763298620883775 0.027459072507104953 0.034435277063267059 6 0.016596553965101554 0.9987745098039218
decision_type=2 2 2 8 2 10 2 1 2 1 2 2 1 2 2 1 2 1 2 2 2 2 1 2 2 2 2 1 2 2
left_child=3 2 6 11 21 7 15 29 13 10 -6 -1 -4 -8 -9 -2 -12 19 24 -13 -20 -3 -7 28 -19 -17 -11 -10 -14 -5
right_child=1 4 12 5 9 22 8 14 27 26 16 17 23 -15 -16 25 -18 18 20 -21 -22 -23 -24 -25 -26 -27 -28 -29 -30 -31
leaf_value=-0.019803040993976621 0.0087138571421351979 0.014763217912561227 0.012737481311935623 -0.019655517613463264 0.0074354513993284436 -0.0013672099527825127 -0.0095050149827225743 -0.021371864233458829 -0.0035758435452163785 0.010436886716672889 -0.035839447321858363 -0.010969396941242339 -0.0022899184380837947 0.0024965343305812454 0.0072730888800468666 -0.0017946349155012282 0.0080739634981125581 -0.019310130674545747 -0.0063393093102481791 0.006742814692654686 0.04585819588112626 0.019332571301900893 -0.013488273278968349 0.010130090718629926 -0.008055960363744976 0.0047590151829667946 0.016813601089320087 0.0060955898801126878 0.0055669606449339727 -0.013244370898005245
leaf_weight=220.70245997607708 505.26450096815825 1102.1721205860376 1135.5607915818691 402.01837804913521 482.60831922292709 172.41138181090355 870.03064414858818 9045.8198286518455 244.31948992609978 624.67275824397802 25.132322184741497 163.33291205763817 225.1800055578351 206.13114239275455 25.963620707392693 811.88068296015263 13.873072184622286 201.3125617057085 14.531425997614862 197.33776763081551 15.030922278761862 4756.3244724497199 419.98844254016876 674.42932861298323 373.35200664401054 567.80464519560337 956.12672987580299 330.95303222537041 775.97363808751106 1090.6020966693759
leaf_count=1317 3047 11809 9144 2514 4184 736 3241 65614 892 5580 132 652 1247 751 93 3664 134 1200 62 823 69 61030 1985 5208 1624 3328 9967 1291 5654 6788
internal_value=-0.00279977 0.0110652 0.00386058 -0.0188737 0.0168035 -0.0198729 -0.000223052 -0.0204066 -0.00397695 0.0120908 0.00512277 -0.0094272 0.00899961 -0.00718712 -0.0212619 0.0030563 -0.0202834 -0.00697923 -0.0101769 -0.00121425 0.021366 0.0184843 -0.0102683 0.00632271 -0.0121129 0.000886097 0.014241 0.00199986 0.00377831 -0.0149207
internal_weight=26650.8 14308.4 6347.53 12342.4 7960.91 11156.8 3536.38 10564.4 1651.43 2102.41 521.614 1185.6 2811.14 1076.16 9071.78 1884.95 39.0054 964.898 604.227 360.671 29.5623 5858.5 592.4 1675.58 574.665 1379.69 1580.8 575.273 1001.15 1492.62
internal_count=213780 130303 37467 83477 92836 77730 16214 75009 6175 19997 4450 5747 21253 3992 65707 10039 266 4430 2955 1475 131 72839 2721 12109 2824 6992 15547 2183 6901 9302
cat_boundaries=0 2 4 6 8 9 11 13
cat_threshold=8108 98304 84410882 220796 2691810825 237763 317739528 673 16253440 2796945680 262206 3120899442 103493
is_linear=0
shrinkage=0.02


Tree=87
num_leaves=31
num_cat=7
split_feature=15 15 21 38 41 16 0 0 22 23 0 22 24 2 15 25 2 15 39 22 25 0 0 0 28 38 3 0 50 42
split_gain=14456.7 1455.48 288.264 282.962 191 140.492 105.237 90.6653 77.9538 74.1865 64.1063 57.1368 54.496 83.3759 53.689 52.4592 54.1099 51.7751 48.2408 47.545 45.4741 40.3986 40.0349 33.5784 32.2006 45.8977 30.4392 30.3003 27.894 35.936
threshold=0.18750000000000003 2.6875000000000004 3.5000000000000004 1.5000000000000002 0.45738358950897134 1.0000000180025095e-35 0 1 0.23612682252388131 0.62500000000000011 2 0.12499999999999996 0.79852133160956706 0.78574730703237894 1.9375000000000002 7.0914308043246042 -0.85421994577343319 4.3125000000000009 0.93750000000000011 0.062499999999999958 1.0339370996192301 3 4 5 121.50000000000001 8.5000000000000018 1.0000000180025095e-35 6 0.25000000000000006 -8.7999999999999989
decision_type=2 2 8 2 2 10 1 1 2 2 1 2 2 2 2 2 2 2 2 2 2 1 1 1 2 2 2 1 2 2
left_child=2 3 12 7 17 6 28 14 9 22 15 -8 13 20 -2 -6 -17 -3 27 -11 -1 -7 -5 -10 -14 26 -26 -9 29 -4
right_child=1 4 5 8 10 21 11 18 23 19 -12 -13 24 -15 -16 16 -18 -19 -20 -21 -22 -23 -24 -25 25 -27 -28 -29 -30 -31
leaf_value=-0.020204274730840754 0.0072618841660935301 0.015380429186745773 -0.018346108895803501 -0.0038768481585514988 0.0069357921875752302 -0.0013550820775693889 -0.021300504360934728 -0.0010626137280593435 -0.0026083025959561211 -0.0046773928647695015 0.013452908286082263 0.007142721874152499 -0.0090603523450271343 -0.021508706890478232 0.015089959152300894 -0.035231892569979148 0.0049160391130945282 0.019433150140234053 0.0076773394845222618 0.013039676160387545 0.0052586854019077804 -0.013378284299088961 -0.012981215659033657 0.0067458624830054447 -0.0064460236420612084 -0.016360357892028773 0.0091747952952579235 0.0041405385572467765 -0.015305074256868769 0.019849377157039029
leaf_weight=36.130628511309624 970.67024672031403 1998.7229550033808 14.738529413938521 382.27423888444901 574.87701810896397 174.16380205750465 8896.1171976104379 713.2756129950285 274.96673276275396 129.96610049903393 1176.1326549425721 25.963505536317825 506.4251374155283 273.3162951245904 573.72892452031374 22.108973547816277 25.9371073320508 4291.2078967317939 973.61300655454397 107.23375598341227 94.838234439492226 414.75167144834995 485.57409358024597 317.72693627327681 72.466510474681854 54.405719205737114 140.48163335025311 1159.3417568653822 1442.8803694695234 18.876714713871479
leaf_count=233 5979 22459 84 1451 4760 745 65614 3822 1047 500 11176 93 2251 1675 5122 102 222 56158 7140 445 478 1976 1818 1258 325 233 552 6844 9101 117
internal_value=-0.00277632 0.0109465 -0.0187688 0.00355331 0.0165053 -0.0197794 -0.0203209 0.00623486 -0.00336859 -0.00650607 0.0107005 -0.0211894 -0.00930018 -0.0152702 0.0101409 0.0051353 -0.0141515 0.0181565 0.0040501 0.00331173 -0.00191168 -0.0101302 -0.0092146 0.00245081 -0.00610829 -0.000403998 0.0037507 0.00216589 -0.0147839 0.00242539
internal_weight=26342.9 14177.4 12165.6 6088.37 8088.99 10987.5 10398.6 4390.63 1697.74 1105.05 1799.06 8922.08 1178.06 404.285 1544.4 622.923 48.0461 6289.93 2846.23 237.2 130.969 588.915 867.848 592.694 773.779 267.354 212.948 1872.62 1476.5 33.6152
internal_count=213780 130303 83477 35426 94877 77730 75009 28907 6519 4214 16260 65707 5747 2386 11101 5084 324 78617 17806 945 711 2721 3269 2305 3361 1110 877 10666 9302 201
cat_boundaries=0 2 4 6 8 10 12 14
cat_threshold=8108 98304 2834420232 65731 520880386 98300 2767585552 262206 1944386360 69120 3127190898 103493 352714755 266024
is_linear=0
shrinkage=0.02


Tree=88
num_leaves=31
num_cat=8
split_feature=15 13 37 21 16 16 0 0 38 26 26 26 26 0 0 28 42 24 26 2 24 0 0 26 24 0 16 24 24 0
split_gain=14070.7 1441.08 300.602 288.062 173.324 141.075 106.58 94.1234 83.563 72.1913 51.5683 49.5511 46.6251 44.2521 43.2201 42.9795 42.6426 77.078 67.5882 46.5419 43.9135 40.0813 38.9999 36.5537 35.8215 28.1225 27.6575 27.5319 45.139 27.4816
threshold=0.18750000000000003 2.5000000000000004 1.0000000180025095e-35 3.5000000000000004 3.0208333333333335 1.0000000180025095e-35 0 1 2.5000000000000004 0.0035305698511303506 0.019433027683087054 0.017154390559353454 0.029715279138194401 2 3 105.00000000000001 14.407142857142858 0.79852133160956706 0.021808284169030454 0.78574730703237894 2.3479430988081513 4 5 0.022934691305066802 1.5900550855793825 6 7.5208333333333348 0.9987745098039218 2.3479430988081513 7
decision_type=2 2 2 8 8 10 1 1 2 2 2 2 2 1 1 2 2 2 2 2 2 1 1 2 2 1 8 2 2 1
left_child=3 2 7 9 12 6 27 -2 10 -1 15 29 21 -12 23 -4 17 19 -19 -11 -18 24 -7 -10 -3 -13 -6 -5 -29 -9
right_child=1 4 8 5 26 22 -8 11 14 16 13 25 -14 -15 -16 -17 20 18 -20 -21 -22 -23 -24 -25 -26 -27 -28 28 -30 -31
leaf_value=-0.019616481691926493 0.013651135354723122 -0.02207514633935009 0.0038186550609556691 -0.019464227589222532 0.017198258738036716 -0.0013065162622615358 -0.021117789477927633 0.0049785264782264277 -0.0074789781194292753 0.00032300704020882964 -0.0018332547114008066 -0.00015607767764593987 0.014313235089855141 0.0054876517479804212 -0.011558789687635716 -0.0048353962619247385 0.015870301182291074 -0.0094555955998768676 0.004170862476847427 -0.021137803597276236 -0.012015323875581158 0.010579506306261232 -0.013179221022900828 0.0052188124784190585 0.0034934936463715642 0.0083814949130624795 0.020326974441565726 -0.009730262639445892 -0.018504465090706919 -0.0053972956852261205
leaf_weight=215.58137711882591 929.47348976135254 21.005846492946148 324.98320265114307 391.98362037539482 3829.2664821371436 172.1177141815424 8774.5751091018319 175.85035859793425 188.88720493018627 47.381365612149239 451.88531167805195 178.6864233314991 1098.499261200428 1157.6175592020154 337.71788182854652 751.09224059432745 60.081790074706078 368.42715938389301 234.82055692374706 212.80829485505819 31.780813962221146 702.69273499399424 413.36046841740608 167.77703486382961 240.5684292986989 1303.5660094097257 1980.7920470312238 684.13569505512714 384.44138043373823 208.60172902792692
leaf_count=1317 8234 129 1421 2514 48272 736 65707 1072 708 274 1968 1124 11105 5821 1345 3019 237 1586 932 1267 134 6113 1985 634 1860 10136 26241 4378 2410 1101
internal_value=-0.00275318 0.0108274 0.00358868 -0.0186643 0.0165 -0.0196865 -0.0202359 0.00843635 -0.000419731 -0.00917483 0.00117453 0.00570782 0.0114624 0.0034429 -0.00659286 -0.00219992 -0.00674357 -0.00813168 -0.00412397 -0.0171946 0.00593726 0.00815974 -0.0099935 -0.00141714 0.00109614 0.00739596 0.0182783 -0.0146471 -0.0129486 -0.00060873
internal_weight=26040.5 14049 6176.14 11991.5 7872.82 10820.6 10235.1 2796.18 3379.96 1170.88 2685.58 1866.7 2062.77 1609.5 694.382 1076.08 955.3 863.437 603.248 260.19 91.8626 964.267 585.478 356.664 261.574 1482.25 5810.06 1460.56 1068.58 384.452
internal_count=213780 130303 36583 83477 93720 77730 75009 21667 14916 5747 12229 13433 19207 7789 2687 4440 4430 4059 2518 1541 371 8102 2721 1342 1989 11260 74513 9302 6788 2173
cat_boundaries=0 2 4 6 8 10 12 14 16
cat_threshold=8108 98304 3234972172 68129 625606722 133738 1939398429 68105 218106168 481336 2796945680 262206 67117058 4096 1009529024 165056
is_linear=0
shrinkage=0.02


Tree=89
num_leaves=31
num_cat=4
split_feature=15 18 38 21 41 49 0 38 0 25 15 39 0 25 0 15 24 24 25 31 24 24 15 24 49 39 27 15 20 14
split_gain=13695 1417.32 291.568 287.702 156.216 117.484 93.8824 89.7807 72.5244 71.5882 59.3049 57.4936 53.5563 51.2992 52.7354 44.587 44.5012 39.1966 66.1878 53.1625 35.6283 38.058 35.6072 30.3326 26.49 25.3148 24.9618 24.6475 24.2392 24.1564
threshold=0.18750000000000003 2.8750000000000004 1.5000000000000002 18.500000000000004 0.39851988391580934 0.78571428571428581 0 7.5000000000000009 1 7.0914308043246042 1.6875000000000002 0.93750000000000011 2 3.1949956858688364 3 4.3125000000000009 8.809640522875819 0.95955882352941191 5.1120831803488551 1.0309897716160625 1.3165559772296018 1.0000000180025095e-35 3.9375000000000004 3.6764705882352944 -10.121428571428568 0.86607142857142871 2.4482101680899455 0.93750000000000011 -0.49999999999999989 2.5000000000000004
decision_type=2 2 2 8 2 2 1 2 1 2 2 2 1 2 1 2 2 2 2 2 2 2 2 2 2 2 2 2 2 2
left_child=3 2 6 13 15 17 10 -7 9 -6 -2 29 26 14 20 -3 -11 24 19 -19 21 -1 -10 -9 -5 -14 27 -4 -13 -8
right_child=1 4 12 5 8 7 11 23 22 16 -12 28 25 -15 -16 -17 -18 18 -20 -21 -22 -23 -24 -25 -26 -27 -28 -29 -30 -31
leaf_value=-0.020342956369857355 0.0061064712673581266 0.015387424490702557 -0.0092917154267112816 0.0078976274173972929 0.0069051931588866447 -0.0082229559071016339 0.000878012294829646 -0.021457355264661023 0.010037111476778824 -0.035105813031247976 0.013587351840701187 0.0001461305553088072 -0.0083905802800472405 -0.003938618474262405 -0.016971657771794376 0.019447420311750615 0.007213263783092741 -0.022285149536753264 -0.020905734747992608 -0.0091138868421948918 -0.016676313209889843 0.0017489516258115956 0.016420103228528313 -0.017433032139147105 -0.020793279920388538 0.00067989894805874887 0.0029938305626792771 0.0020299914099600712 0.0091360264004718625 0.0071926355680474036
leaf_weight=33.637751519680023 842.97641556710005 1701.6821404621005 167.71651789546013 10.734899044036863 445.88077510148287 237.01615101099014 1562.9931083396077 7390.0343033820391 631.21722610294819 24.952309474349022 898.18312927335501 144.93162059783936 733.4121520370245 461.7965502589941 437.2579003944993 3901.4338625445962 12.988085784018038 143.22010838985443 360.33850614726543 970.14027179032564 83.73546576499939 201.80410587787628 928.49329595267773 999.18574300408363 491.52870444208384 142.44625319540501 510.77773850411177 134.0220540985465 852.50088635087013 286.68741512298584
leaf_count=228 5040 19864 612 67 3933 1061 8585 56351 5542 132 7874 979 2734 2015 2461 52975 128 936 2295 6087 388 959 10262 7378 3251 533 2093 543 6483 1991
internal_value=-0.00273007 0.0107087 0.00365892 -0.0185601 0.0164892 -0.0196203 0.00627423 -0.0206414 0.0116952 0.00449588 0.00993674 0.0039705 -0.00343506 -0.00929048 -0.0125029 0.0182268 -0.0206633 -0.0151281 -0.0133836 -0.0108815 -0.00551981 -0.00153969 0.0137857 -0.0209868 -0.0200972 -0.00681777 0.000278696 -0.00422689 0.0078541 0.00187759
internal_weight=25743.7 13923.3 6276.65 11820.4 7646.65 10602.2 4588.27 8626.24 2043.53 483.821 1741.16 2847.11 1688.37 1218.23 756.435 5603.12 37.9404 1975.96 1473.7 1113.36 319.177 235.442 1559.71 8389.22 502.264 875.858 812.516 301.739 997.433 1849.68
internal_count=213780 130303 37467 83477 92836 77426 30952 64790 19997 4193 12914 18038 6515 6051 4036 72839 260 12636 9318 7023 1575 1187 15804 63729 3318 3267 3248 1155 7462 10576
cat_boundaries=0 2 4 6 7
cat_threshold=2700203528 65731 84410882 89724 1943337741 68096 8126976
is_linear=0
shrinkage=0.02


Tree=90
num_leaves=31
num_cat=7
split_feature=15 13 41 21 41 16 0 0 38 26 22 21 0 0 16 26 0 0 0 25 26 26 49 24 22 26 26 38 22 50
split_gain=13328.1 1401.88 299.721 287.73 180.552 137.282 108.975 89.886 79.9912 68.0435 58.8073 57.9611 57.4213 53.9055 52.3413 49.9111 42.6052 40.6588 39.1181 89.3459 56.0295 55.5063 43.4366 40.9229 35.4003 34.6734 33.1599 32.8034 32.7269 33.2083
threshold=0.18750000000000003 2.5000000000000004 0.6343239424027175 18.500000000000004 0.5163977794943222 1.0000000180025095e-35 0 1 2.5000000000000004 0.0023604272768445005 0.12499999999999996 14.500000000000002 2 3 3.8819444444444451 0.038067534252111658 4 5 6 6.3808308673971199 0.0096078023767136502 0.022352341910671505 14.021428571428574 3.122833729451377 0.24999999999999997 0.022934691305066802 0.029561139873942901 8.5000000000000018 0.12491987179487171 0.25000000000000006
decision_type=2 2 2 8 2 10 1 1 2 2 2 8 1 1 8 2 1 1 1 2 2 2 2 2 2 2 2 2 2 2
left_child=3 2 7 9 14 6 28 -2 11 -1 -8 -4 -6 -13 -3 -9 24 -7 21 23 -21 22 -11 -20 -10 -18 -14 -23 29 -5
right_child=1 4 8 5 12 17 10 15 16 18 -12 13 26 -15 -16 -17 25 -19 19 20 -22 27 -24 -25 -26 -27 -28 -29 -30 -31
leaf_value=-0.020940204203628882 0.015067213724680589 0.014886314920747388 0.0061063628308856257 0.0054303122547036285 0.0029403817204827739 -0.00054280615463958993 -0.021101060971484297 0.0040701455901354152 -0.015717224266076912 -0.015106925824747939 0.0077399158553185321 -0.0066955829361234733 0.0083119054807749299 0.0011646890606592799 0.019096206042620203 0.011076147559611456 -0.0071655778186536512 -0.012968849448979481 -0.014482975108026371 -0.0063938593909300826 0.041279121955040063 0.0079804122013488639 0.0095799523940712627 -0.0012883055551715919 -0.00050187529314413368 0.0044993814450529478 0.015278041469095149 -0.014775847223432817 0.020371802255422226 -0.015159445929944056
leaf_weight=168.30897405743599 660.25468470156193 1812.9043756425381 724.82946191728115 29.20964889973402 375.04853098094463 158.51411513984203 8440.9347736313939 1278.7893075868487 237.68919901549816 139.18881446123123 25.959647342562675 424.34300958365202 502.23245443403721 1709.5059425979853 4283.2775650918484 609.31999115645885 210.57833558320999 402.04568277299404 505.64966121315956 15.896659582853315 18.308392152190208 185.3500575274229 32.413777217268944 120.28044179081917 85.9691531509161 190.46569339931011 694.50447116792202 25.956668987870216 7.7591983377933493 1377.2822008430958
leaf_count=1094 6187 20764 3863 179 3053 682 65459 8809 998 566 93 1792 4030 7804 58650 5294 798 1964 2633 70 86 771 141 558 304 734 7223 132 30 9019
internal_value=-0.00270692 0.0105906 0.00345541 -0.0184544 0.0162901 -0.0195274 -0.0200768 0.00869468 -0.000269142 -0.00916338 -0.0209828 0.00123085 0.0101836 -0.000422156 0.0178555 0.00632221 -0.00619423 -0.00975187 -0.00718931 -0.0100824 0.0198567 -0.00180224 -0.0102448 -0.0119975 -0.0114288 -0.00154558 0.0122968 0.00492403 -0.0143564 -0.014707
internal_weight=25452.8 13799.7 6131.74 11653.1 7667.97 10441.7 9881.15 2548.36 3583.38 1211.35 8466.89 2858.68 1571.79 2133.85 6096.18 1888.11 724.702 560.56 1043.04 660.135 34.2051 382.909 171.603 625.93 323.658 401.044 1196.74 211.307 1414.25 1406.49
internal_count=213780 130303 36583 83477 93720 77426 74780 20290 16293 6051 65552 13459 14306 9596 79414 14103 2834 2646 4957 3347 156 1610 707 3191 1302 1532 11253 903 9228 9198
cat_boundaries=0 2 4 6 8 10 12 13
cat_threshold=428 98304 2161230344 2080 117702912 393016 75169794 2056 2355560642 456182 2765488400 262206 7864832
is_linear=0
shrinkage=0.02


Tree=91
num_leaves=31
num_cat=0
split_feature=19 13 41 21 41 16 49 38 26 26 21 16 22 26 26 22 42 25 47 22 50 38 47 25 16 26 20 2 26 21
split_gain=12971.6 1380.18 290.369 287.579 180.493 137.781 108.353 77.0921 67.2775 64.5304 55.8519 51.0671 50.4914 44.0933 44.0278 42.4065 40.2132 46.218 39.7402 39.6571 37.1529 36.4455 33.9162 32.8307 30.8683 29.7662 29.6993 24.3705 22.3152 19.0378
threshold=0.75000000000000011 2.5000000000000004 0.6343239424027175 18.500000000000004 0.50598892903556514 1.0000000180025095e-35 4.5214285714285731 2.5000000000000004 0.0023604272768445005 0.03789299120334786 14.500000000000002 3.8819444444444451 0.12499999999999996 0.032235078289124156 0.020038486185837801 0.12491987179487171 14.407142857142858 4.3723104274829216 6.5725963273325059 0.27507541478129721 3.2500000000000004 8.5000000000000018 -1.7219461357374828 5.5834030825639713 1.7613636363636365 0.026717122452737354 4.4000000000000012 -0.060268340127661552 0.024453681494238006 3.5000000000000004
decision_type=2 2 2 8 2 10 2 2 2 2 8 8 2 2 2 2 2 2 2 2 2 2 2 2 8 2 2 2 2 8
left_child=3 2 9 8 11 6 15 10 -1 24 25 28 -8 26 -12 18 17 20 -5 27 -10 -18 -19 -7 29 -4 -6 -9 -3 -2
right_child=1 4 7 5 13 23 12 19 16 -11 14 -13 -14 -15 -16 -17 21 22 -20 -21 -22 -23 -24 -25 -26 -27 -28 -29 -30 -31
leaf_value=-0.020846254077069221 0.008369913732304177 0.010599831123814352 0.0028952818487507702 -0.016906142609042538 0.0071422461322893952 -0.0074438791680715719 -0.021239736466813503 -0.013506701266330818 -0.015692820385556489 0.013059026379245213 -0.0040113472978758171 0.019024079971920946 0.0064362143627244104 0.01333129180495006 0.0018684941387613161 0.020742349591857858 0.012299853290041782 -0.010179384223901604 -0.0057534777048013144 0.0044508181045170656 -0.0063036669113238934 -0.011462243031155728 0.0055644617638278505 -0.021251110242004385 0.0084470717087772335 0.011453878721760151 -0.019845476866643699 -0.0049882799245537929 0.016150701243086818 0.00069824958875579701
leaf_weight=165.725670799613 177.67230836302042 435.87928619980812 465.88765405118465 2022.1185723170638 744.07022616267204 475.0917222648859 7522.6722121164203 218.74983493983746 342.44388865679502 857.5838788151741 830.91235359758139 4200.5447544753551 24.111765712499619 841.41829387098551 1302.907760605216 9.6143486350774747 72.936475172638893 85.995728023350239 146.57840217649937 115.44990305602551 362.40025492012501 35.650375261902809 138.67089917510748 82.234081476926804 1014.7803809940815 257.03625648468733 13.483573853969572 388.19204048812389 1330.6092171818018 482.75481367856264
leaf_count=1094 1243 4710 2268 14255 5936 2215 59592 892 1834 7941 3331 58480 86 8678 6265 37 291 333 810 430 1699 177 623 431 8262 1595 91 1512 15825 2844
internal_value=-0.00268362 0.0104733 0.00339803 -0.0183513 0.0161825 -0.0194367 -0.0199941 -0.000264739 -0.00903882 0.00857604 0.00120674 0.0177887 -0.0211461 0.0101536 -0.000414181 -0.0159702 -0.00707999 -0.00843095 -0.0161706 -0.00609227 -0.0109408 0.00422082 -0.000428694 -0.00961972 0.00624991 0.00600061 0.00655921 -0.00814255 0.0148126 0.00282079
internal_weight=25164.2 13677.9 6111.93 11486.2 7566.01 10282.4 9725.1 3579.14 1203.82 2532.79 2856.74 5967.03 7546.78 1598.97 2133.82 2178.31 1038.1 929.511 2168.7 722.392 704.844 108.587 224.667 557.326 1675.21 722.924 757.554 606.942 1766.49 660.427
internal_count=213780 130303 36583 83477 93720 77426 74780 16293 6051 20290 13459 79015 59678 14705 9596 15102 4957 4489 15065 2834 3533 468 956 2646 12349 3863 6027 2404 20535 4087
is_linear=0
shrinkage=0.02


Tree=92
num_leaves=31
num_cat=10
split_feature=15 13 41 0 41 38 0 24 26 38 0 0 26 28 39 0 38 13 13 0 0 25 26 0 26 13 28 0 0 26
split_gain=12624.3 1358.51 281.18 248.251 180.48 126.004 89.0149 88.5183 93.869 74.27 58.3767 54.2984 53.7783 51.3135 49.0376 46.9677 45.106 44.5631 41.4666 41.147 38.4849 34.9753 33.3524 32.9166 32.8753 30.1089 28.6724 24.8137 22.0137 19.8445
threshold=0.18750000000000003 2.5000000000000004 0.6343239424027175 0 0.50598892903556514 7.5000000000000009 1 0.64800579322638152 0.015708519889949705 2.5000000000000004 2 3 0.020038486185837801 105.00000000000001 0.93750000000000011 4 8.5000000000000018 4.5000000000000009 1.0000000180025095e-35 5 6 1.6761543611374872 0.022934691305066802 7 0.029561139873942901 16.500000000000004 55.000000000000007 8 9 0.015908411030283655
decision_type=2 2 2 1 2 2 1 2 2 2 1 1 2 2 2 1 2 2 2 1 1 2 2 1 2 2 2 1 1 2
left_child=3 2 6 7 17 23 -2 -1 -9 12 26 -6 13 -4 27 -14 18 28 -7 -11 -16 -12 -21 29 25 -13 -10 -8 -3 -5
right_child=1 4 9 5 11 16 14 8 10 19 21 24 15 -15 20 -17 -18 -19 -20 22 -22 -23 -24 -25 -26 -27 -28 -29 -30 -31
leaf_value=-0.021230858092813536 0.014858261633971017 0.011440174035769872 0.0042657486693526278 -0.0064655395324389568 0.0030471223444042727 -0.020197199726046909 0.0056905005317715238 -0.015936818309617306 -0.012574594276425183 -0.011166782434737158 0.014509923858966047 0.008921843518720423 -0.00039083490358116335 -0.0048556361263874023 0.0023867215353704221 0.0063167918003711196 -0.011968468818227104 0.019040520678003547 0.015407126105830367 -0.0069569709898388652 0.010701231679453518 -0.010514902228876378 0.004497003864276687 -0.01132089548992413 0.01504672020257377 -0.021221931377256899 0.0034971303526920208 -0.0019350685116947045 0.016975558489281235 0.010108689905979429
leaf_weight=256.8879032060504 648.18529423326254 718.45154979079962 348.16560564935207 52.771412312984467 382.28256335109472 9125.4946812018752 309.94385097920895 425.9790975600481 47.737803891301155 320.27345061302185 20.329468786716461 495.37618239223957 725.23370672017336 816.71219629049301 337.64544825255871 964.40654308348894 306.32342346012592 3780.542277880013 10.428960815072058 209.71912515163422 872.72562546283007 438.79373705387115 190.35329419374466 241.26230317354202 698.61054895073175 10.469194456934927 340.41720369458199 348.85587276518345 1379.9635571092367 55.912379205226898
leaf_count=1693 6187 8628 1567 223 3152 71657 2088 2211 197 1302 129 4042 3408 3338 2426 5146 1819 53337 43 798 7279 2645 734 1114 7441 70 1509 2310 17050 237
internal_value=-0.0026605 0.0103566 0.00334166 -0.0182482 0.0160747 -0.0194314 0.00845786 -0.010445 -0.00829026 -0.000259556 -0.00437967 0.0100281 0.001184 -0.0021083 0.00609549 0.00346532 -0.0198899 0.0176973 -0.0201493 -0.00598878 0.0085178 -0.00908006 -0.00142922 -0.00748993 0.0120888 0.00813723 0.00135351 0.00168857 0.0152441 0.00176634
internal_weight=24880.3 13557.9 6092.22 11322.3 7465.7 9792.19 2517.36 1530.15 1273.26 3574.86 847.278 1586.74 2854.52 1164.88 1869.17 1689.64 9442.25 5878.96 9135.92 720.346 1210.37 459.123 400.072 349.946 1204.46 505.845 388.155 658.8 2098.42 108.684
internal_count=213780 130303 36583 83477 93720 75093 20290 8384 6691 16293 4480 14705 13459 4905 14103 8554 73519 79015 71700 2834 9705 2774 1532 1574 11553 4112 1706 4398 25678 460
cat_boundaries=0 1 3 4 6 8 10 12 14 16 18
cat_threshold=40872 2161230344 2080 3840 117702912 393016 659226839 133230 2355560642 456182 218235938 267280 3063562240 268311 17313125 58395 1294338099 291856
is_linear=0
shrinkage=0.02


Tree=93
num_leaves=31
num_cat=8
split_feature=15 18 38 0 16 41 26 24 26 0 0 25 0 42 0 24 15 24 26 25 26 15 38 0 38 24 0 0 16 26
split_gain=12285.5 1341.65 257.287 248.649 158.629 156.892 93.8663 87.7493 91.793 72.0377 70.0751 67.8241 58.8056 56.8779 49.1173 47.3705 46.4398 44.5536 44.0617 43.0618 36.3889 36.1391 34.1216 33.6333 32.6496 26.6336 25.0393 23.9629 23.843 23.7477
threshold=0.18750000000000003 2.8750000000000004 1.5000000000000002 0 1.0000000180025095e-35 0.39851988391580934 0.029049534093724402 0.64800579322638152 0.015708519889949705 1 2 7.0914308043246042 3 0.53571428571428581 4 4.6876065643648772 4.3125000000000009 8.809640522875819 0.021808284169030454 5.1120831803488551 0.034435277063267059 1.6875000000000002 8.5000000000000018 5 11.500000000000002 4.7111632092450515 6 7 3.1306818181818183 0.054276175085942506
decision_type=2 2 2 1 10 2 2 2 2 1 1 2 1 2 1 2 2 2 2 2 2 2 2 1 2 2 1 1 8 2
left_child=3 2 6 7 24 16 12 -1 -9 11 -8 -7 21 19 18 -14 27 -13 25 -10 28 -2 -15 -6 -5 -4 -26 -3 -11 -12
right_child=1 5 14 4 23 9 10 8 13 20 29 17 15 22 -16 -17 -18 -19 -20 -21 -22 -23 -24 -25 26 -27 -28 -29 -30 -31
leaf_value=-0.021145250290997179 0.0041597617022995611 0.0095398260223703412 -0.0076417118909131755 -0.0201616134987283 -0.0023489178872005047 0.0064962081541109209 0.013213977474996412 -0.015779812820147586 -0.0058387714952030387 0.0052436202577664575 0.0034770746919037298 -0.034960672212906434 -0.00062463719916033475 0.0032944730877819172 -0.0068446886582008296 0.0060420846384709693 0.019172566597279554 0.0072960126292388131 0.0043052374060218177 -0.02120703758018893 0.016120771564205428 0.013705449087139047 -0.012944488477824336 -0.012859688153561569 0.00032326042328896461 0.0033667919752683319 -0.015779854709695597 0.016498805728842218 0.013511807644010316 0.010527504074331642
leaf_weight=252.82240341603756 356.630003079772 410.36771200597286 311.9318050891161 8927.6120160073042 231.13376791775227 459.898003667593 922.89178181439638 421.68636883050203 334.95213193446398 292.9297152236104 740.63187925517559 24.691987551748753 1292.4135654270649 357.91549681127071 792.46162420511246 629.71161180734634 3661.6967323347926 13.143326520919798 457.0307864844799 94.412045404314995 884.15803744643927 301.27756513655186 57.23984506726265 316.28209917992353 62.366031534969807 117.04503153264523 105.70264854282141 1209.4654329866171 296.90082779526711 265.271872587502
leaf_count=1693 2000 4837 1160 71365 1017 4184 7909 2211 2073 2508 5343 132 7171 1560 2972 3885 52975 134 1918 582 9967 2567 265 1605 443 465 663 15027 3072 2077
internal_value=-0.00263676 0.0102409 0.00339268 -0.0181434 -0.0193403 0.0160761 0.00588159 -0.0103136 -0.00817146 0.0112028 0.0092229 0.00422282 0.00336812 -0.00430644 -0.0032799 0.00154705 0.0178842 -0.0203341 0 -0.00938803 0.0134134 0.00847544 0.00093088 -0.0087714 -0.0199924 -0.00458925 -0.0106901 0.0149295 0.0094866 0.00532916
internal_weight=24602.7 13440.5 6187.3 11162.1 9643.1 7253.25 4508.83 1519.03 1266.21 1971.72 1928.8 497.733 2580.03 844.52 1678.47 1922.13 5281.53 37.8353 886.008 429.364 1473.99 657.908 415.155 547.416 9095.68 428.977 168.069 1619.83 589.831 1005.9
internal_count=213780 130303 37467 83477 75093 92836 30952 8384 6691 19997 15329 4450 15623 4480 6515 11056 72839 266 3543 2655 15547 4567 1825 2622 72471 1625 1106 19864 5580 7420
cat_boundaries=0 1 3 5 7 9 11 13 15
cat_threshold=40872 84410882 220796 2868500108 67663 1089585160 192 1943337741 77314 3204071440 262207 1077952515 462085 723648563 266256
is_linear=0
shrinkage=0.02


Tree=94
num_leaves=31
num_cat=9
split_feature=15 13 21 41 41 16 0 0 22 13 22 0 16 22 24 2 39 0 25 0 0 0 22 50 0 38 27 0 47 19
split_gain=11955.5 1320.29 292.959 265.701 180.07 144.915 115.291 86.9291 70.2352 96.1565 59.3973 55.7738 54.3665 53.9223 51.4343 84.376 47.378 42.8467 42.76 42.3591 37.489 37.0489 31.429 28.6666 23.9876 23.7668 36.4436 43.2793 24.8299 23.1121
threshold=0.18750000000000003 2.5000000000000004 3.5000000000000004 0.6343239424027175 0.5163977794943222 1.0000000180025095e-35 0 1 0.2583683473389356 1.0000000180025095e-35 0.12499999999999996 2 3.8819444444444451 0.11313025210084031 0.79852133160956706 0.78574730703237894 0.93750000000000011 3 1.0339370996192301 4 5 6 0.12491987179487171 0.25000000000000006 7 8.5000000000000018 2.2743402850171588 8 0.2073168749677792 2.7500000000000004
decision_type=2 2 8 2 2 10 1 1 2 2 2 1 8 2 2 2 2 1 2 1 1 1 2 2 1 2 2 1 2 2
left_child=2 3 14 7 12 6 22 -2 9 13 -8 -6 -3 -5 15 18 24 -11 -1 -10 -18 -7 23 -4 -9 26 28 -28 -16 -21
right_child=1 4 5 8 11 21 10 16 19 17 -12 -13 -14 -15 25 -17 20 -19 -20 29 -22 -23 -24 -25 -26 -27 27 -29 -30 -31
leaf_value=-0.019587854020418731 0.014624667994038092 0.014408737857226923 0.0037092410660847929 -0.0094279474293660834 0.0025387653116302152 -0.0012431128894222173 -0.020833397023387934 0.005631536668818762 0.010569538847296719 0.0063004946084749174 0.0081495372134834636 0.011824868301641122 0.018802243649249147 -0.0017083361417173071 -0.012717851791249783 -0.021011865585527544 0.0022417779952564974 -0.00095199398564169222 0.0060909893035602236 -0.0037209760604897681 0.010469318119806106 -0.01260269899884095 0.02017668905340568 -0.014623009278824319 -0.0018981990663231002 -0.013153338845840868 0.0056662762286775661 -0.0095059198439045658 -0.00038570347743509351 0.0050682164388735282
leaf_weight=32.525709807872772 634.84939423203468 1727.9783325269818 32.129330143332481 676.75432714819908 368.82265561074018 185.93898615241051 7925.1275701597333 297.87610419839621 309.38870174437761 554.32862128317356 25.936985552310944 1156.5286246016622 4021.2935113981366 794.08986085653305 194.66208286583424 249.7228831499815 335.76206713169813 754.57360821962357 92.490924581885338 215.23058690875769 860.75437530130148 379.07392893731594 7.7631742358207694 1325.0552511438727 357.85370181500912 124.16469138860703 232.01047401130199 95.358502708375454 102.91365461796522 259.52547141164541
leaf_count=233 6187 20764 201 2591 3053 810 65614 2023 1612 3051 93 11253 58650 2997 876 1675 2426 3788 478 884 7279 1911 30 9071 2375 556 960 456 513 1370
internal_value=-0.00261338 0.0101253 -0.0180388 0.00321609 0.0158659 -0.0191415 -0.019741 0.00822892 -0.00028054 -0.00177762 -0.0207073 0.00969599 0.0174934 -0.00528576 -0.00830058 -0.0143602 0.00589532 0.00215239 -0.00073614 0.00498765 0.00829456 -0.00916967 -0.0138123 -0.0141671 0.00155869 -0.00519749 -0.00352967 0.00102385 -0.00856586 0.00102204
internal_weight=24330.5 13325.6 11004.9 6050.99 7274.62 9881.03 9316.01 2487.1 3563.89 2779.75 7951.06 1525.35 5749.27 1470.84 1123.85 374.74 1852.25 1308.9 125.017 784.145 1196.52 565.013 1364.95 1357.18 655.73 749.109 624.945 327.369 297.576 474.756
internal_count=213780 130303 83477 36583 93720 77730 75009 20290 16293 12427 65707 14306 79414 5588 5747 2386 14103 6839 711 3866 9705 2721 9302 9272 4398 3361 2805 1416 1389 2254
cat_boundaries=0 2 4 6 8 10 12 14 16 17
cat_threshold=8108 98304 2161230344 2080 117702912 393016 144989609 42593 3805334021 266942 218235938 267280 2801139984 262207 17313125 58387 15207936
is_linear=0
shrinkage=0.02


Tree=95
num_leaves=31
num_cat=8
split_feature=15 18 21 13 41 16 0 39 0 26 25 0 0 0 15 0 30 26 2 30 15 0 14 26 30 31 30 30 38 0
split_gain=11635.9 1303.36 292.361 270.494 156.682 145.317 116.528 85.9725 70.786 70.3236 65.422 61.3332 56.1694 54.7544 47.2959 43.0221 67.8186 66.4812 50.2307 42.6116 36.7573 36.1313 34.6935 34.0066 29.8112 29.3861 44.2 27.316 28.1223 24.4274
threshold=0.18750000000000003 2.8750000000000004 3.5000000000000004 1.5000000000000002 0.39851988391580934 1.0000000180025095e-35 0 0.86607142857142871 1 0.0023604272768445005 7.0914308043246042 2 3 4 4.3125000000000009 5 0.75862504825077981 0.016883707070932154 0.78574730703237894 8.7550330970287877 3.9375000000000004 6 1.5000000000000002 0.016883707070932154 2.3785173124874395 1.092858233108261 1.044136750931705 3.6756140860373634 11.500000000000002 7
decision_type=2 2 8 2 2 10 1 2 1 2 2 1 1 1 2 1 2 2 2 2 2 1 2 2 2 2 2 2 2 1
left_child=2 3 9 7 14 6 25 12 10 -1 -6 -5 -2 -9 29 24 18 -18 -17 -12 -10 -7 -13 -14 -11 -4 -27 -8 -29 -3
right_child=1 4 5 11 8 21 27 13 20 15 19 22 23 -15 -16 16 17 -19 -20 -21 -22 -23 -24 -25 -26 26 -28 28 -30 -31
leaf_value=-0.020540601124581098 0.0042279275120495801 0.0092626231427543684 -0.021849654208744653 0.011407893587343277 0.0062749122994267019 -0.0012206092108206007 -0.02111226835146494 0.0088909079451146445 0.009267540222993538 0.014351287297000042 -0.034430948663429481 0.0014950245143692032 -0.0074213096626169432 0.00014010605376467287 0.019034179125258222 0.0015983813593112607 -0.010168404085525638 0.0027253772724842307 -0.021195554620757836 0.0070756957054555316 0.015970653987281241 -0.012454860263826053 0.0077804064670348918 -0.0019218986006793964 -0.0090428270293644499 -0.018676675088126954 -0.0099696840469259522 -0.017808243273538218 -0.00039132963781399232 0.016297483441699095
leaf_weight=156.99681757390499 383.40912017971277 402.65096615254879 167.90846633166075 1207.7568962723017 454.67870450764894 185.82059840857983 6954.4509155377746 500.56939356029034 589.76709973067045 64.65891769528389 24.621730633080006 614.44458980858326 742.41341665387154 667.90857385843992 3546.4518355503678 45.95377355068922 333.05910908430815 299.78104363381863 188.48035287857056 12.950874000787733 856.12857960909605 376.08660004287958 851.90734116733074 1176.6232890710235 28.611405089497566 344.86003424227238 837.7148157581687 822.39621293544769 41.432941429316998 1178.3499649092555
leaf_count=1094 1721 4837 1155 10296 4184 810 58518 3070 5423 260 132 4012 2901 3441 52975 276 1528 1230 1234 134 10124 1911 6945 5081 125 2414 5733 6868 321 15027
internal_value=-0.00259018 0.010012 -0.0179371 0.00326923 0.0158695 -0.0190519 -0.01966 -0.000409213 0.0109667 -0.00818673 0.00402516 0.00804632 -0.00265592 0.00399623 0.0177113 -0.00608912 -0.00744345 -0.00404503 -0.0166795 -0.0201658 0.0131842 -0.00904343 0.00513375 -0.00404706 0.00625891 -0.0136803 -0.0125665 -0.0206408 -0.0170002 0.0147008
internal_weight=24058.8 13210.6 10848.2 6145.03 7065.6 9730.67 9168.76 3470.92 1938.15 1117.54 492.251 2674.11 2302.45 1168.48 5127.45 960.545 867.274 632.84 234.434 37.5726 1445.9 561.907 1466.35 1919.04 93.2703 1350.48 1182.57 7818.28 863.829 1581
internal_count=213780 130303 83477 37467 92836 77730 75009 16214 19997 5747 4450 21253 9703 6511 72839 4653 4268 2758 1510 266 15547 2721 10957 7982 385 9302 8147 65707 7189 19864
cat_boundaries=0 2 4 6 8 10 11 13 15
cat_threshold=8108 98304 84410882 220796 3765552781 237763 1673547776 2560 1509284824 66177 7340032 2801139984 262207 723648563 266256
is_linear=0
shrinkage=0.02


Tree=96
num_leaves=31
num_cat=10
split_feature=15 13 21 41 41 16 0 0 22 13 22 16 0 22 24 49 39 0 0 0 0 25 22 50 28 38 0 0 22 0
split_gain=11323.7 1280.52 291.499 251.119 179.847 145.657 117.732 85.1983 67.1803 90.9749 59.6305 53.4192 51.9631 51.8568 49.8079 90.3764 45.6343 41.2473 40.8859 36.3952 35.4281 32.9744 30.7296 28.4116 27.4604 41.3749 25.798 23.5015 22.6611 25.2489
threshold=0.18750000000000003 2.5000000000000004 3.5000000000000004 0.6343239424027175 0.50598892903556514 1.0000000180025095e-35 0 1 0.2583683473389356 1.0000000180025095e-35 0.12499999999999996 3.8819444444444451 2 0.11313025210084031 0.79852133160956706 8.3214285714285747 0.93750000000000011 3 4 5 6 1.0339370996192301 0.12491987179487171 0.25000000000000006 121.50000000000001 8.5000000000000018 7 8 0.19444444444444448 9
decision_type=2 2 8 2 2 10 1 1 2 2 2 8 1 2 2 2 2 1 1 1 1 2 2 2 2 2 1 1 2 1
left_child=2 3 14 7 11 6 22 -2 9 13 -8 28 -6 -5 15 -1 27 -11 -10 -18 -7 -17 23 -4 -16 26 -26 -9 -3 -30
right_child=1 4 5 8 12 20 10 16 18 17 -12 -13 -14 -15 24 21 19 -19 -20 -21 -22 -23 -24 -25 25 -27 -28 -29 29 -31
leaf_value=-0.020899217794885447 0.014407423921014918 0.015503403656935628 0.003943555311187185 -0.009251669291318489 0.0027055856460014324 -0.013062451893500067 -0.020704090170509101 0.0053734417589257786 0.010372898257299725 0.0061520797145533162 0.0083332505123304354 0.018658851872814342 0.01161246617293611 -0.0016698948510990392 -0.0078415426505920836 -0.01862299958563933 0.002108105509592994 -0.00097532099361048816 0.00097215888358756595 0.010236274569118128 -0.0023906093969125832 0.0059158193767613601 0.020038014167877698 -0.01436873165110745 0.0084287312229023911 -0.015332632852228046 -0.005898729112911282 -0.002079064870702022 0.00026308269986508845 0.012585004219677707
leaf_weight=248.40624049305916 622.6719428524375 1298.7562037035823 31.871197745203972 673.76797670125961 376.74949838966131 323.65368867665529 7662.2634369879961 305.78746261447668 307.37922896444798 551.36154157668352 25.92994886636734 3883.3175749406219 1163.9989241957664 793.26456572115421 482.76234162598848 25.383760526776314 333.99977690726519 753.71467504650354 473.59841780364513 848.96055170148611 235.1914795935154 92.674362890422344 7.7650712430477133 1296.9729919061065 147.61910156905651 51.618089899420738 62.35306391119957 347.01880701631308 103.42065382003784 262.57241855561733
leaf_count=1714 6187 16259 201 2591 3152 1680 65614 2088 1612 3051 93 58480 11553 2997 2251 195 2426 3788 2254 7279 1041 477 30 9071 588 233 289 2310 1147 3129
internal_value=-0.00256694 0.00989703 -0.0178352 0.00310037 0.0156542 -0.0189616 -0.0195781 0.00801062 -0.00029538 -0.00176091 -0.0205736 0.0173398 0.00954972 -0.00517738 -0.00807496 -0.0141199 0.0057007 0.00206731 0.00486788 0.00807344 -0.00891856 0.000143745 -0.0135489 -0.0139066 -0.0050274 0.000120521 0.00417579 0.00144019 0.014223 0.00953597
internal_weight=23794.8 13100.3 10694.5 6011.52 7088.82 9583.65 9024.8 2458.44 3553.09 2772.11 7688.19 5548.07 1540.75 1467.03 1110.82 366.464 1835.77 1305.08 780.978 1182.96 558.845 118.058 1336.61 1328.84 744.353 261.59 209.972 652.806 1664.75 365.993
internal_count=213780 130303 83477 36583 93720 77730 75009 20290 16293 12427 65707 79015 14705 5588 5747 2386 14103 6839 3866 9705 2721 672 9302 9272 3361 1110 877 4398 20535 4276
cat_boundaries=0 2 4 6 8 10 12 14 15 17 19
cat_threshold=8108 98304 2161230344 2080 117702912 393016 144989609 42593 3805334021 266942 218235938 267280 1090584783 262080 527872 17313125 58395 1459884082 277556
is_linear=0
shrinkage=0.02


Tree=97
num_leaves=31
num_cat=7
split_feature=15 15 21 13 41 16 0 39 26 0 0 15 0 0 42 24 26 25 2 49 24 0 16 26 28 24 26 20 24 0
split_gain=11020.6 1261.44 290.85 228.423 189.005 145.986 118.954 82.9294 69.3976 61.0985 56.9823 56.3672 55.3712 49.0442 45.3877 67.0838 66.1131 44.7478 48.1099 44.0508 39.398 36.7575 35.9224 34.0448 30.0999 45.9851 28.3212 29.6742 28.2018 27.7247
threshold=0.18750000000000003 2.6875000000000004 3.5000000000000004 1.5000000000000002 0.45738358950897134 1.0000000180025095e-35 0 0.86607142857142871 0.0023604272768445005 1 2 4.3125000000000009 3 4 14.407142857142858 0.79852133160956706 0.016883707070932154 7.0914308043246042 -0.85421994577343319 8.3214285714285747 2.3479430988081513 5 1.7613636363636365 0.016883707070932154 55.000000000000007 0.9987745098039218 0.057701027493838007 4.7500000000000027 3.6764705882352944 6
decision_type=2 2 8 2 2 10 1 2 2 1 1 2 1 1 2 2 2 2 2 2 2 1 10 2 2 2 2 2 2 1
left_child=2 3 8 7 11 6 24 13 -1 17 22 29 -9 -2 15 19 -17 -6 -19 -10 -16 -7 -5 -15 -4 -26 27 -11 -8 -3
right_child=1 4 5 10 9 21 28 12 14 26 -12 -13 -14 23 20 16 -18 18 -20 -21 -22 -23 -24 -25 25 -27 -28 -29 -30 -31
leaf_value=-0.020400978153324093 0.0055333075528432455 0.0094936043162040275 -0.021051349632229998 0.00040362236018117765 0.0056615531936581621 -0.0018892563607014862 -0.020994708595587094 -0.0011039250114555127 -0.020460462975547253 0.011167482218337467 0.010321823311122816 0.018720190971468948 0.0076023868396655264 -0.0068824974237460621 0.015741502316293562 -0.0098425900993382946 0.0032021335894403158 -0.034672780921837551 0.0041106702680291565 0.0006576876630859786 -0.010601151809901408 -0.012825896196292305 0.0077846103879547403 -0.001544148193742298 -0.018466627132823689 -0.0094412746863665811 0.018594689136470107 -0.011168512515984379 -0.016766346791329396 0.016024115830651605
leaf_weight=153.03333939611912 250.88271823525429 534.56802999973297 192.02505539357662 549.16129840910435 530.92948587983847 221.72950293123722 6721.4116573780775 503.38246407359838 192.95324730873108 824.48112368583679 1369.4071078002453 3665.760114736855 673.70689705759287 795.76350858062506 64.392108961939812 330.81421705335379 285.56395117938519 20.913670986890793 24.614833444356918 46.984176948666573 30.817797586321831 334.10633434355259 516.11802217364311 1227.7293358594179 334.32326358556747 796.24740307033062 240.94095195829868 21.308363884687424 838.11183819174767 1239.7998120933771
leaf_count=1094 1187 6517 1357 3529 4650 983 58518 2562 1292 8270 11503 56158 4014 3108 257 1534 1154 100 222 280 136 1738 4249 5274 2400 5545 2821 197 7189 15942
internal_value=-0.00254356 0.00978503 -0.017734 0.00293179 0.0154575 -0.0188726 -0.0194978 -0.000372622 -0.00796245 0.00950231 0.00761909 0.0172682 0.00392391 -0.00260729 -0.00588319 -0.00735236 -0.00378053 0.00391416 -0.0143346 -0.0162858 0.00694783 -0.00879581 0.00397299 -0.0036425 -0.0134177 -0.0121696 0.0122806 0.0105437 -0.0205083 0.0142308
internal_weight=23532 12989.5 10542.5 5886.15 7103.32 9437.96 8882.12 3451.46 1104.56 1663.19 2434.69 5440.13 1177.09 2274.38 951.525 856.316 616.378 576.458 45.5285 239.937 95.2099 555.836 1065.28 2023.49 1322.6 1130.57 1086.73 845.789 7559.52 1774.37
internal_count=213780 130303 83477 35426 94877 77730 75009 16145 5747 16260 19281 78617 6576 9569 4653 4260 2688 4972 322 1572 393 2721 7778 8382 9302 7945 11288 8467 65707 22459
cat_boundaries=0 2 4 6 8 10 12 14
cat_threshold=8108 98304 520880386 98172 395184434 268092 604111879 449626 54546432 512 3203793200 262207 2065826355 267264
is_linear=0
shrinkage=0.02


Tree=98
num_leaves=31
num_cat=6
split_feature=19 18 21 13 41 16 0 39 0 26 22 0 0 0 18 23 42 24 26 24 49 26 0 26 28 24 38 26 43 16
split_gain=10724.4 1245.97 289.935 247.196 156.28 140.868 119.629 77.2238 68.8851 65.2166 59.9415 58.8486 52.1624 51.5747 48.048 37.5523 37.2173 60.5881 48.8211 47.5087 43.5047 37.1805 36.5013 31.3232 30.1865 46.302 26.4861 25.8757 24.3792 23.8908
threshold=0.75000000000000011 2.8750000000000004 18.500000000000004 1.5000000000000002 0.39851988391580934 1.0000000180025095e-35 0 0.86607142857142871 1 0.0023604272768445005 0.12499999999999996 2 3 4 4.6250000000000009 0.62500000000000011 14.407142857142858 0.79852133160956706 0.016883707070932154 2.3479430988081513 8.3214285714285747 0.034435277063267059 5 0.016883707070932154 55.000000000000007 0.9987745098039218 11.500000000000002 0.016596553965101554 37.20000000000001 3.1306818181818183
decision_type=2 2 8 2 2 10 1 2 1 2 2 1 1 1 2 2 2 2 2 2 2 2 1 2 2 2 2 2 2 8
left_child=2 3 9 7 14 6 24 12 28 -1 26 -5 -2 -9 -3 27 17 20 -19 -18 -11 29 -7 -14 -4 -26 -8 -13 -6 -10
right_child=1 4 5 11 8 22 10 13 21 16 -12 15 23 -15 -16 -17 19 18 -20 -21 -22 -23 -24 -25 25 -27 -28 -29 -30 -31
leaf_value=-0.020311894083130957 0.0041011957659232053 0.014666373790490992 -0.02097229180550151 0.011045904592851234 0.0046246932827413876 -0.0016617573493608218 -0.020703956029404433 0.0085678422324013941 0.0045215703759829817 -0.020367589489135817 0.0085261673238753288 -0.0039286346188734753 -0.0071260322711128319 4.1653640334012162e-05 0.018967140156585353 0.0088528343533788405 0.015361920716171555 -0.0096514520192172645 0.0011905841625256279 -0.011054747890957926 0.00064504165471348889 0.01564803849234735 -0.012764563331650935 -0.0018427340154971578 -0.018360268134343261 -0.0092324758029452125 -0.0073403432204956435 0.0041374818209483554 -0.0208136548556788 0.012937235876500782
leaf_weight=150.66738574951887 382.05381390452385 1745.9168589487672 188.93631067126989 1180.9451350048184 471.8692103177309 211.43676047027111 7317.8822862803936 494.12257490307093 283.36431841552258 189.99982465058565 25.922008618712425 203.38386906683445 741.23135423660278 665.68114630132914 3159.4713580831885 575.41896534711123 64.734139338135719 332.73387315124273 321.9852836355567 42.051571547985077 47.005764782428741 838.87704671919346 324.25937923789024 1174.9583266079426 329.59972296655178 777.53251039981842 68.744418032467365 669.83520508557558 12.383934587240217 283.19888870418072
leaf_count=1094 1721 23219 1357 10296 4359 940 64898 3070 2508 1292 93 1153 2901 3441 49620 4692 257 1553 1364 211 280 9967 1706 5081 2400 5471 561 5112 91 3072
internal_value=-0.00252056 0.0096713 -0.0176327 0.00309348 0.0155574 -0.0188128 -0.019428 -0.000416253 0.010613 -0.00809846 -0.0204498 0.00771177 -0.00254379 0.00377812 0.0174504 0.00485324 -0.00618025 -0.00752419 -0.00430791 0.00475921 -0.0161608 0.0128389 -0.00872092 -0.00388457 -0.0132752 -0.0120102 -0.0205853 0.00222894 0.00373236 0.00880928
internal_weight=23276.2 12882.7 10393.5 6087.63 6795.08 9244.31 8708.62 3458.05 1889.69 1149.18 7412.55 2629.58 2298.24 1159.8 4905.39 1448.64 998.51 891.725 654.719 106.786 237.006 1405.44 535.696 1916.19 1296.07 1107.13 7386.63 873.219 484.253 566.563
internal_count=213780 130303 83477 37467 92836 77426 74780 16214 19997 6051 65552 21253 9703 6511 72839 10957 4957 4489 2917 468 1572 15547 2646 7982 9228 7871 65459 6265 4450 5580
cat_boundaries=0 2 4 6 8 10 12
cat_threshold=428 98304 84410882 220796 3765552781 237763 1673547776 2560 1509284824 66177 3202220336 262207
is_linear=0
shrinkage=0.02


Tree=99
num_leaves=31
num_cat=7
split_feature=15 18 21 38 41 16 0 0 0 22 23 25 22 15 15 30 49 22 0 16 30 22 15 0 0 0 25 22 47 21
split_gain=10435.8 1225.32 289.307 213.703 156.449 146.495 121.308 82.6509 67.6867 63.0009 65.1908 61.1117 59.0248 50.676 48.9719 47.3055 89.8041 46.2986 42.2569 40.843 39.8966 37.9342 37.0395 33.411 32.3592 32.1713 31.2773 30.08 30.245 25.606
threshold=0.18750000000000003 2.8750000000000004 3.5000000000000004 1.5000000000000002 0.39851988391580934 1.0000000180025095e-35 0 1 2 0.24999999999999997 0.62500000000000011 7.0914308043246042 0.12499999999999996 1.9375000000000002 4.3125000000000009 0.75862504825077981 8.3214285714285747 0.08928571428571426 3 2.077380952380953 8.7550330970287877 0.055043993403813107 3.9375000000000004 4 5 6 1.0339370996192301 0.12491987179487171 6.5725963273325059 11.500000000000002
decision_type=2 2 8 2 2 10 1 1 1 2 2 2 2 2 2 2 2 2 1 10 2 2 2 1 1 1 2 2 2 8
left_child=2 3 15 7 14 6 27 13 11 10 18 -6 -8 29 -3 16 -1 24 -5 -19 -13 -12 -10 -7 -9 -11 -18 28 -4 -2
right_child=1 4 5 9 8 23 12 17 22 25 21 20 -14 -15 -16 -17 26 19 -20 -21 -22 -23 -24 -25 -26 -27 -28 -29 -30 -31
leaf_value=-0.021124304417200028 0.010115877296158751 0.014239459786198004 -0.014591633384313341 -0.0039207134812957326 0.0058680628005965078 -0.0002925049119146309 -0.020514478758691692 0.0017912753904779494 0.0087394908758183475 -0.0024718591590626284 -0.0036152522339969735 -0.033624438921886338 0.0083711984787522495 0.014547935355170089 0.018755740477328083 -0.0048485782206424853 -0.018358443102712382 -0.00078396121360890943 -0.013176626039911493 0.0054426510940888389 0.0067859583877086082 0.012698263610131145 0.015574780833069036 -0.01154947422257198 0.0086702238154887264 0.0067087776751564064 0.0059666490077857227 0.020044153087161756 -0.0043453353537302756 0.0027455601118150227
leaf_weight=227.05082607269287 375.03074216097593 1506.8124653398991 1150.389053016901 465.4673528149724 445.80674661695957 159.425881549716 7283.1972311884165 442.56753384321928 572.65553148090839 290.47014443576336 123.86510306596756 24.440042592585087 25.929302588105202 517.03286645561457 3325.934722468257 749.02484068274498 24.246467635035515 1158.8572055473924 392.92976708710194 654.87214139103889 12.702296257019041 99.250326558947563 818.89221639186144 390.55494776368141 853.58554807305336 295.3380683735013 90.856796339154243 7.7647641599178305 137.92914748191833 401.57545819878578
leaf_count=1657 2596 19864 8462 1791 4184 695 65614 2885 5423 1117 491 132 93 5166 52975 3427 195 6672 1525 5107 134 416 10124 2026 6077 1175 468 30 810 2449
internal_value=-0.00249773 0.0095577 -0.0175322 0.00304141 0.0154487 -0.0186945 -0.019337 0.00535106 0.010487 -0.00304524 -0.00590585 0.00366474 -0.020378 0.00959737 0.0173614 -0.00773741 -0.0139064 0.00352855 -0.00841043 0.00145851 -0.019832 0.00362537 0.0127099 -0.00855596 0.00642691 0.00220519 0.00033706 -0.0131592 -0.0135228 0.00635564
internal_weight=23024.5 12778.1 10246.4 6070.84 6707.24 9155.19 8605.21 4403.52 1874.5 1667.32 1081.51 482.949 7309.13 1293.64 4832.75 1091.18 342.154 3109.88 858.397 1813.73 37.1423 223.115 1391.55 549.981 1296.15 585.808 115.103 1296.08 1288.32 776.606
internal_count=213780 130303 83477 37467 92836 77730 75009 30952 19997 6515 4223 4450 65707 10211 72839 5747 2320 20741 3316 11779 266 907 15547 2721 8962 2292 663 9302 9272 5045
cat_boundaries=0 2 4 6 8 10 12 14
cat_threshold=8108 98304 2700198408 195 84410882 220796 1944386428 101888 2763391248 262206 50465027 262952 3125097842 105541
is_linear=0
shrinkage=0.02


Tree=100
num_leaves=31
num_cat=7
split_feature=15 13 21 41 16 16 0 0 26 26 0 24 26 26 0 41 23 0 42 24 26 24 49 21 50 42 24 0 38 0
split_gain=10154.4 1207.89 288.807 225.349 178.674 141.421 121.975 83.3942 64.5246 62.4666 57.1294 49.0627 47.2194 43.7652 42.4252 39.4675 36.0883 35.7724 35.4948 58.7966 47.6252 45.1069 42.1729 34.168 32.5046 48.6265 35.0402 31.057 30.9707 28.6022
threshold=0.18750000000000003 2.5000000000000004 18.500000000000004 0.6343239424027175 3.0208333333333335 1.0000000180025095e-35 0 1 0.0023604272768445005 0.021808284169030454 2 4.6876065643648772 0.029715279138194401 0.017154390559353454 3 0.28571428571428564 0.37500000000000006 4 14.407142857142858 0.79852133160956706 0.015708519889949705 2.3479430988081513 8.3214285714285747 6.5000000000000009 0.25000000000000006 -8.7999999999999989 0.9987745098039218 5 11.500000000000002 6
decision_type=2 2 8 2 8 10 1 1 2 2 1 2 2 2 1 2 2 1 2 2 2 2 2 8 2 2 2 1 2 1
left_child=2 3 8 7 12 6 24 -2 -1 11 -11 23 14 -9 -3 -6 -16 -7 19 22 -21 -20 -10 -5 25 -4 -26 -13 -8 -17
right_child=1 4 5 9 15 17 28 13 18 10 -12 27 -14 -15 16 29 -18 -19 21 20 -22 -23 -24 -25 26 -27 -28 -29 -30 -31
leaf_value=-0.020179697668878831 0.013370363305024795 0.010689615090502791 -0.017505195323396283 -1.3747380126352821e-05 0.018704394060031163 -0.0013809438647276215 -0.020482549824994162 -0.0011428314615339755 -0.020185562517435973 -0.0024877659821460206 0.0047563059754616053 0.0072860680136986955 0.012965980707505334 0.006716626698085152 -0.0055981353866807531 0.010443514088090917 0.0062222832438536711 -0.012439377796510304 0.014975673228281401 -0.0098377119452581607 0.0009160252836605755 -0.010823211335906992 0.00053058655843524997 -0.0075060189014069566 -0.019399536107350974 0.030540566145014936 -0.011483447594875641 -0.002691826516430817 -0.0062880225580311915 0.016810831481194548
leaf_weight=146.95002172887325 702.5439844429493 449.30311135202646 13.255093663930893 349.3900141119957 3048.4785243086517 205.48510512709618 7096.4887502789497 352.39792463183403 184.20920906960964 669.26365113258362 1193.7758962363005 230.82365012168884 976.50569081306458 1347.7421193867922 160.81696307659149 627.11221405118704 273.47879975289106 324.51929757744074 65.050980612635612 306.50619506090879 344.68919359892607 41.55157333612442 47.204475186765194 843.07473538070917 323.64114444702864 14.249263897538185 918.59111778438091 243.55626775324345 69.418243266642094 1204.3624927066267
leaf_count=1094 7109 4325 84 1612 48655 911 64983 2089 1292 3105 6140 1057 11105 11092 1182 8505 2595 1735 257 1453 1464 211 280 3353 2429 95 6620 1026 569 17353
internal_value=-0.0024752 0.00944628 -0.0174309 0.0028584 0.0152381 -0.018637 -0.0192695 0.00757928 -0.00787215 -0.000352999 0.00215563 -0.00316771 0.00991107 0.00504703 0.00647993 0.0172572 0.0017511 -0.00848069 -0.00596819 -0.00729286 -0.0041369 0.0047163 -0.0159218 -0.00533307 -0.0130171 0.00728597 -0.0136037 0.00223284 -0.0203222 0.0148107
internal_weight=22774.4 12672.6 10101.8 5932.57 6740.06 8965.65 8435.64 2402.68 1136.16 3529.88 1863.04 1666.84 1860.1 1700.14 883.599 4879.95 434.296 530.004 989.212 882.609 651.195 106.603 231.414 1192.46 1269.74 27.5044 1242.23 474.38 7165.91 1831.47
internal_count=213780 130303 83477 36583 93720 77426 74780 20290 6051 16293 9245 7048 19207 13181 8102 74513 3777 2646 4957 4489 2917 468 1572 4965 9228 179 9049 2083 65552 25858
cat_boundaries=0 2 4 6 8 10 12 14
cat_threshold=428 98304 3234972168 68128 608772290 146551 3539190342 34502 3068002608 262207 3002885112 9731 788799907 359772
is_linear=0
shrinkage=0.02


Tree=101
num_leaves=31
num_cat=6
split_feature=15 13 21 39 18 16 0 0 26 26 0 22 24 21 23 0 42 24 26 3 24 0 28 24 16 22 0 26 21 24
split_gain=9880.37 1187.71 288.072 215.304 179.209 146.923 123.567 84.6367 66.8884 65.2731 62.684 59.3336 56.1893 55.2293 44.8387 51.303 40.0945 62.8764 60.786 41.4523 34.5129 34.3413 30.8061 45.5966 28.0655 26.7355 25.8147 24.9358 30.6144 24.8699
threshold=0.18750000000000003 2.5000000000000004 3.5000000000000004 0.93750000000000011 3.6250000000000004 1.0000000180025095e-35 0 1 0.0023604272768445005 0.016883707070932154 2 0.12499999999999996 4.6876065643648772 10.500000000000002 0.37500000000000006 3 14.407142857142858 0.79852133160956706 0.015908411030283655 -0.61559370248597534 2.3479430988081513 4 55.000000000000007 0.9987745098039218 7.5208333333333348 0.12499999999999996 5 0.049377376806818453 2.5000000000000004 3.6764705882352944
decision_type=2 2 8 2 2 10 1 1 2 2 1 2 2 8 2 1 2 2 2 2 2 1 2 2 8 2 1 2 8 2
left_child=2 3 8 7 14 6 22 25 -1 12 -5 29 -9 -11 15 -3 17 19 -19 -10 -18 -7 -4 -24 -6 -2 -16 -12 -29 -8
right_child=1 4 5 10 24 21 11 9 16 13 27 -13 -14 -15 26 -17 20 18 -20 -21 -22 -23 23 -25 -26 -27 -28 28 -30 -31
leaf_value=-0.020092208578017891 0.0016550233486025106 0.00067268845129261835 -0.020804004193614296 0.013707099743116808 0.016179104474993045 -0.0015519436588910963 -0.020839109113767074 -0.0067846205859917299 0.00045088336588956584 0.0072028496988597243 0.0036314922378158222 0.0085696516372920292 0.0022862591128967511 -1.7024006412387783e-05 0.007073057892498731 0.011100688271219432 0.014620953631570885 -0.0096874109689131203 0.0028506331781871512 -0.0200927579247995 -0.010116928955291675 -0.01222087054871861 -0.018074032378795925 -0.0088864720388983597 0.019731476377379046 0.013045765055165618 0.014224889925135875 -0.017928003906767603 0.013947933724974064 -0.016673161146173308
leaf_weight=144.67406298965216 126.61063854396343 361.80497126281261 182.30917272716761 682.89799880236387 2907.5775101967156 215.29989892244339 6265.8268486559391 906.97693680971861 47.372333109378815 523.94968184828758 703.26898376643658 25.919411242008209 384.52617789059877 2137.3024307191372 370.20643714815378 413.57191837579012 65.366146489977837 308.16869459301233 301.95636167377234 181.2307050973177 30.185601741075516 328.9783700928092 316.94715282320976 770.70849969238043 1560.3413184471428 264.97111125290394 1040.6982215642929 9.8552301824092865 177.53425742685795 774.88627683371305
leaf_count=1094 857 3266 1357 6662 44744 954 58469 3891 281 3122 5434 93 1798 10904 3987 4170 257 1465 1223 1291 136 1767 2400 5545 25563 2136 11990 82 1697 7145
internal_value=-0.00245203 0.00933408 -0.0173297 0.00280917 0.0151301 -0.0185173 -0.0191774 0.000506433 -0.00751173 -0.000380447 0.00914091 -0.0202495 -0.00406941 0.00140343 0.01039 0.00643309 -0.00548422 -0.00689545 -0.00346601 -0.0157985 0.00653303 -0.00832041 -0.0129025 -0.0116245 0.0174366 0.00922038 0.0125321 0.00536975 0.0119104 -0.0203907
internal_weight=22531.9 12572.1 9959.83 5917.89 6654.2 8880.88 8336.6 4344.34 1078.95 3952.76 1573.56 7066.63 1291.5 2661.25 2186.28 775.377 934.28 838.728 610.125 228.603 95.5517 544.278 1269.96 1087.66 4467.92 391.582 1410.9 890.658 187.389 7040.71
internal_count=213780 130303 83477 36583 93720 77730 75009 22708 5747 19715 13875 65707 5689 14026 23413 7436 4653 4260 2688 1572 393 2721 9302 7945 70307 2993 15977 7213 1779 65614
cat_boundaries=0 2 3 5 7 9 11
cat_threshold=8108 98304 16859136 3270892168 100909 1330395446 293424 3069575472 262207 620888467 300056
is_linear=0
shrinkage=0.02


Tree=102
num_leaves=31
num_cat=8
split_feature=15 18 0 13 16 41 22 24 26 0 0 0 0 15 23 22 0 26 26 23 13 24 28 0 24 0 26 16 43 47
split_gain=9613.97 1170.51 256.329 225.097 160.103 157.299 101.636 86.6151 83.1944 66.7838 65.7399 64.1949 56.097 50.024 47.0066 48.743 42.994 37.5674 37.3914 35.8526 33.2571 32.4901 30.8993 28.9951 28.9388 26.9756 23.8222 23.4771 22.9434 23.5345
threshold=0.18750000000000003 2.8750000000000004 0 1.5000000000000002 1.0000000180025095e-35 0.39851988391580934 0.083333333333333273 0.64800579322638152 0.011859916494805103 1 2 3 4 4.3125000000000009 0.87500000000000011 0.24999999999999997 5 0.034435277063267059 0.022714891796077503 0.62500000000000011 1.0000000180025095e-35 3.6764705882352944 55.000000000000007 6 4.6876065643648772 7 0.016596553965101554 3.1306818181818183 33.850000000000001 2.2062563650214515
decision_type=2 2 1 2 10 2 2 2 2 1 1 1 1 2 2 2 1 2 2 2 2 2 2 1 2 1 2 8 2 2
left_child=2 3 7 10 6 13 20 -1 -9 28 18 22 -5 25 15 -12 -16 27 24 26 21 -4 -10 -6 -2 -3 -14 -11 -7 -30
right_child=1 5 4 12 23 9 -8 8 11 17 14 -13 19 -15 16 -17 -18 -19 -20 -21 -22 -23 -24 -25 -26 -27 -28 -29 29 -31
leaf_value=-0.020666306245716175 -0.0027377878028689725 0.008214104634128536 -0.020107001177464445 0.010636770959633781 -0.00054856624553844841 0.0042507007685252908 0.013427398645353146 -0.016079875356161989 -0.012220405927810875 0.0039783127226108005 -0.0059153023350859034 -0.0088687403815883234 -0.0039360914652767157 0.018552306123310113 -0.0034558026815187442 0.00032509123793764697 0.012714792990436556 0.015242156023206183 0.0072529345436550046 0.0084876333687711868 0.013538276803610786 -0.015602127957166373 0.0034732086108990329 -0.010976658502090954 0.0072315857338467139 0.015619030743211287 0.0038193607218954258 0.012437392639052336 0.0034204401477431795 -0.039377342926248116
leaf_weight=247.27202255278826 426.05547999590635 375.43429742753506 6819.9683538228273 1150.3897074013948 173.60963441431522 459.15311795473099 34.821128025650978 355.39297473430634 54.925036519765854 276.51255358755589 1238.1566258817911 605.93678980320692 203.15318212658167 3174.1319980025291 111.21472795307636 828.88567934185266 135.45428264886141 802.95510217547417 542.65299390256405 564.19544148445129 9.4447479695081693 822.01369588077068 362.0575702264905 334.03512252122164 156.85125079005957 1080.821415707469 660.92829857766628 272.15859550237656 8.1038412824273092 7.01503001153469
leaf_count=1889 1915 4837 63301 10296 765 4331 128 2067 238 2508 5327 4036 1153 52975 629 3697 857 9967 3019 4692 37 7590 1644 1782 770 15027 5112 3072 80 39
internal_value=-0.00242892 0.00922193 -0.01723 0.00286982 -0.0186815 0.0151356 -0.0194252 -0.00970609 -0.00775498 0.0101082 -0.000474737 -0.0048046 0.00733371 0.0171059 -0.00240385 -0.00340639 0.00576084 0.0123541 0.00345955 0.0045366 -0.0195825 -0.0196314 0.00125599 -0.00769939 0 0.0139078 0.00196561 0.00825536 0.00330019 -0.0185655
internal_weight=22293.7 12474.2 9819.48 6017.94 8193.89 6456.29 7686.25 1625.58 1378.31 1825.9 3439.27 1022.92 2578.67 4630.39 2313.71 2067.04 246.669 1351.63 1125.56 1428.28 7651.43 7641.98 416.983 507.645 582.907 1456.26 864.081 548.671 474.272 15.1189
internal_count=213780 130303 83477 37467 73603 92836 71056 9874 7985 19997 16214 5918 21253 72839 10510 9024 1486 15547 5704 10957 70928 70891 1882 2547 2685 19864 6265 5580 4450 119
cat_boundaries=0 1 3 5 6 8 10 12 14
cat_threshold=40876 84410882 220796 1408260888 512 3840 3765552781 237763 537068673 435472 2763538448 262206 723648563 266256
is_linear=0
shrinkage=0.02


Tree=103
num_leaves=31
num_cat=5
split_feature=15 13 21 39 16 16 49 0 26 0 26 24 21 22 26 42 24 26 0 49 24 28 22 0 16 23 0 49 22 24
split_gain=9353.67 1151.06 289.521 205.209 178.957 147.357 126.557 80.6459 66.1087 61.5895 61.2695 53.2134 52.7844 50.1281 46.7882 41.8032 58.6161 62.8416 41.5515 41.3383 39.628 48.4632 35.5329 37.2276 33.9309 33.8032 33.0543 30.9693 30.5033 28.1271
threshold=0.18750000000000003 2.5000000000000004 3.5000000000000004 0.93750000000000011 3.0208333333333335 1.0000000180025095e-35 4.3357142857142863 0 1.0000000180025095e-35 1 0.016883707070932154 4.6876065643648772 10.500000000000002 0.12499999999999996 0.029715279138194401 14.407142857142858 0.79852133160956706 0.015908411030283655 2 8.3214285714285747 0.9987745098039218 55.000000000000007 0.25732230392156868 3 7.5208333333333348 0.37500000000000006 4 -10.121428571428568 0.26837572150072159 2.3479430988081513
decision_type=2 2 8 2 8 10 2 1 2 1 2 2 8 2 2 2 2 2 1 2 2 2 2 1 8 2 1 2 2 2
left_child=2 3 8 7 14 6 20 -2 -1 -5 11 -9 -12 -8 18 16 19 -18 -3 -10 27 -22 -16 -24 28 -20 -7 -4 -6 -17
right_child=1 4 5 9 24 26 13 10 15 -11 12 -13 -14 -15 22 29 17 -19 25 -21 21 -23 23 -25 -26 -27 -28 -29 -30 -31
leaf_value=-0.021460556943731845 0.0090094180679473855 0.010321696477206559 0.012961733997182985 0.013497154218862127 0.016491940433055498 -0.0014601196909766129 -0.020531609307764476 -0.0066206334738673914 -0.019948413558645964 0.00518706109414985 0.0070149134107406544 0.0022117693658189707 -6.1980528375511759e-05 0.0070293151899487429 0.014069754847866101 0.013531793407469421 -0.0097788300458730142 0.0028428862027422169 -0.0056856868522753481 0.00064003592090632847 -0.020667258023778209 -0.010703093865808578 -0.010434498249066124 0.01039790394793658 0.01951358903915526 0.0058114011532937942 -0.011957842559939605 -0.020037273638930167 0.010290033852338825 -0.0082478534318646095
leaf_weight=114.47636961936951 387.52834201604128 438.56845484673977 8.9754684418439847 671.27451940625906 2706.3792213685811 214.68512387573719 6174.2708242088556 906.98925074934959 177.9240235760808 883.09396700561047 520.762146666646 383.78019193559885 2133.050726428628 24.086113780736923 833.52245488762856 69.496009737253189 321.33092337101698 301.75957892090082 160.33108704537153 47.126772463321686 247.2094227746129 1132.5926620662212 45.468271255493164 70.132987800985575 1565.3180160112679 267.90436347201467 324.07214911282063 492.70040811598301 402.55414032563567 31.634371943771839
leaf_count=938 2993 4325 65 6662 42644 954 59779 3891 1308 7213 3122 1798 10904 86 9872 279 1568 1223 1182 284 2009 8979 438 795 26241 2595 1767 4091 5628 147
internal_value=-0.00240584 0.00911133 -0.0171282 0.00270056 0.0149188 -0.0183452 -0.0190232 0.000456976 -0.00722571 0.00892779 -0.000406178 -0.00398003 0.00132556 -0.0204179 0.00953893 -0.00542587 -0.00688751 -0.00364992 0.00610096 -0.0155977 -0.0143927 -0.0125437 0.0126286 0.00197571 0.0169971 0.00141803 -0.00809053 -0.0193337 0.015706 0.00648554
internal_weight=22059 12376.7 9682.34 5886.48 6490.18 8618.59 8079.83 4332.11 1063.75 1554.37 3944.58 1290.77 2653.81 6198.36 1815.93 949.272 848.141 623.091 866.804 225.051 1881.48 1379.8 949.124 115.601 4674.25 428.235 538.757 501.676 3108.93 101.13
internal_count=213780 130303 83477 36583 93720 77730 75009 22708 5747 13875 19715 5689 14026 59865 19207 4809 4383 2791 8102 1592 15144 10988 11105 1233 74513 3777 2721 4156 48272 426
cat_boundaries=0 1 3 5 7 9
cat_threshold=16859136 3270892168 100909 3539190342 34502 1463814958 312848 3069575472 262207
is_linear=0
shrinkage=0.02


Tree=104
num_leaves=31
num_cat=7
split_feature=15 18 21 38 41 49 22 0 38 0 22 0 25 15 15 22 24 49 24 25 31 24 15 0 24 0 0 49 25 0
split_gain=9100.6 1133.74 288.238 188.739 157.735 135.126 108.344 76.7428 70.3438 65.8783 59.3606 60.2936 59.1943 50.6979 48.6711 43.7 43.5717 83.3786 43.3095 74.3853 58.1314 37.2746 36.8459 35.5694 33.9324 31.8741 30.8206 28.6223 27.959 27.2807
threshold=0.18750000000000003 2.8750000000000004 3.5000000000000004 1.5000000000000002 0.39851988391580934 0.78571428571428581 0.12491987179487171 0 7.5000000000000009 1 0.24999999999999997 2 7.0914308043246042 4.3125000000000009 1.9375000000000002 0.08928571428571426 0.79852133160956706 8.3214285714285747 0.95955882352941191 5.1120831803488551 1.0309897716160625 8.809640522875819 3.9375000000000004 3 3.6764705882352944 4 5 -10.121428571428568 1.0339370996192301 6
decision_type=2 2 8 2 2 2 2 1 2 1 2 1 2 2 2 2 2 2 2 2 2 2 2 1 2 1 1 2 2 1
left_child=2 3 16 7 13 18 8 14 -7 12 11 -5 -6 29 -2 25 17 -1 27 20 -20 -14 -11 -17 -10 -9 -12 -4 -19 -3
right_child=1 4 5 10 9 6 -8 15 24 22 26 -13 21 -15 -16 23 -18 28 19 -21 -22 -23 -24 -25 -26 -27 -28 -29 -30 -31
leaf_value=-0.020257720835730825 0.0059334840036904092 0.0079557947525465082 0.011510562296924844 0.00011143557589127349 0.0052850590673142262 -0.0076663101566162954 0.004741681738382895 0.0014424561192530841 -0.020691188667126874 0.008109184009341068 -0.0023084435849208404 -0.0095293886486956456 -0.033484535967747635 0.018415488595493662 0.014087961123357131 -0.0018082095525897787 -0.0042953172881789207 -0.017915121653481435 -0.021496469998610834 -0.019771577427736987 -0.0064000616489649697 0.0061333351508015424 0.015065174644818331 0.0037937464827483059 -0.015961153269640739 0.0082967638014288195 0.0066883665936206798 -0.019680715004631383 0.0056645683956192405 0.015422651212551744
leaf_weight=219.20044700801373 762.44612154364586 369.14804168790579 9.4578349366784078 430.9598440527916 433.17894423007965 196.6151764690876 70.494153946638107 436.5156951546669 5762.7094569057226 552.66790633648634 298.85911040753126 644.7412077486515 24.214067436754704 3076.574773222208 496.03862287849188 835.31598842144012 723.68754295259714 22.41919894516468 116.16343319416046 304.94412971287966 839.04987224191427 12.175536952912806 773.43744668364525 958.60728577524424 789.78500168025494 836.95196110755205 285.57053615897894 399.6234312877059 92.400465831160545 1054.6001918576658
leaf_count=1714 5045 4837 67 1759 4184 971 271 2885 56499 5423 1150 2464 132 52975 5166 5116 3361 195 936 2303 6089 134 10124 6663 7343 6077 1142 3251 477 15027
internal_value=-0.00238286 0.00900047 -0.0170283 0.00276226 0.0149242 -0.0182569 -0.0195167 0.00496308 -0.0197751 0.00985739 -0.00295909 -0.00574617 0.00308155 0.0169336 0.00911706 0.0032049 -0.00712507 -0.0131038 -0.0130722 -0.0111461 -0.00831836 -0.0202636 0.0121149 0.00118653 -0.0201317 0.00604814 0.0021399 -0.0188325 0.000551813 0.0136853
internal_weight=21828.6 12282 9546.55 5986.01 6296 8488.84 6819.6 4325.88 6749.11 1795.67 1660.13 1075.7 469.569 4500.32 1258.48 3067.39 1057.71 334.02 1669.24 1260.16 955.213 36.3896 1326.11 1793.92 6552.49 1273.47 584.43 409.081 114.82 1423.75
internal_count=213780 130303 83477 37467 92836 77730 65084 30952 64813 19997 6515 4223 4450 72839 10211 20741 5747 2386 12646 9328 7025 266 15547 11779 63842 8962 2292 3318 672 19864
cat_boundaries=0 2 4 6 8 10 12 14
cat_threshold=2700198408 195 84410882 220796 1942288680 36352 353239123 269332 50465027 262952 3127194994 105541 723648563 266256
is_linear=0
shrinkage=0.02


Tree=105
num_leaves=31
num_cat=5
split_feature=19 18 21 38 41 16 0 26 0 0 26 22 23 25 22 18 0 24 0 26 22 24 42 24 26 49 50 42 24 24
split_gain=8853.81 1113.93 287.593 181.963 157.522 142.718 128.964 83.4315 65.5952 64.5245 62.6923 57.174 62.1337 57.0722 56.466 50.8079 48.3441 43.571 38.8531 37.5663 36.846 35.8762 34.7243 52.4793 47.1689 43.0502 34.6123 48.067 37.5292 34.284
threshold=0.75000000000000011 2.8750000000000004 18.500000000000004 1.5000000000000002 0.39851988391580934 1.0000000180025095e-35 0 0.029049534093724402 1 2 1.0000000180025095e-35 0.24999999999999997 0.62500000000000011 7.0914308043246042 0.12499999999999996 4.6250000000000009 3 4.1120837223778404 4 0.034435277063267059 0.055043993403813107 8.809640522875819 14.407142857142858 0.71763298620883775 0.011417073930645451 8.3214285714285747 0.25000000000000006 -8.7999999999999989 0.9987745098039218 2.3479430988081513
decision_type=2 2 8 2 2 10 1 2 1 1 2 2 2 2 2 2 1 2 1 2 2 2 2 2 2 2 2 2 2 2
left_child=2 3 10 7 15 6 26 16 -9 13 -1 12 18 -6 -8 -3 -2 -18 -5 -11 -14 -15 23 25 -25 -12 27 -4 -28 -24
right_child=1 4 5 11 9 -7 14 8 -10 19 22 -13 20 21 -16 -17 17 -19 -20 -21 -22 -23 29 24 -26 -27 28 -29 -30 -31
leaf_value=-0.021374310097617446 0.0061487889374075549 0.013886464524432367 -0.017052484256846207 -0.0037926196239094819 0.0051985770289412073 -0.007885061498192408 -0.020267255717811065 0.012167922302969454 0.0043518749122001179 0.0078567020975394645 -0.020409277495043534 0.0020991754001329368 -0.0034791404949043635 -0.032825605096053694 0.007984633401926948 0.018500447685179028 -0.0029016620222553006 0.0037026719352960254 -0.012712275248833607 0.014927642468422125 0.012630105173747812 0.006057782911828331 0.013190601180052731 -0.010920624260908996 0 0.00089089724474676526 -0.019269935151565595 0.031525166592306857 -0.011350344012159801 -0.0089236382127673534
leaf_weight=111.36317694187164 902.46328338980675 1606.6555968225002 12.484640315175056 463.78914196789265 431.64300889521837 516.02315550297499 6390.0982578322291 854.60081927478313 963.42397631704807 536.48662764579058 163.15768621861935 584.21128144860268 123.22242331504822 24.265824697911739 25.943790435791016 2828.2401978373528 803.63428247720003 787.54233345389366 387.88976153731346 777.0025900490582 98.898255728185177 12.118831269443033 69.80532793700695 251.03212311118841 417.27748566865921 46.580519862473011 339.83003203570843 13.963189445436001 1014.322614736855 41.952239200472832
leaf_count=938 6271 23219 84 1791 4184 2646 63683 7909 7420 5580 1251 2292 491 132 93 49620 4489 4863 1525 9967 416 134 279 1255 1826 280 2819 95 8006 222
internal_value=-0.00236028 0.00889218 -0.0169268 0.00271532 0.0148165 -0.0182011 -0.018878 0.00488142 0.00814167 0.00973837 -0.00726523 -0.00290426 -0.00564326 0.00302705 -0.0201149 0.0168439 0.00248956 0.000353165 -0.00810187 0.0119882 0.00367732 -0.0198918 -0.00559788 -0.00694266 -0.004126 -0.0156389 -0.0128463 0.0085139 -0.0133907 0.00469868
internal_weight=21599.9 12186.1 9413.83 5969.68 6216.41 8312.67 7796.64 4311.66 1818.02 1781.52 1101.17 1658.01 1073.8 468.028 6416.04 4434.9 2493.64 1591.18 851.679 1313.49 222.121 36.3847 989.805 878.048 668.31 209.738 1380.6 26.4478 1354.15 111.758
internal_count=213780 130303 83477 37467 92836 77426 74780 30952 15329 19997 6051 6515 4223 4450 63776 72839 15623 9352 3316 15547 907 266 5113 4612 3081 1531 11004 179 10825 501
cat_boundaries=0 2 4 6 8 10
cat_threshold=428 98305 2868500108 67663 84410882 220796 1089587208 172242 1944386428 101888
is_linear=0
shrinkage=0.02


Tree=106
num_leaves=31
num_cat=9
split_feature=15 13 0 41 41 16 22 24 26 0 0 22 13 16 0 23 26 0 0 24 0 13 28 26 0 13 26 16 0 16
split_gain=8613.4 1099.23 259.886 193.22 178.96 161.337 97.5014 84.748 81.8658 78.6957 60.0858 58.6387 73.3686 58.6257 53.0878 46.1312 43.8427 39.6044 38.3618 33.6306 73.2634 40.4029 30.3043 29.5154 28.0105 27.8228 27.4501 26.1243 26.0329 22.8091
threshold=0.18750000000000003 2.5000000000000004 0 0.6343239424027175 0.5163977794943222 1.0000000180025095e-35 0.083333333333333273 0.64800579322638152 0.011859916494805103 1 2 0.2583683473389356 1.0000000180025095e-35 3.8819444444444451 3 0.37500000000000006 0.038067534252111658 4 5 3.6764705882352944 6 1.0000000180025095e-35 55.000000000000007 0.029561139873942901 7 16.500000000000004 0.024453681494238006 1.0871212121212122 8 0.58712121212121227
decision_type=2 2 1 2 2 10 2 2 2 1 1 2 2 8 1 2 2 1 1 2 1 2 2 2 1 2 2 10 1 10
left_child=2 3 7 9 13 6 19 -1 -9 -2 22 12 15 26 -6 -5 28 -14 -13 21 -21 -4 -10 25 29 -16 -3 -20 -11 -7
right_child=1 4 5 11 14 24 -8 8 10 16 -12 18 17 -15 23 -17 -18 -19 27 20 -22 -23 -24 -25 -26 -27 -28 -29 -30 -31
leaf_value=-0.020376674860455211 0.0134258696185939 0.008187728625880188 -0.019858388615936567 -0.0087299210617220856 0.0017295231596129413 -0.0074890527381791137 0.013023281603796441 -0.015649818330310629 -0.011889874222552095 -0.0042774869739652614 -0.0083170541753114884 0.010551241225581643 0.006151173474024451 0.01793541256211871 0.0075005913704314095 -0.0015361900286325603 0.0094745016677129524 -0.0010350878845046211 -0.0059670471490477304 8.3236065945565727e-05 -0.01754421663610391 0.020184965062310774 0.0037599398435917103 0.013769970048467368 -0.010918260495251743 -0.022628469115176131 0.01464947313314899 0.0039533561089224178 0.0038331815269380593 0.0058619849333603714
leaf_weight=232.01574414968491 570.5698833540082 382.37402443215251 6390.0981160923839 671.08755561709404 393.87395567446947 102.45248485356569 34.844560265541077 343.41540484130383 54.025386415421963 174.61674023419619 587.18569958209991 255.46013967692852 475.75228621810675 3345.1539143621922 422.84827127307653 777.61721051484346 551.25985702872276 810.33713839203119 144.79747878760099 116.79953950643539 660.36440103501081 7.3349437266588202 358.84890455007553 571.7333078533411 299.51250188052654 9.4677157476544362 1131.3681169226766 368.89869783818722 1033.676781386137 95.684677764773369
leaf_count=1889 6187 4783 63301 2627 3503 465 128 2067 238 1078 4036 1375 2668 58650 3765 2961 5294 4171 589 1154 6443 30 1644 6972 1659 66 15981 1902 7731 423
internal_value=-0.0023381 0.00878464 -0.0168262 0.0025333 0.0146064 -0.0183497 -0.0191361 -0.00916558 -0.00724158 0.00699313 -0.00429613 -0.000430235 -0.00180793 0.0164265 0.00824438 -0.00489349 0.00477329 0.00165557 0.00443035 -0.0193005 -0.015103 -0.0197999 0.00155564 0.0106446 -0.00723728 0.00664342 0.0130498 0.00107905 0.0026332 -0.000905815
internal_weight=21373.5 12090.9 9282.58 5834.07 6256.82 7707.09 7209.44 1575.49 1343.48 2330.12 1000.06 3503.95 2734.79 4858.9 1397.92 1448.7 1759.55 1286.09 769.156 7174.6 777.164 6397.43 412.874 1004.05 497.65 432.316 1513.74 513.696 1208.29 198.137
internal_count=213780 130303 83477 36583 93720 73603 71056 9874 7985 20290 5918 16293 12427 79414 14306 5588 14103 6839 3866 70928 7597 63331 1882 10803 2547 3831 20764 2491 8809 888
cat_boundaries=0 1 3 4 6 8 10 12 14 16
cat_threshold=40876 2161230344 2080 3840 118227200 393016 136600993 42593 3805333509 266298 8519697 65537 3065659408 262206 402784258 262144
is_linear=0
shrinkage=0.02


Tree=107
num_leaves=31
num_cat=0
split_feature=15 13 49 39 41 38 2 24 26 14 22 26 13 22 24 25 50 13 2 24 25 24 49 26 24 24 20 26 44 26
split_gain=8379.48 1078.96 204.461 187.908 178.854 116.404 95.3799 91.0949 94.3714 77.4046 60.4697 56.8681 47.2093 47.8839 42.442 49.7243 88.5428 40.9699 40.5241 37.8947 34.9852 32.8225 31.2549 30.4477 30.4331 26.978 28.6213 25.9783 24.2511 24.078
threshold=0.18750000000000003 2.5000000000000004 5.1285714285714299 0.93750000000000011 0.39851988391580934 7.5000000000000009 0.8542199457734333 0.79852133160956706 0.011859916494805103 1.5000000000000002 0.12499999999999996 0.029345837660468353 1.0000000180025095e-35 0.24999999999999997 0.95955882352941191 2.16151095207135 15.750000000000002 4.5000000000000009 0.8542199457734333 4.6876065643648772 5.1120831803488551 3.6764705882352944 -10.121428571428568 0.021501176077194553 1.5506114130434785 1.5506114130434785 4.4000000000000012 0.081077440675396364 34.600000000000001 0.0096078023767136502
decision_type=2 2 2 2 2 2 2 2 2 2 2 2 2 2 2 2 2 2 2 2 2 2 2 2 2 2 2 2 2 2
left_child=2 3 6 9 17 -4 14 -8 -9 12 21 25 13 -2 22 16 -16 -3 19 -11 -17 -7 -1 -5 -10 -6 -27 -14 -13 -23
right_child=1 4 5 23 11 10 7 8 24 18 -12 28 27 -15 15 20 -18 -19 -20 -21 -22 29 -24 -25 -26 26 -28 -29 -30 -31
leaf_value=0.011922345520900846 -0.0074603005916354008 0.014056560553410129 -0.0043380663678248147 0.0034976564536606069 -0.0045058490160476408 -0.020006860048083698 -0.019188754684145399 -0.013422683128946152 0.0076103178946193926 -0.00017039222642301478 0.0055713956071000402 0.01273842174285921 0.00025048482512575026 0.0010524305531037551 -0.0098735505369022588 -0.011862045507933532 0.042134438230028194 0.018424059004515971 0.0086993745334327782 0.0078295633846990099 -0.019354681511097992 -0.01844520570488057 -0.020865738622986494 0.010168501963537848 -0.0026025923120218631 0.0073025447454381645 -0.020514606943580191 0.018881741906015121 -0.0035587658923680768 -0.010582830661579059
leaf_weight=9.3239932879805547 820.57800035923719 1443.1981917843223 221.59007214009762 378.75034552812576 93.431389324367046 5303.4632582589984 185.31324183940887 246.03493724018335 201.63480851054192 974.38907811045647 36.474109530448914 1232.780957184732 1326.8579619526863 382.57351352274418 43.634385980665684 1098.3913419619203 15.11957850307226 2678.5463335327804 458.02928235754371 307.93619135022163 353.09544015675783 403.92372661083937 461.92875728011131 1140.8739992491901 265.41515778005123 684.56122194975615 11.940748244524 27.710967659950256 34.478139992803335 308.98482454568148
leaf_count=67 3209 21815 1052 2790 764 53736 1461 1298 925 5591 135 15698 6849 1432 361 9024 143 48511 3674 1758 2998 3967 4202 11085 1196 6483 82 195 367 2912
internal_value=-0.00231592 0.00867876 -0.0167246 0.00249111 0.0144974 -0.0187604 -0.0122674 -0.00678663 -0.0034688 0.000347182 -0.0192827 0.00963428 -0.00186095 -0.00474099 -0.0147282 -0.0130011 0.00458288 0.016911 0.00360146 0.00174894 -0.0137347 -0.0194394 -0.0201035 0.00852917 0.00178441 0.00534716 0.00671112 0.000687247 0.0122719 -0.0151241
internal_weight=21151 11996.6 9154.33 5817.7 6178.94 6274.44 2879.89 898.398 713.085 4298.07 6052.85 2057.19 2557.72 1203.15 1981.49 1510.24 58.754 4121.74 1740.35 1282.33 1451.49 6016.37 471.253 1519.62 467.05 789.933 696.502 1354.57 1267.26 712.909
internal_count=213780 130303 83477 36583 93720 61802 21675 4880 3419 22708 60750 23394 11685 4641 16795 12526 504 70326 11023 7349 12022 60615 4269 13875 2121 7329 6565 7044 16065 6879
is_linear=0
shrinkage=0.02


Tree=108
num_leaves=31
num_cat=8
split_feature=15 18 21 13 41 16 0 26 0 0 0 22 15 23 22 0 22 15 2 24 26 2 0 0 26 24 27 26 0 49
split_gain=8150.42 1059.66 290.744 195.128 156.136 149.086 133.449 64.8548 63.4483 61.0384 54.88 53.9888 52.2405 43.6264 43.695 43.3365 38.2121 36.9898 36.7527 53.7606 52.7999 44.6941 32.5213 32.1576 32.0267 31.8397 41.8319 31.4305 28.8164 28.7999
threshold=0.18750000000000003 2.8750000000000004 3.5000000000000004 1.5000000000000002 0.39851988391580934 1.0000000180025095e-35 0 1.0000000180025095e-35 1 2 3 0.12499999999999996 4.3125000000000009 0.87500000000000011 0.24999999999999997 4 0.22466177613236438 3.9375000000000004 0.61559370248597556 0.71763298620883775 0.015908411030283655 0.78574730703237894 5 6 0.013534118357487851 0.9987745098039218 0.8743872549019609 0.021808284169030454 7 -10.121428571428568
decision_type=2 2 8 2 2 10 1 2 1 1 1 2 2 2 2 1 2 2 2 2 2 2 1 1 2 2 2 2 1 2
left_child=2 3 7 9 12 6 25 -1 -6 27 -5 -8 28 14 -11 -15 24 -10 -9 21 -21 -20 -7 -18 -12 29 -27 -2 -3 -4
right_child=1 4 5 10 8 22 11 18 17 13 16 -13 -14 15 -16 -17 23 -19 19 20 -22 -23 -24 -25 -26 26 -28 -29 -30 -31
leaf_value=-0.021220864769286939 0 0.0073325737528869266 0.012841404983488323 0.011690902067826246 0.002723178934109552 -0.00038152280749520105 -0.020089346262973685 0.0060925223418318453 0.0076186234628520481 -0.0055723167960681878 -0.00023423319351154807 0.0075363689098673784 0.018135930621847596 -0.0040209632791335329 0.00024826990792306092 0.012194732495690261 -0.005365836344170513 0.014690621919918439 0.0019134769821636567 -0.0090922135791638298 0.0025173212107481393 -0.020188073711976201 -0.011041819052168993 0.0045583635151752499 0.0080477365013361633 -0.021200863422812105 -0.008999887458548874 0.0069874131748657595 0.015028526066006138 -0.019022531986945236
leaf_weight=106.10148990154266 506.44828505814075 354.72975232452154 9.0113675445318204 674.1817232221365 460.98485546559095 188.81895001232624 6098.7623439133167 105.48794792592525 538.00168951973319 1283.997316762805 218.56006114929914 25.953650936484337 2888.5865005776286 106.64138898998499 849.98257513344288 142.40704676508904 219.84206758439541 742.47077534720302 44.854381196200848 307.57870773226023 310.30501820892096 155.66030330955982 335.81305868923664 284.09351086616516 1111.7423748001456 132.62731385976076 879.03190674632788 517.24980682879686 1004.7567444480956 328.74041114002466
leaf_count=938 2342 4837 65 6373 4450 850 63838 453 5423 5588 1401 93 52975 617 3832 932 1546 10124 278 1546 1282 1250 1871 2316 9617 1110 7064 2903 15027 2839
internal_value=-0.00229375 0.00857251 -0.0166215 0.00256184 0.0145009 -0.0179111 -0.0186371 -0.00656435 0.00940342 -0.000550347 0.00679213 -0.0199329 0.0165778 -0.0023062 -0.00324747 0.00553098 0.00487437 0.0116687 -0.00479635 -0.00624135 -0.00324563 -0.0151904 -0.00748349 0.000167413 0.0066746 -0.0124705 -0.0106771 0.00350071 0.0132198 -0.0180081
internal_weight=20933.4 11904.7 9028.75 5915.15 5989.53 7998.76 7474.13 1029.99 1741.46 3406.73 2508.42 6124.72 4248.07 2383.03 2133.98 249.048 1834.24 1280.47 923.886 818.398 617.884 200.515 524.632 503.936 1330.3 1349.41 1011.66 1023.7 1359.49 337.752
internal_count=213780 130303 83477 37467 92836 77730 75009 5747 19997 16214 21253 63931 72839 10969 9420 1549 14880 15547 4809 4356 2828 1528 2721 3862 11018 11078 8174 5245 19864 2904
cat_boundaries=0 2 4 6 8 10 12 14 16
cat_threshold=8108 98305 84410882 220796 1408260376 512 2150744585 106562 537068673 435458 2767585584 262206 1464729618 267780 723648563 266256
is_linear=0
shrinkage=0.02


Tree=109
num_leaves=31
num_cat=6
split_feature=15 18 21 38 41 16 49 26 0 26 0 15 0 25 24 24 28 0 26 26 3 24 26 3 24 0 24 15 49 0
split_gain=7928.68 1040.4 289.26 158.893 155.901 149.079 134.832 77.4776 65.3201 64.0369 62.7136 52.5126 45.9533 42.3508 40.862 40.198 50.1772 39.6118 38.6402 38.2927 35.4757 52.7614 53.5725 41.0357 33.4677 31.9896 31.7452 30.2405 29.6946 28.6051
threshold=0.18750000000000003 2.8750000000000004 3.5000000000000004 1.5000000000000002 0.39851988391580934 1.0000000180025095e-35 4.3357142857142863 0.029049534093724402 0 1.0000000180025095e-35 1 4.3125000000000009 2 7.0914308043246042 4.1120837223778404 0.9987745098039218 55.000000000000007 3 0.032768556640598058 0.021808284169030454 -0.78574730703237872 0.79852133160956706 0.028557204494808152 -0.61559370248597534 4.7111632092450515 4 3.8638114336643752 1.0625000000000002 -10.121428571428568 5
decision_type=2 2 8 2 2 10 2 2 1 2 1 2 1 2 2 2 2 1 2 2 2 2 2 2 2 1 2 2 2 1
left_child=2 3 9 7 11 6 15 12 -9 -1 13 29 27 -6 -14 28 -17 -5 -12 24 -11 23 -23 -22 -19 -7 -8 -2 -4 -3
right_child=1 4 5 17 10 25 26 8 -10 20 18 -13 14 -15 -16 16 -18 19 -20 -21 21 22 -24 -25 -26 -27 -28 -29 -30 -31
leaf_value=-0.021166693113057439 0.00063891418676530925 0.007234274555584592 0.012556530314062668 -0.0063859078865004673 0.0042774844250114919 -0.00056717135386102641 -0.020643728102597143 0.0036724172768124097 0.011518985613077459 0.005958756245089976 0.0069971769333572551 0.018063817824426363 -0.0021145690820548696 -0.017924545548925738 0.0036998578065233394 -0.020333297808769493 -0.0098272435526919576 -0.0073941395159193013 0.014234048623466477 0.0037733826449400459 0.0014964299678901177 -0.0068855183873262824 0.0061126643719321885 -0.019442535632579111 0.0044004277058058358 -0.011060000489594558 -0.015481065769959697 0.010732100605343173 -0.019603032695462867 0.014921845865821924
leaf_weight=104.27163735032082 182.24310103058815 352.55749715492129 9.0986674129962903 679.75428792089224 383.90425264835358 197.53475373983383 4987.3630480617285 880.78351570665836 899.2584245800972 105.7634237781167 502.67626913264394 2842.5905546247959 968.8215359672904 34.530883066356182 955.70273997634649 227.76292150467634 1066.6286232322454 345.99812105298042 807.70583022013307 494.80833827704191 45.639195136725903 431.70710053294897 174.96494561433792 162.27188701927662 128.3056404069066 324.59418675303459 617.57610628753901 365.29432944953442 448.59694619476795 991.92362964898348
leaf_count=938 978 4837 65 2603 3754 891 53483 6853 8476 453 5294 52975 5476 253 5997 2009 8979 1306 10696 2090 282 2069 698 1307 516 1830 6382 3172 4091 15027
internal_value=-0.00227108 0.00846607 -0.0165215 0.00251788 0.0143916 -0.0178231 -0.0185585 0.00456244 0.00774555 -0.00646967 0.00928515 0.0164871 0.0022557 0.00223035 0.000759774 -0.0136315 -0.0117341 -0.00274125 0.0114086 -8.58542e-05 -0.00471954 -0.00614722 -0.00309239 -0.0147954 -0.00415404 -0.00737571 -0.020087 0.00729822 -0.0188427 0.0131058
internal_weight=20720.6 11816.9 8903.77 5900.97 5915.89 7879.16 7357.03 4252.1 1780.04 1024.62 1728.82 4187.07 2472.06 418.435 1924.52 1752.09 1294.39 1648.87 1310.38 969.112 920.347 814.583 606.672 207.911 474.304 522.129 5604.94 547.537 457.696 1344.48
internal_count=213780 130303 83477 37467 92836 77730 75009 30952 15329 5747 19997 72839 15623 4007 11473 15144 10988 6515 15990 3912 4809 4356 2767 1589 1822 2721 59865 4150 4156 19864
cat_boundaries=0 2 4 6 8 10 12
cat_threshold=1158023507 456624 84410882 89720 15843336 128 2351105250 446717 2801140016 262206 723648563 266256
is_linear=0
shrinkage=0.02


Tree=110
num_leaves=31
num_cat=8
split_feature=15 13 21 18 41 16 0 0 26 22 13 22 22 0 41 26 0 0 0 25 24 25 42 24 49 26 24 17 0 0
split_gain=7712.35 1026.73 287.777 178.489 172.67 143.786 135.984 76.4587 60.6958 54.5173 65.392 54.3545 44.9817 42.6132 41.5808 40.1988 38.9528 38.1924 36.9952 35.7466 61.045 34.0379 33.4327 47.9559 42.8441 41.3119 32.9491 29.9879 28.5548 25.4576
threshold=0.18750000000000003 2.5000000000000004 18.500000000000004 3.8750000000000004 0.6343239424027175 1.0000000180025095e-35 0 1 1.0000000180025095e-35 0.2583683473389356 1.0000000180025095e-35 0.12499999999999996 0.11313025210084031 2 0.29459295623272014 0.017154390559353454 3 4 5 5.1120831803488551 0.9987745098039218 5.5834030825639713 14.407142857142858 0.71763298620883775 8.3214285714285747 0.011417073930645451 2.3479430988081513 0.50000000000000211 6 7
decision_type=2 2 8 2 2 10 1 1 2 2 2 2 2 1 2 2 1 1 1 2 2 2 2 2 2 2 2 2 1 1
left_child=2 4 8 13 7 6 19 -2 -1 10 12 -8 -6 27 -5 -9 -11 -12 -16 20 -4 28 23 24 -10 -25 -24 -3 -7 -17
right_child=1 3 5 14 9 21 11 15 22 16 17 -13 -14 -15 18 29 -18 -19 -20 -21 -22 -23 26 25 -26 -27 -28 -29 -30 -31
leaf_value=-0.021113261197940599 0.012105914220157801 0.014272140634328041 -0.017810047757404409 0.018248936370277684 -0.0085580901810289583 0.0029918723082150338 -0.019986737508172408 -0.0019687588948822722 -0.020040072697446391 0.010179841015756285 0.005928837695717757 0.0077293289556553133 -0.0014301433265580654 0.011611168135385043 0.0076033174634297382 0.00043363379446399427 0.00073760998902329552 -0.0011501087621626398 0.015908413269336542 -0.019332126070436897 -0.0073159816801730785 -0.020055593235555069 0.013409809242218127 -0.010193522826677853 0.0015704425808326687 0.00011270184763847103 -0.0084346501134951474 0.0035391748445035304 -0.0081318383722803998 0.0073120896864878058
leaf_weight=102.47049885243177 697.6130596101284 124.99591099470854 327.72158894687891 2557.9391609579325 657.838857203722 121.99110176414251 5877.8247232809663 338.46093212068081 150.92749856412411 268.10376181453466 471.75982204079628 25.950426906347275 783.62435947358608 1294.0519006624818 389.01900381967425 299.26878254115582 496.21535108238459 807.22074223309755 954.87715534493327 243.1523584574461 737.54580221325159 70.137692078948021 69.612475708127022 242.40837618708611 45.44700313359499 414.56740804761648 40.888352788984776 639.33490485697985 310.92542273551226 949.0873494297266
leaf_count=938 7519 1712 2904 48175 2591 563 63683 2033 1251 1449 2668 93 2997 15574 6014 2355 2417 4171 15784 1970 6130 431 279 1255 280 1826 222 6461 1652 8383
internal_value=-0.0022488 0.00836086 -0.0164203 0.0141811 0.00234019 -0.0177681 -0.0184917 0.00661032 -0.00662704 -0.000456622 -0.0017881 -0.0198241 -0.00470798 0.00937066 0.0167045 0.00406173 0.0042449 0.00149044 0.013716 -0.0121889 -0.0106041 -0.00730565 -0.00500554 -0.00635622 -0.0149901 -0.00368879 0.00514125 0.00530033 -0.00507031 0.00574599
internal_weight=20511 11729.4 8781.57 5960.22 5769.19 7715.25 7212.19 2284.43 1066.32 3484.76 2720.44 5903.78 1441.46 2058.38 3901.84 1586.82 764.319 1278.98 1343.9 1308.42 1065.27 503.054 963.851 853.35 196.375 656.976 110.501 764.331 432.917 1248.36
internal_count=213780 130303 83477 93720 36583 77426 74780 20290 6051 16293 12427 63776 5588 23747 69973 12771 3866 6839 21798 11004 9034 2646 5113 4612 1531 3081 501 8173 2215 10738
cat_boundaries=0 2 4 6 8 10 12 14 16
cat_threshold=428 98305 3234972232 68128 252053811 291896 3805333509 266430 136600993 42593 251920675 523548 613679376 3156 220201986 136192
is_linear=0
shrinkage=0.02


Tree=111
num_leaves=31
num_cat=8
split_feature=15 13 21 16 39 16 49 14 0 0 0 22 22 0 41 24 0 24 24 24 49 0 13 0 0 24 16 13 44 41
split_gain=7502.67 1007.08 286.438 178.6 171.934 148.882 137.44 69.4235 87.1867 60.0256 48.2894 46.4074 45.9047 53.148 43.1126 41.9714 40.7501 56.766 43.7878 37.8253 44.7918 33.8909 31.8559 31.0066 30.8393 27.2871 26.9367 25.2997 22.7157 20.8377
threshold=0.18750000000000003 2.5000000000000004 3.5000000000000004 3.0208333333333335 0.93750000000000011 1.0000000180025095e-35 4.3357142857142863 1.5000000000000002 0 1 2 0.12499999999999996 0.20833333333333337 3 0.28571428571428564 4.6876065643648772 4 2.0562834224598938 1.5900550855793825 0.59633714596949905 8.3214285714285747 5 1.0000000180025095e-35 6 7 3.6764705882352944 0.84166666666666679 23.500000000000004 32.800000000000004 0.2721655269759094
decision_type=2 2 8 8 2 10 2 2 1 1 1 2 2 1 2 2 1 2 2 2 2 1 2 1 1 2 10 2 2 2
left_child=2 4 19 12 7 6 16 10 -9 -6 -2 25 23 -14 -5 -10 17 -4 -18 20 -1 -16 -12 26 -7 -8 -3 -25 29 -11
right_child=1 3 5 14 9 24 11 8 15 28 22 -13 13 -15 21 -17 18 -19 -20 -21 -22 -23 -24 27 -26 -27 -28 -29 -30 -31
leaf_value=-0.020243484834261378 -0.0063724377994160654 -0.0059031645590324078 -0.0030433851447067037 0.017956225602706159 0.01355243335776053 -0.00098785750005630623 -0.020640679396205844 0.0097666076419182374 -0.0018723594920279345 0.0098554039003985912 -0.0029119293279350456 0.0064157034516938161 -0.0071929018598997207 0.0078586540043323848 0.0086968517488747038 0.0071131059120647976 -0.018530128558352423 -0.017510051608287943 -0.010427687930730093 -0.0041065519933214736 -0.0019204436936263488 0.015790182353943211 0.0023055625574558663 0.012489220413197668 -0.011158650250795125 -0.01577006215775514 0.0075485241787004382 -0.024925239985877836 -0.0066915972392828241 0.0034187255494158631
leaf_weight=142.24237216264009 673.839624106884 72.125202596187592 330.56053103506565 2576.9583052247763 527.94343254715204 218.4184687063098 4781.4991214349866 555.8450594805181 898.89786016941071 324.20406851172447 885.56797844916582 24.101950019598007 137.28766273707151 237.6798305734992 534.5929695032537 267.08606189489365 761.07741998881102 163.13247235864401 457.27754860371351 782.09058693796396 89.498495131731033 1068.9526729993522 985.13555615395308 987.12351960688829 298.79149913042784 612.10407172888517 269.23575000092387 4.2530307099223128 58.512977376580238 576.67037532478571
leaf_count=1292 2969 527 2407 48655 5718 1003 53209 4335 5147 3012 3410 86 1249 2589 8122 1541 7266 1152 4319 3896 559 17736 5306 11683 1718 6570 3135 24 462 4683
internal_value=-0.00222632 0.00825824 -0.01632 0.0140716 0.00230132 -0.0176461 -0.0184002 0.000253451 0.00335579 0.00814983 -0.00183945 -0.0199756 0.00857283 0.00229914 0.0163052 0.000180218 -0.013377 -0.00778408 -0.0154124 -0.00627623 -0.0133673 0.0136109 -0.000153548 0.0103138 -0.00716592 -0.0201007 0.00449119 0.0121121 0.004931 0.00578229
internal_weight=20302.7 11641.9 8660.79 5888.21 5753.7 7646.96 7129.75 4266.37 1721.83 1487.33 2544.54 5417.71 1707.7 374.967 4180.5 1165.98 1712.05 493.693 1218.35 1013.83 231.741 1603.55 1870.7 1332.74 517.21 5393.6 341.361 991.377 959.387 900.874
internal_count=213780 130303 83477 93720 36583 77730 75009 22708 11023 13875 11685 59865 19207 3838 74513 6688 15144 3559 11585 5747 1851 25858 8716 15369 2721 59779 3662 11707 8157 7695
cat_boundaries=0 2 4 6 8 10 12 14 16
cat_threshold=2148620556 266624 3270630024 68129 2214789186 266732 390858782 316953 1952 262144 251928995 359772 25166129 405304 3220570416 262206
is_linear=0
shrinkage=0.02


Tree=112
num_leaves=31
num_cat=0
split_feature=15 18 21 13 41 49 22 38 26 26 24 13 26 25 24 31 23 21 47 24 32 25 43 50 26 24 24 25 36 26
split_gain=7297.31 988.156 285.451 175.781 154.874 144.416 104.4 69.1274 60.1333 57.5107 56.2455 53.8417 52.3752 44.8262 78.4075 68.9874 44.3119 35.9086 34.4513 33.5373 33.1166 32.9637 77.4797 35.5526 54.4896 42.0644 34.4138 26.8168 31.3961 26.1713
threshold=0.18750000000000003 2.8750000000000004 18.500000000000004 1.5000000000000002 0.39851988391580934 0.78571428571428581 0.12491987179487171 7.5000000000000009 1.0000000180025095e-35 0.026842571982499702 4.0792542016806737 4.5000000000000009 0.032768556640598058 5.1120831803488551 1.2599120530565169 1.0309897716160625 0.62500000000000011 13.500000000000002 6.249752916883847 3.6764705882352944 3.7488436413601636 6.3808308673971199 10.65 3.2500000000000004 0.022090530794665202 3.122833729451377 3.6260133861236805 7.0914308043246042 1.0000000180025095e-35 0.015908411030283655
decision_type=2 2 8 2 2 2 2 2 2 2 2 2 2 2 2 2 2 8 2 2 2 2 2 2 2 2 2 2 2 2
left_child=2 3 8 9 11 13 7 -7 -1 10 -2 -3 -6 14 18 -16 29 -11 -4 -9 -12 23 26 25 -25 -10 -23 -14 -29 -5
right_child=1 4 5 16 12 6 -8 19 21 17 20 -13 27 -15 15 -17 -18 -19 -20 -21 -22 22 -24 24 -26 -27 -28 28 -30 -31
leaf_value=-0.021039204142396829 -0.0059202466664294616 0.013174131741395909 -0.017662982751310449 -0.00062166658657145807 0.0044517459158969416 -0.0067804160090895538 0.0051019890270149271 -0.020287726899662989 -0.013672795491399492 0.0096128550810472852 -0.00097621226123455153 0.018089940099990105 0.012480952542582784 -0.019435490968175897 -0.02112181966702115 -0.0032734643952493994 0.0098691000955729927 0.0010764788257998663 -0.00011360256357369847 -0.015297720708060058 0.0085090158887865652 -0.021403014455898803 0.038372932297931546 -0.0090426768784386963 0.0039456126878287326 0.0028679446504521317 0.011410342504129657 0.0066180750322681484 -0.027534198368746047 0.0056732315396702806
leaf_weight=99.870833538472652 1047.5753741636872 1538.7934047877789 495.35451246798038 331.18209566175938 657.26579358428717 180.01751540601254 68.5377516746521 5005.5059729143977 308.43288005888462 239.73987659811974 828.98117660731077 2476.7984844371676 983.73494258150458 276.04621090739965 99.32190827280283 609.76556549221277 938.74430618435144 1096.4781210124493 51.726246610283852 700.71860390901566 175.46352184563875 24.149102792143822 20.21119774132967 246.45381267368793 263.06901840865612 73.117129385471344 20.728289701044559 37.053373727947474 11.600131943821905 1193.974237062037
leaf_count=938 4493 24331 4466 2106 6703 929 266 56292 1921 1540 3660 48508 12722 2295 888 4644 8759 5668 343 7303 853 86 96 1188 1329 393 100 506 66 10388
internal_value=-0.00220418 0.00815456 -0.0162182 0.00237412 0.014076 -0.017593 -0.0190125 -0.0192992 -0.00643016 -0.000576874 -0.00268285 0.0162224 0.00894323 -0.0120368 -0.0103527 -0.00588002 0.00643606 0.00264108 -0.0160497 -0.0196868 0.000681287 -0.00482236 0.00852356 -0.00584492 -0.0023139 -0.0104534 -0.00606392 0.0117622 -0.00226367 0.00429469
internal_weight=20100.4 11557.4 8543.03 5852.14 5705.25 7486.99 5954.78 5886.24 1056.03 3388.24 2052.02 4015.59 1689.65 1532.21 1256.17 709.087 2463.9 1336.22 547.081 5706.22 1004.44 956.161 65.0886 891.073 509.523 381.55 44.8774 1032.39 48.6535 1525.16
internal_count=213780 130303 83477 37467 92836 77426 64790 64524 6051 16214 9006 72839 19997 12636 10341 5532 21253 7208 4809 63595 4513 5113 282 4831 2517 2314 186 13294 572 12494
is_linear=0
shrinkage=0.02


Tree=113
num_leaves=31
num_cat=10
split_feature=15 13 0 18 39 16 22 24 26 0 0 26 24 23 0 41 0 0 24 0 25 13 24 25 0 22 26 0 0 41
split_gain=7096.63 977.125 259.316 178.045 164.394 158.666 92.6599 79.3189 87.5213 65.824 59.2688 53.8222 47.8897 44.4426 51.1715 42.2653 41.7402 37.5964 59.8146 37.4992 34.2188 34.1583 34.4895 30.9391 28.0795 26.6537 23.572 28.8564 22.8393 21.5219
threshold=1.0000000180025095e-35 2.5000000000000004 0 3.8750000000000004 0.93750000000000011 1.0000000180025095e-35 0.083333333333333273 0.64800579322638152 0.015708519889949705 1 2 0.016883707070932154 4.6876065643648772 0.37500000000000006 3 0.29459295623272014 4 5 1.5506114130434785 6 1.6761543611374872 1.0000000180025095e-35 3.6764705882352944 6.3808308673971199 7 0.12499999999999996 0.049377376806818453 8 9 0.22222222222222246
decision_type=2 2 1 2 2 10 2 2 2 1 1 2 2 2 1 2 1 1 2 1 2 2 2 2 1 2 2 1 1 2
left_child=2 4 7 13 9 6 21 -1 -9 25 -6 12 -11 14 -3 -5 -13 18 -10 -17 -19 22 -4 28 29 -2 -12 -28 -7 -15
right_child=1 3 5 15 10 23 -8 8 17 11 26 16 -14 24 -16 19 -18 20 -20 -21 -22 -23 -24 -25 -26 -27 27 -29 -30 -31
leaf_value=-0.019721361719859113 0.00050246555280196307 0.010617952835918196 -0.019248327560350571 0.018046209735510965 0.012605475312772139 0.0077496116738599401 0.012598017908311583 -0.013746918648530287 0.012300402537103331 -0.0064174193574525872 0.0025551784040066527 0.0035941650828961967 0.0019903153163990167 0.013364512996167324 0 0.0072209198374710163 -0.0014325988807053127 0.019796394365589314 -0.0052300118073117857 0.015641329971327417 -0.0066454282652099609 0.014745337619439454 -0.014321674038442783 -0.019345487407611623 0.012957526334317255 0.012056659746712044 -0.012198215758422042 0.012800370159497634 -0.0059666926994615243 0.001799811030819801
leaf_weight=188.08142620325089 122.90629690140486 329.16704715043306 5857.8445903770626 2440.3687250986695 623.98814110457897 44.262587413191795 35.444764658808708 360.65800546854734 155.36610647290945 906.99845736473799 672.85621822625399 1299.2897233404219 379.72914709895849 92.323676105588675 397.48694480583072 379.39200581610203 1315.1964999958873 17.289129666984081 148.79687316715717 919.34095454588532 435.68059760332108 9.4901736527681333 718.62205139547586 62.890517339110374 974.11918260529637 248.19486936554313 11.75409284979105 162.166608043015 375.01005111634731 218.08135467395186
leaf_count=1693 866 3657 64587 48175 6662 203 130 2199 752 3932 5434 7289 1804 1333 3873 6014 6768 129 663 15784 2924 37 7717 399 12543 2137 103 1676 1956 2341
internal_value=-0.00218224 0.00803138 -0.0161417 0.0138577 0.00219006 -0.0176523 -0.0184859 -0.00769374 -0.00567339 0.000198245 0.00795019 -0.000573366 -0.00392183 0.00901477 0.00498164 0.016448 0.00106736 -0.00176219 0.00357566 0.0133948 -0.00535135 -0.0186618 -0.0187198 -0.00648454 0.0112639 0.0081016 0.00426526 0.0108537 -0.00438431 0.00523139
internal_weight=19902.8 11493.4 8409.44 5750.28 5743.08 7103.56 6621.4 1305.87 1117.79 4272.31 1470.77 3901.21 1286.73 2011.18 726.654 3739.1 2614.49 757.133 304.163 1298.73 452.97 6585.96 6576.47 482.163 1284.52 371.101 846.777 173.921 419.273 310.405
internal_count=213780 130391 83389 93720 36671 75029 72471 8360 6667 22796 13875 19793 5736 23747 7530 69973 14057 4468 1415 21798 3053 72341 72304 2558 16217 3003 7213 1779 2159 3674
cat_boundaries=0 1 2 4 6 8 9 11 13 14 16
cat_threshold=40872 16859136 3270892168 100909 2964539072 230858 3499409197 90384 2816 251920675 523548 620888465 300056 16778240 536887296 2068
is_linear=0
shrinkage=0.02


Tree=114
num_leaves=31
num_cat=6
split_feature=15 15 21 41 49 16 15 26 16 0 26 0 24 21 25 24 27 24 0 0 25 25 2 42 24 49 26 26 0 0
split_gain=6901.55 953.313 285.741 183.616 143.629 119.105 116.883 73.7561 62.1355 61.7469 59.5588 55.6813 50.9115 68.9589 45.1919 76.6565 58.4476 35.3678 65.721 33.699 33.4015 33.2057 44.5241 33.0624 46.8353 40.305 40.0125 32.7504 36.532 31.8945
threshold=1.0000000180025095e-35 2.6875000000000004 18.500000000000004 0.45738358950897134 0.78571428571428581 1.0000000180025095e-35 0.93750000000000011 0.031787169707705308 4.3416666666666677 0 1.0000000180025095e-35 1 4.6876065643648772 11.500000000000002 5.1120831803488551 0.95955882352941191 0.8743872549019609 3.8638114336643752 2 3 5.5574056331669164 7.0914308043246042 -0.85421994577343319 14.407142857142858 0.79852133160956706 8.3214285714285747 0.011417073930645451 0.024453681494238006 4 5
decision_type=2 2 8 2 2 10 2 2 8 1 2 1 2 8 2 2 2 2 1 1 2 2 2 2 2 2 2 2 1 1
left_child=2 6 10 8 14 17 19 12 27 -9 -1 21 13 -8 15 -4 -17 -6 -19 -2 -7 -5 -23 24 25 -12 -26 28 -3 -14
right_child=1 3 4 11 5 20 7 9 -10 -11 23 -13 29 -15 -16 16 -18 18 -20 -21 -22 22 -24 -25 26 -27 -28 -29 -30 -31
leaf_value=-0.020943130015960643 0.0006699099953198387 -0.0041811991415789162 -0.017976277960380361 0.0038271148791535641 -0.020192891118008729 -0.0038949971356512319 0.0060357902712908553 0.002874122534215534 0.017654475971584052 0.011358488606470683 -0.019238989484395199 0.010507318561716725 0.0106521107454927 -0.0024985279150459457 -0.019362676670865563 -0.020736183595398285 -0.0048609556233217841 0.0029394762360041684 -0.017048223492804254 -0.0051351961755367083 -0.020513806950815124 -0.033691300994183979 0.0039774979775402839 0.0055729005465792415 -0.0097202582748680752 0.0016991031424581672 0.00060969397517243349 0.014090244408452952 0.010358049564960807 0.0023596053027777329
leaf_weight=96.63250195235014 726.26513995975256 84.9014549292624 354.57123034447432 514.7730954810977 4829.2250138781965 271.74179612100124 533.81503178179264 673.36281457543373 2665.349429231137 766.53433769196272 152.44950121641159 913.05892879143357 335.96331909298897 1282.83284599334 268.54189558327198 104.61864713579416 765.94505997002125 75.948444582521915 530.15535873174667 864.70609102398157 57.995953775942326 20.035358741879463 24.582419168204069 109.30375457555056 233.9764096736908 45.337474219501019 398.89229693263769 1274.4846241511405 272.57836439087987 460.68894493579865
leaf_count=938 3214 1172 3313 4960 56286 1426 3851 5304 52879 6802 1307 10954 2359 7366 2293 961 6026 826 5861 3624 376 100 246 501 1238 284 1753 20553 4013 2994
internal_value=-0.00215901 0.00792858 -0.0160393 0.0136438 -0.0174437 -0.0188861 0.00207846 0.00388279 0.0157377 0.00751753 -0.00616373 0.00749981 0.00186612 4.07424e-06 -0.0118362 -0.0101269 -0.00685629 -0.019597 -0.0147403 -0.00250441 -0.00703671 0.00229772 -0.0135744 -0.00456132 -0.00593411 -0.0143862 -0.00320576 0.0125683 0.00701479 0.00607128
internal_weight=19709.3 11413.9 8295.34 5769.76 7258.74 5765.07 5644.17 4053.2 4297.31 1439.9 1036.59 1472.45 2613.3 1816.65 1493.68 1225.13 870.564 5435.33 606.104 1590.97 329.738 559.391 44.6178 939.959 830.656 197.787 632.869 1631.96 357.48 796.652
internal_count=213780 130391 83389 94877 77368 64775 35514 28676 78617 12106 6021 16260 16570 11217 12593 10300 6987 62973 6687 6838 1802 5306 346 5083 4582 1591 2991 25738 5185 5353
cat_boundaries=0 2 4 6 8 10 12
cat_threshold=119802979 456336 520880418 98172 8388609 65539 2079117849 180742 1577063226 328984 2799723512 37040
is_linear=0
shrinkage=0.02


Tree=115
num_leaves=31
num_cat=7
split_feature=15 13 21 16 39 49 16 21 24 0 22 0 0 0 25 24 31 2 0 41 25 0 0 22 25 24 42 24 30 30
split_gain=6711.72 944.162 284.103 176.86 156.324 144.234 119.316 63.1945 64.6355 58.3545 55.6642 54.9004 51.022 47.9868 44.9057 76.1646 67.474 50.1507 44.9045 43.8715 40.6088 48.07 36.582 34.2136 32.8999 31.3148 32.1405 29.5693 28.1163 33.052
threshold=1.0000000180025095e-35 2.5000000000000004 18.500000000000004 3.0208333333333335 0.93750000000000011 0.78571428571428581 1.0000000180025095e-35 14.500000000000002 4.6876065643648772 0 0.12499999999999996 1 2 3 5.1120831803488551 1.2599120530565169 1.0309897716160625 0.78574730703237894 4 0.28571428571428564 3.8943653789966377 5 6 0.19644660894660892 5.5574056331669164 2.1076426024955439 3.0142857142857147 3.6764705882352944 1.4898990760493482 0.49739936199665796
decision_type=2 2 8 8 2 2 10 8 2 1 2 1 1 1 2 2 2 2 1 2 2 1 1 2 2 2 2 2 2 2
left_child=2 4 20 18 7 14 10 11 12 -6 27 -2 -9 -10 15 17 -17 -4 23 -5 21 28 -21 -3 -8 -22 -27 -7 29 -1
right_child=1 3 5 19 9 6 24 8 13 -11 -12 -13 -14 -15 -16 16 -18 -19 -20 22 25 -23 -24 -25 -26 26 -28 -29 -30 -31
leaf_value=-0.017918213354681994 0.012592134761866084 0.0059825834601922555 -0.019230164340878902 0.017674570046644703 0.013172522815300161 -0.020246967331549254 -0.0038270940313778912 -0.0058889497927558879 -0.0019452923802818322 0.0045774174463063541 0.0084029242645656827 0.0017466829868569757 -0.0001549279961358624 0.0083652148172357853 -0.019278087880199742 -0.020980391648637901 -0.002954495928122755 -0.0044990065252106482 0.010175853020962704 0.016155421141980361 -0.016415352921604738 -0.011916211421678384 0.0091248576263416557 -0.0059445254435609683 -0.020421530968650164 -0.0085259671251934326 0.0075135007373966622 -0.015208254820290279 -0.01152749024315454 0.0065550804271614404
leaf_weight=22.365231812000275 241.04756642132998 343.64117398485541 398.96764938533306 2424.2182094119489 510.82676596567035 4707.9695188701153 271.09181052446365 1109.7228322774172 305.32430073618889 943.82888123765588 25.845877036452293 774.56137743592262 1417.7032614648342 414.92643208056688 264.38084376603365 94.793755747377872 593.67951897531748 127.86951436847448 1187.9346986748278 842.14499836415052 35.060094445943832 503.72520453482866 691.48873503878713 129.00730083882809 57.115266531705856 65.37945094704628 177.65295587480068 610.2306853197515 69.449632614850998 157.91522394865751
leaf_count=204 1829 3740 3851 48655 5718 56000 1426 5379 1490 8157 93 4328 7351 2419 2293 888 4608 953 14306 14768 158 3444 11090 1161 376 259 919 6880 335 702
internal_value=-0.00213693 0.00782538 -0.0159377 0.0136466 0.00209785 -0.0173546 -0.0188156 0.000159804 -0.00119755 0.00775212 -0.0195373 0.00451068 -0.00270836 0.00406562 -0.0117138 -0.0100084 -0.00554561 -0.0157382 0.0081208 0.015952 -0.00607289 -0.00847672 0.013187 0.00261318 -0.00693409 0.000389784 0.003066 -0.0196815 -0.000893883 0.00316625
internal_weight=19519.9 11336.4 8183.49 5618.44 5717.94 7151.94 5672.25 4263.29 3247.68 1454.66 5344.05 1015.61 2527.43 720.251 1479.69 1215.31 688.473 526.837 1660.58 3957.85 1031.55 753.455 1533.63 472.648 328.207 278.093 243.032 5318.2 249.73 180.28
internal_count=213780 130391 83389 93720 36671 77368 64775 22796 16639 13875 62973 6157 12730 3909 12593 10300 5496 4804 19207 74513 6021 4685 25858 4901 1802 1336 1178 62880 1241 906
cat_boundaries=0 2 3 5 7 9 10 12
cat_threshold=3270630024 68129 7356416 2222858306 139213 1100087426 516602 117702963 300856 7340544 3505640028 33443
is_linear=0
shrinkage=0.02


Tree=116
num_leaves=31
num_cat=5
split_feature=15 18 21 41 0 38 38 26 0 0 26 18 24 25 31 0 25 26 0 24 24 26 15 42 24 49 26 24 38 49
split_gain=6527.37 924.987 282.662 153.185 145.399 133.406 100.094 70.3174 62.0057 60.3578 58.7908 55.211 46.8686 60.671 55.6916 42.2124 38.0722 37.8601 37.8532 34.091 33.8262 33.5471 32.1045 31.3661 45.5882 40.1979 39.2544 31.2364 30.834 28.4493
threshold=1.0000000180025095e-35 2.8750000000000004 18.500000000000004 0.39851988391580934 0 1.5000000000000002 7.5000000000000009 0.029049534093724402 1 2 1.0000000180025095e-35 4.6250000000000009 0.9987745098039218 5.1120831803488551 1.0309897716160625 3 7.0914308043246042 0.034435277063267059 4 4.1120837223778404 5.4498170235836279 0.021808284169030454 1.6875000000000002 14.407142857142858 0.79852133160956706 8.3214285714285747 0.011417073930645451 2.3479430988081513 8.5000000000000018 -10.121428571428568
decision_type=2 2 8 2 1 2 2 2 1 1 2 2 2 2 2 1 2 2 1 2 2 2 2 2 2 2 2 2 2 2
left_child=2 5 10 11 12 7 -6 15 -9 16 -1 -3 29 14 -14 22 -5 -11 -7 -17 -15 -20 -2 24 25 -12 -26 -25 -8 -4
right_child=1 3 4 9 6 18 28 8 -10 17 23 -13 13 20 -16 19 -18 -19 21 -21 -22 -23 -24 27 26 -27 -28 -29 -30 -31
leaf_value=-0.020868452551242877 0.0021971526279895002 0.012622556610370862 0.012483780623293216 0.0036476280869368674 -0.0049148529226507153 -0.0059733925367800754 -0.019694790169205889 0.0031972864957433666 0.01093840356886322 0.0065095500224960443 -0.019117008592574682 0.017759311728992373 -0.021000143336791201 -0.021596016743387004 -0.0056277342687941958 -0.0026735454882773281 -0.017437313784353071 0.013837013822995591 -0.0037761074095771481 0.0030163944802163696 -0.0037009842717647089 0.0038038550418301692 0.010604549565282751 0.013452816740832442 -0.0095498100877676028 0.0018991788285420664 0.00071366703917252565 -0.0079574189820278991 -0.0088830138356099878 -0.018975716855966593
leaf_weight=94.092833511531353 433.46150439232588 1414.5771092027426 9.1448613926768285 392.97848727926612 202.93458952009678 728.99252803623676 5098.9056499898434 862.83077889680862 863.62134727835655 506.05579786747694 148.89258129894733 2385.3794488422573 105.12960822880268 220.7532099634409 868.6908005438745 862.13351333886385 34.329925056546926 707.78456683456898 453.65680216252804 817.39825089275837 57.304713495075703 474.77526921778917 322.34870119392872 69.513737812638283 232.08854938298464 45.011698558926582 397.69344923645258 39.95483810454607 121.84914936125278 361.46272847801447
leaf_count=938 2476 23219 67 4005 1041 2816 60850 6853 8476 5657 1307 49620 1020 2026 7324 4889 259 10076 1763 5187 504 2024 3071 279 1238 284 1753 222 942 3594
internal_value=-0.00211462 0.00772352 -0.0158365 0.0136499 -0.017267 0.00217455 -0.0188795 0.00408662 0.00717517 0.00849212 -0.00598314 0.0158638 -0.0116516 -0.00979517 -0.00736715 0.00188276 0.00175661 0.010734 -0.00261331 8.37036e-05 -0.0180581 7.75443e-05 0.00576104 -0.00439877 -0.00574781 -0.0141823 -0.00306439 0.00545667 -0.0194515 -0.0180519
internal_weight=19333.7 11260.3 8073.42 5441.11 7046.18 5819.22 5423.69 4161.79 1726.45 1641.15 1027.25 3799.96 1622.49 1251.88 973.82 2435.34 427.308 1213.84 1657.42 1679.53 278.058 928.432 755.81 933.155 823.686 193.904 629.782 109.469 5220.75 370.608
internal_count=213780 130391 83389 92836 77368 37555 62833 30952 15329 19997 6021 72839 14535 10874 8344 15623 4264 15733 6603 10076 2530 3787 5547 5083 4582 1591 2991 501 61792 3661
cat_boundaries=0 2 4 6 8 10
cat_threshold=444 360449 1158023507 456624 84410882 220792 1089585160 164050 2351629538 446717
is_linear=0
shrinkage=0.02


Tree=117
num_leaves=31
num_cat=9
split_feature=15 18 0 16 41 38 22 30 26 26 26 0 0 22 23 30 0 0 0 30 22 30 0 23 0 25 25 15 25 0
split_gain=6347.18 906.689 259.329 157.994 152.621 128.585 92.1174 77.7382 85.7651 74.9168 68.2251 60.5578 58.3642 49.8573 56.9601 48.1555 40.9344 37.4835 36.2625 35.9124 35.2532 35.1553 82.4883 40.7132 34.9176 58.0804 34.3661 31.8858 30.8558 30.4455
threshold=1.0000000180025095e-35 2.8750000000000004 0 1.0000000180025095e-35 0.26978538028199145 1.5000000000000002 0.083333333333333273 0.68534214926271986 0.015708519889949705 0.029715279138194401 0.029049534093724402 1 2 0.24999999999999997 0.62500000000000011 4.6741532841584421 3 4 5 4.1057837923738072 0.055043993403813107 3.6756140860373634 6 1.0000000180025095e-35 7 5.8503445784179497 1.6761543611374872 1.6875000000000002 7.0914308043246042 8
decision_type=2 2 1 10 2 2 2 2 2 2 2 1 1 2 2 2 1 1 1 2 2 2 1 2 1 2 2 2 2 1
left_child=2 5 7 6 -3 10 21 -1 -9 12 16 -12 15 14 17 -6 27 -7 -11 -18 -16 23 -23 -4 25 -10 -26 -2 -20 -15
right_child=1 4 3 -5 9 13 -8 8 24 18 11 -13 -14 29 20 -17 19 -19 28 -21 -22 22 -24 -25 26 -27 -28 -29 -30 -31
leaf_value=-0.019472097370933732 0.0019568581083161877 0.016994198533255293 -0.018995152112577744 -0.0060960529576114357 -0.01801269327683459 -0.0032920353190233247 0.012792211053145515 -0.013337310778461895 0.008065742926432461 0.014962290237635961 0.003141049579536182 0.010810090618312678 0.007851793095509204 -0.0027636709098718755 -0.0031988153339613805 0.0027773163836751196 -0.0030697516277825706 -0.01200062939039114 0.0097566446972303395 0.0029800944074497809 0.012617117034398275 0.0028287976082701466 -0.016602516190312576 0.021105489403706303 0.02056456380896898 -0.014338090789439251 -0.0061640299972247027 0.0097631660192624373 -0.007272496955421438 0.0062147798496142515
leaf_weight=177.77571256458759 495.35291988402605 2634.8038822822273 5492.8498229905963 474.16938187927008 67.853794299066067 467.10419718176126 35.443934321403503 350.25377988815308 248.28620326519012 1062.6332361623645 860.96496161818504 856.62007149681449 618.8387466520071 268.11728923022747 121.86014105379581 115.03441080078483 797.23843392729759 386.2495404779911 836.19826317206025 766.84049043059349 98.323543295264244 103.32203275337815 580.24244963377714 7.3440463691949835 16.955601207911968 53.403603315353394 425.15750890225172 372.66466747969389 41.382308416068554 314.54829452186823
leaf_count=1693 2794 52309 64587 2558 600 1835 130 2199 1178 17861 6853 8476 8003 1043 491 1333 4489 1563 12191 4863 416 1154 6570 30 129 237 2924 3477 539 1255
internal_value=-0.00209309 0.00762329 -0.0157345 -0.0173109 0.0135395 0.00213679 -0.0181872 -0.00720891 -0.00521592 0.0101975 0.00401822 0.00707076 0.00498631 -0.0025639 -0.00512082 -0.00473969 0.0018482 -0.00746393 0.0123295 -9.02529e-05 0.00384888 -0.0183742 -0.0138374 -0.0189265 -0.0013266 0.00380721 -0.00485329 0.00529261 0.00880885 0.00211507
internal_weight=19147.8 11182.6 7965.2 6693.37 5376.74 5805.88 6219.2 1271.83 1094.06 2741.94 4149.68 1717.59 801.727 1656.2 1073.54 182.888 2432.1 853.354 1940.21 1564.08 220.184 6183.76 683.564 5500.19 743.803 301.69 442.113 868.018 877.581 582.666
internal_count=213780 130391 83389 75029 92836 37555 72471 8360 6667 40527 30952 15329 9936 6603 4305 1933 15623 3398 30591 9352 907 72341 7724 64617 4468 1415 3053 6271 12730 2298
cat_boundaries=0 1 3 5 7 9 11 13 14 16
cat_threshold=40872 1158023507 456624 218105650 479512 1089587208 172242 1944386428 101888 4042521820 129 8519697 65537 2816 3125097842 103489
is_linear=0
shrinkage=0.02


Tree=118
num_leaves=31
num_cat=5
split_feature=15 13 21 18 49 39 16 26 21 24 26 0 0 24 25 0 25 41 0 0 26 24 42 24 26 49 16 49 25 24
split_gain=6171.38 896.549 283.039 176.003 147.178 145.117 135.306 60.5557 60.2847 61.793 60.844 57.1832 52.3972 50.3179 68.8875 70.9501 47.2797 43.1918 42.1789 38.6805 38.469 35.545 34.9543 47.8049 47.4498 40.319 31.4849 28.4301 27.8899 25.6851
threshold=1.0000000180025095e-35 2.5000000000000004 3.5000000000000004 3.8750000000000004 4.3357142857142863 0.93750000000000011 1.0000000180025095e-35 1.0000000180025095e-35 14.500000000000002 4.6876065643648772 0.027265797396121755 0 1 0.95955882352941191 5.1120831803488551 2 4.9524384062156912 0.29459295623272014 3 4 0.022714891796077503 3.8638114336643752 14.407142857142858 0.79852133160956706 0.028557204494808152 8.3214285714285747 2.1742424242424243 -10.121428571428568 7.0914308043246042 5.4498170235836279
decision_type=2 2 8 2 2 2 10 2 8 2 2 1 1 2 2 1 2 2 1 1 2 2 2 2 2 2 10 2 2 2
left_child=2 5 7 18 13 8 21 -1 12 10 -10 -7 -2 27 15 -15 -11 -5 -3 -19 -14 -6 23 25 -25 -9 -20 -4 -8 -16
right_child=1 3 4 17 6 11 28 22 9 16 -12 -13 20 14 29 -17 -18 19 26 -21 -22 -23 -24 24 -26 -27 -28 -29 -30 -31
leaf_value=-0.020776504584283446 0.012327957114627511 0.011527789327532801 0.012191345848842872 0.017710458508096969 -0.020243100816996741 0.013318164655202708 -0.0028103472551668104 -0.018968231436734675 -0.0057105309746498332 0.0085544134394838298 0.00049054501500236047 0.0045297114312842319 -0.0021116988751016916 0.0027764324523483976 -0.021532813748454581 -0.010100921184814813 -0.0017080702767540406 0.0061821864457460851 0.0013255437548245156 0.015059019900526101 0.0068720440591739807 -0.014485190473387791 0.0071507126723606099 -0.0060290127804521676 0.0063050462827759458 0.0022356217260724206 0.0085484346103326479 -0.019125174619623805 -0.01896102142962067 -0.0070499491091483351
leaf_weight=91.041217520833015 237.19922473281622 943.72425160929561 9.2333834469318372 2261.1623659804463 4272.8606946952641 450.97127117589116 254.32798463106155 144.62052907794714 1301.8299577794969 394.44101839885116 1217.6404907628894 980.30162772163749 443.7003970220685 210.67650920897722 240.20621756464243 837.98199352622032 321.07522213459015 332.0188272818923 440.34646381065249 897.93634724617004 327.40039966627955 546.90224784612656 99.367750279605389 416.44533198326826 173.54907231032848 44.470742307603359 555.62818197533488 395.42272514104843 50.070736601948738 71.824969701468945
leaf_count=938 1829 12208 67 48175 53483 5257 1330 1307 5765 2261 6965 8618 2175 1380 2286 7703 1648 5478 3981 16320 2153 6382 426 2069 696 284 7558 4074 336 628
internal_value=-0.00207128 0.00752461 -0.0156313 0.0133317 -0.0170564 0.00195932 -0.0187846 -0.00546174 9.54984e-05 -0.00123106 -0.00270865 0.00745926 0.00436238 -0.0120055 -0.0100896 -0.00756394 0.00393357 0.0160241 0.00845833 0.0128721 0.00166717 -0.0196033 -0.00378654 -0.00522918 -0.00235363 -0.0139203 0.00533519 -0.0182771 -0.00569116 -0.0183614
internal_weight=18964.4 11105.4 7859 5430.82 6889.51 5674.56 5124.16 969.495 4243.29 3234.99 2519.47 1431.27 1008.3 1765.35 1360.69 1048.66 715.516 3491.12 1939.7 1229.96 771.101 4819.76 878.453 779.086 589.994 189.091 995.975 404.656 304.399 312.031
internal_count=213780 130391 83389 93720 77669 36671 61531 5720 22796 16639 12730 13875 6157 16138 11997 9083 3909 69973 23747 21798 4328 59865 4782 4356 2765 1591 11539 4141 1666 2914
cat_boundaries=0 2 3 5 7 9
cat_threshold=3237073544 68129 7356416 288 262144 2428102348 68039 235143459 392476
is_linear=0
shrinkage=0.02


Tree=119
num_leaves=31
num_cat=10
split_feature=15 13 0 18 16 39 22 24 26 14 0 0 0 25 0 23 0 41 24 0 13 0 24 25 31 13 0 26 26 0
split_gain=6001.14 878.507 258.471 175.225 160.362 140.453 92.219 79.1887 79.4774 58.1266 80.0059 56.3305 44.751 48.3292 43.8284 43.4575 49.917 43.3675 39.0039 81.6404 40.5018 38.3475 32.0647 30.125 29.1693 28.7794 28.4525 23.2782 22.4274 21.7066
threshold=1.0000000180025095e-35 2.5000000000000004 0 3.8750000000000004 1.0000000180025095e-35 0.93750000000000011 0.083333333333333273 0.64800579322638152 0.011859916494805103 1.5000000000000002 1 2 3 5.1120831803488551 4 0.37500000000000006 5 0.29459295623272014 3.6764705882352944 6 1.0000000180025095e-35 7 4.6876065643648772 5.9923794752989226 1.336298572247397 1.0000000180025095e-35 8 0.031787169707705308 0.042541950387396457 9
decision_type=2 2 1 2 10 2 2 2 2 2 1 1 1 2 1 2 1 2 2 1 2 1 2 2 2 2 1 2 2 1
left_child=2 5 7 15 6 9 18 -1 -9 14 28 -7 24 -14 -2 16 -3 -5 20 -20 -4 -19 -12 29 -10 -16 -17 -13 -11 -6
right_child=1 3 4 17 23 11 -8 8 12 10 22 27 13 -15 25 26 -18 21 19 -21 -22 -23 -24 -25 -26 -27 -28 -29 -30 -31
leaf_value=-0.019569144986542733 -0.0062827212858326256 0.010019937705764856 -0.019060944904759746 0.017638655629879599 0.0032254014895376562 0.0034913620196606195 0.01304220803267306 -0.014537363525254881 -0.012725096911699431 0.0063410072193061297 -0.0023741976006876313 0.0079459826750935911 -0.0035612891401610902 -0.018813745779053679 -0.0028254983346444195 0.0045497521755173981 -0.00056474342661530464 0.0060947233684526189 0.003032751512311401 -0.016404256542555923 0.020981390595585993 0.014958280605187776 0.0059381372494254807 -0.018678209766108855 0.0041668142206060261 0.0020816450795205174 0.012379384831468526 0.015845821486635318 0.015309463507368549 -0.0066072024460890879
leaf_weight=191.94136519730091 639.33829950541258 315.25063747540116 5170.6739564538002 2225.3325483426452 119.93009348213673 774.7462970353663 34.854625627398491 307.02765315771103 42.739441193640232 492.08931146562099 811.59498052299023 335.32306334003806 421.81087416410446 102.96438384056091 913.82071556895971 299.03779887408018 387.60318782925606 330.25232645496726 102.42077738046646 551.38637496903539 7.3253722637891761 886.11081438139081 236.96748733520508 60.844711609184742 360.53234001994133 994.07369352132082 924.57452624291182 313.2881199195981 152.75345530733466 279.72569122165442
leaf_count=1889 2826 3657 63301 48175 567 6706 128 2053 196 3539 4619 3296 3181 826 3561 3674 3873 5478 1154 6443 30 16320 1369 412 1686 5386 12543 3873 1496 1523
internal_value=-0.00204901 0.00742599 -0.0155297 0.0132215 -0.0172694 0.00192552 -0.0181907 -0.00760794 -0.00575144 9.4597e-05 0.00296793 0.00735472 -0.00278582 -0.0065575 -0.001809 0.008349 0.00431083 0.0159335 -0.0183874 -0.0135326 -0.0189883 0.0127617 -0.000460688 -0.0058206 0.00219264 -0.000257652 0.010636 0.0116687 0.00842734 -0.00368887
internal_weight=18786.3 11032.2 7754.18 5368.16 6327.16 5664 5866.66 1427.02 1235.07 4240.64 1693.41 1423.36 928.047 524.775 2547.23 1926.47 702.854 3441.7 5831.81 653.807 5178 1216.36 1048.56 460.5 403.272 1907.89 1223.61 648.611 644.843 399.656
internal_count=213780 130391 83389 93720 73558 36671 71056 9831 7942 22796 11023 13875 5889 4007 11773 23747 7530 69973 70928 7597 63331 21798 5988 2502 1882 8947 16217 7169 5035 2090
cat_boundaries=0 1 3 5 6 8 10 12 14 16 18
cat_threshold=40876 2165438733 266624 1024066871 423314 3840 2214789186 266700 2964539072 230858 8519697 65537 235143459 392476 620888465 300056 613433360 3156
is_linear=0
shrinkage=0.02


Tree=120
num_leaves=31
num_cat=8
split_feature=15 13 21 16 49 39 16 26 26 0 26 0 24 25 0 22 24 0 0 0 0 22 42 24 26 49 41 0 14 24
split_gain=5835.13 860.656 282.677 174.88 148.697 135.917 135.634 59.7498 57.7309 64.6547 57.4424 55.775 50.324 68.398 68.1753 44.6006 42.9345 46.0853 42.645 42.6026 39.995 38.9331 34.5313 45.9755 44.551 40.4158 33.8404 39.3047 31.6502 30.4744
threshold=1.0000000180025095e-35 2.5000000000000004 3.5000000000000004 3.5871212121212124 4.3357142857142863 0.93750000000000011 1.0000000180025095e-35 1.0000000180025095e-35 0.016883707070932154 0 0.029715279138194401 1 0.95955882352941191 5.1120831803488551 2 0.12499999999999996 3.8061363636363641 3 4 5 6 0.20627185314685317 14.407142857142858 0.79852133160956706 0.021808284169030454 8.3214285714285747 0.28005601680560216 7 1.5000000000000002 3.6764705882352944
decision_type=2 2 8 8 2 2 10 2 2 1 2 1 2 2 1 2 2 1 1 1 1 2 2 2 2 2 2 1 2 2
left_child=2 5 7 10 12 8 15 -1 16 28 19 -7 -4 14 -14 29 17 -2 -18 -3 21 -12 23 25 -25 -9 -5 -28 -10 -6
right_child=1 3 4 26 6 11 -8 22 9 -11 20 -13 13 -15 -16 -17 18 -19 -20 -21 -22 -23 -24 24 -26 -27 27 -29 -30 -31
leaf_value=-0.020685540906141973 6.5062914474117072e-05 0.0091917687783376351 -0.018127912862609757 0.017715858960371721 -0.020260592863722563 0.012315216513744483 -0.0055045071735580911 -0.018817519321008117 0.0026185008477297871 -0.00032335517103919875 0.0092384088682665854 0.0039442713191587941 0.0028017406223027155 -0.018204420200943684 -0.0098436420238461816 0.0063500085731881444 -0.0052491369059966368 -0.012024160722079007 0.0036002223538091978 0.00058836501402556455 0.014153087987116387 -0.0058791806337753407 0.0073235462925373288 -0.0066267212860449025 0.0045801083232969763 0.0025693170505227294 0.0041917743090467618 0.014830544296577697 0.01022833819721258 -0.014848701182624444
leaf_weight=88.060254901647568 202.82574753463268 441.93717663735151 393.31167045980692 1973.5434636808932 4093.9478235989809 534.0342733412981 301.9212729036808 140.43367996066809 481.7617471665144 1950.4723115302622 271.24023159220815 881.4122327901423 210.4026759788394 303.50234628468752 822.66998067870736 24.101337552070618 386.8531780615449 333.40076400339603 464.68637283891439 493.73020042851567 768.43900093063712 86.672486867755651 99.074409544467926 356.24642699956894 229.9172051474452 43.943110801279545 201.39948160201311 1069.7981780916452 416.37121764943004 543.88854393735528
leaf_count=938 951 5322 4141 43501 53209 6155 1666 1307 2476 10332 3794 7720 1380 2914 7703 86 1715 1411 2285 5162 11570 1005 426 1836 929 284 3387 19979 3626 6570
internal_value=-0.00202699 0.00732902 -0.0154272 0.0131116 -0.0168825 0.0018919 -0.0186543 -0.00521339 9.28623e-05 0.00172672 0.00851611 0.00725064 -0.0117631 -0.00983881 -0.0073162 -0.0194976 -0.00324299 -0.00766123 -0.000420234 0.00479384 0.0115696 0.00535528 -0.00355798 -0.00500594 -0.00219606 -0.0136541 0.0160152 0.0133238 0.00612295 -0.0196402
internal_weight=18610 10958.6 7651.42 5306.76 6693.75 5651.82 4963.86 957.675 4236.37 2848.61 2062.02 1415.45 1729.89 1336.58 1033.07 4661.94 1387.77 536.227 851.54 935.667 1126.35 357.913 869.615 770.54 586.164 184.377 3244.74 1271.2 898.133 4637.84
internal_count=213780 130391 83389 93720 77669 36671 61531 5720 22796 16434 26853 13875 16138 11997 9083 59865 6362 2362 4000 10484 16369 4799 4782 4356 2765 1591 66867 23366 6102 59779
cat_boundaries=0 2 4 6 8 10 12 14 16
cat_threshold=286383400 272 3270892168 68133 288 262144 4067967361 271414 3507618951 470397 2968895558 34503 860094771 308752 201326976 346452
is_linear=0
shrinkage=0.02


Tree=121
num_leaves=31
num_cat=6
split_feature=15 18 21 13 0 22 41 39 38 0 0 26 26 0 24 0 24 31 24 0 32 42 24 49 26 24 49 26 50 22
split_gain=5673.59 845.008 280.611 236.393 150.491 101.026 97.6112 74.7565 67.6867 62.251 58.3496 56.6484 54.8315 51.156 47.1398 55.3589 46.8038 52.686 43.8118 41.5168 34.893 29.8694 41.4723 39.8207 34.6108 29.9067 27.8168 27.3943 26.1867 26.052
threshold=1.0000000180025095e-35 3.6250000000000004 18.500000000000004 1.5000000000000002 0 0.12491987179487171 0.45756572334974271 0.93750000000000011 7.5000000000000009 1 2 1.0000000180025095e-35 0.026842571982499702 3 4.0792542016806737 4 0.9987745098039218 1.0309897716160625 3.6764705882352944 5 3.7488436413601636 14.407142857142858 0.79852133160956706 8.3214285714285747 0.011417073930645451 2.3479430988081513 -10.121428571428568 0.054073549192584454 0.25000000000000006 0.12143504140786747
decision_type=2 2 8 2 1 2 2 2 2 1 1 2 2 1 2 1 2 2 2 1 2 2 2 2 2 2 2 2 2 2
left_child=2 3 11 12 16 8 -3 9 -6 27 29 -1 14 -14 15 -2 26 -18 -19 -9 -16 22 23 -13 -24 -23 -4 -5 -28 -8
right_child=1 6 4 7 5 -7 10 19 -10 -11 -12 21 13 -15 20 -17 17 18 -20 -21 -22 25 24 -25 -26 -27 28 -29 -30 -31
leaf_value=-0.020637733631701797 0.00053607343791224832 0.016420983341246257 0.012494099292993215 0.0064473516384525517 -0.0061532619016241566 0.0060131293521139854 -0.01061382803666326 0.0061507049097141702 -0.019352424064553394 0.00059189226722059223 0.011951554063832628 -0.018735126416409866 -0.0013654598047803091 0.0060546944812838689 -0.001158189933914989 -0.0088136830078683476 -0.021055406174768747 -0.0091858814120161173 0.0025991481103392333 0.013286005246022456 0.0083795165729111092 0.013560793731206094 -0.0088857587481728038 0.0025167757851302379 0.00086216481703302273 -0.0075268503851140265 0.0080787560674636799 0.016424203528619067 -0.019709139232002588 0.0038897215177022861
leaf_weight=86.521372459828854 398.80811437964439 3064.8929094746709 9.1373124495148641 882.42983878031373 168.86299576610327 63.407147780060768 66.160958897322416 683.51837553083897 4777.9598324634135 974.94158470630646 492.99067461118102 138.26526799052954 702.63116715848446 763.68365724384785 867.89382138103247 681.07020866125822 131.82989076524973 923.70086619257927 141.80830337107182 825.70047468319535 182.9231158643961 69.43446284532547 224.61234655976295 44.025062099099159 394.9541267156601 39.053283981978893 11.563834078609942 129.19685604423285 324.57192821055651 171.16966347396374
leaf_count=938 1866 65613 67 8313 914 250 568 8214 61669 7947 6958 1307 3798 4580 3934 2841 1350 8479 1045 11377 922 279 1238 284 1753 222 88 1557 3506 1903
internal_value=-0.00200504 0.00723151 -0.015326 0.00314973 -0.0168313 -0.0185501 0.0148461 0.00685144 -0.0189099 0.00427463 0.00816938 -0.00539018 -0.000444958 0.00252187 -0.00249673 -0.00542679 -0.0110194 -0.00914332 -0.0075958 0.0102148 0.000502256 -0.00385609 -0.00520301 -0.013537 -0.00266543 0.00579203 -0.0176495 0.00771003 -0.0186312 -0.000146171
internal_weight=18437.7 10888 7549.71 7092.8 6552.84 5010.23 3795.21 3495.79 4946.82 1986.57 730.321 996.866 3597.01 1466.31 2130.7 1079.88 1542.61 1197.34 1065.51 1509.22 1050.82 910.345 801.857 182.29 619.566 108.488 345.273 1011.63 336.136 237.331
internal_count=213780 130391 83389 55349 77368 62833 75042 37408 62583 17817 9429 6021 17941 8378 9563 4707 14535 10874 9524 19591 4856 5083 4582 1591 2991 501 3661 9870 3594 2471
cat_boundaries=0 2 4 6 8 10 12
cat_threshold=444 360449 37351137 122951 2533884450 81916 2754356423 435315 3052426368 271922 520228787 283732
is_linear=0
shrinkage=0.02


Tree=122
num_leaves=31
num_cat=6
split_feature=15 18 21 13 0 38 26 13 0 22 26 26 0 0 24 25 31 0 24 0 24 32 42 24 26 2 24 26 42 44
split_gain=5515.86 830.213 278.579 228.863 150.104 104.904 71.3234 60.9507 70.3256 59.7746 58.1117 52.7058 49.2985 46.1633 46.0629 55.0596 55.253 45.8199 45.2716 53.1559 40.3044 33.618 31.9987 44.0579 42.4612 39.0562 30.8557 27.0368 24.9867 25.3682
threshold=1.0000000180025095e-35 3.6250000000000004 3.5000000000000004 1.5000000000000002 0 7.5000000000000009 0.031787169707705308 3.5000000000000004 1 0.12499999999999996 1.0000000180025095e-35 0.026842571982499702 2 3 0.9987745098039218 5.1120831803488551 1.0309897716160625 4 4.0792542016806737 5 5.4498170235836279 3.7488436413601636 14.407142857142858 0.79852133160956706 0.028557204494808152 0.78574730703237894 4.6876065643648772 0.015908411030283655 -7.4214285714285699 19.850000000000005
decision_type=2 2 8 2 1 2 2 2 1 2 2 2 1 1 2 2 2 1 2 1 2 2 2 2 2 2 2 2 2 2
left_child=2 3 10 11 14 -6 17 8 -3 -7 -1 18 -13 -8 28 16 -16 -5 19 -2 -17 -20 23 25 -25 -12 -19 -9 29 -4
right_child=1 7 4 6 5 9 13 27 -10 -11 22 12 -14 -15 15 20 -18 26 21 -21 -22 -23 -24 24 -26 -27 -28 -29 -30 -31
leaf_value=-0.020590396900226408 0.00052573587440175147 0.014466955260004688 -0.017815143270098775 0.0085029054169713913 -0.0042652083544648476 -0.019270083531805468 0.0061712188197973359 0.0033819751213202401 0.00076551103495863199 0.0066897593719435515 0.0024029927794096293 -0.0013381100364167611 0.0059488237834262108 0.013569936783298847 -0.020817870822564116 -0.021388753282746 -0.0050360153163456593 -0.00027461782855522129 -0.0011348933836583537 -0.0086341625108110505 -0.0020435418773474085 0.0082370817678771129 0.0070068140265716616 -0.0056333506171821236 0.0060479312238809263 -0.018649904716117213 0.0061145417915513716 0.016200061546943291 -0.01952533504894996 0.011899851616277188
leaf_weight=85.00797875225544 398.7728544101119 363.07379980012774 18.768806867301464 649.75798087194562 204.92662412673235 4716.7979580946267 762.77856485918164 73.166814908385277 268.91288613155484 33.242945536971092 44.225486472249031 702.91531817615032 761.9780867099762 755.42139388620853 98.121691353619099 203.06081840395927 846.44806905463338 846.78027438372374 868.05523850023746 681.59126903861761 58.300949603319168 182.42145398259163 99.562368124723434 409.83976247161627 174.1323426514864 136.01216764748096 462.36557634919882 3040.1297844462097 300.28772381693125 20.988454975187778
leaf_count=938 1866 5420 196 6565 1069 61842 8988 1219 3283 124 285 3798 4580 10121 1020 2026 7404 7081 3934 2841 523 922 426 2069 696 1306 4653 65120 3300 165
internal_value=-0.00198329 0.00713472 -0.0152242 0.00309684 -0.016703 -0.0184372 0.00675337 0.0147462 0.00893948 -0.0190801 -0.00505049 -0.000436186 0.00247445 0.0100151 -0.0109173 -0.00907878 -0.00675726 0.00420383 -0.00244721 -0.00531745 -0.0172213 0.000492443 -0.00343208 -0.00484023 -0.00210297 -0.0134202 0.00196055 0.0159088 -0.0175608 -0.00192611
internal_weight=18267.8 10818.1 7449.72 7072.84 6500.94 4954.97 3477.1 3745.28 631.987 4750.04 948.78 3595.73 1464.89 1518.2 1545.98 1205.93 944.57 1958.9 2130.84 1080.36 261.362 1050.48 863.772 764.21 583.972 180.238 1309.15 3113.3 340.045 39.7573
internal_count=213780 130391 83389 55349 77669 63035 37408 75042 8703 61966 5720 17941 8378 19109 14634 10973 8424 18299 9563 4707 2549 4856 4782 4356 2765 1591 11734 66339 3661 361
cat_boundaries=0 2 4 6 8 10 12
cat_threshold=8124 360449 580215005 127238 2754356423 435315 262547762 448336 3268681 190146 3052426368 271922
is_linear=0
shrinkage=0.02


Tree=123
num_leaves=31
num_cat=7
split_feature=15 13 0 41 16 14 22 24 26 0 39 0 23 16 24 0 0 24 0 0 25 13 26 20 25 26 27 26 24 22
split_gain=5362.44 812.804 257.264 173.305 160.184 127.197 88.3297 76.5198 77.4493 73.3347 59.4756 58.575 49.7494 47.8098 44.8959 44.0554 41.6333 41.2085 83.1118 40.6488 47.6354 40.3066 31.0967 31.8351 29.6578 28.8197 28.1173 27.1085 26.8708 25.8802
threshold=1.0000000180025095e-35 2.5000000000000004 0 0.39851988391580934 1.0000000180025095e-35 1.5000000000000002 0.083333333333333273 0.64800579322638152 0.011859916494805103 1 0.93750000000000011 2 0.87500000000000011 5.5773809523809534 4.6876065643648772 3 4 3.6764705882352944 5 6 5.1120831803488551 1.0000000180025095e-35 0.029049534093724402 3.6000000000000032 5.9923794752989226 0.019433027683087054 1.0796307884856071 0.044799878970999553 2.5755090497737565 0.4195072900955254
decision_type=2 2 1 2 10 2 2 2 2 1 2 1 2 8 2 1 1 2 1 1 2 2 2 2 2 2 2 2 2 2
left_child=2 5 7 13 6 12 17 -1 -9 -7 14 27 16 -3 -11 -14 29 21 -19 26 -21 -4 23 -13 -6 -18 -10 28 -5 -2
right_child=1 3 4 11 24 9 -8 8 19 10 -12 22 15 -15 -16 -17 25 18 -20 20 -22 -23 -24 -25 -26 -27 -28 -29 -30 -31
leaf_value=-0.019305519367355885 -0.0070565391311331136 0.013147368454351447 -0.018822130307040864 -0.007720392056279962 -0.0033012768498064606 0.010209902880850196 0.012653225762805616 -0.01415321995759008 -0.012427403178847059 -0.0021429126779093258 0.0072023350049466063 0.0075626900174744294 -0.0039039576193765557 0.018126767089222787 0.0070693141979776197 0.011039499473452365 -0.0032313930070342833 0.0038439614517783121 -0.016016084195376805 -0.0030845051419442966 -0.018534640763628311 0.021140914273865847 0.01361745541540923 -0.020815548558174357 -0.018406295338775219 0.0017594358441225043 0.0042710568210030768 0.0088511946858978556 0.0031652828096597825 0.0081545293371229552
leaf_weight=180.12192219495773 692.4009977504611 1735.9499148577452 4849.1556319333613 114.45824854075909 393.65786102414131 748.00584638118744 34.860669478774071 297.67501055449247 42.040168158710003 905.7678284086287 748.50312735512853 415.91779963672161 112.39905381202698 1568.4752731621265 272.84136071056128 220.00364553928375 816.89399549737573 98.956407330930233 519.88648361340165 412.67546417564154 98.108316637575626 7.3075349032878867 656.90720491111279 13.253964044153689 58.594309516251087 1056.2745345309377 358.6462777107954 236.64036132395267 391.24046455696225 44.165094673633575
leaf_count=1889 3181 33635 63301 1086 2090 7177 128 2053 196 5211 7885 4530 672 36691 1609 1615 3562 1154 6443 3181 826 30 10289 107 412 5549 1686 3232 4150 210
internal_value=-0.00196161 0.00703854 -0.0151224 0.0127898 -0.0169325 0.00177563 -0.0179018 -0.00714704 -0.005335 0.00493069 0.00279117 0.00780719 -0.0010884 0.0155312 0 0.00614989 -0.00202401 -0.0181068 -0.0130007 -0.00239623 -0.00606388 -0.0187449 0.0107509 0.00650161 -0.00541063 -0.000405942 0.00233239 0.00325968 0.000631138 -0.00600683
internal_weight=18101.8 10750.1 7351.69 5132.84 5962.42 5617.26 5510.17 1389.27 1209.15 2675.12 1927.11 1828.42 2942.14 3304.43 1178.61 332.403 2609.73 5475.31 618.843 911.47 510.784 4856.46 1086.08 429.172 452.252 1873.17 400.686 742.339 505.699 736.566
internal_count=213780 130391 83389 93720 73558 36671 71056 9831 7942 21882 14705 23394 14789 70326 6820 2287 12502 70928 7597 5889 4007 63331 14926 4637 2502 9111 1882 8468 5236 3391
cat_boundaries=0 1 3 5 7 9 11 12
cat_threshold=40876 2148653324 262400 118358322 491064 1661148416 435456 2214797378 266716 8519697 65537 3840
is_linear=0
shrinkage=0.02


Tree=124
num_leaves=31
num_cat=0
split_feature=15 18 21 13 49 38 41 39 22 26 39 24 25 27 24 26 25 2 42 24 26 49 14 49 24 24 26 21 24 21
split_gain=5212.56 803.339 277.877 215.839 152.307 110.33 97.8825 71.975 58.0156 57.2971 52.1563 50.2637 68.2988 58.755 40.3612 38.4621 35.9036 40.6103 31.6668 42.2862 39.7543 39.3106 29.7176 27.6111 26.8734 25.6255 25.5979 23.6204 23.3697 23.2
threshold=1.0000000180025095e-35 3.6250000000000004 3.5000000000000004 1.5000000000000002 4.3357142857142863 7.5000000000000009 0.45756572334974271 0.93750000000000011 0.12499999999999996 1.0000000180025095e-35 0.86607142857142871 0.95955882352941191 5.1120831803488551 0.8743872549019609 2.737841671994885 0.054276175085942506 7.0914308043246042 -0.85421994577343319 14.407142857142858 0.79852133160956706 0.028557204494808152 8.3214285714285747 3.5000000000000004 -10.121428571428568 5.4498170235836279 4.7616926182237611 0.020038486185837801 3.5000000000000004 2.3479430988081513 14.500000000000002
decision_type=2 2 8 2 2 2 2 2 2 2 2 2 2 2 2 2 2 2 2 2 2 2 2 2 2 2 2 10 2 8
left_child=2 3 9 10 11 -6 -3 15 14 -1 22 23 13 -13 -7 25 -8 -18 19 21 -21 -11 -2 -4 -14 -5 -9 -19 -20 -12
right_child=1 6 4 7 5 8 16 26 -10 18 29 12 24 -15 -16 -17 17 27 28 20 -22 -23 -24 -25 -26 -27 -28 -29 -30 -31
leaf_value=-0.020503097019427971 -0.0027666190362335397 0.016174142923016895 0.012117224248800056 0.0017545489436117077 -0.0032823001535713259 -0.020178358424415125 0.0093065481350216722 0.0039218578019775668 0.0062716047242792426 -0.018503191311386051 0.0081143278032785888 -0.020481132174014795 -0.021329010490724821 -0.0050132986653764026 -0.015015489461117384 0.011686149095968639 -0.032943705034254464 0.010183189082187192 0.01345063087568716 -0.0054005499738175745 0.0059128905686133574 0.0027923453030833656 0.0069817465157993811 -0.018729297668853794 -0.0061667104216455958 0.0079065726378083363 0.011112110136401888 -0.016591146981624057 -0.0067687659999578452 0.0014046724855910325
leaf_weight=82.222521364688873 2206.2011607959867 2937.810435116291 9.2542974874377233 1394.8372977823019 190.02758923172951 3605.5566124655306 642.70575081557035 252.38188011571765 33.484819054603577 132.21095486730337 261.75194760411978 109.50014638155699 219.96170651912689 891.6637118794024 828.97331251204014 230.38475456833839 13.632957957684992 42.061254855245352 69.558844611048698 405.97011459618807 174.36855012178421 43.594177380204201 128.72085761278868 361.71622043848038 68.221119858324528 338.84034015238285 1223.7760083936155 15.416100367903708 29.699389271438122 993.43398065119982
leaf_count=938 9531 65613 67 12132 972 50014 8630 2747 125 1307 1945 1177 2286 7906 10420 2628 73 540 279 2069 696 284 691 4074 628 3057 16844 186 147 5774
internal_value=-0.00194032 0.00694357 -0.015019 0.00298464 -0.0165278 -0.0183933 0.0145514 0.00656257 -0.0190289 -0.00480992 -0.000440963 -0.0112585 -0.00931956 -0.00678111 -0.0192285 0.0040277 0.00780488 -0.00532488 -0.00321178 -0.00462578 -0.0019541 -0.0131525 -0.00221238 -0.0178153 -0.0179089 0.00298003 0.00990675 0.00220451 0.00718404 0.00283579
internal_weight=17937.9 10682 7255.98 7030.33 6318.36 4658.04 3651.63 3440.22 4468.01 937.625 3590.11 1660.32 1289.35 1001.16 4434.53 1964.06 713.816 71.1103 855.402 756.144 580.339 175.805 2334.92 370.971 288.183 1733.68 1476.16 57.4774 99.2582 1255.19
internal_count=213780 130391 83389 55349 77669 61531 75042 37408 60559 5720 17941 16138 11997 9083 60434 17817 9429 799 4782 4356 2765 1591 10222 4141 2914 15189 19591 726 426 7719
is_linear=0
shrinkage=0.02


Tree=125
num_leaves=31
num_cat=10
split_feature=15 18 0 13 16 41 22 30 26 39 0 0 25 39 0 0 30 0 0 25 13 0 16 25 26 20 0 26 25 0
split_gain=5066.94 788.644 256.155 208.783 159.627 97.589 85.8494 75.0525 75.731 70.3618 59.6998 57.8248 60.7775 50.1393 49.9006 41.8942 41.8629 82.6909 40.0485 56.2315 39.7284 39.6393 30.2968 29.1727 26.5126 25.4916 24.1572 21.9751 21.5379 21.2646
threshold=1.0000000180025095e-35 3.6250000000000004 0 1.5000000000000002 1.0000000180025095e-35 0.45756572334974271 0.083333333333333273 0.68534214926271986 0.015708519889949705 0.93750000000000011 1 2 7.0914308043246042 0.86607142857142871 3 4 3.6756140860373634 5 6 5.8503445784179497 1.0000000180025095e-35 7 7.5208333333333348 5.9923794752989226 0.054073549192584454 0.10000000000000007 8 0.010121075296461701 1.6761543611374872 9
decision_type=2 2 1 2 10 2 2 2 2 2 1 1 2 2 1 1 2 1 1 2 2 1 8 2 2 2 1 2 2 1
left_child=2 3 7 13 6 22 16 -1 -9 10 24 12 -7 21 -15 -11 20 -18 19 -10 -4 -2 26 29 -5 -23 -3 -12 -20 -6
right_child=1 5 4 9 23 11 -8 8 18 15 27 -13 -14 14 -16 -17 17 -19 28 -21 -22 25 -24 -25 -26 -27 -28 -29 -30 -31
leaf_value=-0.019172611303473946 0.0042768637728907216 0.016992502574407674 -0.018697876039430777 0.0061228202229204522 0.0027295963338928222 0.0038385882691484327 0.012363221821177956 -0.012727583338396773 0.0081642592703369161 0.005853972274728436 -0.008627724924715488 0.012232970446473685 -0.024419677855293049 0.0098698588233735521 0.00050562569130757759 0.013062043761470523 0.0040503002897797694 -0.015836349577673672 0.013211808243661196 -0.01408702367894623 0.021011105018208114 -0.0045362090704776734 0.019004864549644066 -0.018253370125002426 0.016106662421024619 0.00057422711780154279 0.011380971876408326 0.0013770025208216571 -0.0059621165816792741 -0.0066032294460886144
leaf_weight=174.41630628705025 317.10740364342928 976.66114496439695 4694.4634794816375 868.14485282823443 147.37412411719561 254.48581255599856 34.861875995993614 363.3381164893508 246.46328561753035 697.4261473082006 94.445504728704691 423.12483258545399 31.498039953410625 289.30440018698573 963.95015465468168 766.68964114040136 98.104638442397118 506.25114665552974 21.170820683240891 52.199951887130737 7.2877448201179496 1500.2402815744281 1013.3886181563139 57.380675718188286 124.24207730591297 517.60764626413584 905.07004603743553 871.51294977962971 513.90054536610842 243.94528076052666
leaf_count=1889 1536 21649 63301 8313 716 2943 128 2489 1178 8611 597 6216 270 2143 5576 10980 1154 6443 175 237 30 6422 24360 412 1557 2264 19604 7350 3863 1374
internal_value=-0.00191955 0.00684901 -0.0149173 0.00293418 -0.0167617 0.0144495 -0.0177549 -0.00692496 -0.00513802 0.00646626 0.00395993 0.00769693 0.000421264 -0.000431768 0.00278421 0.00979006 -0.0179634 -0.0127652 -0.00177285 0.0039757 -0.0186187 -0.00216781 0.0160869 -0.00522706 0.00736364 -0.00320067 0.0144771 0.000350856 -0.00500388 -0.0031419
internal_weight=17776.1 10614.9 7161.16 7010.67 5789.67 3604.23 5340.97 1371.49 1197.07 3422.46 1958.35 709.109 285.984 3588.21 1253.25 1464.12 5306.11 604.356 833.735 298.663 4701.75 2334.96 2895.12 448.7 992.387 2017.85 1881.73 965.958 535.071 391.319
internal_count=213780 130391 83389 55349 73558 75042 71056 9831 7942 37408 17817 9429 3213 17941 7719 19591 70928 7597 5453 1415 63331 10222 65613 2502 9870 8686 41253 7947 4038 2090
cat_boundaries=0 1 3 5 7 9 11 12 14 16 18
cat_threshold=40876 37351137 122951 2533950242 98300 431245848 65537 520228787 283988 8519697 65537 2816 1128288256 2560 3774072844 33467 613957648 265300
is_linear=0
shrinkage=0.02


Tree=126
num_leaves=31
num_cat=7
split_feature=15 18 21 13 0 16 37 26 26 26 0 0 24 25 31 0 22 24 0 24 16 0 0 42 24 26 2 32 24 25
split_gain=4925.36 774.185 277.262 201.938 152.987 134.344 77.226 68.0071 57.5866 49.2583 46.6869 46.0794 45.7485 52.9133 54.3857 44.4023 43.7082 42.861 50.4371 42.0462 41.2468 40.9359 40.236 34.7936 41.8996 41.4386 39.1914 32.0305 28.7681 26.9821
threshold=1.0000000180025095e-35 3.6250000000000004 2.5000000000000004 1.5000000000000002 0 1.0000000180025095e-35 1.0000000180025095e-35 0.031787169707705308 1.0000000180025095e-35 0.026842571982499702 1 2 0.9987745098039218 5.1120831803488551 1.0309897716160625 3 0.12499999999999996 4.0792542016806737 4 5.4498170235836279 8.0208333333333339 5 6 14.407142857142858 0.79852133160956706 0.028557204494808152 0.78574730703237894 3.7488436413601636 4.6876065643648772 5.5574056331669164
decision_type=2 2 8 2 1 10 2 2 2 2 1 1 2 2 2 1 2 2 1 2 8 1 1 2 2 2 2 2 2 2
left_child=2 3 8 9 12 16 20 15 -1 17 -11 -9 -4 14 -14 -5 -6 18 -2 -15 22 -8 -3 24 26 -26 -10 -19 -17 -7
right_child=1 6 4 7 5 29 21 11 23 10 -12 -13 13 19 -16 28 -18 27 -20 -21 -22 -23 -24 -25 25 -27 -28 -29 -30 -31
leaf_value=-0.020417922196301612 0.00053680143736588564 0.016188062573939194 -0.017253977248825134 0.0081498613764529829 -0.019265889592682609 -0.0026198713920548601 -0.0043044328615394053 0.005757916885165886 0.0030487776025613163 -0.0013102812685299935 0.0057937553400291032 0.013219593264520249 -0.020677879476036644 -0.021255723801626356 -0.0046519675939865309 -0.00049849937739344821 0.005957964137969023 -0.0010900331860910909 -0.0083915110515297552 -0.0012934850112002636 0.018773952937588472 0.010656803282652181 0.010177344976707779 0.0083707765655773921 -0.0051683670676570329 0.006589656511305623 -0.01835227508546022 0.0080790021604209509 0.0057209432671722097 -0.017977137454873934
leaf_weight=79.540937818586826 397.83848013728857 1295.9050111398101 322.1514505520463 636.4228222258389 4321.4295921958983 262.1395650357008 125.1711325570941 745.64949103817344 43.218231528997421 701.71704325079918 757.32820772752166 730.17952486500144 93.027197249233723 191.50230868160725 834.94459999725223 839.43607628718019 25.181546002626419 866.2485341951251 681.04223792254925 57.202108949422836 967.68123200535774 146.19648040086031 1023.1761556454003 94.403161324560642 393.456966124475 168.02811665832996 128.31383337825537 181.4545084387064 453.26579365879297 54.199610576033592
leaf_count=938 1866 27831 3661 6565 61155 1448 1046 8988 285 3798 4580 10121 1020 2026 7452 7081 90 3934 2841 524 23083 1759 21323 400 2025 665 1306 922 4653 394
internal_value=-0.00189751 0.0067573 -0.0148133 0.00288573 -0.0163339 -0.0181544 0.0143492 0.00637209 -0.00444084 -0.000421947 0.00239843 0.00961083 -0.0104417 -0.00860905 -0.00634147 0.00387295 -0.0191112 -0.00236705 -0.00516094 -0.016814 0.015198 0.0039428 0.0136749 -0.00281264 -0.00430835 -0.00159795 -0.0128859 0.000497475 0.00166218 -0.00545789
internal_weight=17617.5 10548.7 7068.74 6990.58 6161.78 4662.95 3558.13 3404.95 906.961 3585.63 1459.05 1475.83 1498.83 1176.68 927.972 1929.12 4346.61 2126.58 1078.88 248.704 3286.76 271.368 2319.08 827.42 733.017 561.485 171.532 1047.7 1292.7 316.339
internal_count=213780 130391 83389 55349 77770 63087 75042 37408 5619 17941 8378 19109 14683 11022 8472 18299 61245 9563 4707 2550 72237 2805 49154 4681 4281 2690 1591 4856 11734 1842
cat_boundaries=0 2 4 6 8 10 12 14
cat_threshold=40892 360449 2754356423 435315 262547762 448336 3268681 190146 3052426368 271922 258606114 212862 3774077005 33451
is_linear=0
shrinkage=0.02


Tree=127
num_leaves=31
num_cat=8
split_feature=19 13 21 16 49 16 14 0 22 39 0 24 31 0 23 39 24 0 22 0 0 41 0 24 24 49 49 0 22 43
split_gain=4787.74 752.282 274.693 170.67 154.068 140.745 113.542 70.8174 56.7048 53.834 51.9023 50.1412 54.4054 51.2342 46.9012 44.14 42.9717 42.6455 41.8708 41.4488 39.483 35.9314 41.9734 34.8462 29.096 44.5088 27.4169 25.7232 24.967 23.4213
threshold=1.0000000180025095e-35 2.5000000000000004 2.5000000000000004 3.5871212121212124 4.1500000000000012 1.0000000180025095e-35 1.5000000000000002 0 0.26250000000000001 0.93750000000000011 1 0.95955882352941191 1.0309897716160625 2 0.87500000000000011 0.81666666666666676 4.6876065643648772 3 0.12499999999999996 4 5 0.28005601680560216 6 3.6764705882352944 0.59633714596949905 8.3214285714285747 -10.121428571428568 7 0.4195072900955254 37.20000000000001
decision_type=2 2 8 8 2 10 2 1 2 2 1 2 2 1 2 2 2 1 2 1 1 2 1 2 2 2 2 1 2 2
left_child=2 6 24 8 11 18 14 -8 15 16 -10 26 -13 -14 20 19 -9 -16 23 -3 28 -5 29 -6 25 -1 -4 -17 -2 -23
right_child=1 3 4 21 5 -7 7 9 10 -11 -12 12 13 -15 17 27 -18 -19 -20 -21 -22 22 -24 -25 -26 -27 -28 -29 -30 -31
leaf_value=-0.019309438145946923 -0.0068993770935179156 0.0093314618167557976 0.012268408545768519 0.017257327525984949 -0.019983860581197166 -0.0047320223498664811 0.0098800944230627609 -0.0022111781448574128 -0.0095488570689509725 0.0067899052631583768 0.0072207156533668927 -0.02089601426929337 0.00059419367807035553 -0.009663153789981626 -0.0038856991589716282 0.0063761444946776056 0.0068385563230966189 0.010838705327436828 0.0055317191117143193 -0.00020692794695325898 -0.00040598715424177567 0.0047857910221035648 0.014168493946496805 -0.013967351268139418 -0.0024445017661149887 0 -0.018534483377712678 0.014347329937206752 0.0080662734972482154 -0.027450385531016006
leaf_weight=110.98763127997518 690.87770134210587 419.58749384433031 9.2036468014121038 1781.6582652553916 3641.3672511167824 297.30960796028376 732.58979894593358 902.87675297632813 126.75016094744205 731.49027483537793 143.23001239448786 135.57836349308491 251.69256777316332 873.96935515850782 112.3732353001833 318.7338752746582 270.08202176913619 217.38315415754914 24.929636776447296 316.23036222532392 1867.1611604914069 182.26055231317878 982.93207670375705 493.71359258145094 710.64320543408394 81.556298688054085 346.2602112069726 638.71556613594294 43.980611223727465 6.3730020374059668
leaf_count=1292 3181 5168 67 43501 53259 1689 7177 5211 1384 7885 1813 1527 1785 8703 672 4739 1609 1615 89 3298 9111 3309 19979 6577 3768 559 4074 10451 210 78
internal_value=-0.00187601 0.00666483 -0.0147113 0.0123644 -0.0162425 -0.018172 0.00162537 0.00463556 0.00775474 0.00253021 -0.000682694 -0.0108866 -0.00894559 -0.00743681 -0.00107735 0.00911066 -9.82756e-05 0.00598003 -0.0191236 0.00534441 -0.00198528 0.0154111 0.0125495 -0.019281 -0.00437227 -0.0112383 -0.0175851 0.0119585 -0.00586791 0.00302195
internal_weight=17462.5 10485.3 6977.21 4916.47 6074.02 4457.32 5568.81 2637.04 1963.25 1904.45 269.98 1616.7 1261.24 1125.66 2931.78 1693.27 1172.96 329.756 4160.01 735.818 2602.02 2953.22 1171.57 4135.08 903.187 192.544 355.464 957.449 734.858 188.634
internal_count=213780 130391 83389 93720 77770 61614 36671 21882 26853 14705 3197 16156 12015 10488 14789 23656 6820 2287 59925 8466 12502 66867 23366 59836 5619 1851 4141 15190 3391 3387
cat_boundaries=0 2 4 6 8 10 12 14 16
cat_threshold=2148653324 262400 390891838 290972 288 393216 1661148416 435456 1114758870 98502 2214797378 266716 201326976 346452 1191314098 317200
is_linear=0
shrinkage=0.02


Tree=128
num_leaves=31
num_cat=7
split_feature=15 18 21 13 0 16 41 39 0 0 26 0 24 31 24 0 39 16 24 0 42 24 3 26 24 24 42 26 20 0
split_gain=4653.2 747.716 272.796 190.6 156.044 124.919 97.4833 67.4002 57.2767 56.782 53.6492 47.4781 45.8517 52.6436 41.6046 41.5342 39.0837 31.0932 29.973 29.7318 27.4248 36.0829 38.3065 30.1427 27.0029 26.4877 25.9374 25.8129 25.204 24.9795
threshold=1.0000000180025095e-35 3.6250000000000004 18.500000000000004 1.5000000000000002 0 1.0000000180025095e-35 0.45756572334974271 0.93750000000000011 1 2 1.0000000180025095e-35 3 0.9987745098039218 1.0309897716160625 3.918767507002801 4 0.86607142857142871 7.5208333333333348 4.7492647058823545 5 14.407142857142858 0.79852133160956706 -0.61559370248597534 0.011417073930645451 2.3479430988081513 5.9604147214441339 -7.4214285714285699 0.05270328340423281 0.3000000000000001 6
decision_type=2 2 8 2 1 10 2 2 1 1 2 1 2 2 2 1 2 8 2 1 2 2 2 2 2 2 2 2 2 1
left_child=2 3 10 11 12 -6 17 9 25 27 -1 -2 26 -14 -15 -9 28 29 -7 -18 21 22 -12 -23 -22 -8 -4 -5 -13 -3
right_child=1 6 4 7 5 18 8 15 -10 -11 20 16 13 14 -16 -17 19 -19 -20 -21 24 23 -24 -25 -26 -27 -28 -29 -30 -31
leaf_value=-0.020356889433554355 0.0044696664379636304 0.016772835518418443 -0.00088836692143973986 0.0056013414539630791 -0.01902240643846112 -0.0014216317895188186 0.0030440442521640354 0.0049297723396849649 0.011632038861766399 -5.16355254843964e-06 0.002999827443412339 -0.0039086010840396184 -0.020808086492839512 -0.0082588126432877919 0.0038994910350059618 0.012291300459193705 -0.0014292075348068306 0.018862761448978867 -0.015489199408568919 0.0053203808206733604 0.013339887008505977 -0.0081458707074141042 -0.0182130679243531 0.0010708894678277234 -0.0068763203956040174 -0.012186158925426085 -0.01919079462947279 0.014884437287679774 0.004163955143588768 0.011033055925770844
leaf_weight=77.580338008701801 635.62264118716121 935.5457450337708 37.79594761133194 908.68477066978812 4181.8949467688799 217.09157518297434 204.09016132354736 574.97006465122104 433.88892459496856 888.18157298490405 43.293174020946026 1751.3724561184645 119.13902661949396 887.94453506171703 124.68078848719597 858.312877997756 567.63180687278509 965.14620471000671 83.578961886465549 460.95272596180439 69.677479147911072 216.6329687833786 124.91945857927203 391.33121494948864 37.736829712986946 55.525422610342503 274.84527868777514 141.41296738013625 164.87380618602037 876.28478131815791
leaf_count=938 3647 21649 361 8698 61055 1212 2363 7146 6485 7340 285 7488 1350 8568 956 12445 3187 24360 566 2861 279 1238 1306 1753 222 581 3300 1779 758 19604
internal_value=-0.00185452 0.00657341 -0.0146071 0.00278251 -0.016211 -0.0180846 0.0141526 0.00619329 0.00734442 0.00373543 -0.00467627 -0.00042619 -0.0101619 -0.00828519 -0.00673502 0.00948847 -0.00150325 0.0158358 -0.00551232 0.00162058 -0.00321271 -0.00454037 -0.0126798 -0.00220441 0.00606253 -0.000230392 -0.017071 0.0068443 -0.00319819 0.0141839
internal_weight=17310.6 10422.5 6888.14 6952.02 5926.97 4482.57 3470.48 3371.56 693.505 1938.28 961.171 3580.45 1444.41 1131.76 1012.63 1433.28 2944.83 2776.98 300.671 1028.58 883.591 776.177 168.213 607.964 107.414 259.616 312.641 1050.1 1916.25 1811.83
internal_count=213780 130391 83389 55349 77368 62833 75042 37408 9429 17817 6021 17941 14535 10874 9524 19591 14294 65613 1778 6048 5083 4582 1591 2991 501 2944 3661 10477 8246 41253
cat_boundaries=0 2 4 6 8 10 12 14
cat_threshold=444 360449 2533949986 81916 574222305 122951 1405112328 512 251793075 283668 604177415 449594 3774072844 33467
is_linear=0
shrinkage=0.02


Tree=129
num_leaves=31
num_cat=0
split_feature=15 18 21 13 49 38 37 26 22 26 24 25 27 26 24 24 39 21 18 32 25 43 24 42 24 49 22 19 22 24
split_gain=4522.54 733.68 270.263 184.333 156.141 106.085 76.1109 65.9846 55.3069 52.8592 49.5045 75.4963 58.6683 46.9498 40.6934 40.5434 34.9667 34.5084 33.3983 30.6596 30.2672 73.4236 35.7903 30.7756 28.7204 26.8731 26.6322 33.1903 26.5097 25.4749
threshold=1.0000000180025095e-35 3.6250000000000004 18.500000000000004 1.5000000000000002 4.5214285714285731 7.5000000000000009 1.0000000180025095e-35 0.031787169707705308 0.12499999999999996 1.0000000180025095e-35 0.95955882352941191 5.1120831803488551 0.8743872549019609 0.026842571982499702 4.0792542016806737 2.737841671994885 0.84523809523809534 14.500000000000002 8.1250000000000018 3.7488436413601636 6.3808308673971199 10.65 3.6260133861236805 14.407142857142858 2.3479430988081513 -10.121428571428568 0.08928571428571426 2.2500000000000004 0.10611209495786107 0.71763298620883775
decision_type=2 2 8 2 2 2 2 2 2 2 2 2 2 2 2 2 2 8 2 2 2 2 2 2 2 2 2 2 2 2
left_child=2 3 9 13 10 -6 18 16 15 -1 25 12 -12 14 -2 -7 -5 -15 -3 -16 23 22 -22 29 -25 -4 -9 -28 -18 -11
right_child=1 6 4 7 5 8 -8 26 -10 20 11 -13 -14 17 19 -17 28 -19 -20 -21 21 -23 -24 24 -26 -27 27 -29 -30 -31
leaf_value=-0.020311904187317539 -0.0050390392733490356 0.013495488421214572 0.01201829019298839 0.00064589632692542767 -0.0028828154981465643 -0.019983994492091487 0.0036654754336846759 0.012343268505159521 0.0060103501531591453 -0.012792139458161031 -0.020256176165399039 -0.018042716191247098 -0.0042382468195904114 0.0089552594984116281 -0.0010739852709008549 -0.014600552180473072 0.010034541620391507 0.00088671502786859333 0.018189005901349808 0.0079146963292483583 -0.020808871038753431 0.038778518352859413 0.013303205853074193 0.013027798605043951 -0.0079610576354042367 -0.018389910041390244 -0.0034865621545199514 0.0083637016368249793 0.003422297960184258 -0.0036185854601212654
leaf_weight=76.217451348900795 1078.0717313066125 2214.8757959157228 9.2825773879885656 870.17702043429017 179.60772642493248 3293.2764371596277 267.78863172605634 658.7475800588727 33.2185028642416 158.20257632434368 101.06000106781721 269.86694876477122 856.07442237064242 256.97863129153848 865.03342932462692 765.25224844738841 415.2903951369226 1197.8752455562353 944.31090680882335 180.61317677050829 23.313620343804359 20.018030591309071 19.731933519244194 69.988387882709503 36.865286231040955 335.63621969893575 105.37528327852488 683.04722741246223 622.40177247300744 552.82036747783422
leaf_count=938 4707 48581 67 6568 937 49857 2805 8970 124 1531 1177 2898 7867 1819 3934 10367 5071 6559 23656 922 86 96 100 279 218 4074 871 9268 6660 2773
internal_value=-0.00183297 0.00648335 -0.0145032 0.00273567 -0.016118 -0.0181123 0.014051 0.00610172 -0.0187733 -0.00460498 -0.0106621 -0.008709 -0.00600835 -0.000417014 -0.00231652 -0.0189854 0.00363272 0.00234112 0.0149207 0.000477747 -0.00315909 0.0098005 -0.0048897 -0.00421489 0.00558478 -0.0174175 0.00932867 0.00674739 0.00610907 -0.00573288
internal_weight=17161 10360.6 6800.43 6933.61 5843.28 4271.35 3426.98 3355.04 4091.75 957.158 1571.92 1227 957.134 3578.57 2123.72 4058.53 1907.87 1454.85 3159.19 1045.65 880.94 63.0636 43.0456 817.877 106.854 344.919 1447.17 788.423 1037.69 711.023
internal_count=213780 130391 83389 55349 77368 61285 75042 37408 60348 6021 16083 11942 9044 17941 9563 60224 18299 8378 72237 4856 5083 282 186 4801 497 4141 19109 10139 11731 4304
is_linear=0
shrinkage=0.02


Tree=130
num_leaves=31
num_cat=6
split_feature=19 13 21 41 0 38 41 21 24 0 22 0 0 25 0 24 25 49 24 25 0 24 47 24 43 24 42 44 22 24
split_gain=4394.72 711.491 268.185 184.228 155.644 106.967 103.065 89.4734 67.3703 63.3686 59.3778 57.5454 56.1093 54.2964 47.8188 44.5329 52.7798 55.6932 42.7869 28.0597 39.2881 38.5331 38.3996 33.4001 27.9558 27.6531 25.9033 24.3073 23.8444 21.1706
threshold=1.0000000180025095e-35 3.5000000000000004 2.5000000000000004 0.2721655269759094 0 7.5000000000000009 0.39851988391580934 14.500000000000002 4.6876065643648772 1 0.12499999999999996 2 3 4.9524384062156912 4 0.9987745098039218 5.1120831803488551 -3.6999999999999997 5.4498170235836279 4.3723104274829216 5 0.71763298620883775 -1.7219461357374828 2.1076426024955439 3.2500000000000004 1.6824618736383445 -7.4214285714285699 19.850000000000005 0.21078643578643577 1.493421052631579
decision_type=2 2 8 2 1 2 2 8 2 1 2 1 1 2 1 2 2 2 2 2 1 2 2 2 2 2 2 2 2 2
left_child=2 3 19 11 15 -6 -3 12 9 -9 25 -2 -5 -10 28 26 17 -17 -18 20 29 -22 -21 -24 -23 -7 27 -4 -8 -1
right_child=1 6 4 7 5 10 14 8 13 -11 -12 -13 -14 -15 -16 16 18 -19 -20 22 21 24 23 -25 -26 -27 -28 -29 -30 -31
leaf_value=0.0022031185113258033 0.0034726419787422138 0.015946150288973292 -0.017303856554475118 0.012444678566448899 -0.0035345417935042926 -0.020258530070782359 0.0055822495636555025 -0.0080293067912464954 0.0077194162474348536 -0.00060407209207205407 0.0066907046597082034 0.012825610962814031 0.0029566581774877481 -0.0016053432094179742 0.010812756420156458 0 -0.021146869679778288 -0.010061549841251219 -0.00074474166099424961 -0.0085878394381577426 -0.019911390485734318 0 -0.011545358174649504 0.013264448674031135 -0.013600594232887777 -0.01666713249913945 -0.019062233057342708 0.012673374050485599 -0.0064295178744022364 -0.0098920737379676014
leaf_weight=237.99633724987507 448.88639621064067 2421.3238457925618 16.938267230987549 330.99430149048567 202.37202096730471 2466.6168242171407 172.11679952219129 551.91617855802178 610.96083766222 2546.0248093679547 34.264361262321472 773.46191640198231 1035.4002163894475 414.47547760605812 892.03541912138462 379.04646728932858 182.31198544055223 524.73768240585923 55.776943601667881 79.863778874278069 120.61644621193409 142.22331178933382 23.522431254386902 110.71975889056921 105.00567332655191 1672.6064169108868 266.03087158501148 20.481879808008671 102.50834561139345 72.884915933012962
leaf_count=1395 5241 59656 196 3319 1079 37779 2011 3263 4744 15998 128 10879 7711 2722 13609 2859 2026 5613 524 347 1456 807 114 588 554 24101 3300 165 1238 358
internal_value=-0.00181224 0.00639251 -0.0143995 0.00254336 -0.0159658 -0.0178759 0.0135795 0.000973674 -0.000492561 -0.0019677 -0.0186063 0.00955714 0.00540433 0.00393727 0.00862225 -0.00995173 -0.00813812 -0.0058609 -0.016519 -0.00414596 -0.00613836 -0.010411 0.00207548 0.00861411 -0.00592895 -0.0188252 -0.0168893 -0.000678233 0.000970631 -0.000616632
internal_weight=17014.1 10300.1 6714.02 6712.12 5821.18 4375.86 3587.98 5489.77 4123.38 3097.94 4173.49 1222.35 1366.39 1025.44 1166.66 1445.32 1141.87 903.784 238.089 892.833 678.727 367.845 214.106 134.242 247.229 4139.22 303.451 37.4201 274.625 310.881
internal_count=213780 130391 83389 53877 77770 63087 76514 37757 26727 19261 62008 16120 11030 7466 16858 14683 11022 8472 2550 5619 4570 2817 1049 702 1361 61880 3661 361 3249 1753
cat_boundaries=0 2 4 6 7 9 10
cat_threshold=40892 360449 75366402 1024 1663175987 274448 7356416 117440803 360220 8126976
is_linear=0
shrinkage=0.02


Tree=131
num_leaves=31
num_cat=10
split_feature=15 18 0 13 16 41 26 24 26 0 25 24 0 26 26 39 0 23 0 0 0 24 0 0 25 0 16 32 25 27
split_gain=4270.3 709.049 252.156 174.758 157.422 96.8737 71.8635 70.3751 64.5828 56.1368 58.1071 51.6567 83.5684 91.8722 45.6116 45.4206 43.6025 43.0644 42.6507 41.5527 40.2199 38.5863 47.3866 34.5902 46.6512 32.0196 32.0072 29.4048 28.1 27.1848
threshold=1.0000000180025095e-35 3.6250000000000004 0 1.5000000000000002 1.0000000180025095e-35 0.45756572334974271 0.011859916494805103 0.64800579322638152 0.016596553965101554 1 7.0914308043246042 3.6764705882352944 2 0.011091078594949651 0.026842571982499702 0.93750000000000011 3 1.0000000180025095e-35 4 5 6 4.0792542016806737 7 8 5.1120831803488551 9 7.5208333333333348 3.7488436413601636 5.9923794752989226 1.0796307884856071
decision_type=2 2 1 2 10 2 2 2 2 1 2 2 1 2 2 2 1 2 1 1 1 2 1 1 2 1 8 2 2 2
left_child=2 3 6 14 11 26 -1 -8 20 10 -7 17 13 -13 21 18 -16 25 -10 -17 -5 22 -2 29 -25 -4 -3 -23 -6 -9
right_child=1 5 4 8 28 9 7 23 15 -11 -12 12 -14 -15 16 19 -18 -19 -20 -21 -22 27 -24 24 -26 -27 -28 -29 -30 -31
leaf_value=-0.014488261533745135 0.00056960450493492539 0.01388335040444442 -0.01549835005942158 -0.0051076128103730266 -0.0026669640715499695 0.0030411257934869237 -0.017962131610735815 -0.011975651986921715 0.0086432380438365344 0.011333943094467365 -0.025028613370623422 -0.009225388995000694 -0.015149078652648645 0.026365768040795323 -0.0011465816326078988 0.0056061697481933851 0.0057294667748139247 0.021919590585677589 0.0016071699788250439 0.013421850992278536 0.0047285061826087063 -0.0011007776326036483 -0.0080870306909441355 -0.0021767762767303405 -0.018033183773848899 -0.01997096811511255 0.018723034037136047 0.0077190775220778709 -0.017850436850466122 0.0046274888668315769
leaf_weight=323.83964712917805 397.02781166881323 1744.626257468015 1820.3001575060189 293.23510014265776 384.41674818843603 226.00138371437788 117.66325256973505 40.939709983766079 631.88450925052166 423.27124923467636 30.826823245733976 75.246857229620218 455.28234206140041 42.884937077760696 731.58450148999691 563.2310391664505 720.42955703660846 7.9049041122198096 797.00283970683813 687.94261258840561 350.4806455373764 864.29406168311834 680.8669742718339 396.27204689383507 89.908643521368504 2466.5863386206329 920.55972885712981 179.8163148984313 54.206708557903767 354.12234922498465
leaf_count=2603 1866 41253 25567 2130 2090 2681 1339 196 7071 6485 263 940 6177 535 4052 7508 4326 33 7211 10430 3058 3934 2841 3181 826 37804 24360 922 412 1686
internal_value=-0.00179135 0.00630144 -0.0142954 0.00263098 -0.0162438 0.0138546 -0.00627432 -0.00361866 0.00593027 0.00701868 -0.00048259 -0.0173099 -0.0114607 0.00356842 -0.000434122 0.00729544 0.00228756 -0.0180776 0.00481581 0.010093 0.000208113 -0.00230649 -0.00495679 -0.00162647 -0.00513755 -0.0181713 0.0155817 0.000416838 -0.00469719 0.00271129
internal_weight=16872.7 10243.1 6629.57 6897.8 5306.83 3345.29 1322.75 998.906 3323.78 680.099 256.828 4868.21 573.414 118.132 3574.02 2680.06 1452.01 4294.79 1428.89 1251.17 643.716 2122.01 1077.89 881.243 486.181 4286.89 2665.19 1044.11 438.623 395.062
internal_count=213780 130391 83389 55349 73558 75042 9831 7228 37408 9429 2944 71056 7652 1475 17941 32220 8378 63404 14282 17938 5188 9563 4707 5889 4007 63371 65613 4856 2502 1882
cat_boundaries=0 1 3 5 7 9 11 13 15 16 18
cat_threshold=40876 2533949986 81916 8519697 196611 2754421959 435315 2182741641 65619 1329596339 283732 2667978284 274233 3052426368 271922 3840 8126544 509392
is_linear=0
shrinkage=0.02


Tree=132
num_leaves=31
num_cat=8
split_feature=15 18 21 13 49 16 41 26 26 0 25 0 25 25 0 0 0 22 39 16 42 41 0 0 25 43 0 25 20 40
split_gain=4149.33 695.306 266.819 169.063 156.43 141.61 96.2915 63.9789 55.1826 54.7536 55.5483 49.5964 70.8703 137.069 45.8051 44.1385 42.9401 41.854 36.0152 32.2285 31.08 30.0532 28.217 26.9516 26.3653 28.1657 27.4667 25.6653 24.1766 24.1484
threshold=1.0000000180025095e-35 3.6250000000000004 2.5000000000000004 1.5000000000000002 4.1500000000000012 1.0000000180025095e-35 0.45756572334974271 0.031787169707705308 1.0000000180025095e-35 0 7.0914308043246042 1 3.3147607407517543 2.9614914616579728 2 3 4 0.12499999999999996 0.86607142857142871 7.5208333333333348 14.407142857142858 0.2309401076758506 5 6 4.3723104274829216 10.65 7 7.0914308043246042 0.3000000000000001 1.8750000000000002
decision_type=2 2 8 2 2 10 2 2 2 1 2 1 2 2 1 1 1 2 2 8 2 2 1 1 2 2 1 2 2 2
left_child=2 3 8 15 11 17 19 16 -1 10 -8 12 13 -4 -9 -2 -5 -6 28 23 24 -18 -20 -3 26 -26 -10 -7 -17 -16
right_child=1 6 4 7 5 27 9 14 20 -11 -12 -13 -14 -15 29 18 21 -19 22 -21 -22 -23 -24 -25 25 -27 -28 -29 -30 -31
leaf_value=-0.020219363431397682 0.0043074336335463762 0.016492148344160459 -0.005834660299346821 0.0082256320980573575 -0.019025638386796811 -0.0015881590002633755 0.0029873853986395844 0.012917848248713814 -0.012263565207607123 0.011214516432304162 -0.024356360353983822 -0.012218291465768734 -0.01396922575792613 0.029832478277666434 -0.0012357732174278285 -0.003786019903290729 0.0076450866305798554 0.0057787105898526817 -0.00142583670853764 0.018671376953135262 0.0081907312912354469 3.7890709273341711e-05 0.0051603147486899868 0.01050942903587198 -0.0017546475069348056 0.015670613405651512 -0.0024070398325663242 -0.017964749339419987 0.0041254939229383846 0.0073121027717645429
leaf_weight=73.355343796312809 632.53584160283208 886.82618942856789 151.23770146816969 520.75996918603778 3803.7968637607992 248.02908516675234 225.52443550527096 663.2683087438345 178.66242186352611 419.40081748738885 31.123870607465506 1191.4136035628617 144.40701405704021 56.640213519334793 163.98395705595613 1750.2513542324305 253.94141291826963 24.921140193939209 567.25054604560137 904.81110817566514 94.513614028692245 1113.1058397889137 458.19265724718571 835.90068881586194 152.58113022148609 45.28677986562252 339.57185639441013 43.315398961305618 164.60984804481268 592.9691315703094
leaf_count=938 3647 21649 1202 5604 59836 1353 2681 9587 1294 6485 263 13455 1077 422 1518 7488 3225 89 3187 24360 400 9470 2861 19604 713 223 2051 336 758 8004
internal_value=-0.00177095 0.00621306 -0.0141896 0.00258618 -0.0157854 -0.0178305 0.013752 0.00584245 -0.00392411 0.00692251 -0.000476334 -0.0102901 -0.00323 0.00407483 0.00905507 -0.000425525 0.00340444 -0.0188546 -0.00146352 0.0154917 -0.0023558 0.00146852 0.00154035 0.0137806 -0.00380395 0.00230845 -0.00617595 -0.00424917 -0.00309009 0.00536582
internal_weight=16732.2 10184.5 6547.73 6880.87 5663.76 4120.06 3303.59 3308.03 883.971 676.049 256.648 1543.7 352.285 207.878 1420.22 3572.84 1887.81 3828.72 2940.3 2627.54 810.616 1367.05 1025.44 1722.73 716.102 197.868 518.234 291.344 1914.86 756.953
internal_count=213780 130391 83389 55349 77770 61614 75042 37408 5619 9429 2944 16156 2701 1624 19109 17941 18299 59925 14294 65613 4681 12695 6048 41253 4281 936 3345 1689 8246 9522
cat_boundaries=0 2 4 6 8 10 12 14 15
cat_threshold=2533949986 81916 1824 262144 4028225229 75951 1405112328 512 3268673 50882 604177415 449594 3774072844 33467 168960
is_linear=0
shrinkage=0.02


Tree=133
num_leaves=31
num_cat=9
split_feature=15 18 0 13 22 41 30 0 30 26 0 39 0 20 26 26 0 0 39 0 0 25 0 30 26 14 41 25 26 14
split_gain=4032.05 681.772 249.502 163.465 130.257 96.6117 92.5453 76.473 70.9796 73.8686 67.9306 62.6945 53.5031 44.1727 43.6547 43.0874 41.5485 40.9942 39.9142 37.2673 34.9549 53.9664 32.7719 30.3177 29.2041 23.4879 23.4462 22.0913 20.5596 20.2904
threshold=1.0000000180025095e-35 3.6250000000000004 0 1.5000000000000002 0.083333333333333273 0.29459295623272014 3.2743676285683092 1 0.68534214926271986 0.015708519889949705 2 0.93750000000000011 3 0.19999999999999998 0.026842571982499702 0.018696443743172704 4 5 1.0000000180025095e-35 6 7 5.8503445784179497 8 3.9835947850919795 0.052071663206110508 1.0000000180025095e-35 0.18181818181818218 1.6761543611374872 0.015315442105664353 3.5000000000000004
decision_type=2 2 1 2 2 2 2 1 2 2 1 2 1 2 2 2 1 1 2 1 1 2 1 2 2 2 2 2 2 2
left_child=2 3 8 14 6 -3 13 15 -1 -10 -7 12 24 22 19 -8 -16 -13 -9 25 21 -11 -4 -21 -5 -2 -19 -22 -6 -18
right_child=1 5 4 11 28 10 7 18 9 20 -12 17 -14 -15 16 -17 29 26 -20 23 27 -23 -24 -25 -26 -27 -28 -29 -30 -31
leaf_value=-0.018712708057138122 -0.0036446538299082058 0.016552747700641766 -0.01508128198608754 0.0056496576129546347 -0.0013426295760731006 0.013230027523069567 -0.0048051002304301841 -0.015877987931513057 -0.012060389016450592 0.0084481353379742153 0.0038138825434967018 0.012776921905946557 0.00034554641005965584 0.02004453363199318 0.0057451453260757394 0.016590800112896577 -0.0019861245619289471 0.011345436930645093 -0.003808253544619247 -0.0082358599732149911 0.014685585501563854 -0.013592888781319052 -0.019631412293875352 -0.0016387023868685863 0.016743984133818619 0.0028448359289138833 0.0033204974049591395 -0.0051262375163494394 0.016899470405582019 0.0098418033370153753
leaf_weight=155.8651318103075 335.1405239328742 1917.7935561724007 1716.2873830832541 728.51823416724801 49.148241952061653 785.25210332497954 113.99410400539637 553.26845809444785 345.94321577250957 244.14207058399916 559.9039292037487 634.9678603336215 1067.8645255193114 9.4939509630203229 690.67945046722889 52.188670720905066 699.35051548480988 204.32367910444736 145.09619443491101 527.48968832939863 20.263142265379429 50.81043104827404 2475.177818339318 610.548385001719 110.81292656809092 647.88695262372494 546.16482503339648 491.83985314518213 42.555139109492302 59.922802396118641
leaf_count=1889 1395 50063 23948 7166 195 15838 1253 7598 2489 1178 9141 9758 9166 39 4159 549 3813 3122 1066 2204 175 237 38737 2737 1485 3227 6711 3863 173 406
internal_value=-0.00174985 0.00612648 -0.0140853 0.00254251 -0.0160649 0.01365 -0.0165253 -0.0104466 -0.00608215 -0.0043659 0.00946915 0.00575507 0.00337766 -0.0177632 -0.000416378 0.00186098 0.00224857 0.008999 -0.0132371 -0.00224814 -0.00101053 0.00433979 -0.0178679 -0.00468661 0.00710816 0.000601652 0.0054954 -0.00414211 0.00717865 -0.000978516
internal_weight=16592.7 10126.6 6466.07 6863.67 5157.21 3262.95 5065.51 864.547 1308.86 1153 1345.16 3292.65 1907.2 4200.96 3571.02 166.183 1449.95 1385.46 698.365 2121.07 807.055 294.953 4191.47 1138.04 839.331 983.027 750.489 512.103 91.7034 759.273
internal_count=213780 130391 83389 55349 73558 75042 73190 10466 9831 7942 24979 37408 17817 62724 17941 1802 8378 19591 8664 9563 5453 1415 62685 4941 8651 4622 9833 4038 368 4219
cat_boundaries=0 1 3 5 7 9 11 13 14 16
cat_threshold=40876 8519697 327681 3774086365 32931 35253953 122951 1536351032 88972 3774730316 166569 4227097996 9778 2816 8126544 509264
is_linear=0
shrinkage=0.02


Tree=134
num_leaves=31
num_cat=5
split_feature=15 18 21 39 0 16 41 21 0 0 24 26 26 26 24 25 43 31 22 0 0 2 24 2 26 20 25 49 50 24
split_gain=3917.3 668.117 265.707 158.707 157.01 135.587 96.4516 67.9035 66.828 62.1866 58.1564 58.0408 54.4047 54.2503 45.0314 52.9502 102.579 42.8013 41.9575 34.3601 33.1486 27.7724 36.4066 39.5236 36.248 25.9786 25.7748 25.5517 26.7156 22.9639
threshold=1.0000000180025095e-35 3.6250000000000004 2.5000000000000004 0.93750000000000011 0 1.0000000180025095e-35 0.29459295623272014 14.500000000000002 1 2 4.6876065643648772 0.022714891796077503 1.0000000180025095e-35 0.032938703161713163 0.9987745098039218 2.3611733746099497 11.100000000000003 1.0309897716160625 0.12499999999999996 3 4 0.61559370248597556 0.79852133160956706 0.78574730703237894 0.028557204494808152 -0.3000000000000001 5.5574056331669164 -10.121428571428568 0.25000000000000006 1.6824618736383445
decision_type=2 2 8 2 1 10 2 8 1 1 2 2 2 2 2 2 2 2 2 1 1 2 2 2 2 2 2 2 2 2
left_child=2 3 12 7 14 18 -3 11 -8 25 13 20 -1 -9 27 16 -16 -17 29 -12 -2 -14 23 -23 -24 -5 -7 -4 -29 -6
right_child=1 6 4 9 5 26 8 10 -10 -11 19 -13 21 -15 15 17 -18 -19 -20 -21 -22 22 24 -25 -26 -27 -28 28 -30 -31
leaf_value=-0.020140356478559083 -0.0035159187618831193 0.01647319105687832 0.011894408281042887 -0.0012951747088341954 -0.020195551749448429 -0.0019341807709150685 0.01311765145224876 -0.0041151312038631488 0.0037504066486129133 0.011154190772269468 0.0085854427561850005 0.009217086366406415 0.0075516091431898236 0.0016938764827236939 -0.0097312777815366635 -0.020646378757072176 0.034970059548250651 -0.0073929852162931443 0.005873819528450736 0.00012695733668703521 0.0050050969840215306 0.0042150890651670081 -0.0045022481568364296 -0.017846080576467086 0.0065763115881015402 0.0057856708672575198 -0.017412705636038809 0.009721986440563506 -0.019036268987305534 -0.016705566668595115
leaf_weight=71.020547099411488 360.1229009218514 1888.8206527382135 9.3170327171683294 279.68207006528974 2299.7214690968394 255.43552677333355 776.34099647775292 1883.8828370086849 558.22978900000453 907.45223531872034 344.2428206205368 578.46392304077744 99.164034858345985 967.655363060534 49.762201175093651 110.24417951703072 30.442999139428139 916.8720822557807 25.16058038175106 437.69050494208932 343.81699892506003 41.45175439119339 379.79076012969017 116.20854765921831 167.1923960596323 743.98032862320542 50.135094575583935 10.872607015073298 269.99614602327347 1483.6463878713548
leaf_count=938 2032 50063 67 2622 37739 1448 15838 9615 9141 12609 2298 5460 426 7115 510 1340 300 8872 90 2663 2278 282 2003 1306 664 8657 394 88 3506 23416
internal_value=-0.0017291 0.00603975 -0.0139795 0.00249923 -0.0156054 -0.0176007 0.0135448 0.000584919 0.00935774 0.00735352 -0.000807457 0.00453821 -0.00369493 -0.00213716 -0.00949877 -0.0076578 0.00764447 -0.00889092 -0.0186735 0.00400583 0.000642252 -0.00214762 -0.00356708 -0.0119509 -0.00106218 0.00379647 -0.00468316 -0.0166292 -0.0177616 -0.0188466
internal_weight=16456.8 10070.4 6386.43 6846.99 5511.61 4114.1 3223.39 4915.88 1334.57 1931.11 3633.47 1282.4 874.828 2851.54 1397.51 1107.32 80.2052 1027.12 3808.53 781.933 703.94 803.807 704.643 157.66 546.983 1023.66 305.571 290.186 280.869 3783.37
internal_count=213780 130391 83389 55349 77770 63087 75042 31461 24979 23888 21691 9770 5619 16730 14683 11022 810 10212 61245 4961 4310 4681 4255 1588 2667 11279 1842 3661 3594 61155
cat_boundaries=0 2 4 6 8 9
cat_threshold=40892 360449 3774086365 32931 789188019 324944 2791858553 7682 171520
is_linear=0
shrinkage=0.02


Tree=135
num_leaves=31
num_cat=10
split_feature=15 18 0 13 22 24 0 37 24 26 26 0 20 26 0 26 0 0 39 0 0 0 0 26 38 24 22 32 40 22
split_gain=3805.81 654.729 247.01 155.394 127.059 93.5462 75.5382 75.5282 69.3145 71.8286 61.6641 44.974 43.3711 41.5461 50.4258 41.3221 41.1849 39.5305 39.4407 38.0293 34.0353 33.7557 30.8658 30.5752 26.5475 26.347 26.3014 26.2631 24.3753 24.1677
threshold=1.0000000180025095e-35 3.6250000000000004 0 1.5000000000000002 0.083333333333333273 3.2703415247678023 1 1.0000000180025095e-35 0.64800579322638152 0.011859916494805103 0.034810207786709055 2 0.19999999999999998 0.017418429664473805 3 0.035686184666650259 4 5 1.0000000180025095e-35 6 7 8 9 0.025070470316900705 9.5000000000000018 4.1120837223778404 0.090922381711855363 3.7488436413601636 1.8750000000000002 0.2583683473389356
decision_type=2 2 1 2 2 2 1 2 2 2 2 1 2 2 1 2 1 1 2 1 1 1 1 2 2 2 2 2 2 2
left_child=2 3 8 13 5 12 15 17 -1 -10 11 -5 20 21 -15 -7 28 -3 -8 -9 -4 -2 24 26 -11 -13 -19 -23 -12 -16
right_child=1 7 4 10 -6 6 18 19 9 22 16 25 -14 14 29 -17 -18 23 -20 -21 -22 27 -24 -25 -26 -27 -28 -29 -30 -31
leaf_value=-0.018579784260179123 0.00082175630840652871 0.016598757091129301 -0.014885947990292539 0.007918557895366286 0.0070544755848890514 -0.0015818314717330291 -0.015690823330573162 -0.0049034210779414561 -0.013092860514503979 0.0046521192744309126 -0.0032911144130004688 -0.0012406905924889767 0.019874857278722118 0.0060479516229089963 -0.0019418174021355104 0.027353338388814177 0.012604430517637169 0.012364670469426818 -0.003623923182012539 0.0097400195656364118 -0.019544910577651706 -0.0075859718299854184 -0.0047209801845187237 0.012346148210600831 -0.011597815124887834 0.0041589606944622236 -0.005326673556559477 0.0019785856065367975 0.0069770684552236993 0.0036895117843788001
leaf_weight=150.95044416934252 483.99057096987963 1646.2670479230583 1672.1080265007913 619.70632163435221 91.757837414741516 145.11054580286145 538.24243330582976 122.4797133281827 273.27983926981688 352.23434459418058 111.44156863540411 712.52827269211411 9.4661161005496961 607.49788857996464 1295.9435283541679 19.660540550947189 653.64598873257637 54.189933214336634 143.8792133666575 137.48771635442972 2392.4234768413007 650.18379920721054 475.92834778875113 1146.8580283112824 41.920712396502495 720.18190196156502 77.281615350395441 134.21808100491762 448.48924385011196 394.05269375443459
leaf_count=1889 2198 41859 23948 6916 368 1578 7598 1046 2053 1670 983 6193 39 3617 6724 224 9795 1198 1066 1759 38737 2692 4007 27787 212 7463 1393 610 6058 2100
internal_value=-0.00170828 0.00595297 -0.0138758 0.00245599 -0.0158868 -0.0163549 -0.0101887 0.0134394 -0.00588556 -0.00419928 0.00560606 0.00346891 -0.0176234 -0.000425839 0.00117164 0.00205633 0.00918653 0.0143591 -0.0130118 0.00297162 -0.0177302 -0.0033311 -0.00134765 0.01121 0.00273019 0.00145253 0.00192978 -0.00584841 0.00480587 -0.00060915
internal_weight=16323.4 10016.4 6306.96 6831.88 5012.65 4920.89 846.893 3184.56 1294.31 1143.36 3265.99 2052.42 4074 3565.89 2297.49 164.771 1213.58 2924.6 682.122 259.967 4064.53 1268.39 870.083 1278.33 394.155 1432.71 131.472 784.402 559.931 1690
internal_count=213780 130391 83389 55349 73558 73190 10466 75042 9831 7942 37408 20572 62724 17941 12441 1802 16836 72237 8664 2805 62685 5500 5889 30378 1882 13656 2591 3302 7041 8824
cat_boundaries=0 1 3 5 7 9 11 13 15 17 18
cat_threshold=40876 8519697 327681 2150752265 181954 1368447272 768 254150962 448080 3774085196 164523 258606114 212862 8126544 509264 4293681296 5282 3840
is_linear=0
shrinkage=0.02


Tree=136
num_leaves=31
num_cat=0
split_feature=15 18 21 49 39 16 37 21 24 24 31 24 16 20 15 20 47 49 24 49 14 22 20 15 21 22 24 47 47 16
split_gain=3697.22 641.604 263.619 158.032 151.698 142.238 74.5766 65.0793 56.0537 50.1136 55.427 46.0019 45.2353 38.024 34.1962 32.1652 30.7256 25.8982 24.2586 43.3161 24.0788 23.3588 22.6084 21.7676 21.2496 20.9104 20.5462 20.0684 19.9678 19.9144
threshold=1.0000000180025095e-35 3.6250000000000004 2.5000000000000004 4.1500000000000012 0.93750000000000011 1.0000000180025095e-35 1.0000000180025095e-35 14.500000000000002 4.6876065643648772 0.95955882352941191 1.0309897716160625 3.8638114336643752 8.0208333333333339 -0.19999999999999904 0.81250000000000011 0.39999999999999969 2.8681758951124663 -10.121428571428568 0.59633714596949905 8.3214285714285747 1.5000000000000002 0.12499999999999996 -0.79999999999999838 4.1875000000000009 14.500000000000002 0.12499999999999996 4.7111632092450515 6.249752916883847 3.1908551681969466 0.57738095238095244
decision_type=2 2 8 2 2 10 2 8 2 2 2 2 8 2 2 2 2 2 2 2 2 2 2 2 8 2 2 2 2 10
left_child=2 4 18 9 7 11 12 14 15 17 -11 -5 22 24 -2 -9 -12 -4 19 -1 -10 -13 23 -3 -6 -15 29 -19 -16 -7
right_child=1 6 3 5 13 26 -8 8 20 10 16 21 -14 25 28 -17 -18 27 -20 -21 -22 -23 -24 -25 -26 -27 -28 -29 -30 -31
leaf_value=-0.018817200684601951 -0.0007566585312710288 -0.0022400809187158011 0.011813319453578774 -0.019503662073372601 0.009893507180094881 -0.0071053024649690303 0.0029239603594748897 -0.0033412495347826094 0.00079248824865098754 -0.020641731675704805 -0.008039615403171314 -0.012961445913649368 0.018289079915712846 0.011905980426286543 0.0054806370452100683 0.001564525020658139 0.00035033437121425904 -0.019499800583322183 -0.0017424997114713861 0.00078436148892326951 0.0079364209886410506 0.015597701852993997 0.013661917558669291 0.010132513711417601 0.0015108201955538819 0.0064542628754914021 -0.012188333668854426 -2.2947250922449264e-05 0.015995643235989409 0.0052098600810728769
leaf_weight=97.036730103194714 358.58628612011671 63.947759058326483 9.3415431603789312 3156.3688747696579 155.97171286121011 93.758211091160774 259.23922985047102 2145.076928127557 443.30094942823052 120.39619374647737 839.34661950916052 422.94202211499214 832.42435333505273 632.87171983718872 837.12089420109987 703.48392748460174 214.25487575680017 281.60669248923659 690.38181598484516 78.259249478578568 336.02330157905817 8.719266474246977 1649.0891744121909 341.30124692991376 548.4150639437139 574.94900589063764 81.23937764018774 25.093878589570522 80.197480570524931 111.41013985872269
leaf_count=1292 1695 872 67 53534 2052 540 2805 11382 2270 1527 8860 6358 23083 8624 7284 5348 1628 3844 3768 559 2691 33 40985 7297 5818 7394 557 230 791 592
internal_value=-0.00168779 0.00586814 -0.0137699 -0.0154231 0.00241396 -0.017562 0.0133361 0.000544953 -0.000817329 -0.0098241 -0.00785315 -0.0186457 0.0142602 0.00718814 0.00442691 -0.00212233 -0.0063184 -0.0169402 -0.00348448 -0.0100881 0.00391694 -0.0122349 0.0125936 0.00812903 0.00342935 0.00934978 -0.00386366 -0.0179865 0.0064708 -0.000343162
internal_weight=16192.2 9962 6230.16 5364.48 6816 3874.44 3146 4903.79 3627.89 1490.04 1174 3588.03 2886.76 1912.21 1275.9 2848.56 1053.6 316.042 865.678 175.296 779.324 431.661 2054.34 405.249 704.387 1207.82 286.408 306.701 917.318 205.168
internal_count=213780 130391 83389 77770 55349 61614 75042 31461 21691 16156 12015 59925 72237 23888 9770 16730 10488 4141 5619 1851 4961 6391 49154 8169 7870 16018 1689 4074 8075 1132
is_linear=0
shrinkage=0.02


Tree=137
num_leaves=31
num_cat=5
split_feature=15 13 21 41 0 16 41 21 24 26 0 0 26 0 0 24 31 24 22 26 26 38 26 24 16 24 42 42 24 3
split_gain=3591.05 628.959 261.181 162.766 160.247 126.266 99.9347 79.2987 59.4724 77.0958 56.966 52.5832 50.7095 47.6811 46.1535 45.1819 53.4076 40.037 39.4101 38.4887 32.9358 32.0442 30.9718 38.7383 29.098 28.4262 26.4309 25.5665 30.7394 38.0018
threshold=1.0000000180025095e-35 3.5000000000000004 18.500000000000004 0.2721655269759094 0 1.0000000180025095e-35 0.39851988391580934 14.500000000000002 4.6876065643648772 0.032938703161713163 1 2 1.0000000180025095e-35 3 4 0.9987745098039218 1.0309897716160625 3.918767507002801 0.12499999999999996 0.022714891796077503 0.0060820248065185005 11.500000000000002 0.029345837660468353 1.3614361515215407 7.6742424242424248 4.7492647058823545 -7.4214285714285699 14.407142857142858 0.79852133160956706 -0.61559370248597534
decision_type=2 2 8 2 1 10 2 8 2 2 1 1 2 1 1 2 2 2 2 2 2 2 2 2 8 2 2 2 2 2
left_child=2 3 12 10 15 18 24 11 9 -9 -2 20 -1 -10 -8 26 -17 -18 21 -13 -5 -6 23 -16 -3 -7 -4 28 29 -14
right_child=1 6 4 7 5 25 14 8 13 -11 -12 19 27 -15 22 16 17 -19 -20 -21 -22 -23 -24 -25 -26 -27 -28 -29 -30 -31
leaf_value=-0.020048385834563601 0.003117665323219334 0.013587473154095427 0 -0.0069990524042224849 -0.018886456639628207 -0.00066428790880861371 -0.00048835852893603911 -0.0044712017446213179 -0.0014146543736720133 0.0020630191712768088 0.012453890996175578 -0.0011354940061526792 0.0040555036767902473 0.007276912876806531 -0.016843356354664902 -0.020555281409435383 -0.0072153378089871868 0.0049422874286120062 0.0056250734365571936 0.006598999694647255 0.014330677307752589 0.0005455916441239625 0.012798883041584868 0.007036098409743341 0.018690902419330812 -0.014739802197018178 -0.018722865438614931 0.0066062597045530511 -0.0016067015725885164 -0.017638503856055143
leaf_weight=68.297388054430485 460.00215243548155 1447.1928308792412 35.855242721736431 29.027579110115767 3551.46234209463 210.97837883979082 215.32812689617276 1928.9568702615798 437.18560716509819 1146.4221510961652 711.68227488920093 522.42447429522872 41.717799998819828 571.90460776537657 26.588570859283209 106.34036902338266 831.48835440725088 120.35363110899925 24.321344465017319 496.02832617610693 289.83001613244414 32.085283126682043 571.71959472447634 300.02016365155578 754.57839800789952 77.764368139207363 242.73781498521566 105.69284518063068 593.76836380362511 111.65158949419856
leaf_count=938 5563 37450 361 193 60531 1212 2593 10028 3226 9233 10557 3038 285 4240 253 1350 8568 956 87 4673 3126 437 10290 3722 22206 566 3300 501 2991 1306
internal_value=-0.0016675 0.00578329 -0.0136636 0.00220438 -0.0153929 -0.0174675 0.0128863 0.0007376 -0.000642805 -0.00202928 0.00895541 0.00496061 -0.00379937 0.00355644 0.00793258 -0.00910671 -0.00721741 -0.00564645 -0.0185325 0.00259486 0.0119096 -0.0187066 0.00986415 0.00489583 0.0153686 -0.00463626 -0.0163819 -0.00240901 -0.00373233 -0.011645
internal_weight=16063.4 9908.89 6154.52 6593.46 5233.39 3896.61 3315.43 5421.78 4084.47 3075.38 1171.68 1337.31 921.128 1009.09 1113.66 1336.78 1058.18 951.842 3607.87 1018.45 318.858 3583.55 898.328 326.609 2201.77 288.743 278.593 852.831 747.138 153.369
internal_count=213780 130391 83389 53877 77368 62833 76514 37757 26727 19261 16120 11030 6021 7466 16858 14535 10874 9524 61055 7711 3319 60968 14265 3975 59656 1778 3661 5083 4582 1591
cat_boundaries=0 2 4 5 7 9
cat_threshold=444 360449 1663175987 307216 7356416 1502691458 354552 117440546 98072
is_linear=0
shrinkage=0.02


Tree=138
num_leaves=31
num_cat=6
split_feature=15 13 21 49 41 16 41 21 24 26 0 26 0 24 31 24 0 0 0 0 26 26 24 26 16 2 24 2 26 49
split_gain=3488.03 615.702 258.494 158.626 157.937 141.587 99.4268 76.4245 57.1812 73.9709 55.8086 52.638 51.1907 49.4723 54.688 47.0796 75.5833 46.6431 45.9801 44.9837 37.1603 32.3488 38.543 32.0951 29.2982 26.3164 33.3797 38.3122 33.8131 25.3524
threshold=1.0000000180025095e-35 3.5000000000000004 2.5000000000000004 4.1500000000000012 0.2721655269759094 1.0000000180025095e-35 0.39851988391580934 14.500000000000002 4.6876065643648772 0.032938703161713163 0 1.0000000180025095e-35 1 0.95955882352941191 1.0309897716160625 3.8638114336643752 2 3 4 5 0.022714891796077503 0.029049534093724402 1.3614361515215407 0.0060820248065185005 7.6742424242424248 0.61559370248597556 0.79852133160956706 0.78574730703237894 0.028557204494808152 -10.121428571428568
decision_type=2 2 8 2 2 10 2 8 2 2 1 2 1 2 2 2 1 1 1 1 2 2 2 2 8 2 2 2 2 2
left_child=2 4 11 13 10 15 24 12 9 -9 -2 -1 23 29 -15 -5 -17 -16 -10 -8 -14 22 -21 -6 -3 -13 27 -27 -28 -4
right_child=1 6 3 5 7 -7 19 8 18 -11 -12 25 20 14 17 16 -18 -19 -20 21 -22 -23 -24 -25 -26 26 28 -29 -30 -31
leaf_value=-0.020005182920562536 0.0032603163757478977 0.013484752068027286 0.011556450171125585 -0.019418711048084767 -0.0068545845253008119 -0.0037296496795430974 -0.00020092252243818112 -0.004377027557816539 -0.0012360256839344832 0.0020238749624711576 0.012463235346699797 0.0075810921948076997 -0.0011124932888022662 -0.020566113343721697 0.001586359564052937 0.0091506861944637384 -0.014989510179756239 -0.008376054283922317 0.0072732437352597372 -0.017112970716496631 0.0064940189484890623 0.012813670435067053 0.0068418449313926025 0.014182287215025836 0.018641782079865006 0.0043508793594439731 -0.0042361147472109459 -0.017555351771563629 0.0064805791974914418 -0.017841626558680455
leaf_weight=67.094549559056759 479.10553421452641 1429.2565149590373 9.424036391079424 3050.0157208330929 29.108977064490318 284.74707830697298 228.1869809627533 1931.09297369048 453.29784676805139 1145.2929918132722 684.27823419496417 99.09609143435955 522.62107985839248 116.15843610092998 241.92446071282029 53.324787080287933 366.88827361539006 799.32260372489691 554.15747669711709 26.347983200103045 494.03482037037611 563.86972994729877 287.63286021724343 287.06463589519262 741.5740104727447 41.256416149437428 375.77554409205914 109.96798617392778 167.29047083854675 297.40031895041466
leaf_count=938 5876 37450 67 53534 193 1689 2748 10028 3331 9233 10244 426 3038 1527 1785 720 5671 8703 4135 246 4673 10261 3603 3126 22206 282 2003 1306 664 4074
internal_value=-0.00164738 0.00569922 -0.0135586 -0.0152335 0.00216595 -0.0174206 0.0127796 0.000723998 -0.000629547 -0.00198792 0.00884337 -0.00335832 0.00487838 -0.009587 -0.00762689 -0.0185341 -0.0119737 -0.00610934 0.00349221 0.00782792 0.00254746 0.00982198 0.00462562 0.0117679 0.0152789 -0.00185537 -0.00325774 -0.0114809 -0.000880765 -0.016771
internal_weight=15936.6 9856.92 6079.69 5219.21 6580.05 3754.98 3276.87 5416.67 4083.84 3076.39 1163.38 860.481 1332.83 1464.23 1157.41 3470.23 420.213 1041.25 1007.46 1106.04 1016.66 877.851 313.981 316.174 2170.83 793.387 694.29 151.224 543.066 306.824
internal_count=213780 130391 83389 77770 53877 61614 76514 37757 26727 19261 16120 5619 11030 16156 12015 59925 6391 10488 7466 16858 7711 14110 3849 3319 59656 4681 4255 1588 2667 4141
cat_boundaries=0 2 3 5 7 9 11
cat_threshold=1663175991 307216 7356416 8392705 3 288 393216 1569800322 354552 117440546 98076
is_linear=0
shrinkage=0.02


Tree=139
num_leaves=31
num_cat=6
split_feature=15 18 21 0 39 16 37 0 21 26 24 26 26 16 0 24 27 22 24 0 0 0 24 42 22 24 42 24 49 26
split_gain=3387.81 605.909 255.594 160.725 141.242 125.831 73.3329 59.9196 58.3921 52.896 50.2622 49.1307 49.0546 45.5463 46.9412 44.3421 51.6445 39.6586 38.5821 36.5732 32.202 30.1787 27.8752 26.3287 24.8745 24.49 23.7967 29.2576 36.8415 25.8011
threshold=1.0000000180025095e-35 3.6250000000000004 18.500000000000004 0 0.93750000000000011 1.0000000180025095e-35 1.0000000180025095e-35 1 14.500000000000002 0.022714891796077503 4.6876065643648772 1.0000000180025095e-35 0.054739391581218509 8.0208333333333339 2 0.9987745098039218 0.8743872549019609 0.12499999999999996 3.6764705882352944 3 4 5 4.7492647058823545 -7.4214285714285699 0.062554347826086973 1.6824618736383445 14.407142857142858 0.79852133160956706 8.3214285714285747 0.011417073930645451
decision_type=2 2 8 1 2 10 2 1 8 2 2 2 2 8 1 2 2 2 2 1 1 1 2 2 2 2 2 2 2 2
left_child=2 4 11 15 8 17 13 -6 9 21 12 -1 -10 14 -3 23 -17 25 -18 -8 -12 -2 -7 -4 -16 -5 27 28 -13 -29
right_child=1 6 3 5 7 22 19 -9 10 -11 20 26 -14 -15 24 16 18 -19 -20 -21 -22 -23 -24 -25 -26 -27 -28 29 -30 -31
leaf_value=-0.019962180459990857 -0.0034924421259947729 0.015095522433214117 0 -0.020040751363228027 0.0034292211933744368 -0.00056463511776749472 -0.0052165535075168381 0.010730742130028064 -0.0029070775461960121 0.0087171433554891781 0.0078513777789112685 -0.017476485539147157 0.0059232159357404711 0.018125009215205184 0.013009838678638079 -0.020139868558765796 -0.0070988632985946026 0.0058053518598996379 0.0043473245102967056 0.0092391895600632736 -0.0002304338929275553 0.0046660590061742063 -0.014575630139139735 -0.018593209509742765 0.0057805022638497882 -0.01629933579628233 0.0063489142796496539 -0.0072041330666322923 0.0039386356918341405 0.0014744453879539758
leaf_weight=65.912639077752829 359.35666919499636 1121.6447057053447 35.543190889060497 2109.3064702674747 1005.8539530225098 210.26498921960592 118.27093879505992 877.44972594454885 2571.4710574150085 564.46020219475031 367.38137163221836 108.42478631809354 274.81770660355687 792.75750036165118 310.14396378397942 105.85285715013742 805.01521492376924 24.322777763009071 133.55163748562336 138.12528700381517 407.25923280790448 339.78383482247591 76.670289807021618 235.03918284550309 557.13409868255258 1355.9991148337722 106.15871638804674 207.0002560839057 41.868255518376827 385.32662891596556
leaf_count=938 2032 28455 361 37739 11279 1212 1014 12609 14486 5460 2488 1307 2244 23083 8003 1388 8441 87 1045 1791 2473 2278 566 3300 12696 23229 501 1238 284 1753
internal_value=-0.00162743 0.00561601 -0.0134534 -0.0152028 0.00227925 -0.0173228 0.013033 0.0069284 0.000479459 0.00417836 -0.000808221 -0.00367608 -0.00204213 0.0139775 0.0122896 -0.0088746 -0.00700258 -0.0184172 -0.00544025 0.00266578 0.00369023 0.000463833 -0.00448949 -0.0161957 0.00832897 -0.0185978 -0.00232203 -0.00360894 -0.0114199 -0.00154588
internal_weight=15812.2 9805.91 6006.26 5091.57 6767.83 3776.56 3038.08 1883.3 4884.53 1263.6 3620.93 914.691 2846.29 2781.68 1988.92 1315 1044.42 3489.63 938.567 256.396 774.641 699.141 286.935 270.582 867.278 3465.31 848.779 742.62 150.293 592.327
internal_count=213780 130391 83389 77368 55349 62833 75042 23888 31461 9770 21691 6021 16730 72237 49154 14535 10874 61055 9486 2805 4961 4310 1778 3661 20699 60968 5083 4582 1591 2991
cat_boundaries=0 2 4 6 8 10 11
cat_threshold=444 360449 789188019 324944 3774077021 33451 258606114 204606 3060556153 7682 171520
is_linear=0
shrinkage=0.02


Tree=140
num_leaves=31
num_cat=0
split_feature=15 13 21 49 41 16 41 14 26 24 25 27 24 21 14 24 26 16 24 26 26 42 24 49 26 49 25 13 24 47
split_gain=3290.58 592.508 252.867 159.08 151.118 140.914 98.4225 71.713 50.9737 48.7401 73.2072 56.9021 48.0729 46.0411 35.35 29.9317 29.6791 29.5686 29.0165 28.5744 28.0848 27.1037 32.01 36.1941 32.9373 24.8086 24.2523 22.2069 21.7809 21.0927
threshold=1.0000000180025095e-35 3.5000000000000004 2.5000000000000004 4.1500000000000012 0.2721655269759094 1.0000000180025095e-35 0.39851988391580934 2.5000000000000004 1.0000000180025095e-35 0.95955882352941191 5.1120831803488551 0.8743872549019609 3.8638114336643752 14.500000000000002 1.5000000000000002 4.1120837223778404 0.025070470316900705 7.6742424242424248 5.4498170235836279 0.032768556640598058 0.017154390559353454 14.407142857142858 0.79852133160956706 8.3214285714285747 0.028557204494808152 -10.121428571428568 7.0914308043246042 24.500000000000004 4.6876065643648772 6.249752916883847
decision_type=2 2 8 2 2 10 2 2 2 2 2 2 2 8 2 2 2 8 2 2 2 2 2 2 2 2 2 2 2 2
left_child=2 4 8 9 20 12 17 13 -1 25 11 -11 -5 16 27 -15 -6 -3 -12 28 -2 22 23 -10 -24 -4 -7 -8 -9 -27
right_child=1 6 3 5 7 26 14 19 21 10 18 -13 -14 15 -16 -17 -18 -19 -20 -21 -22 -23 24 -25 -26 29 -28 -29 -30 -31
leaf_value=-0.019919364111074752 0.0016047794600490793 0.013293385822642469 0.011306552338089916 -0.019333274284366417 0.00053109373502709036 -0.0010451824900209914 0.0026253997741935908 -0.00062087806521861041 -0.017393066944213231 -0.019850482029185306 -0.020981862693010372 -0.0029754377714563207 -0.011723798115603892 -0.003383872685488429 0.0098708503912142264 0.00061359618388928574 0.0081199062823945119 0.018545514491893223 -0.0043390835914641759 0.0077599878314429825 0.010074349277961508 0.0080413387696855066 -0.0041669803500735325 0.0038545306253409046 0.0063863145744723531 -0.019304734235118116 -0.017451584390755694 -0.032415990708891881 0.0064261006428054735 0
leaf_weight=64.75134776905179 195.72404187172651 1396.7265052124858 9.5051576644182187 2947.1435930095613 576.33556362614036 243.10070832818747 300.73498544096947 476.01070549711585 106.79668693244457 86.742118291556835 184.68522226065397 809.35240993648767 410.10428348183632 1908.4261221848428 786.55805202573538 1218.6397993564606 323.91103477030993 716.9635677523911 60.498036667704582 627.96904067322612 953.61821177974343 94.762745283544064 378.0576206445694 41.990382619202137 167.9319654405117 264.33570229262114 40.141801297664642 4.3580695986747733 270.53456666693091 24.004948396235704
leaf_count=938 1841 37450 67 53534 3293 1353 3575 3823 1307 1177 2286 7926 6391 10354 13249 7037 2822 22206 626 7694 14279 400 2025 284 665 3844 336 34 2734 230
internal_value=-0.00160716 0.00553392 -0.0133487 -0.0150423 0.0020806 -0.0172772 0.0125771 0.000673547 -0.00323804 -0.00935083 -0.00740383 -0.00469197 -0.018421 -0.000668995 0.0076303 -0.00182055 0.00330161 0.0151081 -0.017058 0.00461459 0.00865734 -0.00177452 -0.00317081 -0.0113072 -0.000867474 -0.0165966 -0.00359874 0.00174917 0.00192164 -0.017692
internal_weight=15690.4 9756.51 5933.9 5079.61 6551.17 3640.49 3205.34 5401.83 854.291 1439.12 1141.28 896.095 3357.25 4027.31 1091.65 3127.07 900.247 2113.69 245.183 1374.51 1149.34 789.539 694.777 148.787 545.99 297.846 283.243 305.093 746.545 288.341
internal_count=213780 130391 83389 77770 53877 61614 76514 37757 5619 16156 12015 9103 59925 23506 16858 17391 6115 59656 2912 14251 16120 4681 4281 1591 2690 4141 1689 3609 6557 4074
is_linear=0
shrinkage=0.02


Tree=141
num_leaves=31
num_cat=0
split_feature=15 18 21 49 13 16 37 26 24 25 31 26 16 24 23 26 21 32 25 25 43 24 42 24 21 24 49 28 43 16
split_gain=3195.61 581.6 249.78 160.264 134.982 129.316 72.3864 58.2315 48.1688 78.1869 58.9661 47.5755 45.7626 45.3403 40.0432 38.0013 32.4361 30.4704 29.6156 27.2233 67.4074 36.0962 26.008 26.0507 25.0403 24.4695 24.4058 24.3797 23.8097 23.5941
threshold=1.0000000180025095e-35 3.6250000000000004 18.500000000000004 4.5214285714285731 1.5000000000000002 1.0000000180025095e-35 1.0000000180025095e-35 0.016596553965101554 0.95955882352941191 5.1120831803488551 1.092858233108261 1.0000000180025095e-35 8.0208333333333339 3.8638114336643752 0.62500000000000011 0.017418429664473805 14.500000000000002 3.7488436413601636 6.3808308673971199 6.3808308673971199 10.65 3.6260133861236805 14.407142857142858 2.3479430988081513 7.5000000000000009 4.0792542016806737 -10.121428571428568 110.50000000000001 4.3500000000000005 0.52083333333333337
decision_type=2 2 8 2 2 10 2 2 2 2 2 2 8 2 2 2 8 2 2 2 2 2 2 2 8 2 2 2 2 10
left_child=2 4 11 8 15 13 12 27 26 10 -10 -1 -3 -5 24 17 -17 25 29 22 21 -21 28 -24 -9 -2 -4 -6 -13 -7
right_child=1 6 3 5 7 18 -8 14 9 -11 -12 19 -14 -15 -16 16 -18 -19 -20 20 -22 -23 23 -25 -26 -27 -28 -29 -30 -31
leaf_value=-0.019876716366531252 -0.0081326222935643837 0.012080299554138632 0.011063380075511432 -0.019285344499969683 0.0032474803552461191 -0.007852576989747468 0.0024973242454686202 0.0085521477520506817 -0.018300329283593372 -0.017400042802647987 -0.0025081340802176168 -0.0019274447970444861 0.018011895058817652 -0.011808364414581135 0.0094931138126103983 0.0059184048057310838 -0.0001035962789960919 0.003567065601725661 -0.019097362880301085 -0.020460866019681345 0.037532459044723632 0.014133068134075433 0.012719408026024018 -0.0074428503953127044 0.0027179656122604994 -0.0019231239479465404 -0.017616904853071456 -0.0046203022867643915 -0.0098739140635078458 0.0049372250394981651
leaf_weight=63.610373839735985 458.61433496326208 1946.3636905327439 9.5849239751696569 2872.5606570541859 349.97263199463487 101.7554874420166 254.53452773764729 414.31660512834787 105.90079375728965 239.31980717182159 775.15227595716715 441.57836790010333 767.24380122311413 402.86569187790155 1067.8796662688255 439.0284870006144 1844.8462753072381 211.82467418909073 39.375119544565678 22.832534328103065 20.286673903465271 19.29446954280138 70.280819281935692 35.667032189667225 1077.6145891174674 594.11908812075853 283.83882224559784 281.01854142546654 234.6625466607511 124.52593573182821
leaf_count=938 1886 49154 67 53309 3049 601 2805 5394 1362 2898 7682 2754 23083 6369 14927 2872 9569 1005 338 86 96 100 279 218 11899 2609 4074 2139 1550 668
internal_value=-0.00158787 0.00545191 -0.0132437 -0.0150117 0.00219727 -0.0172939 0.0128252 0.00518067 -0.00925679 -0.00730034 -0.00448461 -0.00355869 0.0137828 -0.0183835 0.00652097 -0.000481919 0.00105151 -0.00326311 -0.00373052 -0.00224011 0.0100979 -0.00428716 -0.0032849 0.00573023 0.00436544 -0.00466261 -0.0165101 -0.000230255 -0.00474583 -0.000754428
internal_weight=15570.5 9707.38 5863.09 4954.88 6739.23 3541.08 2968.14 3190.8 1413.8 1120.37 881.053 908.213 2713.61 3275.43 2559.81 3548.43 2283.87 1264.56 265.657 844.602 62.4137 42.127 782.189 105.948 1491.93 1052.73 293.424 630.991 676.241 226.281
internal_count=213780 130391 83389 77368 55349 61285 75042 37408 16083 11942 9044 6021 72237 59678 32220 17941 12441 5500 1607 5083 282 186 4801 497 17293 4495 4141 5188 4304 1269
is_linear=0
shrinkage=0.02


Tree=142
num_leaves=31
num_cat=7
split_feature=15 18 21 0 14 38 41 26 0 22 0 26 0 13 0 22 24 25 49 24 0 22 0 24 20 42 42 24 49 26
split_gain=3102.91 569.202 247.083 159.317 132.457 104.13 98.929 72.0893 66.9309 57.9426 50.2757 49.3278 48.3597 44.523 46.4643 44.0041 42.4269 54.1033 50.6255 45.0373 36.2615 33.7753 33.4113 33.3534 32.0808 26.3951 25.0354 31.0728 35.9711 32.0217
threshold=1.0000000180025095e-35 3.6250000000000004 2.5000000000000004 0 1.5000000000000002 7.5000000000000009 0.29459295623272014 0.013534118357487851 1 0.12499999999999996 2 1.0000000180025095e-35 3 1.0000000180025095e-35 4 0.21433982683982686 0.9987745098039218 5.1120831803488551 -3.6999999999999997 5.4498170235836279 5 0.059618956278163403 6 1.6824618736383445 -0.69999999999999785 -7.4214285714285699 14.407142857142858 0.79852133160956706 8.3214285714285747 0.011417073930645451
decision_type=2 2 8 1 2 2 2 2 1 2 1 2 1 2 1 2 2 2 2 2 1 2 1 2 2 2 2 2 2 2
left_child=2 4 11 16 13 -5 -3 12 -8 23 -9 -1 -6 15 -15 22 25 18 -18 -19 -17 -16 -2 -7 -12 -4 27 28 -13 -29
right_child=1 6 3 5 7 9 8 10 -10 -11 24 26 -14 14 21 20 17 19 -20 -21 -22 -23 -24 -25 -26 -27 -28 29 -30 -31
leaf_value=-0.01983422232413511 -0.0017547284287714785 0.015880111796996738 0 -0.0027189671585976815 -0.010685245376995485 -0.019873655839183983 0.012302515488677414 0.0098328513733774887 0.0026839704447087893 0.0070926374409421627 -0.002575848309919171 -0.017290650699293943 0.0024501507396918168 -0.0025171764806768116 0.0072145150130329154 -0.0047130856153171693 0.0011820549336343865 -0.020899086825973266 -0.0086885319135819976 5.9088220078929914e-05 0.0071596247352753092 0.00069401529094170636 -0.010191314038734012 -0.01560563539328559 0.0051570032862116094 -0.018404987809858164 0.0077015877951349503 -0.0070844230934837861 0.0039721796498700416 0.0028858993773287424
leaf_weight=62.4894142113626 370.67469501495361 1692.8888825178146 34.902663521468639 195.88326448202133 161.78118262067437 2006.550410322845 712.6869180649519 983.62886791303754 528.15526200085878 34.184789195656776 240.70222437754273 104.8325596563518 300.97001365572214 868.00455864146352 547.54280197992921 178.50546014308929 360.76572685688734 160.86438142508268 475.36371901258826 52.154333952814341 209.3252117484808 771.48012111335993 424.29999712854624 1400.4388384521008 1667.7954970188439 224.18359262496233 95.245245151221752 201.6594150736928 41.819471009075642 342.64299891889095
leaf_count=938 1452 50063 361 1079 973 37779 15838 11812 9141 128 1857 1307 2230 5427 3990 632 2859 2026 5613 524 840 5678 1792 24101 18666 3300 400 1219 284 1471
internal_value=-0.00156864 0.00537105 -0.0131372 -0.0148485 0.00215838 -0.0170232 0.0127186 0.00497039 0.00836137 -0.017878 0.00614421 -0.00312456 -0.0023152 -0.00063714 0.00104645 -0.00376177 -0.00856717 -0.00677437 -0.00441682 -0.0157457 0.00171221 0.00340039 -0.00645372 -0.0181404 0.00414706 -0.0159169 -0.00170074 -0.00305332 -0.0111356 -0.000790062
internal_weight=15452.4 9658.44 5793.98 4945.29 6724.71 3637.06 2933.73 3354.88 1240.84 3441.17 2892.13 848.689 462.751 3369.83 2187.03 1182.81 1308.23 1049.15 836.129 213.019 387.831 1319.02 794.975 3406.99 1908.5 259.086 786.2 690.954 146.652 544.302
internal_count=213780 130391 83389 77770 55349 63087 75042 35538 24979 62008 32335 5619 3203 19811 15095 4716 14683 11022 8472 2550 1472 9668 3244 61880 20523 3661 4681 4281 1591 2690
cat_boundaries=0 2 4 6 8 10 12 14
cat_threshold=40892 360449 3774086365 32931 2450651400 68512 335943201 92441 2265393414 281400 2623998370 105545 1942289212 35329
is_linear=0
shrinkage=0.02


Tree=143
num_leaves=31
num_cat=10
split_feature=15 18 0 16 39 41 26 0 24 0 24 0 26 26 0 0 24 23 0 25 25 0 24 25 14 20 0 0 26 26
split_gain=3013.07 556.952 236.892 149.59 129.674 98.4957 68.042 65.6597 61.3423 58.7932 57.5011 86.9763 89.8771 53.2059 46.6838 42.4128 43.9026 42.2648 40.2316 30.3064 29.5777 35.0601 30.503 25.3074 23.4185 22.8684 20.9489 20.2436 19.949 18.9097
threshold=1.0000000180025095e-35 3.6250000000000004 0 1.0000000180025095e-35 0.93750000000000011 0.29459295623272014 0.011859916494805103 1 0.64800579322638152 2 3.6764705882352944 3 0.011091078594949651 0.054276175085942506 4 5 4.6876065643648772 1.0000000180025095e-35 6 1.231416256120329 2.18118409169728 7 1.0809089940323957 5.9923794752989226 2.5000000000000004 -0.3000000000000001 8 9 0.032768556640598058 0.055322480720840513
decision_type=2 2 1 10 2 2 2 1 2 1 2 1 2 2 1 1 2 2 1 2 2 1 2 2 2 2 1 1 2 2
left_child=2 4 6 10 13 -3 -1 -7 19 25 17 12 -12 15 24 -2 -17 18 -4 -8 21 -10 -22 26 -15 27 -5 -6 -11 -9
right_child=1 5 3 23 9 7 8 29 20 28 11 -13 -14 14 -16 16 -18 -19 -20 -21 22 -23 -24 -25 -26 -27 -28 -29 -30 -31
leaf_value=-0.013495524522071185 0.010174466165933316 0.015796348251772681 -0.014342738254624577 0.0073511225706550075 -0.0061921589323444461 0.012189629155315674 0.016145014120030318 0 0.016735990227499768 0.007599490056879976 -0.0076398881739751573 -0.013990078335776921 0.028872788012990428 -0.007349299137073763 0.011781219327727518 -0.0016477257939405709 0.0032713520449032273 0.022425953090269051 -0.019529175099622941 -0.020343703663015633 -0.015051419555396005 -0.0056097951299188525 -0.00080106555750941624 -0.017011663902110351 0.012268171236021344 0.0050656364955378444 -0.0041089683933221138 0.0042329582805936102 0.013987345581155133 0.0080035170203619881
leaf_weight=295.21508263796568 138.32714528217912 1668.0941966660321 1545.4634331688285 66.806675896048546 155.50595892965794 705.09836258739233 7.2359346933662883 352.22431257739663 63.201186522841454 468.74826364219189 66.944852616637945 390.49567960947752 40.622201003134251 101.69016576558352 272.05744764208794 3400.3169015608728 917.9278685413301 7.8249485343694678 2013.223370809108 92.300985686480999 63.450089611113071 38.408382058143616 679.85245680809021 48.128793485462666 28.326338581740856 716.61777671799064 306.03612884134054 120.42130044847727 388.7568185813725 174.81607351079583
leaf_count=2603 1263 50063 25567 331 1382 15838 99 5763 443 6123 940 6177 535 655 2715 20634 5895 33 37804 1240 491 361 4594 412 299 8657 1759 1240 6486 3378
internal_value=-0.00154974 0.00529175 -0.0130324 -0.0151681 0.00212006 0.0126117 -0.00510779 0.00825614 -0.00248434 0.00662225 -0.0163783 -0.00981876 0.00584839 0.000398602 0.00734 -0.000227686 -0.00059453 -0.0172798 -0.0173915 -0.0171013 -0.000684347 0.00924305 -0.00209992 -0.00375975 -0.00255273 0.00314921 -0.00187376 -0.00164433 0.0104361 0.00263707
internal_weight=15334.1 9608.93 5725.21 4485.55 6708.7 2900.23 1239.66 1232.14 944.449 1850.05 4064.57 498.063 107.567 4858.65 402.074 4456.57 4318.24 3566.51 3558.69 99.5369 844.912 101.61 743.303 420.972 130.017 992.545 372.843 275.927 857.505 527.04
internal_count=213780 130391 83389 73558 55349 75042 9831 24979 7228 23888 71056 7652 1475 31461 3669 27792 26529 63404 63371 1339 5889 804 5085 2502 954 11279 2090 2622 12609 9141
cat_boundaries=0 1 3 5 7 9 10 12 13 15 17
cat_threshold=40876 3774086365 32931 789188019 324944 8519697 196611 771752326 341746 16384 8126544 509392 33696 536887312 2132 754974723 282704
is_linear=0
shrinkage=0.02


Tree=144
num_leaves=31
num_cat=6
split_feature=15 13 21 0 41 41 22 21 24 0 0 26 25 26 0 0 24 31 25 26 24 26 26 42 24 0 42 24 49 43
split_gain=2925.16 549.731 245.694 161.274 139.819 95.8556 94.136 67.1288 64.8473 55.2909 54.4395 53.4093 51.6785 50.9799 49.005 43.7596 42.0543 51.138 51.9444 32.5216 37.2396 31.9538 30.9102 29.7115 32.7798 52.619 36.4927 29.1215 26.018 36.6761
threshold=1.0000000180025095e-35 3.5000000000000004 1.0000000180025095e-35 0 0.2721655269759094 0.39851988391580934 0.12491987179487171 14.500000000000002 1.7343464559736941 1 2 0.024453681494238006 3.9054781051154435 1.0000000180025095e-35 3 4 0.9987745098039218 1.0309897716160625 5.1120831803488551 0.029049534093724402 1.3614361515215407 0.027727879396263252 0.0060820248065185005 14.407142857142858 1.7343464559736941 5 3.0142857142857147 4.037051184110009 -5.864285714285713 4.2500000000000009
decision_type=2 2 8 1 2 2 2 8 2 1 1 2 2 2 1 1 2 2 2 2 2 2 2 2 2 1 2 2 2 2
left_child=2 4 13 16 9 -3 8 14 -5 -2 27 -12 -10 -1 22 -7 28 -18 -19 20 -17 -16 -6 24 25 -15 -26 -9 29 -4
right_child=1 5 3 6 7 15 -8 10 12 -11 11 -13 -14 23 21 19 17 18 -20 -21 -22 -23 -24 -25 26 -27 -28 -29 -30 -31
leaf_value=-0.019759389306905899 0.0034538211415400212 0.014765566694288152 0.016806859852850055 -0.019714307612759434 -0.0069391936010833122 -0.00033156782755124135 0.0060309600644475846 -0.0083237627671660548 -0.0085016814945111357 0.012595229908068913 -0.0022134956933255161 0.0030203994802621755 -0.016695485195358021 9.712080722380503e-05 -0.00048245336804781692 -0.017254966145149781 -0.020348296071132376 -0.0028242232943032292 -0.014567937222077082 0.012522479998089706 0.0063827402894315998 0.0068571738713071829 0.013769084976574086 0.0097238119844905557 -0.0088635207959760209 -0.014471307323379206 0.0078483911315252296 -0.0011991276800849588 -0.020407818823821488 -0.013063822768612218
leaf_weight=60.546122942119837 548.28418998420238 2006.520935004577 18.107872880995274 2021.7814227044582 28.961669236421585 240.83624850586057 67.632902011275291 488.7650439850986 483.20350035279989 575.16572358645499 1462.9629721902311 1659.7673548646271 977.14658519998193 237.39053224027157 630.24273268133402 26.238486476242542 96.480723887681961 781.05831331014633 186.65773493051529 524.07139498367906 274.98233790695667 372.89970100298524 277.9139144718647 86.584425300359726 69.515326321125031 158.85667175799608 179.88119680434465 446.40957620367408 166.50389362126589 68.428291816264391
leaf_count=938 6914 59656 166 39270 193 2968 269 2886 7042 9206 7634 13201 16612 1469 3899 246 1350 7571 2227 10081 3563 3812 3126 354 293 1324 1009 3006 2744 751
internal_value=-0.00152986 0.00521244 -0.0129234 -0.0146053 0.0019078 0.0121788 -0.0168433 0.000559182 -0.0173465 0.0083152 -0.00070795 0.000560418 -0.014021 -0.00255678 0.00449212 0.00726373 -0.00834371 -0.00659817 -0.00514803 0.00938816 0.00410813 0.00221632 0.0113361 -0.00103232 -0.00254391 -0.0061182 0.00306099 -0.00490652 -0.0157693 -0.00623625
internal_weight=15223.8 9564.02 5659.78 4867 6491.37 3072.65 3549.76 5367.92 3482.13 1123.45 4057.9 3122.73 1460.35 792.774 1310.02 1066.13 1317.24 1064.2 967.716 825.292 301.221 1003.14 306.876 732.228 645.644 396.247 249.397 935.175 253.04 86.5362
internal_count=213780 130391 83389 78002 53877 76514 63193 37757 62924 16120 26727 20835 23654 5387 11030 16858 14809 11148 9798 13890 3809 7711 3319 4449 4095 2793 1302 5892 3661 917
cat_boundaries=0 2 4 6 7 9 10
cat_threshold=40892 360449 1730284855 439568 75366402 1136 7356416 117440546 360220 1903104
is_linear=0
shrinkage=0.02


Tree=145
num_leaves=31
num_cat=9
split_feature=19 13 0 16 41 41 22 26 26 24 0 24 0 24 28 0 0 13 0 26 24 16 0 0 24 24 22 0 22 44
split_gain=2839.98 537.435 233.471 148.831 135.595 95.1767 80.3611 66.9266 63.2545 59.7822 54.5512 51.5602 88.7182 47.127 44.6333 44.4869 43.3992 38.5591 37.6545 31.6222 35.1861 31.1323 26.9909 25.9768 49.2623 26.158 24.8706 24.6862 23.7189 20.0418
threshold=1.0000000180025095e-35 3.5000000000000004 0 1.0000000180025095e-35 0.2721655269759094 0.39851988391580934 0.083333333333333273 0.011859916494805103 0.032938703161713163 0.64800579322638152 1 3.6764705882352944 2 4.6876065643648772 89.500000000000014 3 4 1.0000000180025095e-35 5 0.029049534093724402 1.3614361515215407 7.6742424242424248 6 7 1.5506114130434785 1.460639189886481 0.21078643578643577 8 0.11249999999999998 31.450000000000003
decision_type=2 2 1 10 2 2 2 2 2 2 1 2 1 2 2 1 1 2 1 2 2 8 1 1 2 2 2 1 2 2
left_child=2 4 7 6 10 21 11 -1 13 -9 -2 17 -13 14 -6 29 26 -4 -15 20 -18 22 28 24 -11 -25 -7 -5 -3 -10
right_child=1 5 3 27 8 16 -8 9 15 23 -12 12 -14 18 -16 -17 19 -19 -20 -21 -22 -23 -24 25 -26 -27 -28 -29 -30 -31
leaf_value=-0.01332222899129099 0.0028758117896770076 0.011977393979529509 -0.017461359701978617 0.0015699868851940619 0.0029994958316168596 0.0046377885193460491 0.012877558538845355 -0.016961716393954971 0.00064488976534529479 0.011751495312539885 0.012048619810857083 0.006884584212849665 -0.01418480182420935 -0.0018753297849565553 -0.0035814705377345485 0.0061268109623170541 -0.016674245601094914 0.021802835215521735 0.0058267641908888055 0.012600422709174391 0.006423294515646891 0.01832620278215346 0.014995722788173427 -0.0078769417468374844 -0.0038455498319461615 0.00096176533026840231 -0.0079669701206438303 -0.0079471263311888581 0.0025441016269072553 -0.010639998313119037
leaf_weight=290.67663664743304 487.91561342030764 268.39429853111506 3433.9469479471445 197.60664144158363 503.97023272886872 163.4957751147449 34.793629065155983 96.938236106187105 521.55340303853154 158.92789926379919 628.08297899179161 94.117926929146051 378.27881500869989 419.00468044355512 2153.0539865642786 1089.0203765779734 25.931922696530819 7.1700866967439643 608.69865913689137 501.95052934810519 270.67336371913552 665.11573567800224 856.57084886357188 256.62692566215992 157.24807568639517 268.21798868477345 97.31487213075161 219.82310899347067 189.10972163639963 68.270737696439028
leaf_count=2603 6165 7594 63301 1010 3022 1999 128 1339 4307 798 9955 1308 6289 2798 12076 10617 241 30 4419 9862 3534 22206 24820 2207 753 2131 1222 1492 5036 518
internal_value=-0.00151109 0.00513405 -0.0128172 -0.014981 0.0018739 0.0120709 -0.0162169 -0.0049331 0.000548391 -0.00233027 0.00820797 -0.0164904 -0.0100816 -0.00091353 -0.00232373 0.00376481 0.00716422 -0.0173548 0.00270916 0.00941162 0.0041904 0.0146723 0.0127701 -0.000565821 0.00384795 -0.00328016 -2.56871e-05 -0.00356689 0.00799003 -0.000663612
internal_weight=15112.5 9518.13 5594.37 4365.74 6479.57 3038.56 3948.31 1228.64 5363.57 937.959 1116 3913.51 472.397 3684.73 2657.02 1678.84 1059.37 3441.12 1027.7 798.556 296.605 1979.19 1314.07 841.021 316.176 524.845 260.811 417.43 457.504 589.824
internal_count=213780 130391 83389 73558 53877 76514 71056 9831 37757 7228 16120 70928 7597 22315 15098 15442 16858 63331 7217 13637 3775 59656 37450 5889 1551 4338 3221 2502 12630 4825
cat_boundaries=0 1 3 5 7 9 11 13 14 16
cat_threshold=40876 1663175991 308240 8519697 196609 205529187 444024 117440802 360220 1493407878 346488 251921843 408900 2816 3216523280 264254
is_linear=0
shrinkage=0.02


Tree=146
num_leaves=31
num_cat=6
split_feature=19 13 21 0 16 41 41 21 0 0 26 26 0 0 24 25 43 31 22 16 26 24 26 26 25 24 49 0 49 43
split_gain=2756.95 525.498 243.051 161.076 133.363 131.467 94.5114 64.3527 53.3787 51.6678 50.6821 50.0286 47.6211 42.2999 41.489 51.2387 99.259 41.589 39.3321 31.2725 31.1267 33.7825 30.4698 30.1332 29.1856 28.5642 27.793 26.8875 26.1306 35.7694
threshold=1.0000000180025095e-35 3.5000000000000004 1.0000000180025095e-35 0 1.0000000180025095e-35 0.2721655269759094 0.39851988391580934 14.500000000000002 1 2 0.020038486185837801 1.0000000180025095e-35 3 4 0.9987745098039218 2.3611733746099497 11.100000000000003 1.0309897716160625 0.12499999999999996 7.6742424242424248 0.029049534093724402 1.3614361515215407 0.047732837784503657 0.0060820248065185005 1.9728273796353162 1.6824618736383445 14.021428571428574 5 -5.864285714285713 4.2500000000000009
decision_type=2 2 8 1 10 2 2 8 1 1 2 2 1 1 2 2 2 2 2 8 2 2 2 2 2 2 2 1 2 2
left_child=2 5 11 14 18 8 19 12 -2 24 -11 -1 23 -8 28 16 -16 -17 25 27 21 -15 -14 -7 -9 -5 -13 -3 29 -4
right_child=1 6 3 4 -6 7 13 9 -10 10 -12 26 22 20 15 17 -18 -19 -20 -21 -22 -23 -24 -25 -26 -27 -28 -29 -30 -31
leaf_value=-0.019683424551033443 0.0033294955754576252 0.0078907162399790582 0.016601679428799195 -0.019827371200513637 -0.0039189468892749432 -0.0068315210551564429 -2.4156777568632556e-05 0.0093878672065807935 0.012363883050517582 -0.0029009366339108464 0.002424995923863988 -0.0019109766158478248 0.00087897195462552445 -0.01619213342879992 -0.0089512641095615374 -0.02028954549897528 0.034850052510287881 -0.0062490732409259883 0.0052631728935717305 0.018274698396185809 0.01248894013409842 0.0063290144049973898 0.011731164994952038 0.013608454076252212 -0.0057057282001653168 -0.015642226274962829 0.013933761719055813 0.014904978962844064 -0.020355803434339192 -0.012896326868720234
leaf_weight=58.632425952702761 545.21881467849016 454.10505806654692 18.209525361657143 1868.5422392264009 301.94901070743799 29.004448965191841 260.83640540391207 50.770765859633684 563.47626927867532 1100.8441179431975 2018.4306411482394 682.95142913237214 885.55000001192093 26.255941729992628 48.560832139104605 93.324891112744808 31.392246980220079 878.06175149232149 26.370640084147453 653.7729643303901 496.38558547571301 269.27027569338679 115.22825492918491 274.96577723696828 885.58508555591106 1249.3476712927222 44.188198179006577 844.74840034544468 161.18225548788905 67.254946183413267
leaf_count=938 6914 12630 166 37739 1890 193 3221 349 9206 5417 15418 4257 6404 241 521 1340 308 8979 94 22206 9862 3534 1307 3126 5543 23470 192 24820 2744 751
internal_value=-0.00149115 0.00505676 -0.0127099 -0.0144163 -0.0166968 0.00184062 0.0119641 0.000538198 0.00810121 -0.000701087 0.000536281 -0.00236629 0.00439841 0.00706576 -0.00813063 -0.00639563 0.00864389 -0.00767684 -0.0179657 0.0145799 0.00930075 0.00411852 0.00215823 0.011181 -0.0047877 -0.0181734 -0.000867407 0.012667 -0.015606 -0.00603538
internal_weight=15004.4 9474.45 5529.97 4744.2 3446.21 6469.07 3005.37 5360.38 1108.7 4055.63 3119.27 785.772 1304.75 1052.75 1297.99 1051.34 79.9531 971.387 3144.26 1952.63 791.912 295.526 1000.78 303.97 936.356 3117.89 727.14 1298.85 246.647 85.4645
internal_count=213780 130391 83389 78002 63193 53877 76514 37757 16120 26727 20835 5387 11030 16858 14809 11148 829 10319 61303 59656 13637 3775 7711 3319 5892 61209 4449 37450 3661 917
cat_boundaries=0 2 4 6 7 9 11
cat_threshold=40892 360449 1730284855 439568 75366402 1136 7356416 117440802 360220 251921843 408900
is_linear=0
shrinkage=0.02


Tree=147
num_leaves=31
num_cat=9
split_feature=15 18 21 0 14 41 24 28 26 0 26 0 0 24 31 0 24 13 0 22 22 22 0 0 42 24 0 42 21 42
split_gain=2676.29 514.643 239.9 160.875 119.98 97.3287 91.2814 75.7947 67.1327 63.511 49.2083 48.1134 46.2824 45.1373 52.282 43.3108 42.2436 40.5333 43.247 42.4063 35.5103 34.6281 34.5156 31.7032 27.8304 33.6411 51.2076 37.1191 27.4989 26.582
threshold=1.0000000180025095e-35 3.6250000000000004 1.0000000180025095e-35 0 1.5000000000000002 0.29459295623272014 2.737841671994885 67.000000000000014 0.013534118357487851 1 0.0023604272768445005 2 3 0.9987745098039218 1.0309897716160625 4 3.6764705882352944 1.0000000180025095e-35 5 0.21433982683982686 0.059618956278163403 0.12499999999999996 6 7 14.407142857142858 1.7343464559736941 8 3.0142857142857147 7.5000000000000009 -7.4214285714285699
decision_type=2 2 8 1 2 2 2 2 2 1 2 1 1 2 2 1 2 2 1 2 2 2 1 1 2 2 1 2 8 2
left_child=2 4 10 13 17 -3 21 -8 12 -7 -1 -10 -6 29 -15 -9 -16 19 -19 23 -20 -5 -21 -2 25 26 -12 -27 -13 -4
right_child=1 5 3 6 8 9 7 15 11 -11 24 28 -14 14 16 -17 -18 18 20 22 -22 -23 -24 -25 -26 27 -28 -29 -30 -31
leaf_value=-0.017095839540211648 -0.010647358733828721 0.015483767544757698 0 -0.018901732233204446 -0.0093385144685528016 0.011803961941336072 -0.018859943940704473 0.0056379405016066479 0.0094677181311644196 0.002305594011612724 0.00041671197114565836 0.0086525304373028088 0.0031117584138043372 -0.020300043079704479 -0.0069557318532302449 -0.0086964339954786942 0.0040385916781751924 -0.0022637772073336687 0.0074352733634295703 -0.0045812971397320235 0.00049749815657609917 0.0068490768607280409 0.0070105616327158851 -0.0023879437813078084 0.010194655897301994 -0.008388104205211416 -0.014128954854120744 0.0087120455422998039 0.0026200167951163744 -0.018348910507314586
leaf_weight=78.029460873454809 357.96060312539339 1580.3114148695022 34.566760301589966 2479.4439923465252 198.74563247337937 678.29690009169281 291.95544117689133 96.770097263157368 959.57551908865571 518.16328869946301 232.71157438308001 384.20955396071076 262.04278900846839 99.687760770320892 865.56312003359199 406.02269065007567 162.11902472749352 951.27226158976555 508.90971963480115 178.33035166561604 713.87518096715212 18.526225656270981 208.82354514300823 433.69629493355751 80.748503297567368 67.848098605871201 153.21920043975115 171.70319175720215 1496.4654553122818 227.96110574528575
leaf_count=1091 1531 50063 361 50067 1266 15838 5102 1201 11812 9141 1440 4849 1937 1485 9691 5069 1277 6049 3775 632 5271 72 840 1713 321 286 1298 951 15674 3677
internal_value=-0.00147149 0.00498087 -0.0126025 -0.014317 0.001957 0.0122097 -0.0167477 -0.0107653 0.00466263 0.00784077 -0.00232433 0.00581273 -0.00237505 -0.00834066 -0.00659891 -0.00594142 -0.00519524 -0.00070263 0.000909455 -0.00368745 0.00338476 -0.0186948 0.00168797 -0.00633788 -0.000598655 -0.00206589 -0.00572367 0.00374247 0.00385439 -0.0159
internal_weight=14897.6 9430.68 5466.88 4682.62 6653.91 2776.77 3292.72 794.748 3301.04 1196.46 784.26 2840.25 460.788 1389.9 1127.37 502.793 1027.68 3352.87 2174.06 1178.81 1222.78 2497.97 387.154 791.657 706.231 625.482 385.931 239.551 1880.68 262.528
internal_count=213780 130391 83389 78002 55349 75042 61511 11372 35538 24979 5387 32335 3203 16491 12453 6270 10968 19811 15095 4716 9046 50139 1472 3244 4296 3975 2738 1237 20523 4038
cat_boundaries=0 2 4 6 8 10 12 14 16 17
cat_threshold=40892 376833 3774086365 32931 2450651400 68512 373692065 92473 8413185 2052 2266441990 314168 2623998370 105545 2215314627 423414 1903104
is_linear=0
shrinkage=0.02


Tree=148
num_leaves=31
num_cat=10
split_feature=15 18 0 16 39 41 26 0 24 0 26 24 0 26 0 0 0 24 20 25 25 0 24 25 20 0 26 16 0 26
split_gain=2597.78 503.097 228.433 146.58 117.171 96.7697 66.04 62.2301 59.1375 85.5812 85.8653 58.2531 55.3453 48.449 45.6238 44.2409 38.6421 41.8173 35.831 31.0266 29.1777 35.3036 29.6812 24.8017 21.1403 19.923 19.7097 19.454 23.5877 31.0536
threshold=1.0000000180025095e-35 3.6250000000000004 0 1.0000000180025095e-35 0.93750000000000011 0.29459295623272014 0.011859916494805103 1 3.6764705882352944 2 0.018696443743172704 0.64800579322638152 3 0.054276175085942506 4 5 6 4.6876065643648772 0.29999999999999971 1.231416256120329 2.18118409169728 7 1.0809089940323957 5.9923794752989226 -0.3000000000000001 8 0.032768556640598058 7.5208333333333348 9 0.14381391104064914
decision_type=2 2 1 10 2 2 2 1 2 1 2 2 1 2 1 1 1 2 2 2 2 1 2 2 2 1 2 8 1 2
left_child=2 4 6 8 13 27 -1 -7 15 10 -10 19 24 16 -15 18 -2 -18 -4 -8 21 -13 -22 25 -6 -5 -14 28 29 -3
right_child=1 5 3 23 12 7 11 -9 9 -11 -12 20 26 14 -16 -17 17 -19 -20 -21 22 -23 -24 -25 -26 -27 -28 -29 -30 -31
leaf_value=-0.013094804054479355 0.009735314994372005 0.0057449844019457855 -0.014512180153477848 0.0056941684910883587 -0.001722597361871078 0.011691175936299425 0.017255652558977083 0.0022646587037100604 -0.0036707332153862286 -0.013503591669830829 0.035865180015427753 0.017697629919061177 0.0071884731717484817 -0.001062698117221495 0.012514214342304812 -0.019696299207690539 -0.0016832384871770141 0.0031309067185713701 0.02236428959750052 -0.020214525938924352 -0.014736064770026711 -0.0046679137537078965 -0.00048854276849428764 -0.016716687667248979 0.0047513284353211472 -0.0042808487346715279 0.013630106498101566 0.018564966981252803 0.014599465229177204 -0.045551460429592988
leaf_weight=284.69463720917702 135.0253461189568 109.63675860501826 1737.3272977471352 98.750686161220074 274.9178773611784 671.33945635147393 6.9494936205446711 517.223418449983 78.20580292865634 367.31668090075254 26.964816447347403 58.523239254951477 457.15963113307953 169.021518625319 225.89741505682468 1562.2826270274818 3386.058344848454 912.28335550427437 7.6344089955091468 86.723685622215271 61.508185639977455 41.856407135725021 671.52852976322174 46.235725656151772 705.08250379189849 268.55303996801376 373.76474409922957 561.66282555274665 884.44272728450596 1.8838008753955353
leaf_count=2603 1263 3297 31081 499 2622 15838 99 9141 1118 6177 357 453 6123 1321 2348 32291 20634 5895 32 1240 491 351 4594 412 8657 1591 6486 19808 26904 54
internal_value=-0.00145319 0.00490588 -0.0124955 -0.014701 0.00192212 0.0121022 -0.00467 0.007739 -0.0159737 -0.00916751 0.00640268 -0.0020777 0.00625648 0.000289431 0.00697675 -0.0169309 -0.000306073 -0.00065384 -0.0142199 -0.0167786 -0.000347203 0.00957371 -0.0017664 -0.00334186 0.00288579 -0.00148246 0.0100284 0.0153975 0.0135409 0.00324952
internal_weight=14790.5 9385.4 5405.06 4193.27 6639.21 2746.19 1211.78 1188.56 3779.73 472.487 105.171 927.09 1810.92 4828.29 394.919 3307.24 4433.37 4298.34 1744.96 93.6732 833.416 100.38 733.037 413.539 980 367.304 830.924 1557.63 995.963 111.521
internal_count=213780 130391 83389 73558 55349 75042 9831 24979 71056 7652 1475 7228 23888 31461 3669 63404 27792 26529 31113 1339 5889 804 5085 2502 11279 2090 12609 50063 30255 3351
cat_boundaries=0 1 3 5 7 9 11 12 13 15 17
cat_threshold=40876 3774086365 32931 8519697 196611 789188019 324944 1044644238 374522 8216656 509392 16384 33668 612384784 3156 50332800 3328
is_linear=0
shrinkage=0.02


Tree=149
num_leaves=31
num_cat=11
split_feature=15 13 0 16 39 16 22 0 26 24 24 0 0 0 22 0 26 0 0 28 0 25 25 0 24 44 26 24 0 26
split_gain=2521.07 495.459 226.121 145.299 124.422 91.8758 78.4685 68.2037 64.4542 56.9402 52.5893 86.0855 43.8857 40.2741 39.0924 40.7315 37.4998 38.077 34.1279 33.354 31.2542 30.5102 28.0666 33.8201 28.871 26.4201 33.4637 26.1708 30.9622 25.9877
threshold=1.0000000180025095e-35 3.5000000000000004 0 1.0000000180025095e-35 0.93750000000000011 3.5871212121212124 0.083333333333333273 1 0.011859916494805103 0.64800579322638152 3.6764705882352944 2 3 4 0.28340695962179346 5 0.017418429664473805 6 7 105.00000000000001 8 1.231416256120329 2.18118409169728 9 1.0809089940323957 32.800000000000004 0.025405064378409305 2.3938637124679096 10 0.032768556640598058
decision_type=2 2 1 10 2 8 2 1 2 2 2 1 1 1 2 1 2 1 1 2 1 2 2 1 2 2 2 2 1 2
left_child=2 4 8 6 12 14 10 25 -1 21 13 -12 -2 -4 20 -16 19 -18 -7 -14 -3 -10 23 -11 -24 26 -6 28 -20 -9
right_child=1 5 3 -5 7 18 -8 29 9 22 11 -13 16 -15 15 -17 17 -19 27 -21 -22 -23 24 -25 -26 -27 -28 -29 -30 -31
leaf_value=-0.012967234134396485 0.0099507552339295514 0.01137032342142859 -0.014104789663112863 -0.0032854232259298356 -0.0039090197764243958 0.016423450506833547 0.012853410988939287 0.0062926432854072626 0.016833884990253473 0.017249696299164841 0.0070776625348985432 -0.013799907973308798 0.0013050452975051207 -0.019475547970605463 -0.01509696250370105 0.00811305607198398 -0.0015227865275635423 0.0030474763542738372 -0.026320579015405413 -0.0049389459549244842 0.0031459093128819045 -0.020176134589262529 -0.014590647282534714 -0.0046088401757238716 -0.000478966930903865 -0.009961977902627369 0.0056949575403562455 0.011246161700798474 0.0045755811983616192 0.012632350165705479
leaf_weight=281.80425327643752 156.928052643314 438.04864375293255 1520.4542742967606 412.46146240830421 210.01230121031404 1188.898349057883 34.782947883009911 574.9102190118283 7.0552212409675112 59.17300783842802 93.389423131942749 359.93902000039816 498.66496493667364 1717.1309558749199 54.623252097517252 43.896118734031916 1344.2432789728045 1558.9312085192651 4.2589044254273176 1050.7346668466926 377.73208303190768 85.172224078327417 60.914682671427727 41.7131192907691 671.31707143038511 71.546146281063557 443.55213727802038 766.73858590424061 41.336209356784821 519.50597704201937
leaf_count=2603 1683 7862 27457 2502 1781 37478 128 7453 99 453 1308 6289 2722 35874 743 649 8334 11288 113 4974 5997 1240 491 351 4594 744 5802 22487 1185 9096
internal_value=-0.00143364 0.00483105 -0.0123857 -0.0146025 0.00172415 0.0116664 -0.0158855 0.00614798 -0.00459416 -0.00203851 -0.016172 -0.00958418 -2.06177e-05 -0.0170785 0.00634304 -0.00531233 -0.00040443 0.000930306 0.0140754 -0.00291783 0.00778936 -0.0166938 -0.000338151 0.00936408 -0.00173487 0.00125699 0.00257465 0.0102394 -0.00382023 0.00926216
internal_weight=14689.9 9344.56 5345.31 4138.16 6429.03 2915.53 3725.7 1819.53 1207.15 925.345 3690.91 453.328 4609.5 3237.59 914.3 98.5194 4452.57 2903.17 2001.23 1549.4 815.781 92.2274 833.118 100.886 732.232 725.111 653.564 812.334 45.5951 1094.42
internal_count=213780 130391 83389 73558 53877 76514 71056 24876 9831 7228 70928 7597 29001 63331 15251 1392 27318 19622 61263 7696 13859 1339 5889 804 5085 8327 7583 23785 1298 16549
cat_boundaries=0 1 3 5 6 8 10 12 14 16 17 19
cat_threshold=40876 487195827 283664 8519697 196609 16384 8192080 509392 2278394658 315400 753270994 433894 4042774572 4779 2285620936 82149 33668 184549376 1024
is_linear=0
shrinkage=0.02


Tree=150
num_leaves=31
num_cat=7
split_feature=15 13 21 0 16 41 41 21 24 26 0 26 0 0 31 24 49 29 0 22 16 24 26 24 0 26 42 24 0 42
split_gain=2446.51 483.903 239.228 159.906 133.256 122.094 92.0824 62.8842 49.6271 60.7277 49.0927 48.6535 45.8231 44.7128 42.4084 57.1001 72.9796 65.514 40.2331 39.3413 32.2841 30.7746 30.6225 32.4575 29.0591 28.9055 28.3659 30.8995 50.1235 34.9499
threshold=1.0000000180025095e-35 3.5000000000000004 1.0000000180025095e-35 0 1.0000000180025095e-35 0.25301113002369402 0.39851988391580934 14.500000000000002 4.6876065643648772 0.032938703161713163 1 1.0000000180025095e-35 2 3 1.0309897716160625 3.6764705882352944 -3.6999999999999997 4.3965916953090529 4 0.12499999999999996 7.8416666666666677 2.4481024667931695 0.029049534093724402 1.3614361515215407 5 0.0060820248065185005 14.407142857142858 1.7343464559736941 6 3.0142857142857147
decision_type=2 2 8 1 10 2 2 8 2 2 1 2 1 1 2 2 2 2 1 2 8 2 2 2 1 2 2 2 1 2
left_child=2 5 11 14 19 10 20 12 9 -9 -2 -1 25 -10 -4 16 -16 -17 -8 21 24 -5 23 -20 -3 -7 27 28 -13 -29
right_child=1 6 3 4 -6 7 18 8 13 -11 -12 26 -14 -15 15 17 -18 -19 22 -21 -22 -23 -24 -25 -26 -27 -28 29 -30 -31
leaf_value=-0.019542704701618341 0.0027907868115088531 0.0073843896911181799 -0.020310579177781576 -0.019531322148460678 -0.0033660166387864893 -0.0066548509341489391 -0.00022202679512674771 -0.0041445904980527398 -0.0021450815931403394 0.0016470025210865383 0.011950516998161671 0.00048838976141170982 0.0021137198900813307 0.0063842618251818955 -0.0027430692916805988 -0.00054240955834970088 -0.013008852653514718 0.040807887701147794 -0.016121006187028827 0.0052050393417964877 0.018193387373871672 -0.01434309648240943 0.012144005050168586 0.0059630308402026213 0.014642382661952977 0.013310519789210017 0.010033148292762022 -0.0083369858531975108 -0.01393757241918353 0.0081420414756389302
leaf_weight=55.225617296993732 446.81363596022129 443.76830066181719 109.4464478045702 2068.1430641189218 277.99905180931091 29.147366221994162 258.57543483003974 1937.4839551672339 392.1404543351382 1147.2464743554592 560.94696109183133 233.16007456183434 1006.7797389104962 620.80265817046165 471.13564408197999 156.69360850378871 696.65363159775734 13.881117399781941 26.299182567745447 26.367830589413643 595.0219220072031 693.98207495734096 479.48342176526785 263.7041271738708 817.79012208245695 276.47968448884785 86.193262010812759 68.195185139775276 151.32269984483719 178.06955269724131
leaf_count=938 5562 12839 1728 44580 1743 196 3221 10205 3006 9708 9055 1469 7957 4895 4353 1258 10758 125 241 94 21473 13363 9862 3534 25344 3293 354 293 1324 1009
internal_value=-0.00141519 0.00475718 -0.0122769 -0.0140362 -0.0166463 0.0016934 0.0115578 0.000497104 -0.000719577 -0.00198465 0.00807531 -0.00195095 0.00430408 0.00310776 -0.00829941 -0.00732092 -0.00890192 0.00335454 0.00668923 -0.0180177 0.0142278 -0.018252 0.00891685 0.00374751 0.0123029 0.010941 -0.000492298 -0.00200287 -0.00554873 0.00345305
internal_weight=14589 9302.48 5286.47 4514.3 3066.49 6417.84 2884.64 5410.08 4097.67 3084.73 1007.76 772.166 1312.41 1012.94 1447.81 1338.36 1167.79 170.575 1028.06 2788.49 1856.58 2762.13 769.487 290.003 1261.56 305.627 716.941 630.748 384.483 246.265
internal_count=213780 130391 83389 78002 59780 53877 76514 39260 27814 19913 14617 5387 11446 7901 18222 16494 15111 1383 16858 58037 59656 57943 13637 3775 38183 3489 4449 4095 2793 1302
cat_boundaries=0 2 4 5 7 9 11 12
cat_threshold=40892 376897 1663175991 275728 7356416 1569783810 346360 117440802 360220 251921843 408900 1903104
is_linear=0
shrinkage=0.02


Tree=151
num_leaves=31
num_cat=1
split_feature=15 13 21 42 16 41 41 21 25 47 25 14 15 22 14 25 1 40 22 13 31 25 13 47 16 22 25 42 25 43
split_gain=2374.55 472.694 235.605 142.64 137.83 118.351 91.7225 60.3455 46.978 51.3774 48.6107 39.439 39.0116 35.998 35.7065 33.5611 29.7717 25.9339 23.1522 26.8478 22.687 21.9938 21.8592 20.9683 20.8885 21.255 20.2204 20.6707 19.7824 69.9449
threshold=1.0000000180025095e-35 3.5000000000000004 1.0000000180025095e-35 3.914285714285715 0.17424242424242423 0.23328473740792183 0.28688765527462379 14.500000000000002 5.1120831803488551 6.249752916883847 2.4190113469967502 1.5000000000000002 1.0625000000000002 0.12499999999999996 2.5000000000000004 3.0284969300221403 0 2.7083333333333335 0.25732230392156868 24.500000000000004 1.744671276204252 6.3808308673971199 1.5000000000000002 3.0707996944216944 8.0208333333333339 0.16562983746130031 1.0000000180025095e-35 14.407142857142858 6.3808308673971199 10.65
decision_type=2 2 8 2 10 2 2 8 2 2 2 2 2 2 2 2 1 2 2 2 2 2 2 2 8 2 2 2 2 2
left_child=2 5 26 8 13 17 24 12 9 15 -11 18 -7 -5 22 -4 -16 20 19 -8 -2 -6 -9 -14 25 -3 -1 28 -28 -30
right_child=1 6 3 4 21 7 11 14 -10 10 -12 -13 23 -15 16 -17 -18 -19 -20 -21 -22 -23 -24 -25 -26 -27 27 -29 29 -31
leaf_value=-0.018054047546314813 -0.0063208138114722659 0.014797360280674927 -0.011548693522689803 -0.017739419851975535 0.00016341845720544139 -0.0005566520090579621 0.0055269708535552265 -0.0028444256272327677 -0.016735259450330643 0.032239925168723683 -0.00027160522862115755 0.0095538195137754908 0.0054701024320287237 0.0028821201760147099 -0.0077017069708234165 -0.0040436980375297069 0.0037365132641510039 0.012014616747605652 -0.0086810923766916619 -0.033375342840975548 0.0065486493066022524 -0.016491689720025824 0.00079315664053757789 0.015234209694814959 0.018762357607857973 0.0070924572389147377 -0.0036524114283343488 0.0073147994886720649 -0.0069557531521081285 0.037401068216295789
leaf_weight=27.070242643356323 56.898012440651655 752.04205360449851 510.77683408930898 2857.2087395116687 223.3268706202507 443.705322265625 233.70505089685321 2186.4184630289674 222.11589308828115 20.13393397629261 83.887221537530422 1132.4842308908701 764.71805497817695 31.792813926935196 88.70865174382925 474.0368181951344 890.21545362845063 393.38476328365505 67.076007656753063 4.2329716160893431 547.63833858445287 33.535557843744755 934.03915892541409 101.74467860162258 463.35736024193466 201.45249117352068 592.45745375007391 94.346634089946747 38.236312173306942 18.556428596377373
leaf_count=532 468 24040 6908 59931 1243 2195 2936 9816 2961 165 584 24979 7920 114 887 5798 9388 7899 960 34 6166 298 7774 1364 17297 6268 4131 466 172 86
internal_value=-0.00139624 0.00468469 -0.0121705 -0.0139358 -0.0162547 0.00166344 0.011451 0.00049028 -0.0083318 -0.00655796 0.00656167 0.0078353 0.00422378 -0.0175028 -0.000700294 -0.00797969 0.00261888 0.00798239 0.00135878 0.00434493 0.00527924 -0.00209937 -0.00174948 0.00668827 0.0150809 0.0132177 -0.00192107 -0.00123679 -0.00253806 0.00835225
internal_weight=14489.3 9261.82 5227.48 4456.81 3145.86 6407.47 2854.35 5409.55 1310.95 1088.83 104.021 1437.5 1310.17 2889 4099.38 984.814 978.924 997.921 305.014 237.938 604.536 256.862 3120.46 866.463 1416.85 953.495 770.667 743.597 649.25 56.7927
internal_count=213780 130391 83389 78002 61586 53877 76514 39344 16416 13455 749 28909 11479 60045 27865 12706 10275 14533 3930 2970 6634 1541 17590 9284 47605 30308 5387 4855 4389 258
cat_boundaries=0 1
cat_threshold=16
is_linear=0
shrinkage=0.02


Tree=152
num_leaves=31
num_cat=6
split_feature=15 13 21 0 41 38 41 21 22 0 0 0 26 0 27 24 25 49 24 26 24 26 26 26 42 24 0 42 26 24
split_gain=2303.88 461.473 232.247 160.183 114.646 106.4 91.1696 58.1542 54.7405 48.5453 48.3244 48.1097 47.4191 43.7365 41.549 56.5924 77.8034 75.7043 39.3731 36.5267 29.0261 28.7428 27.9588 27.6258 26.2925 29.5203 49.0868 33.1603 21.734 31.5923
threshold=1.0000000180025095e-35 3.5000000000000004 1.0000000180025095e-35 0 0.23328473740792183 7.5000000000000009 0.28688765527462379 14.500000000000002 0.12499999999999996 1 2 3 1.0000000180025095e-35 4 0.8743872549019609 1.2599120530565169 5.1120831803488551 -5.864285714285713 1.8803834033613447 0.024453681494238006 4.037051184110009 0.015315442105664353 0.0060820248065185005 0.022714891796077503 14.407142857142858 1.7343464559736941 5 3.0142857142857147 0.029345837660468353 1.433560924369748
decision_type=2 2 8 1 2 2 2 8 2 1 1 1 2 1 2 2 2 2 2 2 2 2 2 2 2 2 1 2 2 2
left_child=2 4 12 14 9 -5 -3 13 18 -2 20 28 -1 22 -4 17 -17 -16 -7 -12 -9 -13 -6 -15 25 26 -14 -27 29 -8
right_child=1 6 3 5 7 8 11 10 -10 -11 19 21 24 23 15 16 -18 -19 -20 -21 -22 -23 -24 -25 -26 27 -28 -29 -30 -31
leaf_value=-0.019483775815585941 0.0021568199591003377 0.014992879099500533 -0.019932891703167772 -0.0015131013153281429 -0.0066193764838809637 -0.019767905901019948 -0.01249749725005051 -0.0057284047520967133 0.0062060161488131276 0.011438469072595074 -0.0014798460036121043 -0.011926252958585116 0.00054917514859861751 -0.0011228948637132502 0.00016428298431225112 -0.00090829604377475883 -0.014974828203325009 -0.018387638366768426 -0.01459614615436901 0.0034505676460169629 -0.00045822168865567716 0.0044561162943920832 0.013023499216558225 0.0054778728617008287 0.0096366001990103971 -0.0081324290118253324 -0.013774507943240411 0.0079422863187753358 0.013328708056030932 0.0085373305922793723
leaf_weight=53.797050341963768 399.09287555515766 1397.0518130268902 109.60751466080546 180.3396201133728 29.130130976438522 1713.9278161171824 28.718750637024641 902.47515965998173 35.80690398812294 592.20038309320807 1122.8089214190841 42.981162369251251 232.7572311796248 521.4651906453073 120.43136413022876 689.2779653519392 202.36689827591181 303.01383312046528 1045.8161502704024 1278.5598079431802 793.97690339200199 554.25275317393243 273.49226789548993 482.19755800999701 86.750209040939808 67.768942326307297 149.4274414665997 178.78873759508133 545.35788686573505 256.18230574764311
leaf_count=938 5028 47605 1774 1007 196 38400 305 5404 134 9505 6020 401 1469 3092 1184 7481 2687 5096 20239 10905 5536 10206 3323 4868 354 293 1324 1009 13729 4268
internal_value=-0.00137799 0.00461277 -0.0120622 -0.0138343 0.00163361 -0.0164962 0.0113423 0.000481054 -0.0175119 0.00787632 -0.0006867 0.00773162 -0.00188509 0.00415276 -0.0080652 -0.00707897 -0.00416269 -0.0131004 -0.0178333 0.00113325 -0.00325959 0.00313781 0.0106717 0.00201535 -0.000458199 -0.00192183 -0.00540622 0.00339919 0.0108214 0.00623937
internal_weight=14389.8 9219.94 5169.88 4400.59 6395.4 2975.89 2824.54 5404.11 2795.55 991.293 4097.82 1427.49 769.29 1306.29 1424.7 1315.09 891.645 423.445 2759.74 2401.37 1696.45 597.234 302.622 1003.66 715.493 628.742 382.185 246.558 830.259 284.901
internal_count=213780 130391 83389 78002 53877 59780 76514 39344 58773 14533 27865 28909 5387 11479 18222 16448 10168 6280 58639 16925 10940 10607 3519 7960 4449 4095 2793 1302 18302 4573
cat_boundaries=0 2 4 6 8 9 10
cat_threshold=40892 376897 1663175975 275712 234750018 269432 3506162396 227 7356416 1903104
is_linear=0
shrinkage=0.02


Tree=153
num_leaves=31
num_cat=7
split_feature=15 13 21 0 16 39 16 0 26 27 24 49 29 0 38 0 0 26 26 0 24 24 0 26 44 26 42 24 49 26
split_gain=2235.73 450.511 228.661 159.678 132.577 113.618 90.6884 65.4321 46.5049 41.2405 55.7568 70.2671 62.639 40.2357 38.5268 36.4941 35.9291 35.7452 34.903 35.331 32.8149 26.6799 29.5738 25.6324 25.3595 31.9208 25.2423 29.1158 36.2662 33.5317
threshold=1.0000000180025095e-35 3.5000000000000004 1.0000000180025095e-35 0 1.0000000180025095e-35 0.93750000000000011 3.5871212121212124 1 1.0000000180025095e-35 0.8743872549019609 3.6764705882352944 -3.6999999999999997 4.3965916953090529 2 11.500000000000002 3 4 0.029345837660468353 0.017418429664473805 5 3.8061363636363641 2.3938637124679096 6 0.032768556640598058 32.800000000000004 0.025405064378409305 14.407142857142858 0.79852133160956706 8.3214285714285747 0.022090530794665202
decision_type=2 2 8 1 10 2 8 1 2 2 2 2 2 1 2 1 1 2 2 1 2 2 1 2 2 2 2 2 2 2
left_child=2 5 8 9 14 13 15 24 -1 -4 11 -11 -12 -2 -5 -3 -8 -17 20 -20 -15 22 -18 -9 25 -7 27 28 -10 -29
right_child=1 6 3 4 -6 7 16 23 26 10 12 -13 -14 18 -16 17 21 -19 19 -21 -22 -23 -24 -25 -26 -27 -28 29 -30 -31
leaf_value=-0.019441953905977822 0.0095851159595062071 0 -0.019893992700102697 -0.018180387100153874 -0.0031358084431625704 -0.0039437621129743998 0.016155767999132323 0.0060022136057387987 -0.016713423058923864 -0.0025103072302877011 -0.0002735899802132834 -0.012695538555917152 0.039960412013010399 -0.0066232989641236808 -0.00014687367675021856 0.003188849003704447 -0.026365676756356898 0.013176393968446673 -0.0014947454900159762 0.0029141994300118735 -0.00057901499170586476 0.010786589853332969 0.0040681510928015632 0.012360520213515554 -0.0099025317596146065 0.0054613636038113745 0.0094178163841402915 -0.0039876430645861142 0.0052693614791842923 0.0065231117617154258
leaf_weight=52.850482989102602 153.66685009934008 292.66536373272538 107.65091705322266 2604.7070816289634 275.28057283163071 209.6472884863615 1127.3402838204056 565.62394070066512 94.231096789240837 463.98073383420706 154.98227163776755 673.99896886944771 14.079142328351734 575.57606961205602 50.592731509357691 266.62627305649221 4.2422348074615002 330.80368563532829 1342.3815075680614 1551.0363795608282 971.66051879897714 733.72255134955049 39.758232882246375 506.03003984875977 71.634863495826721 437.90957046672702 87.056729309260845 289.47808623313904 39.995586901903152 204.20848719030619
leaf_count=938 1683 4454 1774 57394 1743 1781 37478 7453 1307 4339 1258 10726 125 2706 643 3870 113 6927 8334 11288 4990 22487 1185 9096 744 5802 354 1680 284 824
internal_value=-0.00136023 0.00454118 -0.0119563 -0.0137339 -0.0164187 0.00160425 0.0112342 0.00587294 -0.00185629 -0.00796331 -0.00698288 -0.00857783 0.00359911 -5.80644e-05 -0.0178449 0.00589539 0.0137049 0.00864657 -0.000423127 0.000867266 -0.00284887 0.00974646 -0.00468027 0.00896588 0.00107931 0.00238156 -0.000452695 -0.00189116 -0.0100455 0.000332898
internal_weight=14293.4 9180.33 5113.09 4345.27 2930.58 6385.17 2795.16 1790.85 767.82 1414.69 1307.04 1137.98 169.061 4594.32 2655.3 890.095 1905.06 597.43 4440.65 2893.42 1547.24 777.723 44.0005 1071.65 719.192 647.557 714.97 627.913 134.227 493.687
internal_count=213780 130391 83389 78002 59780 53877 76514 24876 5387 18222 16448 15065 1383 29001 58037 15251 61263 10797 27318 19622 7696 23785 1298 16549 8327 7583 4449 4095 1591 2504
cat_boundaries=0 2 4 5 7 9 11 13
cat_threshold=40892 376897 487195827 283664 16384 927203618 456458 4042774572 4779 753270994 433894 184549376 1024
is_linear=0
shrinkage=0.02


Tree=154
num_leaves=31
num_cat=9
split_feature=15 18 0 13 16 22 23 26 41 0 24 24 0 0 22 0 13 23 0 0 26 16 0 0 28 26 24 26 44 17
split_gain=2169.19 447.934 215.296 152.286 140.043 75.4974 73.031 63.6214 56.6904 61.6551 55.5688 55.4129 86.6852 54.2262 44.104 56.1013 47.2761 43.8472 43.5509 37.7676 30.2034 28.0513 23.2734 22.4878 30.1773 22.4178 21.9426 21.2298 20.9624 20.541
threshold=1.0000000180025095e-35 4.6250000000000009 0 1.5000000000000002 1.0000000180025095e-35 0.083333333333333273 0.62500000000000011 0.011859916494805103 0.29607193863806897 1 0.64800579322638152 3.6764705882352944 2 3 0.2658910533910534 4 1.0000000180025095e-35 0.37500000000000006 5 6 0.050070448810054506 2.6306818181818183 7 8 63.500000000000007 0.015908411030283655 2.3265250544662313 0.031636077249691759 32.800000000000004 0.81649658092772548
decision_type=2 2 1 2 10 2 2 2 2 1 2 2 1 1 2 1 2 2 1 1 2 8 1 1 2 2 2 2 2 2
left_child=2 3 7 14 5 11 13 -1 -3 -10 -9 18 -13 25 16 29 17 -2 -4 28 -18 -15 -6 24 -12 -5 -25 -21 -8 -16
right_child=1 8 4 6 22 -7 19 10 9 -11 23 12 -14 21 15 -17 20 -19 -20 27 -22 -23 -24 26 -26 -27 -28 -29 -30 -31
leaf_value=-0.012658909999370369 -0.0082340118002558454 0.016081232191660497 -0.013611538466293099 -0.0064641776474563244 0.0028749728416312798 0.012704190061615765 0.0055887348981334389 -0.016461464035063107 -0.0011000084603314756 0.012061743047457742 -0.0094451602956115762 0.0080072414403625503 -0.013265686066839602 0.0031894652107371624 -0.0085279043188027492 0.0092196696163459064 -0.00029878554095960359 -0.0011507108587411529 -0.019303134566391562 0.0082367125131771295 0.008853247319677595 0.0098867673135455917 -0.0066415402389984161 -0.00088264362637946047 0.0046782618109309825 0.00085722689642322048 -0.012632689904809662 0.014984027320488041 -0.010370543615677168 0.0012669927611983964
leaf_weight=273.90507628396153 649.80393921211362 1119.6917038466781 1424.4936067312956 204.63292968273163 158.78625154495239 34.786717891693115 688.02233794890344 88.377671983093023 191.46683224290609 555.81136110424995 66.786979578435421 90.119368400424719 336.70699972659349 652.98147780448198 117.40730518102646 354.36086351051927 1272.8849200718105 771.51623358204961 1580.0962401404977 427.03804309107363 159.20540816709399 421.28307696059346 248.46660145372152 239.41492631286383 429.07148248702288 847.24040227010846 86.038050074130297 389.94000856764615 31.034772763028741 286.71649824827909
leaf_count=2603 2705 40636 27457 1517 817 128 10547 1339 3661 14186 376 1308 6289 6758 521 2150 7334 3342 35874 6200 1372 8245 1685 2303 2429 11194 781 8071 434 1518
internal_value=-0.00134229 0.0044705 -0.0118498 0.0022218 -0.0141245 -0.0154651 0.0050946 -0.00421704 0.0132035 0.00881798 -0.00166625 -0.0157674 -0.00882543 0.00267418 -0.000687273 0.00358141 -0.00183153 -0.00441364 -0.0167371 0.00842015 0.00072109 0.00580081 -0.00298026 0 0.00263766 -0.000557181 -0.00401461 0.0113858 0.004766 -0.00153373
internal_weight=14198.1 9141.04 5057.05 7274.07 3873.46 3466.2 3662.17 1183.59 1866.97 747.278 909.689 3431.42 426.826 2126.14 3611.9 758.485 2853.41 1421.32 3004.59 1536.04 1432.09 1074.26 407.253 821.311 495.858 1051.87 325.453 816.978 719.057 404.124
internal_count=213780 130391 83389 71908 73558 71056 52966 9831 58483 17847 7228 70928 7597 27714 18942 4189 14753 6047 63331 25252 8706 15003 2502 5889 2805 12711 3084 14271 10981 2039
cat_boundaries=0 1 3 5 7 9 11 13 15 16
cat_threshold=40876 235143426 346652 8519697 196609 533631026 415028 537900002 454209 8192080 509392 1059462835 4428 915947536 264252 3872
is_linear=0
shrinkage=0.02


Tree=155
num_leaves=31
num_cat=2
split_feature=15 18 21 13 42 24 27 22 41 26 24 31 42 22 13 26 39 22 21 22 26 1 42 24 44 42 28 26 26 1
split_gain=2104.87 438.192 225.503 147.051 141.77 134.981 69.4965 68.5444 56.5469 45.6414 44.9319 52.4219 48.126 42.4624 45.4815 41.3945 40.1206 39.1591 33.674 29.524 29.2141 25.1015 24.6778 28.6228 34.93 32.7058 23.5774 23.5316 21.5592 19.5665
threshold=1.0000000180025095e-35 4.6250000000000009 1.0000000180025095e-35 1.5000000000000002 3.914285714285715 2.737841671994885 1.0208072590738426 0.08928571428571426 0.29607193863806897 1.0000000180025095e-35 0.95955882352941191 1.0309897716160625 3.6071428571428581 0.2658910533910534 1.0000000180025095e-35 0.015908411030283655 0.81666666666666676 0.11818181818181815 1.0000000180025095e-35 0.12499999999999996 0.050070448810054506 0 14.407142857142858 1.7343464559736941 27.550000000000004 3.0142857142857147 110.50000000000001 0.011417073930645451 0.031787169707705308 1
decision_type=2 2 8 2 2 2 2 2 2 2 2 2 2 2 2 2 2 2 10 2 2 1 2 2 2 2 2 2 2 1
left_child=2 3 9 13 10 19 -7 16 -3 -1 -4 -12 -13 14 17 26 28 -2 -17 -6 -16 -15 23 24 -11 -25 -9 -8 -5 -10
right_child=1 8 4 7 5 6 27 15 29 22 11 12 -14 21 20 18 -18 -19 -20 -21 -22 -23 -24 25 -26 -27 -28 -29 -30 -31
leaf_value=-0.019369581091282902 -0.0079560440771997351 0.016003103101717403 -0.015465504080815286 0.001294371590265001 -0.018655262933890176 -0.020265006105876077 -0.010952042363820172 0.0015067394592947912 -0.001007162690039382 -0.00085167110540340088 -0.020117392299585549 -0.0049589614722480909 0.036987986630459012 -0.00029270074849394398 -0.00029278024777839706 0.0028072785028976943 0.010900426533983598 -0.0012523560049353278 0.011232010518051332 0.0050805401169652089 0.0087316116954028154 0.00692248367715148 0.0094590616675613338 -0.0079887241418355702 -0.013849365364274911 0.0080173730584681083 -0.0089618043615028696 -0.0024274022168615426 0.0089877965467633509 0.0097380857550081155
leaf_weight=51.245881341397762 646.83974329009652 1102.8394010420889 252.43912571296096 393.01227699406445 2197.0211426466703 157.87726962938905 196.86072846129537 165.42182111740112 77.094095334410667 254.92368167638779 92.861722841858864 918.44695476815104 8.0029103569686395 364.88551358506083 1273.0732192024589 1549.7475310787559 915.4759480766952 772.85989893600345 216.85001325793564 18.673528015613556 158.24627717211843 392.25465499609709 87.008224159479141 67.308617234230042 122.43944397568703 178.26359565556049 168.89235621318221 399.86409533023834 237.05259896069765 664.49668047763407
leaf_count=938 2777 40636 4239 3325 50078 3149 2859 1489 1350 1720 1551 10533 93 1862 7334 22609 17153 3270 3813 70 1372 2327 354 293 1073 1009 1332 5430 3245 16497
internal_value=-0.00132507 0.0044028 -0.0117423 0.00218403 -0.0135405 -0.0159415 -0.00853611 0.00501543 0.0131012 -0.00168109 -0.00789286 -0.005958 -0.00445688 -0.000673666 -0.00179658 0.00264348 0.00821542 -0.00433107 0.00387001 -0.0184396 0.000707186 0.00351877 -0.000300091 -0.00173395 -0.00519746 0.00350635 -0.00375525 -0.00531376 0.00424938 0.00871187
internal_weight=14102.3 9099.04 5003.24 7254.61 4242.05 2970.3 754.602 3646.45 1844.43 761.189 1271.75 1019.31 926.45 3608.16 2851.02 2100.91 1545.54 1419.7 1766.6 2215.69 1431.32 757.14 709.944 622.935 377.363 245.572 334.314 596.725 630.065 741.591
internal_count=213780 130391 83389 71908 78002 61586 11438 52966 58483 5387 16416 12177 10626 18942 14753 29243 23723 6047 26422 50148 8706 4189 4449 4095 2793 1302 2821 8289 6570 17847
cat_boundaries=0 1 2
cat_threshold=1558 768
is_linear=0
shrinkage=0.02


Tree=156
num_leaves=31
num_cat=10
split_feature=39 18 0 39 41 24 0 0 0 0 47 24 28 0 27 42 20 25 44 0 20 23 24 0 0 49 16 0 24 27
split_gain=2043.42 464.952 216.164 116.068 94.5914 80.6115 100.954 60.4019 58.7007 55.6487 61.8631 54.0896 70.9888 51.7328 51.0295 55.1148 51.0002 39.7722 67.7486 51.0518 34.6851 26.3129 28.0515 25.8504 23.636 24.2525 20.9876 26.12 30.1141 20.7665
threshold=1.0000000180025095e-35 3.6250000000000004 0 0.81666666666666676 0.29459295623272014 3.6764705882352944 1 2 3 4 3.5217927809630729 0.64800579322638152 72.500000000000014 5 1.0208072590738426 14.814285714285715 2.0507313112450125e-16 3.5570163169082316 27.350000000000005 6 6.8600864921878535e-16 0.87500000000000011 4.6876065643648772 7 8 -7.4214285714285699 7.5208333333333348 9 3.2703415247678023 1.0796307884856071
decision_type=2 2 1 2 2 2 1 1 1 1 2 2 2 1 2 2 2 2 2 1 2 2 2 1 1 2 8 1 2 2
left_child=2 3 11 13 26 9 14 -6 -5 10 16 -1 -13 24 -7 -16 -4 19 -19 -14 23 22 -10 -15 -2 -26 27 28 -3 -29
right_child=1 4 5 8 7 6 -8 -9 21 -11 -12 12 17 20 15 -17 -18 18 -20 -21 -22 -23 -24 -25 25 -27 -28 29 -30 -31
leaf_value=-0.017524544127712583 0.010178751544973184 -0.018181678330805095 -0.014346872603552302 0.007963086146056491 0.0013793872123333368 -0.0094501191777966939 -0.013982450812378007 0.010880318868093762 -0.0010467656291026663 -0.019298904208266226 0.0047021830962038673 -0.011615080743829531 0.010298160113726142 -0.0081765091836839519 0.0055043949556845386 0.040810497563315347 0.02565198803963881 -0.0099346082366950014 0.017982724106245049 -0.0035899099541377186 5.0384271541536324e-05 0.006249413821622446 0.0049547519621328901 -0.002533289459663871 0.01223424388292311 0.00052421233530603102 0.018232063099999286 -0.01460579212442799 0.007520689242771641 0.014535343251648394
leaf_weight=106.27361237630248 116.15138030424714 19.072781443595886 1497.0166604649276 1076.5356000177562 488.17486679367721 64.668237615376711 311.04314937442541 634.4491229839623 1019.2497792690992 1385.7175250370055 71.027886658906937 248.55507945641875 241.975994117558 538.66877632215619 103.8921296261251 19.225162710994482 9.8782760351896268 210.90730552375317 38.284589447081089 172.54628963395953 1032.7684835121036 462.32025246322155 443.40636657550931 917.6975022777915 72.148531328886747 1321.6093376651406 497.51446713879704 6.9486574307084075 97.519214814528823 782.81153715401888
leaf_count=1708 1167 583 29668 13781 8932 948 5474 16043 9736 32449 378 2058 1658 4290 1247 259 42 1658 177 1571 6952 5702 4475 4577 426 8341 19808 205 3200 26267
internal_value=-0.00130755 0.00392973 -0.0124421 0.00127049 0.01128 -0.0148155 -0.00728335 0.00689019 0.00424223 -0.0161178 -0.0130755 -0.00414892 -0.00256189 -0.000956487 0.00426287 0.0120158 -0.014021 0.00083546 -0.00540333 0.00464571 -0.00272418 0.00208968 0.000765375 -0.00472017 0.00194914 0.00116137 0.0147539 0.0127689 0.00258236 0.0140225
internal_weight=14008.1 9527.05 4481.01 7000.56 2526.49 3462.47 498.829 1122.62 3001.51 2963.64 1577.92 1018.54 912.269 3999.04 187.786 123.117 1506.89 663.714 249.192 414.522 2489.13 1924.98 1462.66 1456.37 1509.91 1393.76 1403.87 906.352 116.592 789.76
internal_count=213780 134485 79295 59447 75038 70465 7928 24975 33694 62537 30088 8830 7122 25753 2454 1506 29710 5064 1835 3229 15819 19913 14211 8867 9934 8767 50063 30255 3783 26472
cat_boundaries=0 1 3 5 7 9 11 12 14 15 17
cat_threshold=36780 8605713 197123 520880930 491292 2562573064 66465 8212560 509392 1663163685 6146 928 2290098306 229764 16384 50332800 11520
is_linear=0
shrinkage=0.02


Tree=157
num_leaves=31
num_cat=10
split_feature=39 14 0 13 13 24 0 0 39 27 0 24 0 24 41 0 47 26 24 0 49 0 49 28 0 49 26 0 24 25
split_gain=1983.8 466.355 214.579 136.908 76.8765 67.224 61.0909 50.8732 50.279 46.8049 54.744 82.6971 45.5324 40.3607 40.081 40.032 65.37 38.362 35.8599 35.6682 34.2262 27.6814 26.3309 26.0761 25.9782 24.1708 22.0766 21.7445 62.7668 18.8246
threshold=1.0000000180025095e-35 2.5000000000000004 0 4.5000000000000009 1.0000000180025095e-35 0.64800579322638152 1 2 0.93750000000000011 0.8743872549019609 3 3.6764705882352944 4 1.3614361515215407 0.28005601680560216 5 3.5217927809630729 0.05270328340423281 1.6824618736383445 6 3.7357142857142862 7 8.9214285714285726 89.500000000000014 8 -7.3214285714285703 0.0091945783313916018 9 3.2703415247678023 3.0284969300221403
decision_type=2 2 1 2 2 2 1 1 2 2 1 2 1 2 2 1 2 2 2 1 2 1 2 2 1 2 2 1 2 2
left_child=2 4 5 6 12 -1 -3 -6 21 20 13 -12 -2 -11 27 -4 18 23 -17 26 -7 -8 -20 -9 -10 -14 -16 28 -5 -18
right_child=1 3 15 14 7 9 8 17 24 10 11 -13 25 -15 19 16 29 -19 22 -21 -22 -23 -24 -25 -26 -27 -28 -29 -30 -31
leaf_value=-0.01830794652114795 -0.006344663154723526 0.010460964660145526 -0.018961582330400795 -0.050503697576864001 -0.0006559067551218092 -0.02027258078711287 -0.0046150834399365055 0.0080381439006746366 0.011058877360653812 0.0086406096484196258 -0.01014060048216146 0.011681520590242191 0.018052139878668709 -0.0024756657677671959 -0.032562637858689507 -0.016556514549230839 -0.0041296680126565871 0.012121128780167283 -0.0066350075187919322 0.012445158249992689 -0.0025637720469177082 0.003102747481220725 -0.014583724002956161 0.0017963588320873429 0.0033772052303101836 -0.00073040106875229909 0.0034451189765596509 0.017008994151343087 0.0094606777919832193 0.015214712523217797
leaf_weight=158.73352193459868 895.2421073038131 763.0196068175137 1092.5800452511758 4.7117321453988543 1682.0989509988576 117.80872478336096 322.21049957722425 338.30354382097721 340.05436821654439 200.85302434116602 521.04774156585336 76.708983324468136 25.112492956221104 357.43356547504663 3.9817092269659033 1047.6775531265885 39.928658101707697 212.33448615670204 369.91487203724682 531.78310364484787 74.271685015410185 403.40263500995934 339.54458155483007 1327.2330317106098 442.91383722238243 1047.7084763906896 203.51487202197313 878.04701956734061 67.736067995429039 33.734138555824757
leaf_count=2852 5647 13804 25908 157 13814 1284 3155 2989 7448 1363 7387 791 105 2291 39 22717 232 3054 6695 14446 674 3731 6940 12247 8275 4526 4709 33786 2553 161
internal_value=-0.00128956 0.00386787 -0.0123362 0.00910271 0.00011008 -0.0060283 0.00586783 0.00186678 0.00342346 -0.00457482 -0.0030145 -0.00714366 -0.00305543 0.0014863 0.0134215 -0.0154978 -0.0133007 0.00411616 -0.0141497 0.00978612 -0.0136724 -0.000322575 -0.0105127 0.00308835 0.00695206 -0.000220983 0.00210491 0.0161884 0.00303975 0.004717
internal_weight=13919.6 9489.41 4430.24 3961.38 5528.03 1506.86 2271.6 3559.97 1508.58 1348.12 1156.04 597.757 1968.06 558.287 1689.77 2923.38 1830.8 1877.87 1757.14 739.28 192.08 725.613 709.459 1665.54 782.968 1072.82 207.497 950.495 72.4478 73.6628
internal_count=213780 134485 79295 92103 42382 16642 36413 32104 22609 13790 11832 8178 10278 3654 55690 62653 36745 18290 36352 19194 1958 6886 13635 15236 15723 4631 4748 36496 2710 393
cat_boundaries=0 2 4 6 7 9 11 13 15 17 19
cat_threshold=57260 98305 2157013388 391 386280898 400696 4000 2288066787 234973 4278190080 14892 134484771 96606 2016018960 150056 1914966080 232040 3 3332
is_linear=0
shrinkage=0.02


Tree=158
num_leaves=31
num_cat=10
split_feature=39 14 21 0 13 13 0 0 39 0 22 26 24 27 24 0 42 22 0 16 0 24 26 0 25 43 25 0 49 0
split_gain=1925.96 453.27 217.653 170.507 135.176 74.8142 59.6104 50.7422 48.7806 48.6818 44.0454 42.7479 41.9405 49.7361 50.9349 34.879 32.7454 30.5295 26.5991 25.5034 25.4678 25.1852 24.7051 57.1484 29.3421 23.6777 48.815 23.5846 22.8128 24.2739
threshold=1.0000000180025095e-35 2.5000000000000004 1.0000000180025095e-35 0 4.5000000000000009 1.5000000000000002 1 2 0.93750000000000011 3 0.12499999999999996 1.0000000180025095e-35 0.64800579322638152 0.8743872549019609 4.3179935767410429 4 14.785714285714288 0.08928571428571426 5 5.479166666666667 6 3.6764705882352944 0.021808284169030454 7 3.8838420315501758 2.4500000000000006 7.0914308043246042 8 -7.3214285714285703 9
decision_type=2 2 8 1 2 2 1 1 2 1 2 2 2 2 2 1 2 2 1 8 1 2 2 1 2 2 2 1 2 1
left_child=2 5 11 12 6 9 -3 -7 18 -2 21 -1 -4 -14 -15 25 22 -9 -8 -17 -10 -5 24 -24 -13 26 -6 -19 -11 -30
right_child=1 4 3 10 15 7 8 17 20 28 -12 16 13 14 -16 19 -18 27 -20 -21 -22 -23 23 -25 -26 -27 -28 -29 29 -31
leaf_value=-0.019279001478555238 -0.0051799449887234275 0.010341960989763355 -0.018982323013659139 -0.01899105906844575 0.010725849885598767 -0.0010943325659996937 -0.004515109206384425 0.0091347640498412718 0.01094983716013527 0.01021973912774897 0.0059483706584373391 -0.010698189996298757 -0.019874585066040437 -0.0074008684800963113 0.0079250607946332458 0.01089379129304828 0.026770113097396599 -0.0006644062178606775 0.0030480829223747219 0.016524501673182406 0.0033210223813118101 -0.01242726610500073 0.0083953867327132975 -0.0082735485204592646 0.0019060252838636832 0.0056941969959035102 -0.067136132916430488 0.00616996567192036 0.0034882170147685914 -0.0015091377285633225
leaf_weight=49.22016367316246 1078.8959870841354 756.5784067157656 142.61452165618539 1881.5873988810927 5.2139086034148923 732.78643718920648 323.0374298337847 540.94939955510199 336.73489894904196 80.076784014701843 28.380837813019753 171.37364196404815 117.02206218987703 1115.094950709492 90.371850244700909 587.50861970707774 14.190781056880949 383.29587768390775 402.66519314981997 914.7356774918735 441.63159023225307 316.64590360596776 216.01311578601599 115.74729673191905 122.7732861712575 158.80523744039237 2.5862787608057261 405.63785230368376 479.60208164528012 1820.0090649500489
leaf_count=938 6799 13804 2940 45677 177 7622 3155 6394 7448 417 107 1158 2143 16492 1008 16315 69 4200 3731 34082 8275 5836 1119 1101 707 5050 66 5428 2594 8928
internal_value=-0.00127196 0.0038078 -0.0122296 -0.0141554 0.00899695 0.000108158 0.00578185 0.00312363 0.00336776 -0.00168562 -0.0176709 -0.00187031 -0.00859506 -0.00748425 -0.00621854 0.013322 -0.000416887 0.00542752 -0.000315991 0.014267 0.00685899 -0.0180729 -0.00118984 0.00250166 -0.00540391 0.00353225 -0.0247162 0.00290388 -6.64262e-05 -0.000446432
internal_weight=13831.8 9450.75 4381.04 3691.72 3929.5 5521.25 2260.65 2062.67 1504.07 3458.58 2226.61 689.318 1465.1 1322.49 1205.47 1668.85 640.098 1329.88 725.703 1502.24 778.366 2198.23 625.907 331.76 294.147 166.605 7.80019 788.934 2379.69 2299.61
internal_count=213780 134485 79295 74203 92103 42382 36413 23644 22609 18738 51620 5092 22583 19643 17500 55690 4154 16022 6886 50397 15723 51513 4085 2220 1865 5293 243 9628 11939 11522
cat_boundaries=0 2 4 6 8 10 12 14 15 17 18
cat_threshold=57276 508225 2157013388 391 398862720 5428 2147557570 493000 4099 68868 2016018960 150056 1914966080 232040 3934720 1074266746 362627 1938313216
is_linear=0
shrinkage=0.02


Tree=159
num_leaves=31
num_cat=9
split_feature=39 14 21 0 13 13 0 0 39 0 31 24 49 29 26 41 26 0 24 42 0 24 25 28 0 24 0 42 0 24
split_gain=1869.63 440.435 214.46 170.445 133.361 72.3498 58.1554 48.0067 47.3221 43.2751 42.2115 59.7846 73.6394 51.6999 41.9482 40.5424 37.3988 35.4219 33.016 32.1104 28.5888 26.5041 26.4819 25.2614 24.9624 22.4257 55.3344 28.8819 21.7685 60.0046
threshold=1.0000000180025095e-35 2.5000000000000004 1.0000000180025095e-35 0 4.5000000000000009 1.0000000180025095e-35 1 2 0.93750000000000011 3 1.0309897716160625 3.8061363636363641 -3.6999999999999997 4.3965916953090529 1.0000000180025095e-35 0.28005601680560216 0.05270328340423281 4 3.8638114336643752 14.407142857142858 5 4.5530781138366292 5.5574056331669164 89.500000000000014 6 2.1076426024955439 7 3.0142857142857147 8 3.2703415247678023
decision_type=2 2 8 1 2 2 1 1 2 1 2 2 2 2 2 2 2 1 2 2 1 2 2 2 1 2 1 2 1 2
left_child=2 5 14 10 6 9 -3 -7 21 -2 -4 12 -12 -13 -1 28 23 -17 -5 25 22 -8 -20 -9 -10 26 -16 -27 29 -6
right_child=1 4 3 18 15 7 8 16 24 -11 11 13 -14 -15 19 17 -18 -19 20 -21 -22 -23 -24 -25 -26 27 -28 -29 -30 -31
leaf_value=-0.019237017409136553 -0.0068247611683052191 0.010223481542200966 -0.020170776973257164 -0.018724184034380979 -0.048675175997606096 -0.00063381625769653896 -0.0025758656437229565 0.0078849782789974683 0.010841020873312367 -0.00065314865222760004 -0.0021038144876662362 -0.00021317516631681505 -0.012481076962117352 0.032943603313509054 0.0012788998457626784 0.0018758224552246161 0.011963681047079231 0.012225104993349941 -0.0047901726366229259 0.01172558335976065 -0.013463930622030553 0.0061234784269119883 0.027156647705343564 0.0017219292773710229 0.0032656286649510187 -0.0082811831353824666 -0.014448338065383034 0.0077555440295623548 0.016885676545013939 0.0093129630362795545
leaf_weight=48.356261767446995 718.92891787365079 750.25413508713245 115.04531389474869 1876.2938226088881 4.9132332913577548 1682.6793457288295 540.33685097657144 335.81771790795028 333.47601448372006 1245.5893311277032 428.59307481721044 104.85895614326 785.97963206283748 19.611854664981365 219.58411929756403 205.00339351408184 209.62792480736971 519.3570387288928 32.257377173751593 73.458480536937714 269.88554535806179 185.45195766165853 11.47686744853854 1323.2768996264786 440.37369792163372 59.883158251643181 136.49287050962448 149.86775501072407 852.05739052593708 66.853240730240941
leaf_count=938 4825 13804 2160 45935 157 13814 5042 2989 7448 5453 4219 1123 14852 229 1422 4748 3054 14446 490 299 5008 1844 187 12247 8275 262 1302 869 33786 2553
internal_value=-0.00125434 0.00374757 -0.0121247 -0.0140574 0.00889081 0.00010638 0.00569678 0.00181307 0.00331284 -0.00296683 -0.00848923 -0.0074911 -0.00884983 0.00550654 -0.00183752 0.0132205 0.00400651 0.0095373 -0.0176097 -0.000406557 -0.0113211 -0.000309529 0.00360019 0.00299341 0.00676669 -0.0020703 -0.00513113 0.00303089 0.0160467 0.00289457
internal_weight=13745.6 9414 4331.65 3644 3898.08 5515.92 2249.89 3551.4 1499.64 1964.52 1454.09 1339.04 1214.57 124.471 687.643 1648.18 1868.72 724.36 2189.91 639.286 313.62 725.789 43.7342 1659.09 773.85 565.828 356.077 209.751 923.824 71.7665
internal_count=213780 134485 79295 74203 92103 42382 36413 32104 22609 10278 22583 20423 19071 1352 5092 55690 18290 19194 51620 4154 5685 6886 677 15236 15723 3855 2724 1131 36496 2710
cat_boundaries=0 2 4 6 8 10 12 14 15 17
cat_threshold=57276 508225 2157013388 391 386280898 400696 2153848994 234969 134484771 96606 8388609 514 1914966080 232040 854528 3 3332
is_linear=0
shrinkage=0.02


Tree=160
num_leaves=31
num_cat=2
split_feature=39 18 21 49 13 24 23 27 41 1 25 24 26 2 22 13 26 26 24 22 22 42 19 24 26 1 26 20 26 25
split_gain=1815.04 427.331 211.139 170.289 153.49 72.5412 68.7566 58.2531 55.9816 49.4761 48.692 94.7117 75.6825 66.7361 48.4977 45.675 41.1372 37.0349 35.2479 34.7501 33.33 30.9115 29.3052 28.5671 27.5669 24.8611 24.6659 23.9447 23.6829 27.9961
threshold=1.0000000180025095e-35 4.6250000000000009 1.0000000180025095e-35 4.1500000000000012 1.5000000000000002 3.6764705882352944 0.62500000000000011 1.0208072590738426 0.29607193863806897 0 5.1120831803488551 1.2599120530565169 0.012854076033517103 0.78574730703237894 0.2658910533910534 1.0000000180025095e-35 1.0000000180025095e-35 0.029049534093724402 1.2723875432525953 0.083333333333333273 0.11818181818181815 14.835714285714287 2.2500000000000004 5.6699670385395544 0.050070448810054506 1 0.018696443743172704 0.099999999999999964 0.021808284169030454 3.8838420315501758
decision_type=2 2 8 2 2 2 2 2 2 1 2 2 2 2 2 2 2 2 2 2 2 2 2 2 2 1 2 2 2 2
left_child=2 4 16 10 14 19 17 -7 -3 -9 11 13 -13 -4 15 20 -1 18 -6 27 -2 28 -19 -12 -17 -16 -8 -5 29 -18
right_child=1 8 3 5 6 7 26 9 -10 -11 23 12 -14 -15 25 24 21 22 -20 -21 -22 -23 -24 -25 -26 -27 -28 -29 -30 -31
leaf_value=-0.019194984274451637 -0.0064867559264759969 0.01563340182372935 -0.017605095000965829 -0.018729946967877626 -0.017004494040050579 -0.020082934657520393 0.0029348710271936895 0.013711895014016385 0.0082004083911983681 -0.0071839494348365186 -0.020631045989416407 -0.012582524395858923 0.0045114148313720442 0.0013482247029511368 -0.00023335206387038152 -0.00036066251851895486 -0.010384524585263587 -0.0037378116765151462 0.000412349541475015 0.0073213830082338753 -0.0010579508763183098 0.028098219475930986 0.0061643435206109251 -0.0022047922884863148 0.0084646975315374011 0.0069108741331257205 0.0093121640529012905 0.019766806267722984 0.0025165180673259713 0.0018977406840651767
leaf_weight=47.508002366870642 1050.9250863548368 1028.535927368328 292.40466154739261 2068.0143151171505 45.729671154171228 121.66637655347586 323.29946440644562 43.46923727914691 714.16766620986164 223.47013305127621 150.35642395168543 136.97688027098775 395.58765017613769 96.196520853787661 372.72750844806433 1270.17613125965 171.92493096739054 132.36866663768888 979.67780855856836 18.278054863214493 812.32615199685097 11.822380945086477 934.15646662935615 47.343565005809069 155.90664711967111 391.84161440655589 1164.9021971784532 3.6833159178495398 331.5511845946312 123.43994752317667
leaf_count=938 6632 40636 5060 51890 370 2528 3682 628 17843 3590 2284 1897 4709 951 1896 7339 1168 1017 9972 71 3460 56 16364 580 1373 2331 21570 15 2222 708
internal_value=-0.00123686 0.00368912 -0.0120192 -0.013958 0.00164402 -0.0168885 0.00466097 -0.0087541 0.0126181 -0.00335071 -0.00742055 -0.00542106 3.16147e-05 -0.0128878 -0.00101689 -0.00207549 -0.0018102 0.0023044 -0.000392273 -0.0183768 -0.00413617 -0.000402306 0.00490963 -0.016417 0.00060592 0.0035017 0.00794885 -0.0186234 -0.00110278 -0.00521697
internal_weight=13660.4 9376.74 4283.69 3597.45 7634.04 2478.58 3580.13 388.606 1742.7 266.939 1118.87 921.166 532.565 388.601 4053.9 3289.33 686.246 2091.93 1025.41 2089.98 1863.25 638.738 1066.53 197.7 1426.08 764.569 1488.2 2071.7 626.916 295.365
internal_count=213780 134485 79295 74203 76006 58722 52975 6746 58479 4218 15481 12617 6606 6011 23031 18804 5092 27723 10342 51976 10092 4154 17381 2864 8712 4227 25252 51905 4098 1876
cat_boundaries=0 1 2
cat_threshold=2176 1558
is_linear=0
shrinkage=0.02


Tree=161
num_leaves=31
num_cat=8
split_feature=39 14 21 0 13 13 0 0 0 39 22 31 24 25 29 26 41 0 42 22 25 24 0 0 26 0 24 26 40 24
split_gain=1761.64 417.92 208.157 170.671 130.051 67.4012 56.9173 48.5468 45.9537 45.3388 44.0027 42.2302 57.4569 67.85 48.5251 40.3737 40.2274 35.163 30.5576 30.3942 29.3728 25.7748 25.7406 24.6853 24.097 22.3234 57.539 22.3023 24.1774 22.2641
threshold=1.0000000180025095e-35 2.5000000000000004 1.0000000180025095e-35 0 4.5000000000000009 1.5000000000000002 1 2 3 0.93750000000000011 0.12499999999999996 1.0309897716160625 3.8061363636363641 5.1984264468287211 4.3965916953090529 1.0000000180025095e-35 0.28005601680560216 4 14.407142857142858 0.24007173382173377 1.7812887021222121 3.6764705882352944 5 6 0.015708519889949705 7 3.2703415247678023 0.011417073930645451 1.0000000180025095e-35 0.71763298620883775
decision_type=2 2 8 1 2 2 1 1 1 2 2 2 2 2 2 2 2 1 2 2 2 2 1 1 2 1 2 2 2 2
left_child=2 5 15 11 6 8 -3 -7 -2 22 21 -4 13 -13 -14 -1 25 -18 29 24 -21 -5 -8 -11 -9 26 -6 -10 -29 -17
right_child=1 4 3 10 16 7 9 19 27 23 -12 12 14 -15 -16 18 17 -19 -20 20 -22 -23 -24 -25 -26 -27 -28 28 -30 -31
leaf_value=-0.019152891198050106 -0.0050125681093656704 0.010046338053273233 -0.020123562900387314 -0.018867057081397461 -0.047300523952623144 -0.0012850972151545576 -0.004491659087279126 0.00067110020363426949 -0.0040794405037909119 0.010666553191671185 0.0061233324885019104 -0.0066569385880532522 -0.00014287684825769036 -0.020574793244383164 0.031717526885225687 -0.0095940598140266137 0.0019375928290716218 0.012151572854445245 0.011411356633876641 -0.029988503447630238 0.0015387580136049248 -0.012132368906253957 0.0029545645265783909 0.0031036868397737072 0.0087760586787445777 0.016758687566521456 0.0090492647986894093 0.0075342412225445753 0.00011966091285096802 6.2598111744897187e-06
leaf_weight=46.675127204507589 1075.1708210743964 740.35202780738473 111.57127957046032 1785.4949406646192 5.0716472901403895 701.86727701313794 323.03095049038529 189.5618098359555 442.55940704792738 328.28440419770777 28.32713857293129 1030.9487419202924 104.60578095167875 162.99316888675094 20.066065356135368 118.94653916731477 213.10161620005965 500.08088247478008 73.808560326695442 9.1580005399882776 395.4326665699482 307.06980508565903 401.02351397648454 436.63445671647787 751.76820030622184 826.62663473188877 65.327454758808017 193.51777240633965 1738.6739168390632 445.50798801705241
leaf_count=938 6799 13804 2160 45677 157 7323 3155 1545 2001 7448 107 16311 1123 2760 229 1525 4964 14230 299 95 4511 5836 3731 8275 10170 33786 2553 1017 8921 2330
internal_value=-0.00122014 0.00363142 -0.0119139 -0.0138605 0.00869182 9.086e-05 0.00553602 0.00296615 -0.00161114 0.00317567 -0.0174862 -0.00826475 -0.00726535 -0.00862048 0.00545323 -0.00177645 0.0130302 0.00934515 -0.000390893 0.00516705 0.00056059 -0.0179071 -0.000365966 0.00658384 0.00717241 0.0158968 0.00259619 -3.71104e-05 0.000883128 -0.00202158
internal_weight=13573.3 9337.24 4236.02 3551.08 3839.53 5497.71 2229.33 2047.79 3449.92 1488.97 2120.89 1430.19 1318.61 1193.94 124.672 684.938 1610.21 713.182 638.263 1345.92 404.591 2092.56 724.054 764.919 941.33 897.026 70.3991 2374.75 1932.19 564.455
internal_count=213780 134485 79295 74203 92103 42382 36413 23644 18738 22609 51620 22583 20423 19071 1352 5092 55690 19194 4154 16321 4606 51513 6886 15723 11715 36496 2710 11939 9938 3855
cat_boundaries=0 2 4 6 8 10 12 14 16
cat_threshold=57276 508225 2157013388 391 398854528 5428 2147557570 493000 134484771 358750 2016018960 150056 1914966080 232040 3 3332
is_linear=0
shrinkage=0.02


Tree=162
num_leaves=31
num_cat=2
split_feature=39 18 21 49 14 24 26 31 41 1 24 28 26 13 22 13 22 22 42 42 23 24 1 26 20 28 49 16 47 21
split_gain=1709.84 408.719 204.994 170.329 146.994 72.9162 70.495 57.7867 55.5113 47.3843 44.6371 57.3172 39.6112 36.0404 46.248 34.3175 34.1335 32.8509 30.4997 29.3087 28.5975 25.2803 29.2709 25.0746 23.8011 23.6041 22.7891 22.7114 22.12 22.0182
threshold=1.0000000180025095e-35 4.6250000000000009 1.0000000180025095e-35 4.1500000000000012 1.5000000000000002 3.6764705882352944 0.021808284169030454 1.0309897716160625 0.29607193863806897 0 0.9987745098039218 55.000000000000007 1.0000000180025095e-35 1.0000000180025095e-35 0.38110119047619045 2.5000000000000004 0.083333333333333273 0.059618956278163403 4.8642857142857148 14.407142857142858 0.62500000000000011 4.6876065643648772 1 0.0060820248065185005 0.099999999999999964 89.500000000000014 -10.121428571428568 5.5773809523809534 6.249752916883847 14.500000000000002
decision_type=2 2 8 2 2 2 2 2 2 1 2 2 2 2 2 2 2 2 2 2 2 2 1 2 2 2 2 8 2 8
left_child=2 4 12 10 13 16 21 -7 -3 -9 26 -12 -1 14 27 29 24 -15 -13 -14 -17 22 -6 -23 -5 -19 -4 -2 -28 -8
right_child=1 8 3 5 6 7 15 9 -10 -11 11 18 19 17 -16 20 -18 25 -20 -21 -22 23 -24 -25 -26 -27 28 -29 -30 -31
leaf_value=-0.019110726645128331 -0.00353999665139575 0.015476553939414205 0.011676082252149484 -0.018642987598257638 0.0026903919734468278 -0.020038599485093993 0.0087187576193542247 0.013411176827058519 0.0080037720137863637 -0.0069935331072020351 -0.017852605976117569 -0.0034652224381469649 -0.0019850140035136163 0.0034903173671148886 0.01042593213419795 0.0056553003000975937 0.0071770602833084694 0.0045483397808928003 0.028424668478412803 0.011150359928253665 0.011917210553749979 -0.015916194993945851 -0.0054930331450062687 0.004972803842399726 0.019728045456831041 -0.0026999424612495762 -0.018366184961223952 -0.013087532128745407 0.001958905143564527 0.0026371606706893425
leaf_weight=45.857382215559483 1443.4158917553723 999.66706711798906 9.3546235561370832 1999.5820350404829 286.05405020341277 117.92640269547701 310.51711220294237 43.899960398674011 704.40835804305971 220.54282596707344 118.10217941552401 742.56258863210678 563.4848145917058 876.53966751508415 87.584108911454678 645.05312320590019 18.288401648402214 210.51295751519501 9.0992505401372892 74.092781558632851 577.58835535496473 20.965385925024748 409.52454158291221 439.14836299605668 3.6843886971473685 1092.6866346616298 201.45625217631459 106.85553873516619 21.357250139117241 1092.4081036373973
leaf_count=938 6478 40636 67 51890 2473 2528 3717 628 17843 3590 2026 9154 3855 6220 352 13102 71 1460 134 299 13887 183 2983 4873 15 8182 3869 2042 231 10054
internal_value=-0.00120266 0.00357363 -0.0118089 -0.0137616 0.00158332 -0.0167529 0.00437789 -0.00854606 0.0124188 -0.00317898 -0.00719024 -0.0050433 -0.00174608 -0.00118068 -0.00342116 0.00618823 -0.0182803 0.000496033 -0.00294122 -0.000382261 0.00865174 0.000242438 -0.00214202 0.00388086 -0.0185331 -0.00150602 -0.0149813 -0.00423496 -0.0163293 0.00401319
internal_weight=13492.2 9302.93 4189.29 3505.86 7598.85 2403.92 3781.26 382.369 1704.08 264.443 1101.93 869.764 683.435 3817.59 1637.86 2625.57 2021.55 2179.74 751.662 637.578 1222.64 1155.69 695.579 460.114 2003.27 1303.2 232.168 1550.27 222.814 1402.93
internal_count=213780 134485 79295 74203 76006 58722 51272 6746 58479 4218 15481 11314 5092 24734 8872 40760 51976 15862 9288 4154 26989 10512 5456 5056 51905 9642 4167 8520 4100 13771
cat_boundaries=0 1 2
cat_threshold=2176 2136
is_linear=0
shrinkage=0.02


Tree=163
num_leaves=31
num_cat=7
split_feature=39 13 0 21 39 41 24 0 38 27 0 24 0 0 25 49 26 26 26 20 41 38 24 28 24 0 24 0 26 44
split_gain=1659.11 396.987 205.77 156.517 101.29 84.2345 66.3674 61.3342 51.4487 45.714 50.2103 74.4402 43.914 43.2181 40.6492 34.0527 31.5769 30.3587 29.2538 43.143 28.8878 28.3177 36.3517 28.0916 27.6491 61.99 27.2919 32.7898 26.4826 24.7325
threshold=1.0000000180025095e-35 3.5000000000000004 0 1.5000000000000002 0.93750000000000011 0.28284271247461945 0.64800579322638152 1 8.5000000000000018 0.8743872549019609 2 3.6764705882352944 3 4 1.5068434723251902 3.7357142857142862 1.0000000180025095e-35 0.015908411030283655 0.030378108988034603 3.6000000000000032 0.44540457614119805 2.5000000000000004 2.737841671994885 105.00000000000001 1.6824618736383445 5 3.2278532226287648 6 0.032768556640598058 32.800000000000004
decision_type=2 2 1 8 2 2 2 1 2 2 1 2 1 1 2 2 2 2 2 2 2 2 2 2 2 1 2 1 2 2
left_child=2 4 6 16 13 -3 -1 29 24 15 14 -12 26 17 -11 -8 -4 -2 19 -14 -19 23 -23 -15 -5 -26 27 -7 -9 -6
right_child=1 5 3 8 7 12 9 28 -10 10 11 -13 18 21 -16 -17 -18 20 -20 -21 -22 22 -24 -25 25 -27 -28 -29 -30 -31
leaf_value=-0.018089423306474707 -0.0018762623473383502 0.014234402496926512 -0.017962181569358797 -0.018965062791054043 0.0019130557444076851 -0.019743077987693362 -0.020096284173176424 0.0052766474824389419 -0.0034257231011844609 0.032772558468251486 -0.0095408970086637464 0.011082918036000883 0.0061135466325706964 0.003579961631759181 0.00084366368764042749 -0.0021415424290286197 0.0043245459821885917 0.0086475143123718214 0.012054681488615689 -0.027444915019931959 0.0018155541273721068 -0.011427572866562109 -0.0022057294030759242 -0.0018707904895736522 -0.0026081612702288561 -0.016642049623070525 0.0045349040107612723 0.0010209794410821649 0.012000047678322634 -0.010272934564292804
leaf_weight=148.92535632103682 562.07436874881387 1158.7104146983474 26.224762674421072 1417.7430883422494 663.2927801143378 33.627999300137162 110.90806281939149 526.85101937875152 120.80562764592469 13.520139031112192 497.49896627664566 77.965593390166759 330.71613592654467 468.04665422253311 537.53414095938206 72.679879605770111 187.27272206917405 341.03051280975342 598.73340786248446 12.944099295884369 932.97626503929496 250.52508810162544 554.82588732428849 1890.5836673919111 176.14847634732723 756.13478739373386 325.59171576611698 86.889293186366558 457.97182494215667 70.805007079616189
leaf_count=2852 2979 45755 536 37363 8050 456 1284 7253 1331 98 7387 791 5862 2806 3556 674 1300 4177 16536 137 5882 2473 3253 11525 4010 18113 6316 1452 8829 744
internal_value=-0.00118586 0.00351686 -0.0117028 -0.0149867 0.000963156 0.010236 -0.00548893 0.00514773 -0.0164611 -0.00404509 -0.00249703 -0.00655583 0.00686154 -0.000473642 0.00180379 -0.0132442 0.00128363 0.00195454 0.0092698 0.00456529 0.00367604 -0.00188977 -0.00513093 -0.000777501 -0.0171174 -0.0142345 0.0014627 -0.00646545 0.00836573 0.00066452
internal_weight=13409.6 9266.2 4143.36 2684.33 6718.98 2547.21 1459.03 1718.92 2470.83 1310.11 1126.52 575.465 1388.5 5000.06 551.054 183.588 213.497 1836.08 942.394 343.66 1274.01 3163.98 805.351 2358.63 2350.03 932.283 446.109 120.517 984.823 734.098
internal_count=213780 134485 79295 62653 57971 76514 16642 24876 60817 13790 11832 8178 30759 33095 3654 1958 1836 13038 22535 5999 10059 20057 5726 14331 59486 22123 8224 1908 16082 8794
cat_boundaries=0 2 4 5 7 9 11 13
cat_threshold=57260 98305 487197875 283664 4000 117711138 491292 1662637353 16402 8388624 17794 50331650 136960
is_linear=0
shrinkage=0.02


Tree=164
num_leaves=31
num_cat=9
split_feature=39 18 0 14 26 30 0 41 0 0 0 27 0 30 22 0 30 49 23 0 30 30 26 0 30 25 20 30 25 13
split_gain=1609.87 391.324 203.92 138.244 67.3528 65.4426 55.1186 55.0313 60.2514 50.057 47.2844 44.6551 48.5849 73.302 44.6498 43.7637 38.7884 33.6509 22.8646 25.9476 22.552 22.0849 39.7532 22.0196 56.7681 35.3712 20.5619 19.2103 38.4746 18.7401
threshold=1.0000000180025095e-35 4.6250000000000009 0 1.5000000000000002 0.021808284169030454 0.68534214926271986 1 0.29607193863806897 2 3 4 0.8743872549019609 5 1.6308394150214214 0.12499999999999996 6 1.3839943983197489 3.7357142857142862 0.87500000000000011 7 2.8059533967383845 3.9383271277063949 0.029345837660468353 8 3.2743676285683092 2.9149232858698286 -0.69999999999999785 7.2406966368140191 7.0914308043246042 1.5000000000000002
decision_type=2 2 1 2 2 2 1 2 1 1 1 2 1 2 2 1 2 2 2 1 2 2 2 1 2 2 2 2 2 2
left_child=2 3 5 10 9 -1 29 23 27 -5 -2 17 16 -14 15 -4 -13 -7 20 -20 -12 -17 -23 24 25 -3 -8 28 -9 -6
right_child=1 7 14 4 6 11 26 8 -10 -11 18 12 13 -15 -16 21 -18 -19 19 -21 -22 22 -24 -25 -26 -27 -28 -29 -30 -31
leaf_value=-0.018028621665951174 0.0018979873315042683 0.0037305333279786324 -0.018632051638101336 0.0044859012078287156 0.0050356115335032378 -0.020013245261149431 -0.0023371901945701398 -0.0014025056157580774 0.011207788744373854 -0.0037590829726976906 -0.0063929361795392334 0.008800463374273277 -0.013171944183056962 0.0010794722632209116 0.0065824151872170339 -0.013600467733783624 -0.0021462445290525373 -0.0021034710449244639 -0.0066518119662900754 0.0075221215661857863 -0.0020363948768699729 -0.0097689866637381152 0.01525325148298458 0.01591679849726187 0.0078535802776249757 -0.085550329467969977 0.0042624459068134959 0.013274468470037082 -0.034045047092663712 0.010758181235013223
leaf_weight=146.47383211553097 1312.1490405183285 1.8410377707332366 1090.4189837239683 555.4104285929352 341.48475459590554 109.17080470919609 219.25175477564335 146.34621553495526 511.36041361279786 597.84756558388472 693.32419293932617 199.45793998986483 307.46902113035321 264.5496512837708 35.138911008834839 1331.6078115403652 352.19013850390911 72.57083959877491 62.850951492786407 154.48459833860397 1586.3562674373388 163.26575197279453 26.682520564645529 925.55655194073915 43.423656595870852 1.6352835129946468 1160.3330823406577 24.122514752671123 13.283839315176008 880.04455818422139
leaf_count=2852 8684 59 29249 5579 2770 1284 2299 3010 14182 4933 5229 1363 4642 3536 132 29852 2291 674 410 1262 9149 2978 442 38778 1752 47 17599 523 128 18092
internal_value=-0.00117023 0.00345976 -0.0115969 0.00152114 0.00424431 -0.00540654 0.00602656 0.0122222 0.00781122 0.000202037 -0.00115884 -0.00397822 -0.00245083 -0.00646247 -0.0148981 -0.0152589 0.00176995 -0.0131203 -0.00277003 0.00333715 -0.00337678 -0.0125918 -0.00596788 0.0153209 0 -0.055354 0.00317338 -0.00205235 -0.00481979 0.00911655
internal_weight=13330.1 9231.11 4099 7563.54 3754.37 1451.88 2601.11 1667.57 695.113 1153.26 3809.17 1305.41 1123.67 572.019 2647.11 2611.98 551.648 181.742 2497.02 217.336 2279.68 1521.56 189.948 972.457 46.9 3.47632 1379.58 183.753 159.63 1221.53
internal_count=213780 134485 79295 76006 51272 16642 40760 58479 17843 10512 24734 13790 11832 8178 62653 62521 3654 1958 16050 1672 14378 33272 3420 40636 1858 106 19898 3661 3138 20862
cat_boundaries=0 2 4 6 8 10 11 13 15 17
cat_threshold=57260 98305 3264346380 117691 235143426 346652 2348409288 426116 1890113296 10307 4000 4278190080 15022 50530432 295168 0 3328
is_linear=0
shrinkage=0.02


Tree=165
num_leaves=31
num_cat=10
split_feature=39 18 0 21 39 0 41 0 38 26 0 0 31 26 22 22 25 26 0 26 0 50 26 0 42 38 0 0 25 25
split_gain=1561.85 382.052 201.796 156.666 130.911 68.5597 54.6994 58.7967 51.668 48.8194 45.1999 44.9172 38.587 38.508 35.116 32.9336 31.5443 31.1491 29.6883 28.1221 26.4342 25.9985 24.7141 24.2922 22.5491 27.2113 22.4937 21.9867 31.4805 28.0669
threshold=1.0000000180025095e-35 4.6250000000000009 0 1.5000000000000002 0.81666666666666676 1 0.29607193863806897 2 8.5000000000000018 0.0077067544697441504 3 4 1.092858233108261 0.022714891796077503 0.12499999999999996 0.083333333333333273 1.5068434723251902 1.0000000180025095e-35 5 0.040007737799148811 6 12.550000000000002 0.053691206704356211 7 14.835714285714287 8.5000000000000018 8 9 3.1402559733911395 2.9149232858698286
decision_type=2 2 1 8 2 1 2 1 2 2 1 1 2 2 2 2 2 2 1 2 1 2 2 1 2 2 1 1 2 2
left_child=2 4 9 17 11 22 27 -8 14 -1 12 19 -11 20 26 21 -14 -4 -15 -2 -7 -12 -6 -10 25 -19 -5 28 29 -3
right_child=1 6 3 8 5 13 7 -9 23 10 15 -13 16 18 -16 -17 -18 24 -20 -21 -22 -23 -24 -25 -26 -27 -28 -29 -30 -31
leaf_value=-0.013902866961237244 0.00015999914965122812 0.0070479140687910637 -0.017866048892349783 -0.012988329805893303 0.0072024905351635625 0.0026562475480749674 -0.0020170739692357215 0.011096744535453821 -0.012138410650822148 -0.014180475512597773 -0.011694693029578616 -0.002889692173626562 0.023050096714585952 0.00051464792030668201 0.0061627935914025577 0.014592524964879408 0.00076740823469760328 0.0056395859810920747 0.0061454272017679567 0.0064822079729671082 -0.0050753065250043541 -0.002669154605955779 0.016152855081941149 0.0044161484817401078 0.027663734961196979 -0.015968578372541672 -0.018831362278862288 0.015839810329716663 0.0074506367769078697 -0.05567301411273342
leaf_weight=224.88246553018689 1584.0531505607069 3.0317062903195611 25.470881961286068 678.08651539310813 1006.078250490129 308.8926277924329 183.80367279984057 506.32898520864546 50.575062599033117 63.963517814874649 380.86442060209811 2168.138101618737 23.887378096580505 629.33629054762423 23.277257487177849 22.272857055068016 524.87837842479348 149.32987162843347 986.51527273468673 341.19186868518591 379.24311469495296 204.22124690935016 146.50522245652974 68.803511496633291 12.640885353088377 24.295158341526985 1578.5801630727947 911.65721994079649 39.854763640090823 3.8206148333847523
leaf_count=2908 10178 106 536 16627 15442 2811 3661 14182 570 474 6487 14613 257 7969 85 97 3750 1102 15317 3579 3059 2669 3038 761 60 138 42774 38778 1623 129
internal_value=-0.00115396 0.00340345 -0.0114893 -0.0148049 0.00149377 0.00435895 0.0121189 0.00771266 -0.016316 -0.00532688 -0.00374315 -0.00092222 0.000120308 0.00231218 -0.0169894 -0.00753353 0.00189366 0.00152389 0.00401088 0.00129243 -0.00161434 -0.00860807 0.00832443 -0.00319046 0.0045222 0.00228287 -0.0172449 0.0152372 0 -0.0321968
internal_weight=13254.5 9198.45 4056.03 2611.06 7549.95 3456.57 1648.5 690.133 2399.32 1444.97 1220.09 4093.38 612.729 2303.99 2279.94 607.359 548.766 211.737 1615.85 1925.25 688.136 585.086 1152.58 119.379 186.266 173.625 2256.67 958.364 46.7071 6.85232
internal_count=213780 134485 79295 62653 76006 47636 58479 17843 60817 16642 13734 28370 4481 29156 59486 9253 4007 1836 23286 13757 5870 9156 18480 1331 1300 1240 59401 40636 1858 235
cat_boundaries=0 2 4 6 7 9 11 13 15 17 19
cat_threshold=57260 98305 2428355336 929 235143426 346652 4000 1667489189 6150 83887235 398352 138414272 244754 115212352 29888 8388688 411088 0 3328
is_linear=0
shrinkage=0.02


Tree=166
num_leaves=31
num_cat=3
split_feature=39 18 49 14 24 24 26 28 41 1 24 1 25 3 20 28 20 23 39 24 1 49 28 28 26 2 25 31 39 16
split_gain=1515.63 372.951 192.834 130.936 73.6595 68.0362 63.8953 58.6273 54.4024 48.0563 89.3851 41.6661 38.3815 33.376 32.6863 28.8984 27.2008 27.1137 26.5088 24.1384 27.7248 24.1286 32.3878 27.818 24.113 21.4233 46.6944 21.3316 21.1986 25.4621
threshold=1.0000000180025095e-35 4.6250000000000009 5.0571428571428578 1.5000000000000002 0.64800579322638152 3.6764705882352944 0.021808284169030454 72.500000000000014 0.29607193863806897 0 1.5900550855793825 1 1.5068434723251902 0.23931566428755766 -0.49999999999999989 63.500000000000007 2.0507313112450125e-16 0.87500000000000011 0.93750000000000011 4.6876065643648772 2 7.2142857142857144 63.500000000000007 105.00000000000001 0.0060820248065185005 -0.82298386589365657 7.0914308043246042 1.0309897716160625 0.2678571428571429 0.67424242424242431
decision_type=2 2 2 2 2 2 2 2 2 1 2 1 2 2 2 2 2 2 2 2 1 2 2 2 2 2 2 2 2 10
left_child=2 3 4 17 -1 16 19 13 -3 12 -11 21 -9 -6 -8 -13 -4 28 -16 20 -5 23 -23 -7 -21 26 -10 -15 -2 -30
right_child=1 8 5 6 7 11 14 9 25 10 -12 15 -14 27 18 -17 -18 -19 -20 24 -22 22 -24 -25 -26 -27 -28 -29 29 -31
leaf_value=-0.018516059916186624 0.001205679732059009 0.015153398065351252 -0.016488442242969904 0.0025858956304574111 0.00052537532824412092 -0.014285184764521815 0.0015966291812330657 0.031484730803062549 0.00500613100482442 -0.01273522387677454 0.0034412925140358316 -0.019305976969154603 0.0013517482195388182 -0.020305922370735825 0.0046277350771747041 -0.0049382525254266611 0.019257484965121779 0.0043266455854248601 0.00931160660313223 -0.015581431326232615 -0.0053866686335944823 0.026107930311661063 -0.0045928129965356682 0.0078087744442895003 0.0048441788097789229 0.0089195197622399577 -0.032520342930428485 -0.0086588314396468438 -0.0064113159022374478 -0.0015215422777368015
leaf_weight=164.20812002941966 786.78658777847886 944.63272401876748 2055.2187144514173 284.74497437849641 70.984017159789801 46.138597436249256 570.80502457171679 14.639279816299675 69.129738885909319 330.06557054072618 227.21931654959917 113.79280545189977 493.18447916582227 136.04665342718363 966.85621884465218 122.13051391579211 5.6670330315828314 326.82108939625323 1042.122351642698 21.113654177635908 410.09658801369369 28.308858662843704 21.434622596949339 38.717119384557009 436.43739411979914 603.17183287255466 13.185611462220548 145.19724580831826 535.36561409384012 2156.6567824464291
leaf_count=3389 4739 40636 52429 2473 476 787 6856 122 1403 5479 3313 2590 3669 1997 11698 2094 24 2634 22206 183 2983 473 313 405 4873 16318 122 1735 4059 13302
internal_value=-0.00113759 0.00334786 -0.0113848 0.0014669 -0.00591159 -0.014925 0.00412832 -0.00440117 0.0120146 -0.00202538 -0.00601351 -0.00686367 0.00239253 -0.0114513 0.00587589 -0.0116209 -0.0163526 -0.0011391 0.00707761 0.000193739 -0.00213393 0.00209345 0.0129909 -0.00405431 0.00376286 0.00761306 -0.00170275 -0.0145181 -0.00166161 -0.00250745
internal_weight=13180.9 9167.93 4012.95 7537.81 1581.54 2431.41 3732.18 1417.34 1630.12 1065.11 557.285 370.523 507.824 352.228 2579.78 235.923 2060.89 3805.63 2008.98 1152.39 694.842 134.599 49.7435 84.8557 457.551 685.487 82.3154 281.244 3478.81 2692.02
internal_count=213780 134485 79295 76006 20180 59115 51272 16791 58479 12583 8792 6662 3791 4208 40760 4684 52453 24734 33904 10512 5456 1978 786 1192 5056 17843 1525 3732 22100 17361
cat_boundaries=0 1 2 3
cat_threshold=6 2188 2136
is_linear=0
shrinkage=0.02


Tree=167
num_leaves=31
num_cat=9
split_feature=39 18 21 0 13 22 0 41 0 22 0 0 0 22 24 25 0 24 25 26 26 42 24 27 16 0 24 2 24 0
split_gain=1469.79 363.952 199.679 169.797 126.883 64.3763 60.0285 54.0785 57.4031 45.2282 53.6305 48.1814 44.4054 42.8208 42.1141 52.7433 64.5822 49.1802 38.4507 38.1412 29.568 28.0097 27.4651 32.5595 23.7552 22.5262 30.0049 40.0651 21.7652 53.1333
threshold=1.0000000180025095e-35 4.6250000000000009 1.0000000180025095e-35 0 1.5000000000000002 0.08928571428571426 1 0.29607193863806897 2 0.2658910533910534 3 4 5 0.12499999999999996 0.64800579322638152 5.1120831803488551 6 5.6699670385395544 4.9524384062156912 1.0000000180025095e-35 0.0091945783313916018 14.407142857142858 3.6764705882352944 1.2899816176470591 2.3416666666666672 7 3.2703415247678023 -0.88545602565320969 2.1076426024955439 8
decision_type=2 2 8 1 2 2 1 2 1 2 1 1 1 2 2 2 1 2 2 2 2 2 2 2 8 1 2 2 2 1
left_child=2 4 19 14 9 12 -7 25 -9 11 -11 -2 20 22 -4 16 -16 -17 -13 -1 -6 28 -5 -24 -8 26 27 -3 29 -21
right_child=1 7 3 13 5 6 24 8 -10 10 -12 18 -14 -15 15 17 -18 -19 -20 21 -22 -23 23 -25 -26 -27 -28 -29 -30 -31
leaf_value=-0.018939543620479962 0.00056481138768604074 -0.06298180587046355 -0.018677078610755533 -0.018629265688937489 -0.01272794542585024 -0.0020502536780388448 0.001893899167709971 -0.0020939684944812592 0.010902794632186207 0.010408172253274431 -0.00054745728964955412 -0.0031918626365670302 0.010708457258496711 0.0061466946231317496 0.0027335345732520688 -0.020540373797973126 -0.007945253423476302 0.0002841386846851794 -0.012512032972451619 0.0016098425182212099 0.0045986657267582534 0.011311345476659507 -0.019642830521970533 -0.0056243345032911032 0.007690878223928747 0.016134961562269158 0.0082406009418797468 0.0054053794635499927 0.0034859059041701672 -0.014006780312594266
leaf_weight=42.6290486715734 1542.1636915244162 2.8843042384833097 126.70177932828665 1618.9364512190223 38.496912809088826 869.7623912896961 563.22551096044481 183.02933775633574 497.55637504160404 265.05164348334074 495.63236322253942 1524.9378512557596 771.48961343429983 28.282551109790802 328.33904075995088 170.33410353958607 682.7610323112458 58.786815516650677 200.61905694007874 216.44218445196748 658.66143765859306 73.922851987183094 115.34779535979033 171.77022946067154 594.42398102395236 828.91331486776471 93.206714209169149 6.0996412597596628 206.82604207098484 130.62055896222591
leaf_count=938 8195 82 2940 45677 294 11454 5902 3661 14182 1713 2514 9273 13244 107 3087 3070 12729 757 1336 1422 10193 299 2640 3196 11888 36373 3953 228 1131 1302
internal_value=-0.00112141 0.0032928 -0.0112753 -0.0132953 0.00144029 0.00422755 0.00189971 0.0119104 0.00751334 -0.000975027 0.00339873 -0.00200148 0.00741703 -0.0171264 -0.00765273 -0.00652959 -0.00451133 -0.0151765 -0.00428209 -0.00128438 0.00351272 0 -0.017581 -0.01147 0.00485806 0.0150686 0.00409221 -0.0251517 -0.0015638 -0.0046343
internal_weight=13107.9 9136.15 3971.7 3301.26 7524.46 3496.06 2027.41 1611.69 680.586 4028.4 760.684 3267.72 1468.65 1934.34 1366.92 1240.22 1011.1 229.121 1725.56 670.441 697.158 627.812 1906.05 287.118 1157.65 931.104 102.191 8.98395 553.889 347.063
internal_count=213780 134485 79295 74203 76006 52975 29244 58479 17843 23031 4227 18804 23731 51620 22583 19643 15816 3827 10609 5092 10487 4154 51513 5836 17790 40636 4263 310 3855 2724
cat_boundaries=0 2 4 6 8 10 12 13 15 16
cat_threshold=57276 508225 533596186 398356 235143426 346652 3285207069 69818 1072454460 10244 757473191 872 424 16777344 68868 854528
is_linear=0
shrinkage=0.02


Tree=168
num_leaves=31
num_cat=8
split_feature=39 18 0 14 21 26 41 0 0 26 0 30 25 44 0 22 0 38 25 30 30 21 26 25 50 42 23 0 0 30
split_gain=1426.19 355.115 196.79 123.645 122.505 61.4784 53.7521 55.9888 53.3339 52.8611 49.9215 70.3273 72.0586 47.9317 47.4104 45.3421 44.2968 35.8279 34.5263 59.7206 34.4908 30.1612 24.4688 24.8403 66.5158 26.7046 23.1749 26.3404 22.5226 29.1378
threshold=1.0000000180025095e-35 4.6250000000000009 0 1.5000000000000002 1.5000000000000002 0.021808284169030454 0.29607193863806897 1 2 0.0077067544697441504 3 1.6308394150214214 5.0851340877949331 22.450000000000003 4 0.12499999999999996 5 8.5000000000000018 1.5068434723251902 0.92175312801099285 0.49739936199665796 7.5000000000000009 1.0000000180025095e-35 1.7812887021222121 4.1500000000000012 14.714285714285717 0.87500000000000011 6 7 3.2743676285683092
decision_type=2 2 1 2 8 2 2 1 1 2 1 2 2 2 1 2 1 2 2 2 2 8 2 2 2 2 2 1 1 2
left_child=2 3 9 16 22 14 28 -8 -7 -1 18 13 -13 -12 -5 17 -2 -6 20 -20 -11 -10 -4 24 -24 -25 -18 -28 29 -3
right_child=1 6 4 5 15 8 7 -9 21 10 11 12 -14 -15 -16 -17 26 -19 19 -21 -22 -23 23 25 -26 -27 27 -29 -30 -31
leaf_value=-0.014113442098094332 0.0019703698454085405 -0.02460110779965962 -0.017197294588073436 0.0043431733044703835 -0.017151712426780444 0.0088117506108991734 -0.0020516822794449927 0.010792219973135021 0.0083512429974361424 -0.012053284417527177 -0.0032825813373849495 0.0074572154867736367 -0.012392026585735936 -0.017351634986691646 -0.0036940618802464974 0.0066790530383411973 -0.0032126473047426997 -0.0042991550167161222 -0.015765027347945298 0.0018744558951351493 0.035094004257960082 0.0012819629396893287 -0.0098217462579736833 -0.0037400659965331207 0.06593923930269735 0.016104370506694107 -0.0066130538705426083 0.0076327988530903671 0.016060937371268413 0.0081431824929391085
leaf_weight=249.71840278804302 1238.966274542734 9.1268153320997936 20.514969699084759 551.64306989870965 2029.5000401493162 1196.1777861639857 183.33049248717725 492.7826332449913 315.22934707812965 6.2805597409606007 152.45419555157423 187.94241716898978 115.5656055174768 291.86879421398044 598.14251221530139 31.332675993442535 2341.8041453510523 97.48266339674592 87.506257984787226 498.78685327619314 18.040484625846148 1048.1839430909604 7.563655097037552 95.470394123345613 5.8420870639383793 34.159651502966881 62.886581202968955 157.76793489418924 816.26634569838643 92.478595426306129
leaf_count=3434 8316 310 469 5579 56367 20862 3661 14182 5474 102 1972 2590 1980 5565 4933 118 14704 1186 1003 3221 155 14424 101 833 49 150 410 1304 36373 3953
internal_value=-0.00110548 0.00323942 -0.0111713 0.00141477 -0.0148953 0.00401223 0.0118058 0.00741513 0.00573644 -0.00563704 -0.0040779 -0.00748145 -8.27691e-05 -0.0126234 0.000151585 -0.0162232 -0.0011157 -0.0165789 0.000192871 -0.000791213 0.0222002 0.0029244 0.00159135 0.00472099 0.0279955 0.00158446 -0.00261368 0.00349465 0.0149836 0.0040065
internal_weight=13034.8 9104.79 3930.03 7510.8 2321.87 3709.38 1593.98 676.113 2559.59 1608.16 1358.45 747.831 303.508 444.323 1149.79 2158.32 3801.42 2126.98 610.614 586.293 24.321 1363.41 163.551 143.036 13.4057 129.63 2562.46 220.655 917.872 101.605
internal_count=213780 134485 79295 76006 59273 51272 58479 17843 40760 20022 16588 12107 4570 7537 10512 57671 24734 57553 4481 4224 257 19898 1602 1133 150 983 16418 1714 40636 4263
cat_boundaries=0 2 4 6 7 9 11 13 15
cat_threshold=1105852 98305 235143426 346652 3264346380 117691 4000 2348409288 426116 1890113296 8259 50530432 295168 16777344 68868
is_linear=0
shrinkage=0.02


Tree=169
num_leaves=31
num_cat=9
split_feature=39 18 0 13 24 23 0 0 0 47 27 0 24 24 0 0 24 16 3 26 17 0 38 24 26 26 0 16 25 44
split_gain=1383.48 346.504 194.924 120.247 63.0265 62.7271 51.8744 48.6276 46.7879 56.4378 42.0439 41.4063 70.1599 39.8327 38.0889 37.6663 35.9617 33.7827 33.3464 28.732 24.2416 29.156 23.5989 27.1392 26.781 22.8781 23.9947 22.3697 22.2022 20.7908
threshold=1.0000000180025095e-35 4.6250000000000009 0 1.5000000000000002 0.64800579322638152 0.62500000000000011 1 2 3 3.5217927809630729 0.8743872549019609 4 1.5900550855793825 1.6824618736383445 5 6 1.3614361515215407 8.0208333333333339 0.23931566428755766 0.016883707070932154 1.892969448600091 7 3.5000000000000004 2.737841671994885 0.054739391581218509 0.011417073930645451 8 2.6306818181818183 5.0114216919400407 32.800000000000004
decision_type=2 2 1 2 2 2 1 1 1 2 2 1 2 2 1 1 2 10 2 2 2 1 2 2 2 2 1 8 2 2
left_child=2 3 4 14 -1 7 -3 27 -4 13 18 16 -13 -10 22 -7 -12 20 -6 -9 21 -8 24 -24 -2 -16 -27 -5 -15 -17
right_child=1 6 8 5 10 15 17 19 9 -11 11 12 -14 28 25 29 -18 -19 -20 -21 -22 -23 23 -25 -26 26 -28 -29 -30 -31
leaf_value=-0.017794917262868654 -0.0028619781415529233 0.015387097485240519 -0.018472657283161484 0.002893564549919687 -0.001687602620667954 0.010695986152463009 -0.005092289133668668 -0.0065035050826224077 -0.015691293886105542 0.0047656579206215265 0.0084658970634799158 -0.012695758288237132 0.0014702263559734886 -0.0054852565957754108 -0.0036054325593901323 0.0047188934976395269 -0.0020540896179382295 0.013841772771655592 -0.019761000458195586 0.00090661754667148615 0.00026547504846682375 0.011439523857714604 -0.015023296374745016 -0.0032795931959507625 0.0076240306573365814 0.0068127875798797014 0.00062809183207957527 0.0097288807463413486 -0.01337704810335605 -0.011410942374808355
leaf_weight=137.35607984289527 1243.8973359167576 794.33400022797287 896.08042795956135 501.36926564760506 71.374158941209316 689.00228925421834 45.974896432831883 263.83037128299475 885.71688029915094 72.561488494277 201.14592787623405 292.83112576976418 259.87115119770169 358.26408896781504 403.80194868892431 709.52466985210776 350.56281459331512 245.91015642508864 103.52877581492066 957.5488190818578 258.0210432652384 232.44871390797198 131.44986297935247 209.56283688358963 101.94123188778758 287.0744239911437 1645.7004395239055 323.85559364035726 259.53467774577439 29.99456880800426
leaf_count=2852 6321 31130 25908 5450 677 13247 1714 1983 22717 393 1363 4642 3536 7398 1862 11571 2291 10193 1281 13407 5835 9607 1932 1507 769 2068 8572 6883 6237 434
internal_value=-0.00108886 0.00318651 -0.0110661 0.00138948 -0.00499104 0.00411409 0.0117015 0.00185152 -0.0144505 -0.0120187 -0.00360124 -0.00211962 -0.00592064 -0.0129296 -0.00096017 0.00733097 0.001739 0.0075968 -0.0126509 -0.000684135 0.00477675 0.00883899 -0.00323882 -0.0079561 -0.00203769 0.000689257 0.00160461 0.00555861 -0.0088814 0.0039412
internal_weight=12964.1 9075.24 3888.83 7498.55 1416.67 3475.13 1576.69 2046.6 2472.16 1576.08 1279.31 1104.41 552.702 1503.52 4023.43 1428.52 551.709 782.355 174.903 1221.38 536.445 278.424 1686.85 341.013 1345.84 2336.58 1932.77 825.225 617.799 739.519
internal_count=213780 134485 79295 76006 16642 52975 58479 27723 62653 36745 13790 11832 8178 36352 23031 25252 3654 27349 1958 15390 17156 11321 10529 3439 7090 12502 10640 12333 13635 12005
cat_boundaries=0 2 4 6 8 9 11 13 15 16
cat_threshold=57260 98305 1894905949 135331 2687592389 106699 4278190080 14892 4000 238275 508873 3235504200 519859 16777218 3328 562057216
is_linear=0
shrinkage=0.02


Tree=170
num_leaves=31
num_cat=8
split_feature=39 18 21 0 39 0 0 21 24 25 31 0 25 24 0 24 27 0 24 15 20 17 0 25 14 0 50 44 42 24
split_gain=1342.1 338.012 193.885 168.885 116.363 70.435 51.5358 47.6209 46.1313 82.4754 67.5617 58.7666 50.1792 48.3414 42.5109 39.2939 37.4725 43.5399 34.0991 29.7152 29.578 28.839 25.579 23.8975 22.9834 22.7654 22.5031 16.9651 16.4973 27.6071
threshold=1.0000000180025095e-35 4.6250000000000009 1.0000000180025095e-35 0 0.93750000000000011 1 2 14.500000000000002 1.2599120530565169 5.1120831803488551 1.0309897716160625 3 2.4190113469967502 5.6699670385395544 4 3.8638114336643752 1.2899816176470591 5 4.0614734530175722 8.3125000000000018 -0.79999999999999838 2.1674558122929715 6 7.0914308043246042 2.5000000000000004 7 30.600000000000005 32.800000000000004 14.407142857142858 0.71763298620883775
decision_type=2 2 8 1 2 1 1 8 2 2 2 1 2 2 1 2 2 1 2 2 2 2 1 2 2 1 2 2 2 2
left_child=2 4 28 8 7 -6 -3 22 11 10 -10 12 -4 -11 18 -5 -17 -18 -9 21 -7 25 -2 -23 -16 -8 -13 -22 29 -1
right_child=1 6 3 15 5 20 19 14 9 13 -12 26 -14 -15 24 16 17 -19 -20 -21 27 23 -24 -25 -26 -27 -28 -29 -30 -31
leaf_value=-0.010355088309673712 0.0074982209070481977 0.015300440691365312 0.015556879954498049 -0.018456769639508971 0.01063678907283868 -0.0055679895928777805 -0.0012928676002010523 -0.0080359812445397021 -0.019631530473108189 -0.020508856589332977 0.00048574023878951753 -0.017454369760136451 -0.012694576183870042 0 -0.00089751923985105866 -0.018970079414029749 0.010076473083294284 -0.010142435715143592 -0.0005321713435139405 0.013157839729972158 0.0044061441610487671 0.0011570390021333188 0.001298980130868103 -0.020661216064003375 0.0036215545336749496 0.011167985149875898 0.018619690464975431 -0.0044610109585667169 0.006907311218522779 0
leaf_weight=129.49252479895949 364.19094010256231 783.0436186902225 48.695523083209991 1520.5855193734169 676.84260305948555 148.5141039211303 76.767423965036869 574.17741519212723 71.355858188122511 174.10213601589203 638.98195962235332 350.28443572297692 45.677312884479761 59.842150088399649 2495.7723225299269 106.65745291113853 51.96646842546761 113.58664679713547 428.55085420794785 258.20563699491322 1162.1914457473904 179.71582227386534 999.44362611323595 19.444874016568065 545.85689956508577 242.76859802007675 4.1936497502028933 88.612424278631806 85.505723655223846 448.71581282839179
leaf_count=2023 3369 31130 496 44905 13884 1861 2883 5158 1552 3272 9493 7550 455 790 13934 2549 856 2161 3569 10740 18827 3559 8395 258 5682 9909 124 1327 525 2544
internal_value=-0.00107306 0.00313523 -0.0109597 -0.0130072 0.001365 0.0053865 0.0115965 -0.00017731 -0.00754486 -0.00502801 -0.00158113 -0.0128939 0.00154865 -0.015257 -0.00127066 -0.0170838 -0.0098451 -0.00361467 -0.00481216 0.00750085 0.00272013 0.00473078 0.00304647 -0.00114923 -7.69262e-05 0.00843429 -0.0163613 0.00375283 -0.00108705 -0.00233322
internal_weight=12893.7 9044.1 3849.64 3185.93 7484.15 2076.16 1559.95 5407.99 1393.13 944.282 710.338 448.851 94.3728 233.944 4044.36 1792.8 272.211 165.553 1002.73 776.902 1399.32 518.697 1363.63 199.161 3041.63 319.536 354.478 1250.8 663.714 578.208
internal_count=213780 134485 79295 74203 76006 35899 58479 40107 23732 15107 11045 8625 951 4062 28343 50471 5566 3017 8727 27349 22015 16609 11764 3817 19616 12792 7674 20154 5092 4567
cat_boundaries=0 2 4 6 7 9 11 12 14
cat_threshold=57340 508225 2159398988 2731 1894905949 135331 384 8134658 131368 9043971 526 7880704 150995074 3328
is_linear=0
shrinkage=0.02


Tree=171
num_leaves=31
num_cat=7
split_feature=39 13 0 21 39 41 24 0 38 26 0 0 0 24 31 22 31 26 24 26 24 24 26 26 0 0 24 47 44 26
split_gain=1301.71 331.833 190.726 152.704 81.8747 77.6951 61.819 56.5268 52.1247 41.3201 40.7874 37.3143 36.4002 56.2188 40.5028 34.5284 29.7231 29.526 28.0658 28.0591 26.4377 26.5241 25.5348 24.8671 24.5271 23.327 24.5847 33.3947 22.8787 25.737
threshold=1.0000000180025095e-35 3.5000000000000004 0 1.5000000000000002 0.93750000000000011 0.28005601680560216 0.64800579322638152 1 8.5000000000000018 0.0077067544697441504 2 3 4 1.5900550855793825 1.092858233108261 0.12499999999999996 1.1835485337883351 1.0000000180025095e-35 1.6824618736383445 0.049377376806818453 4.1120837223778404 4.1346590360282045 0.032768556640598058 0.0091945783313916018 5 6 3.2703415247678023 1.3327450783849886 32.800000000000004 0.025405064378409305
decision_type=2 2 1 8 2 2 2 1 2 2 1 1 1 2 2 2 2 2 2 2 2 2 2 2 1 1 2 2 2 2
left_child=2 4 6 17 11 25 -1 28 15 -8 -7 19 14 -14 -11 18 -12 -4 -5 -2 23 -22 -9 -13 -10 26 27 -3 29 -6
right_child=1 5 3 8 7 10 9 22 24 12 16 20 13 -15 -16 -17 -18 -19 -20 -21 21 -23 -24 -25 -26 -27 -28 -29 -30 -31
leaf_value=-0.01769502307012669 0.0009097941779669049 0.0027826196953943815 -0.017616069003308393 -0.018856102314123768 -0.0040539774220171403 0.010259343614798293 -0.012214798384555805 0.0047194576756539293 0.0055093301019593444 -0.0134957000349635 -0.015655198724959424 -0.01041335606272196 -0.011824327613349324 0.0011299277393584364 0.0035361962925844121 0.0063394843456568749 0.0039165584134707322 0.0048334539892640116 -0.01377897729235303 0.0090644990196449646 0.028175338429226676 0.00027121472205838746 0.011448487050532221 -0.0024867061483867577 -0.011216587087702862 0.01530564574729007 0.0094456408338478466 -0.041447019387619827 -0.010215311290891404 0.0043268958986076812
leaf_weight=133.73670368269086 1631.3220806084573 22.040221283212308 23.618879344314337 1242.8667970430106 215.26107508130372 575.12569143809378 182.55010397359729 511.35247609950602 62.886693330481648 59.590661559253931 29.115823451429605 172.98395953327417 281.35286895185709 247.66468094103038 498.98318432271481 23.26094377040863 742.55275089666247 183.82750987261534 817.61481955461204 186.71219959482551 10.830974563956259 1099.1728235688061 435.02741068974137 1862.5443965792656 52.630328603088856 801.1009914316237 207.55559969134629 6.2799272742122403 70.838198401033878 436.12454001605511
leaf_count=2852 10949 750 536 37341 1887 15193 2128 7253 718 432 353 968 4521 3485 3224 85 15866 1300 22060 2089 93 6706 8829 12290 613 35539 8626 187 744 6163
internal_value=-0.00105691 0.00308372 -0.0108537 -0.0142649 0.00077868 0.00947943 -0.00483786 0.00460824 -0.0158705 -0.00346788 0.00626096 -0.000506685 -0.00195182 -0.00564382 0.00159281 -0.0165967 0.00305507 0.00196773 -0.0168741 0.00176214 -0.00182459 0.000636672 0.00777817 -0.00318448 -0.00251494 0.0136101 0.00672578 -0.00941719 0.000300508 0.00152085
internal_weight=12826.5 9015.94 3810.58 2406.71 6632.17 2383.77 1403.88 1668.6 2199.26 1270.14 1346.79 4963.57 1087.59 529.018 558.574 2083.74 771.669 207.446 2060.48 1818.03 3145.53 1110 946.38 2035.53 115.517 1036.98 235.876 28.3201 722.224 651.386
internal_count=213780 134485 79295 62653 57971 76514 16642 24876 60817 13790 31412 33095 11662 8006 3656 59486 16219 1836 59401 13038 20057 6799 16082 13258 1331 45102 9563 937 8794 8050
cat_boundaries=0 2 4 6 8 9 11 13
cat_threshold=57260 98305 487197875 283664 3501443276 225 1662637353 16402 4000 3894476819 396078 50332819 208196
is_linear=0
shrinkage=0.02


Tree=172
num_leaves=31
num_cat=5
split_feature=39 18 49 13 24 24 23 28 26 1 24 16 25 3 26 24 1 17 19 26 25 1 16 25 31 20 1 24 1 32
split_gain=1262.65 323.345 185.351 110.923 70.5263 69.5874 60.3278 56.7911 47.4847 39.3378 85.6457 37.7631 34.0793 32.683 30.561 34.1191 28.0007 27.1402 25.7971 22.8771 30.6787 23.4139 22.2185 21.698 21.3105 21.2103 21.1089 38.1496 20.3754 19.7791
threshold=1.0000000180025095e-35 4.6250000000000009 5.0571428571428578 1.5000000000000002 0.64800579322638152 3.8638114336643752 0.62500000000000011 72.500000000000014 0.0096078023767136502 0 1.5900550855793825 8.0208333333333339 1.5068434723251902 0.23931566428755766 0.029049534093724402 1.2723875432525953 1 1.8874586088176883 2.2500000000000004 0.014800098652305152 7.0914308043246042 2 1.6742424242424245 7.0914308043246042 1.0309897716160625 2.0507313112450125e-16 3 3.2703415247678023 4 3.7488436413601636
decision_type=2 2 2 2 2 2 2 2 2 1 2 8 2 2 2 2 1 2 2 2 2 1 8 2 2 2 1 2 1 2
left_child=2 3 4 19 -1 25 14 13 -7 12 -11 17 -9 -6 15 -5 -10 26 -16 29 21 -21 -8 -19 -15 -4 27 -3 -25 -2
right_child=1 11 5 6 7 8 22 9 16 10 -12 -13 -14 24 18 -17 -18 23 -20 20 -22 -23 -24 28 -26 -27 -28 -29 -30 -31
leaf_value=-0.018244577369324583 -0.0044699354617050088 -0.04369034121247517 -0.016027770249761392 -0.017078951481791366 0.00092453149428139145 -0.012862728704206704 0.0026600478602656573 0.029382874552626399 -0.0076809054235914822 -0.012119266345184607 0.0040330048343922243 0.015920635611271293 0.0014335204972403448 -0.020106759156836376 -0.0039646613794303296 7.5191038647815409e-05 0.0082910365020949766 0.0068584148272286486 0.0053843201351203972 0.0029805032449143247 -0.012994015480443117 -0.00090941766903479136 0.0085797400269582488 -0.019084167384926423 -0.0082185907898941497 0.012884474106058435 0.013207696325482523 0.0052712894200739055 0.0042572181616889497 0.0029114046714798026
leaf_weight=150.39568415284157 958.75264273397624 4.6443423219025126 1904.4635008666664 45.608440490439534 69.953875556588173 176.60895302519202 352.16467047668993 15.250191759318112 60.170378794893622 309.76091313920915 221.87932681664824 509.57489363849163 490.57484707608819 127.6951335221529 131.27195159718394 964.9654293153435 97.047762308269739 447.03511223383248 891.64641019701958 893.83728583902121 67.920772388577461 1929.6970779988915 1057.4555407557636 14.674597848206757 140.65041390992701 7.3504105508327475 493.15187744982541 33.693354085087776 26.302908550947905 165.47657569870353
leaf_count=3389 4595 134 52662 370 476 3753 3606 122 1179 5479 3313 22772 3669 1997 1017 9972 1491 12116 16364 5493 474 11588 21646 254 1735 30 21249 1350 604 881
internal_value=-0.00104139 0.00303278 -0.0107498 0.00131022 -0.00533584 -0.0144082 0.00394372 -0.00387355 -0.00581861 -0.00151826 -0.00525759 0.0114033 0.00243587 -0.0109611 0.00172224 -0.000727524 0.00206216 0.00908579 0.00415698 -0.000944067 0 0.00032411 0.00712377 0.00555119 -0.0141092 -0.0158862 0.0122445 -0.00234842 -0.00775 -0.00336087
internal_weight=12759.7 8987.87 3771.8 7458.8 1526.16 2245.64 3443.11 1375.76 333.827 1037.47 531.64 1529.08 505.825 338.299 2033.49 1010.57 157.218 1019.5 1022.92 4015.68 2891.46 2823.53 1409.62 488.013 268.346 1911.81 531.49 38.3377 40.9775 1124.23
internal_count=213780 134485 79295 76006 20180 59115 52975 16791 6423 12583 8792 58479 3791 4208 27723 10342 2670 35707 17381 23031 17555 17081 25252 12974 3732 52692 22733 1484 858 5476
cat_boundaries=0 1 2 3 4 5
cat_threshold=6 1360 872 512 392
is_linear=0
shrinkage=0.02


Tree=173
num_leaves=31
num_cat=8
split_feature=39 18 0 39 0 41 26 0 0 24 50 22 49 0 0 31 24 26 44 47 20 24 26 0 26 40 0 24 25 44
split_gain=1223.85 315.126 187.556 107.303 64.179 53.7115 52.9528 49.5617 46.4479 61.0422 45.4476 45.0086 42.2943 40.0691 37.2534 36.1511 34.484 33.1989 36.7955 32.1356 27.3522 26.9977 25.4464 25.0935 24.5179 24.2028 24.0211 47.9477 22.3138 20.1277
threshold=1.0000000180025095e-35 4.6250000000000009 0 0.81666666666666676 1 0.28005601680560216 0.0077067544697441504 2 3 3.6764705882352944 13.850000000000003 0.12499999999999996 16.964285714285719 4 5 1.092858233108261 0.64800579322638152 0.022714891796077503 31.450000000000003 2.9953033731033818 1.1000000000000012 1.6824618736383445 0.040007737799148811 6 0.053691206704356211 2.8750000000000004 7 3.2703415247678023 2.9149232858698286 25.950000000000003
decision_type=2 2 1 2 1 2 2 1 1 2 2 2 2 1 1 2 2 2 2 2 2 2 2 1 2 2 1 2 2 2
left_child=2 3 6 13 24 26 -1 -7 15 10 -10 14 -11 22 19 -8 -17 23 -19 21 25 -4 -2 -6 29 -15 27 28 -3 -5
right_child=1 5 11 4 17 7 8 -9 9 12 -12 -13 -14 20 -16 16 -18 18 -20 -21 -22 -23 -24 -25 -26 -27 -28 -29 -30 -31
leaf_value=-0.013929265003796095 0.00012634410663777976 0 -0.015516642246294739 0.0044971215495682492 0.0024809643767968377 -0.0012791632202869053 -0.013967934987237668 0.010404005333344679 -0.013272858496960444 0.001995803502772165 -0.0011985823310392176 0.0076557330245335302 0.041946031513198791 -0.0022510736825335173 -0.018451651043715031 -0.013853149824813719 0.0028148483209082366 0.0045388161096103774 -0.0057724039671166209 0.0035649458642677684 0.0059172641238693716 -0.0089922947234876444 0.0061800184579063758 -0.0050763806306733696 0.015818864263361977 -0.0077939446845667381 0.015746751943716733 0.0076672125141550246 -0.065532060709849377 0.010638225521849454
leaf_weight=246.94098613783717 1576.6626275293529 2.9976779930293551 673.67432671785355 632.424814093858 305.95359320193529 202.81042178720236 65.154313053935766 495.24719576537609 427.61776888743043 67.961250444874167 181.75207060389221 32.749671325087547 9.9407224096357805 1629.1695364806801 889.28460794128478 51.098787479102612 575.36387380585074 1428.3126869183034 149.05442204885185 46.348396230489016 131.62894304469228 467.28344009630382 336.10850412584841 378.27305535785854 139.09554944932461 395.90175923891366 748.60779022239149 60.499588001519442 2.7078176811337471 343.25321977958083
leaf_count=3648 10178 98 18402 9534 2811 4460 555 15407 8647 790 2870 124 114 10331 27603 920 4163 21239 2047 415 1496 11044 3579 3059 3038 2786 35747 2695 72 5908
internal_value=-0.00102628 0.00298208 -0.0106403 0.0012863 0.00392165 0.0112959 -0.00538643 0.00712031 -0.0038541 -0.00747215 -0.00972773 -0.0145724 0.00870729 -0.000896566 -0.0150132 -0.00010418 0.00136397 0.00193609 0.00354269 -0.0121242 -0.00275914 -0.0128926 0.00120226 -0.00170968 0.0078286 -0.00335449 0.0148094 0.0012437 -0.0423132 0.00670405
internal_weight=12693.9 8958.71 3735.17 7445.84 3376.37 1512.87 1625.83 698.058 1378.89 687.272 609.37 2109.34 77.902 4069.47 2076.59 691.617 626.463 2261.59 1577.37 1187.31 2156.7 1140.96 1912.77 684.227 1114.77 2025.07 814.813 66.2051 5.7055 975.678
internal_count=213780 134485 79295 76006 47636 58479 21707 19867 18059 12421 11517 57588 904 28370 57464 5638 5083 29156 23286 29861 14613 29446 13757 5870 18480 13117 38612 2865 170 15442
cat_boundaries=0 2 4 6 7 9 11 13 15
cat_threshold=1105852 98369 2428355336 929 235151618 346716 4008 1667489189 6150 15663171 411024 138414272 244754 16777216 68864
is_linear=0
shrinkage=0.02


Tree=174
num_leaves=31
num_cat=9
split_feature=39 14 21 0 39 0 24 25 31 0 25 24 21 24 0 0 24 26 0 26 16 26 0 0 26 0 2 20 26 26
split_gain=1186.64 311.74 189.646 167.265 133.882 85.2603 44.8933 83.711 65.8949 57.1319 48.3088 48.2289 43.3037 44.1676 48.9588 41.7629 40.2534 40.4815 44.3388 36.4349 33.204 31.302 28.8239 25.3836 25.1377 28.8297 24.436 23.1291 20.9662 20.5161
threshold=1.0000000180025095e-35 5.5000000000000009 1.0000000180025095e-35 0 0.93750000000000011 1 1.2599120530565169 5.1120831803488551 1.0309897716160625 2 2.4190113469967502 5.6699670385395544 16.500000000000004 4.1120837223778404 3 4 3.8638114336643752 0.011091078594949651 5 1.0000000180025095e-35 8.0208333333333339 0.022714891796077503 6 7 0.021501176077194553 8 0.51639395938746258 -0.49999999999999989 0.030378108988034603 0.023181966527594803
decision_type=2 2 8 1 2 1 2 2 2 1 2 2 8 2 1 1 2 2 1 2 8 2 1 1 2 1 2 2 2 2
left_child=2 4 19 6 12 24 9 8 -8 10 -4 -9 21 14 -14 -15 -5 -18 -19 -1 22 23 -3 -2 25 -6 -21 -7 -29 -28
right_child=1 20 3 16 5 27 7 11 -10 -11 -12 -13 13 15 -16 -17 17 18 -20 26 -22 -23 -24 -25 -26 -27 29 28 -30 -31
leaf_value=-0.018733573399019182 0.0049943225196543177 0.0033841806678577765 0.015289428549533291 -0.018286162099404122 0.0096688736731779523 -0.0026644938251172046 -0.01952778211479644 -0.020475195954454663 0.00085377425436897647 -0.016115992973017315 -0.012518043437769393 9.6463797726986899e-05 -0.0083374026462159356 -0.0022813821009478401 -0.001496055319818069 0.0042818387729288985 -0.016103186654174387 0.013709659343642162 -0.0094298361032096271 0.016175928424095497 0.016479037346722302 0.0062956622189328853 0.012021761384271436 -0.0025510523213331401 0.01170378473084132 -0.0045468055451433446 -0.0044250682612898455 0.00011528359289149309 0.006058994591382422 0.0030578919441307745
leaf_weight=39.090268708765507 262.46321412734687 261.46292322129011 48.957297015935183 1427.8202434629202 117.37702644988894 311.29747526906431 67.412030894309282 168.80663533881307 628.36418740451336 337.52987603843212 44.836836867034435 59.388888664543629 527.43507600203156 697.10116863250732 1983.1562345530838 839.97674635238945 149.95618280209601 41.961796157062054 70.291466219350696 34.355200737714767 452.70027323253453 576.66250039823353 572.13156124763191 492.29313332214952 762.87197549454868 90.726766565814614 277.56985027715564 421.34770233370364 562.55545551143587 302.30422273278236
leaf_count=938 1965 7734 496 44905 1973 4849 1552 3272 9493 7674 455 790 4978 4937 12859 7291 3475 727 1364 147 21196 6933 18487 3045 19278 1273 1870 5720 11967 2137
internal_value=-0.00101107 0.00293239 -0.0105339 -0.01263 0.00139469 0.00546927 -0.00716312 -0.00466865 -0.00116768 -0.0125564 0.00164404 -0.015103 -0.000320286 -0.00135284 -0.00298863 0.00130662 -0.0168401 -0.00940766 -0.000103402 -0.000719466 0.0120319 0.00279978 0.00954243 8.80533e-05 0.0099114 0.00364263 0.000480051 0.00201664 0.00354201 -0.000494023
internal_weight=12630.2 8931.56 3698.64 3045.33 7645.26 2266.18 1355.3 923.972 695.776 431.324 93.7941 228.196 5379.09 4047.67 2510.59 1537.08 1690.03 262.209 112.253 653.32 1286.29 1331.42 833.594 754.756 970.976 208.104 614.229 1295.2 983.903 579.874
internal_count=213780 134485 79295 74203 87068 45060 23732 15107 11045 8625 951 4062 42008 30065 17837 12228 50471 5566 2091 5092 47417 11943 26221 5010 22524 3246 4154 22536 17687 4007
cat_boundaries=0 2 4 5 7 9 11 13 14 16
cat_threshold=57340 508225 3505770572 166571 384 74194946 65568 4054843520 446460 9306115 558 2298741540 229224 16269312 2163544136 131200
is_linear=0
shrinkage=0.02


Tree=175
num_leaves=31
num_cat=10
split_feature=39 14 21 0 39 0 24 31 0 24 21 24 0 0 26 0 41 26 24 26 0 42 26 0 0 20 49 26 0 42
split_gain=1150.71 304.056 186.232 166.465 129.391 83.2032 47.985 61.0151 58.3589 42.5198 41.6626 42.4271 47.0098 40.1815 39.7 42.2933 38.4803 35.6908 34.6848 30.2295 29.3962 25.6672 24.6825 27.9962 24.4441 22.2833 21.4396 20.9348 47.1105 25.8129
threshold=1.0000000180025095e-35 5.5000000000000009 1.0000000180025095e-35 0 0.93750000000000011 1 1.2599120530565169 1.0309897716160625 2 3.8638114336643752 16.500000000000004 4.1120837223778404 3 4 0.011091078594949651 5 0.28005601680560216 1.0000000180025095e-35 1.285453431372549 0.022714891796077503 6 14.835714285714287 0.021501176077194553 7 8 -0.49999999999999989 -7.5785714285714283 0.021808284169030454 9 3.0142857142857147
decision_type=2 2 8 1 2 1 2 2 1 2 8 2 1 1 2 1 2 2 2 2 1 2 2 1 1 2 2 2 1 2
left_child=2 4 17 6 10 22 8 -8 -4 -5 19 12 -12 -13 -11 -16 -3 -1 -9 24 -18 27 23 -6 -2 -7 -10 29 -29 -19
right_child=1 16 3 9 5 25 7 18 26 14 11 13 -14 -15 15 -17 20 21 -20 -21 -22 -23 -24 -25 -26 -27 -28 28 -30 -31
leaf_value=-0.018689944341285809 0.0049082390671200274 0.015528839651140361 0.00023548935848800598 -0.018461211412239487 0.0095642783460601326 -0.0026062082346762195 -0.019830920391411128 0.023724694189452573 0.0037453594345678255 -0.0159808001059372 -0.0081675002733533394 -0.0022353717677111909 -0.0014658286512935822 0.0042032180225046239 0.013379351443731913 -0.0093700966739813721 0.0015772474568179343 -0.017259859983092232 -0.0036120275347709357 0.0061944122489585984 0.011179578763995739 0.026110670698217053 0.011591685107168855 -0.0044531843524823625 -0.0024996986504624528 0.0034826443126781642 -0.018364856801151776 0.0085368318530983697 -0.0069903912648842138 -0.0012503770290642725
leaf_weight=38.41171196103096 261.95825709030032 622.40852810814977 112.58279230259359 1356.4945217818022 116.43911276757717 311.95456189289689 93.866094194352627 15.849144879728554 16.019299581646919 143.24206945486367 527.90441985055804 697.48417414166033 1983.8307914920151 838.82950380444527 42.453701186925173 66.622074639424682 205.77219364978373 46.727039322257042 847.87290072441101 574.43815438263118 444.36630913987756 12.24245363473892 754.95356900990009 91.051463026553392 492.62235355190933 980.92317314632237 314.99427504651248 213.16412656754255 107.50245115160942 234.44563087821007
leaf_count=938 1965 30820 1522 43441 1973 4849 2210 351 240 3369 4978 4937 12859 7291 727 1314 4322 251 13611 6933 12275 56 19278 1273 3045 17687 7418 1119 1103 1625
internal_value=-0.000996126 0.00288354 -0.0104292 -0.0125275 0.00136946 0.00538737 -0.00725948 -0.00473369 -0.0127612 -0.0169311 -0.000314136 -0.00132623 -0.00292868 0.00128124 -0.00916974 0 0.0119244 -0.00070604 -0.00300695 0.00274962 0.00838753 0.000471863 0.00980127 0.00358511 8.66671e-05 0.00198014 -0.0167106 -0.00014353 0.00330082 -0.00413544
internal_weight=12567.4 8904.94 3662.49 3010 7632.39 2255.32 1401.18 957.588 443.596 1608.81 5377.07 4048.05 2511.74 1536.31 252.318 109.076 1272.55 652.493 863.722 1329.02 650.139 614.082 962.444 207.491 754.581 1292.88 331.014 601.839 320.667 281.173
internal_count=213780 134485 79295 74203 87068 45060 25352 16172 9180 48851 42008 30065 17837 12228 5410 2041 47417 5092 13962 11943 16597 4154 22524 3246 5010 22536 7658 4098 2222 1876
cat_boundaries=0 2 4 6 8 10 12 14 16 17 18
cat_threshold=57340 509249 3505770572 166571 384 64 74194946 65568 4054843520 446460 9306115 558 2282488102 223800 2163544136 131200 16269312 3934720
is_linear=0
shrinkage=0.02


Tree=176
num_leaves=31
num_cat=9
split_feature=39 14 21 0 39 0 30 25 31 0 25 30 30 21 30 0 0 41 27 0 44 44 0 41 13 0 49 0 25 22
split_gain=1115.58 296.581 182.675 165.723 125.02 81.2114 47.188 87.317 66.5989 57.6112 50.5587 45.7977 42.6733 40.083 40.7555 45.2108 38.6594 38.3347 37.4006 40.6414 33.3045 35.4519 28.7793 27.149 22.5804 22.2767 21.2297 20.5537 32.7099 18.8848
threshold=1.0000000180025095e-35 5.5000000000000009 1.0000000180025095e-35 0 0.93750000000000011 1 1.2939712078383732 5.1120831803488551 1.0309897716160625 2 2.4190113469967502 5.6445552514832826 3.860235305455975 16.500000000000004 4.1057837923738072 3 4 0.28005601680560216 1.2899816176470591 5 32.800000000000004 35.050000000000004 6 0.22118688573296233 2.5000000000000004 7 -7.5785714285714283 8 4.1783934307272617 0.12499999999999996
decision_type=2 2 8 1 2 1 2 2 2 1 2 2 2 8 2 1 1 2 2 1 2 2 1 2 2 1 2 1 2 2
left_child=2 4 -1 6 13 24 9 8 -8 10 -4 -9 29 25 15 -15 -16 27 -14 -20 23 -22 -19 -7 -6 -2 -11 28 -3 -5
right_child=1 17 3 12 5 20 7 11 -10 26 -12 -13 18 14 16 -17 -18 22 19 -21 21 -23 -24 -25 -26 -27 -28 -29 -30 -31
leaf_value=-0.00069455866665498139 0.0068836670775070169 -0.012430554999482066 0.012611277883123224 -0.01867078449241423 0.0062333956069071843 0.00746406140366088 -0.019511570025308265 -0.020444063134480332 0.00081639673190008312 0.0036724015323836628 -0.013556452315322929 -9.1107310718172078e-05 -0.018730806272136854 -0.0077211750093317431 -0.0021903136301097783 -0.0013536734821979809 0.0041259440167518259 0.0015493580677222371 0.010259095171446322 -0.0095679211087000681 -0.031319150911369248 -0.002236880150520963 0.011067479111088945 0.0010084881831837107 0.01281489675279341 0.0010402589611855607 -0.018309113548694685 0.016703063969574369 0.013898056844162452 0.0021826494861535541
leaf_weight=651.45524345338345 357.21910506859422 28.177690535783768 60.31839557364583 1317.8473051525652 395.82449654303491 376.83335712179542 68.382158443331718 171.74219161830842 651.63728989288211 16.069885581731796 52.286060612648726 61.897697575390339 95.60876676440239 578.06742185913026 697.85944679938257 1934.7917162589729 837.70392714068294 205.52322639152408 51.56840324215591 103.02593653090298 19.233598778024316 78.07795075327158 440.06502194516361 863.67856656759977 511.15231213159859 969.44456277415156 309.69664102047682 541.1181163340807 43.918780237436295 15.26284274458885
leaf_count=5092 3465 1236 826 43385 5729 8522 1649 3475 10206 240 696 842 2473 5570 4937 12267 7291 4322 856 2081 262 1205 12275 13462 15880 8478 7418 27434 2150 56
internal_value=-0.000981043 0.00283529 -0.0103238 -0.0124227 0.00134454 0.00530575 -0.00716199 -0.00465859 -0.00115949 -0.0126563 0.000231226 -0.015206 -0.0168614 -0.000308101 -0.00130015 -0.00286996 0.00125634 0.0118187 -0.00906282 -0.00271402 0.00208128 -0.00894911 0.00828393 0.00299887 0.00988594 0.00270028 -0.0166344 0.0154492 0.00287349 -0.0184127
internal_weight=12505.5 8878.69 3626.8 2975.34 7619.89 2244.8 1392.03 953.659 720.019 438.371 112.604 233.64 1583.31 5375.09 4048.42 2512.86 1535.56 1258.8 250.203 154.594 1337.82 97.3115 645.588 1240.51 906.977 1326.66 325.767 613.215 72.0965 1333.11
internal_count=213780 134485 79295 74203 87068 45060 25352 16172 11855 9180 1522 4317 48851 42008 30065 17837 12228 47417 5410 2937 23451 1467 16597 21984 21609 11943 7658 30820 3386 43441
cat_boundaries=0 2 4 6 8 10 12 14 15 17
cat_threshold=57340 509249 3505770572 133803 384 64 74326018 65568 4054843520 446460 9043971 526 2282488102 223800 7880704 642 101696
is_linear=0
shrinkage=0.02


Tree=177
num_leaves=31
num_cat=9
split_feature=39 14 0 39 0 26 22 0 0 24 25 50 41 26 0 24 0 31 0 24 44 26 26 20 47 0 26 26 0 24
split_gain=1081.55 289.369 180.355 120.754 79.3922 49.7547 44.2062 41.6019 40.8264 68.629 59.7346 48.0887 38.202 37.0702 44.1314 35.4224 39.7057 34.8112 33.7313 33.6476 33.3586 48.0686 33.304 31.2471 29.8304 28.1995 27.0052 23.1856 22.5446 20.5604
threshold=1.0000000180025095e-35 5.5000000000000009 0 0.93750000000000011 1 0.0077067544697441504 0.12499999999999996 2 3 1.5900550855793825 5.0114216919400407 23.450000000000006 0.28005601680560216 0.016596553965101554 4 3.8061363636363641 5 1.092858233108261 6 0.64800579322638152 32.800000000000004 0.082714139879659615 0.030378108988034603 0.20000000000000026 2.9953033731033818 7 0.021501176077194553 0.08649227760652671 8 2.7966980270369022
decision_type=2 2 1 2 1 2 2 1 1 2 2 2 2 2 1 2 1 2 1 2 2 2 2 2 2 1 2 2 1 2
left_child=2 3 5 13 26 -1 7 -4 17 11 -11 -10 -3 15 27 18 -17 -7 -2 -19 22 -22 -6 -16 -9 -14 28 -15 -5 -26
right_child=1 12 6 4 20 8 -8 24 9 10 -12 -13 25 14 23 16 -18 19 -20 -21 21 -23 -24 -25 29 -27 -28 -29 -30 -31
leaf_value=-0.013431603720932217 -0.00021344203567981923 0.015370600011221924 -0.018276863663964443 0.0090936187538831186 -0.00058355827028606434 -0.013695242899454549 0.0079451646940599772 -0.012352859240878575 -0.015163349251213558 0.0081082728225054749 -0.011122930876951841 0.0097239704804331015 0.0017088022110535669 0.0027041768306366749 -0.0029403594173889481 0.0032039582153891716 -0.0046072817650181196 -0.013685045112501513 -0.0096601862345404785 0.0029446563357507466 -0.0039653968811659713 -0.052268472197963253 0.0058124716434697224 0.0024888348406218613 -0.0020253069723150992 0.011052111138521916 0.012276336146508717 0.015522728949171772 -0.0042001209290280176 0.030891083695189878
leaf_weight=231.88625562563539 250.90458246506751 604.36653880402446 831.18679579719901 100.19171911664307 549.18935612030327 63.573525745421648 32.680403277277946 1145.4420860372484 323.32819832116365 161.78261072188616 103.12009349092841 31.283824637532234 214.28093072026968 1667.4729717094451 1346.9170602224767 551.77328201197088 469.15362252295017 49.937130603939295 419.29143610224128 571.70538593828678 91.598711250349879 6.3151451852172604 776.85010118223727 611.99569199606776 40.145789757370949 426.84131861105561 628.26111134886742 56.432811545208097 81.875336421653628 6.0683329552412024
leaf_count=3434 1372 30820 27603 1798 7325 555 124 31131 6642 2273 1920 115 4521 14946 10599 3461 2478 920 2310 4163 1376 91 16382 6069 365 12076 16921 773 1167 50
internal_value=-0.000966048 0.00278784 -0.0102186 0.00131989 0.00522465 -0.00489017 -0.0140871 -0.0145336 -0.0033669 -0.0070182 0.000506661 -0.0128487 0.0117143 -0.000301855 0.000819681 -0.0027532 -0.00038275 2.30906e-05 -0.00631665 0.00151745 0.0022886 -0.00874023 0.00315312 -0.00122653 -0.0116164 0.00818098 0.0101787 0.00314341 0.00330061 0.00351011
internal_weight=12445.9 8853.71 3592.14 7608.22 2234.28 1536.62 2055.52 2022.84 1304.73 619.515 264.903 354.612 1245.49 5373.94 3682.82 1691.12 1020.93 685.216 670.196 621.643 1423.95 97.9139 1326.04 1958.91 1191.66 641.122 810.328 1723.91 182.067 46.2141
internal_count=213780 134485 79295 87068 45060 20022 59273 59149 16588 10950 4193 6757 47417 42008 32387 9621 5939 5638 3682 5083 25174 1467 23707 16668 31546 16597 19886 15719 2965 415
cat_boundaries=0 2 4 6 7 9 11 13 15 17
cat_threshold=1105852 98305 3505770508 2731 4278190080 14894 4008 4162445101 8217 586018674 54914 2079342977 275462 2282488102 223804 2163544072 128
is_linear=0
shrinkage=0.02


Tree=178
num_leaves=31
num_cat=9
split_feature=39 13 21 0 41 23 24 25 31 0 25 24 0 0 24 0 31 0 24 25 31 43 15 0 24 2 0 49 0 14
split_gain=1048.46 282.21 178.855 164.432 72.3157 65.8509 46.2591 85.703 65.1503 56.7352 48.8887 45.9458 45.6864 44.6448 43.438 39.1774 37.455 39.6544 37.0166 30.4867 27.9904 26.9223 32.7194 24.9481 23.4606 23.3237 21.5085 21.0547 18.3593 18.303
threshold=1.0000000180025095e-35 3.5000000000000004 1.0000000180025095e-35 0 0.28005601680560216 0.87500000000000011 1.2599120530565169 5.1120831803488551 1.0309897716160625 1 2.4190113469967502 5.6699670385395544 2 3 3.8638114336643752 4 1.3750658086307961 5 4.1346590360282045 5.4043974797286678 1.1835485337883351 4.7500000000000009 1.9375000000000002 6 3.2703415247678023 -0.88545602565320969 7 -7.5785714285714283 8 1.0000000180025095e-35
decision_type=2 2 8 1 2 2 2 2 2 1 2 2 1 1 2 1 2 1 2 2 2 2 2 1 2 2 1 2 1 2
left_child=2 5 -1 6 23 12 9 8 -8 10 -4 -9 21 -7 -5 29 -16 -18 26 -20 -17 22 -2 24 25 -3 -14 -11 -23 -6
right_child=1 4 3 14 15 13 7 11 -10 27 -12 -13 18 -15 16 20 17 -19 19 -21 -22 28 -24 -25 -26 -27 -28 -29 -30 -31
leaf_value=-0.00057686657257036351 0.0024992842220783414 -0.035666617810809639 0.012364252883142111 -0.018331440234936321 0.00084841766368145394 0.00090212815327836947 -0.019460539785990695 -0.020412940990292259 0.00090139665368090536 0.0036914089581465315 -0.013423635000018693 0 -0.0057210276810825897 0.010376569225545843 -0.018651931755397384 -0.01557910718948961 0.010318869558148877 -0.0093356324124520829 0.0025437233012125153 -0.0042741126569712318 0.0034199029083123579 -0.0072449030713540672 0.012602072044021114 0.014824028056344599 0.0086698600318430956 0.00083714182149517431 -0.0015422125732138228 -0.018221876368629975 0.0017329986561579276 0.011424653699281164
leaf_weight=648.0924187079072 348.34862229973078 6.7275989726185825 60.710961423814297 1291.0141273550689 81.428341619670391 397.24250804446638 66.44847440905869 167.46396934054792 648.83788689598441 16.047335017472506 51.534258924424648 61.389813713729382 674.12626396864653 418.59088328294456 92.611009072512388 29.149036156013608 51.411612194031477 100.89360292442143 1305.2100862842053 323.71313484199345 722.68739568628371 88.345322677865624 208.13638780079782 736.68842930719256 194.27524003759027 21.021800389513373 1935.2571979854256 301.2799394223839 868.53459142521024 467.59447037428617
leaf_count=5092 2179 198 826 43441 1250 4727 1649 3475 10206 240 696 842 5775 6026 2473 353 856 2081 10787 2575 15866 827 4243 35539 8626 739 13651 7418 7181 13943
internal_value=-0.000951966 0.0027409 -0.0101145 -0.0122293 0.00883324 0.000638685 -0.00697796 -0.0044955 -0.00103572 -0.0124801 0.000284965 -0.0150695 -0.000113307 0.00594568 -0.0167361 0.00571299 -0.00880113 -0.00243787 -0.00118184 0.0011712 0.00256385 0.00285144 0.00636099 0.0130152 0.00588665 -0.00997876 -0.00266259 -0.0165116 0.00080579 0.00972916
internal_weight=12384.8 8827.08 3557.74 2909.64 2259.57 6567.5 1373.71 944.14 715.286 429.572 112.245 228.854 5751.67 815.833 1535.93 1300.86 244.916 152.305 4238.31 1628.92 751.836 1513.36 556.485 958.713 222.025 27.7494 2609.38 317.327 956.88 549.023
internal_count=213780 134485 79295 74203 76514 57971 25352 16172 11855 9180 1522 4317 47218 10753 48851 31412 5410 2937 32788 13362 16219 14430 6422 45102 9563 937 19426 7658 8008 15193
cat_boundaries=0 2 4 6 8 10 12 14 16 17
cat_threshold=57340 509249 384 64 3794916616 2 3877834147 427784 3501443276 225 9043971 526 50332819 208196 8786 102400 2162688
is_linear=0
shrinkage=0.02


Tree=179
num_leaves=31
num_cat=7
split_feature=39 14 0 21 39 0 38 24 0 44 47 22 27 0 24 16 27 49 23 0 13 22 50 0 22 50 50 50 0 16
split_gain=1016.22 277.686 176.07 118.333 115.143 69.3673 45.0015 40.6379 38.2515 36.6392 47.8232 35.5674 35.3705 46.2117 80.558 34.0435 33.0361 32.944 31.0981 29.3111 29.2679 44.3889 28.0276 25.764 25.6426 25.4957 21.4792 25.1882 21.3206 19.4196
threshold=1.0000000180025095e-35 5.5000000000000009 0 1.5000000000000002 0.81666666666666676 1 8.5000000000000018 0.64800579322638152 2 31.450000000000003 -0.30078224610079823 0.12499999999999996 0.8743872549019609 3 1.5900550855793825 8.0208333333333339 1.0208072590738426 3.7357142857142862 0.87500000000000011 4 1.0000000180025095e-35 0.24999999999999997 0.25000000000000006 5 0.21078643578643577 23.450000000000006 2.5500000000000003 5.4000000000000012 6 4.0208333333333348
decision_type=2 2 1 8 2 1 2 2 1 2 2 2 2 1 2 8 2 2 2 1 2 2 2 1 2 2 2 2 1 8
left_child=2 4 7 16 8 -6 11 25 29 18 -11 23 17 22 -15 19 -4 -9 -7 -3 21 -10 -14 -5 -22 -1 -18 -28 -8 -2
right_child=1 15 3 6 5 9 28 12 20 10 -12 -13 13 14 -16 -17 26 -19 -20 -21 24 -23 -24 -25 -26 -27 27 -29 -30 -31
leaf_value=-0.017641359929120901 0.001399875730818261 0.002658173861983807 0.025902503225179188 -0.011490979572763167 0.0085769460548757726 0.0016954395963252964 0.0062519207478055972 -0.019397689446273216 -0.0066641519081768611 -0.017549722829910078 0.001032619924615599 0.0075440258876358921 0.025027352573482556 -0.013964292647466956 0.0010603577114706119 0.016183222641373674 -0.0090850195027521487 -0.0015712805559180906 0.0071583956405519705 0.011490295879451289 0.0012704474525573573 0.0015549772123066455 0.00061159197376536639 -0.018295887891296631 -0.0042789448588828804 0.0037651857482447751 0.024401366581234676 -0.00059358994227250519 -0.010272334249783893 0.012829720933065494
leaf_weight=134.84076854772866 1068.9537509232759 246.92227662168443 18.087737143039703 516.92138232849538 922.13575331121683 1854.5694271530956 51.331218522042036 99.195470711216331 973.3706680573523 79.67937378026545 161.57109876349568 22.284950777888298 16.510262250900269 285.08134552650154 277.63268767669797 424.73416737094522 65.450384914875031 75.126610161736608 542.41908910125494 550.42184872739017 1088.292874218896 353.36775083094835 610.4372770190239 1206.7217216566205 475.29269229993224 23.660944052040577 18.996311046183109 54.553909160196781 47.786206308752298 60.764668203890324
leaf_count=3244 7645 7515 172 15415 18900 26052 624 1427 6205 1107 2297 82 142 5453 4268 21196 780 833 9412 18706 9205 1347 4533 40952 3722 122 187 463 598 1176
internal_value=-0.00093769 0.00269447 -0.010009 -0.0138997 0.00126319 0.00388207 -0.0153874 -0.00474003 -0.00105244 0.00218489 -0.00516298 -0.0161324 -0.00361887 -0.00234921 -0.00643598 0.0115314 0.0025419 -0.0119845 0.0029474 0.00897714 -0.00227074 -0.00446143 0.00138052 -0.0164627 -0.000408633 -0.0143114 -0.000840112 0.00630405 -0.00198029 0.0020466
internal_weight=12327.1 8802.5 3524.62 2002.13 7580.42 3560.37 1845.05 1522.49 4020.04 2638.24 241.25 1745.93 1363.98 1189.66 562.714 1222.08 157.088 174.322 2396.99 797.344 2890.32 1326.74 626.948 1723.64 1563.59 158.502 139.001 73.5502 99.1174 1129.72
internal_count=213780 134485 79295 59273 87068 57768 57671 20022 29300 38868 3404 56449 16656 14396 9721 47417 1602 2260 35464 26221 20479 7552 4675 56367 12927 3366 1430 650 1222 8821
cat_boundaries=0 2 4 6 7 9 11 13
cat_threshold=1105852 98305 2427830792 673 1661064453 2050 4008 2298741540 225128 8388672 411088 1746993155 396078
is_linear=0
shrinkage=0.02


Tree=180
num_leaves=31
num_cat=6
split_feature=15 18 21 0 16 23 26 24 31 25 2 0 0 0 41 25 26 24 41 24 0 0 24 26 22 49 43 15 3 22
split_gain=972.252 252.032 172.88 151.091 106.222 82.8094 64.6329 59.6821 65.8704 68.4225 64.5486 54.7918 49.1384 46.3677 42.3179 42.1913 36.9705 35.8041 35.3767 34.1742 47.8607 34.6845 33.6586 27.0221 20.083 19.8191 19.2273 19.1515 18.8757 17.4066
threshold=1.0000000180025095e-35 4.6250000000000009 1.0000000180025095e-35 0 1.0000000180025095e-35 0.87500000000000011 0.025836569391989705 1.2599120530565169 1.0309897716160625 5.1120831803488551 0.78574730703237894 1 2 3 0.29607193863806897 2.4190113469967502 0.0023604272768445005 2.737841671994885 0.50000000000000078 4.037051184110009 4 5 4.6521542827657383 0.011859916494805103 0.12499999999999996 -7.5785714285714283 37.20000000000001 2.6875000000000004 -0.29696027566504651 0.16364705157746764
decision_type=2 2 8 1 10 2 2 2 2 2 2 1 1 1 2 2 2 2 2 2 1 1 2 2 2 2 2 2 2 2
left_child=2 5 16 7 17 6 19 10 -9 -10 25 -3 22 27 29 -12 -1 24 -14 20 -2 -21 -8 -19 -5 -4 -16 -7 -28 -13
right_child=1 11 3 4 -6 13 12 8 9 -11 15 14 18 -15 26 -17 -18 23 -20 21 -22 -23 -24 -25 -26 -27 28 -29 -30 -31
leaf_value=-0.015330993306525872 0.0013949590435000619 0.014569303875090535 0.0034302092638149738 -0.019266209240862267 -0.00065113499454402866 -0.0020518284723200957 -0.0015287224813914505 -0.019805131209630258 -8.3008599993422352e-05 -0.01225661114584764 0.013912173387090424 0.013037723814727731 0.0092508555897508078 0.010200788239061101 0.0019346342149115978 -0.012105233323007119 0.0012089142970863245 -0.016401130976366519 0.0028429820972003363 -0.0033622905529363993 -0.0066501153878985178 0.0025273258595074873 0.0069443769632723763 -0.0042099249742921551 0.012029865633651193 -0.017647224730826076 0.0038280318018005916 0.0075661871279262055 -0.043252739161279391 0.0020295512562959451
leaf_weight=55.893298257142305 437.25811057910323 712.8475135602057 16.214391224086285 1109.7618517875671 173.67256180942059 251.02205765619874 1172.0604361575097 96.951299650594592 847.23902475647628 234.39074855484068 50.715049143880606 301.48817582987249 525.66061038151383 590.72622916847467 315.70307081192732 43.207206394523382 652.18747157603502 167.09560449421406 1044.3904206417501 629.16863582655787 876.52865104749799 1045.4360464327037 220.00969143025577 141.23515339940786 5.600788712501525 344.91822588071227 4.0967829618602991 118.9518903568387 4.615032743662594 77.880636978894472
leaf_count=1091 3020 31742 241 39195 1174 2223 12343 2470 12491 4306 498 15189 11636 10232 7630 455 4296 4461 9052 4348 4789 8178 3247 3569 21 9121 91 2840 29 3802
internal_value=-0.000923497 0.00294718 -0.00910781 -0.0110677 -0.0154544 0.00136661 0.000481913 -0.00661085 -0.00423139 -0.00276609 -0.0128062 0.0106249 0.00257682 0.00680708 0.0062618 0.00173277 -0.000127731 -0.0173494 0.00498296 -0.0015884 -0.00400017 0.000295573 -0.00016204 -0.0109754 -0.0190593 -0.0166255 0.000960157 0.000996154 -0.0240957 0.0108638
internal_weight=12266.9 8327.84 3939.08 3231 1597.37 6911.21 5950.51 1633.64 1178.58 1081.63 455.055 1416.63 2962.12 960.7 703.784 93.9223 708.081 1423.69 1570.05 2988.39 1313.79 1674.6 1392.07 308.331 1115.36 361.133 324.415 369.974 8.71182 379.369
internal_count=213780 130391 83389 78002 48420 71908 56613 29582 19267 16797 10315 58483 36278 15295 26741 953 5387 47246 20688 20335 7809 12526 15590 8030 39216 9362 7750 5063 120 18991
cat_boundaries=0 2 4 6 8 10 12
cat_threshold=8429565 509265 1894905949 168099 484835443 455700 50466179 436040 1995522176 275472 1460670595 350493
is_linear=0
shrinkage=0.02


Tree=181
num_leaves=31
num_cat=0
split_feature=15 14 21 42 24 41 27 25 21 25 30 31 2 24 41 25 22 15 47 40 24 47 16 13 22 31 24 44 42 25
split_gain=941.607 250.394 169.243 128.757 146.472 109.82 69.3969 60.7601 54.3445 52.7651 78.4955 60.1349 51.6776 46.2705 37.6168 30.9424 28.6426 27.5742 26.6681 25.1167 24.1559 23.1081 22.4506 22.3913 57.6361 21.9229 18.1658 43.3653 27.5253 27.2479
threshold=1.0000000180025095e-35 5.5000000000000009 1.0000000180025095e-35 3.914285714285715 2.737841671994885 0.25531389540169019 1.0208072590738426 6.5538668989393214 14.500000000000002 5.1984264468287211 1.4738793726893553 1.092858233108261 0.61559370248597556 4.037051184110009 0.28005601680560216 2.8925851473350552 0.12499999999999996 1.0625000000000002 3.0707996944216944 2.7083333333333335 5.4498170235836279 -6.1534371115833357 0.34166666666666673 1.0000000180025095e-35 0.049999999999999954 1.744671276204252 1.7343464559736941 28.450000000000003 3.0142857142857147 3.0647481538457622
decision_type=2 2 8 2 2 2 2 2 8 2 2 2 2 2 2 2 2 2 2 2 2 2 10 2 2 2 2 2 2 2
left_child=2 5 26 9 16 19 -6 -8 17 10 12 -12 -4 15 -3 -10 22 -7 -19 25 -11 -15 -5 24 -21 -2 27 -1 -28 -30
right_child=1 14 3 4 6 8 7 -9 13 20 11 -13 -14 21 -16 -17 -18 18 -20 23 -22 -23 -24 -25 -26 -27 28 -29 29 -31
leaf_value=0.00027055643933717648 -0.0078301737633668309 0.015084721145105959 -0.014708082554413566 -0.017823276890099934 -0.019798362552638827 -0.00053505103728988964 0.0015368548298415618 -0.014548973815629614 -0.00043538058716235001 -0.020303941176959845 -0.016551386106015684 0.0060023971983062885 -0.0015084494222704812 -0.01402796807702587 0.0078174789392528865 -0.0051031387288887732 0.0059558298292704303 0.0041765134749421583 0.014379682842882909 -0.059425084089054822 -0.0033512069039590936 0.0016477626608016017 0 0.01027702477726288 0.0083050204711029845 0.0050643512671700091 -0.0068824806398593702 -0.015780651895940905 -0.0082260018244219007 0.011279616493278546
leaf_weight=374.15899251401424 54.991026557981968 574.05679783597589 261.40381189249456 1463.9973073042929 108.80494217947125 447.4473448432982 386.6546513158828 120.24678450450301 1155.2559452094138 118.74071215838194 51.043542260304093 363.64660764671862 223.26445062831044 35.114153116941452 625.14026376232505 1135.5840444080532 18.525561422109604 952.45135356113315 115.37390807829797 3.766536038368943 52.535886287689209 2043.1865475606173 28.986135199666023 635.87797654233873 16.180283794179559 509.1828494258225 63.997983828186989 78.48027378693223 31.263201452791691 159.87372167780995
leaf_count=3074 481 30820 5889 49880 3149 2308 5391 2898 8764 2250 1081 3950 2585 253 16601 8329 70 13806 2118 47 661 19332 198 20639 294 6599 296 878 177 962
internal_value=-0.000909518 0.00289792 -0.00900551 -0.0109626 -0.0138144 0.00146561 -0.00550799 -0.00230294 0.00032849 -0.0052549 -0.00326247 0.00307947 -0.00871531 -0.00079999 0.0113419 -0.00276159 -0.0171672 0.00359067 0.0053348 0.00691967 -0.015366 0.00135346 -0.0174789 0.00959732 -0.00970981 0.00373747 -0.000126028 -0.00255415 0.00408388 0.00790836
internal_weight=12209.2 8303.61 3905.62 3197.85 2127.22 7104.41 615.706 506.901 5884.41 1070.64 899.358 414.69 484.668 4369.14 1199.2 2290.84 1511.51 1515.27 1067.83 1220 171.277 2078.3 1492.98 655.825 19.9468 564.174 707.774 452.639 255.135 191.137
internal_count=213780 130391 83389 78002 61586 82970 11438 8289 54910 16416 13505 5031 8474 36678 47421 17093 50148 18232 15924 28060 2911 19585 50078 20980 341 7080 5387 3952 1435 1139
is_linear=0
shrinkage=0.02


Tree=182
num_leaves=31
num_cat=8
split_feature=39 13 0 21 16 23 24 0 24 22 0 0 0 24 0 27 42 24 22 13 0 50 41 0 27 31 47 22 13 50
split_gain=925.282 257.052 170.347 116.705 68.7204 58.654 55.4701 58.3465 63.6731 53.2254 75.3683 43.5751 43.1598 42.1627 41.5555 36.2888 48.8983 62.4944 33.9069 64.2158 34.284 32.9118 32.2119 31.4847 31.0147 23.8932 23.084 22.3472 21.4069 20.8578
threshold=1.0000000180025095e-35 3.5000000000000004 0 1.5000000000000002 7.5208333333333348 0.87500000000000011 1.6824618736383445 1 2.0562834224598938 0.20833333333333337 2 3 4 0.64800579322638152 5 0.8743872549019609 4.6785714285714297 3.8638114336643752 0.12143504140786747 1.0000000180025095e-35 6 0.25000000000000006 0.66666666666666652 7 1.0208072590738426 1.1835485337883351 3.5217927809630729 0.12499999999999996 24.500000000000004 2.5500000000000003
decision_type=2 2 1 8 8 2 2 1 2 2 1 1 1 2 1 2 2 2 2 2 1 2 2 1 2 2 2 2 2 2
left_child=2 5 13 24 9 14 27 8 -8 11 -11 25 -7 26 22 23 21 -18 19 -16 -20 -17 -2 -15 -4 -3 -1 -5 -13 -26
right_child=1 4 3 6 -6 12 7 -9 -10 10 -12 28 -14 15 18 16 17 -19 20 -21 -22 -23 -24 -25 29 -27 -28 -29 -30 -31
leaf_value=-0.018689255074442392 0.0076769116302222249 -0.01563531311893876 0.0249057329468623 -0.018849785371657359 0.014961234224982314 0.00066488505047767254 0.021044091096563768 -0.014978428807392601 -0.0069312583975302865 -0.01151797547158295 0.0062882930204041423 0.011940234673962213 0.010040284295558633 0.00046576903068110451 -0.0070137773621504864 0.024730248897484083 -0.011541209615210926 0.010308417412901488 0.0031491158532300145 0.0011440898922881729 -0.0012556794139850882 -0.00019731474549278144 0.00052914157403418077 -0.01743017863903229 -0.0089693182681537791 0.0046884536300227158 -0.00067608951329198937 0.013287060901815629 -0.020684925420815122 0.0062237638317872357
leaf_weight=119.88197023794055 425.95933360792696 20.944403255358338 18.495176889002323 952.43513167463243 506.25757986493409 393.21493679657578 34.992835881188512 502.24389011785388 218.49385795369744 133.67421047203243 257.31528235785663 762.9260041192174 408.78980750031769 62.35594691708684 860.06529482454062 18.721615895628929 329.24916309863329 58.782999174669385 1057.2145466078073 690.26226540654898 2064.8092037122697 813.76325089111924 629.29251137189567 113.01985157094896 64.906884755939245 509.67323936335742 40.383494514971972 6.0219111591577521 5.0724455248564473 73.643959160894156
leaf_count=3104 6566 258 172 34406 25604 4727 989 15064 5504 2901 6946 25816 6026 534 5865 159 6817 715 9161 6504 15460 8051 3662 1869 780 14932 458 23 57 650
internal_value=-0.000896527 0.00256068 -0.00969826 -0.0137562 0.00847582 0.00056541 -0.0153409 -0.0111413 -0.00268571 0.00649771 0 0.00844152 0.00562105 -0.00467066 -0.000141586 -0.00354788 -0.00228983 -0.00812637 -0.000955964 -0.00337353 0.000237172 0.000426126 0.0034146 -0.0120053 0.00251983 0.0036961 -0.0143686 -0.0185862 0.0114704 -0.000791691
internal_weight=12152.9 8725.47 3427.39 1871.23 2195.86 6529.61 1714.19 755.731 253.487 1689.61 390.989 1298.62 802.005 1556.16 5727.6 1395.89 1220.52 388.032 4672.35 1550.33 3122.02 832.485 1055.25 175.376 157.046 530.618 160.265 958.457 767.998 138.551
internal_count=213780 134485 79295 57588 76514 57971 55986 21557 6493 50910 9847 41063 10753 21707 47218 18145 15742 7532 36990 12369 24621 8210 10228 2403 1602 15190 3562 34429 25873 1430
cat_boundaries=0 2 4 6 8 10 12 14 15
cat_threshold=1105852 98369 8388611 411522 2264959034 96517 118232369 405320 3877834147 427784 2718024968 2 1097861125 17272 55296
is_linear=0
shrinkage=0.02


Tree=183
num_leaves=31
num_cat=8
split_feature=39 14 0 21 13 41 26 0 0 24 25 25 22 0 0 22 41 0 28 24 26 0 25 25 25 24 25 0 25 16
split_gain=896.582 253.795 168.36 111.918 103.941 62.8831 58.8037 51.0111 48.6635 77.8276 94.9027 63.1035 44.396 50.6495 39.3648 38.1545 37.4143 37.2676 37.1103 31.5859 29.6945 28.7981 29.3048 32.1544 28.7426 28.0785 49.5224 24.9954 23.6398 22.4293
threshold=1.0000000180025095e-35 5.5000000000000009 0 1.5000000000000002 1.5000000000000002 0.25531389540169019 0.0056768696609241004 1 2 1.5900550855793825 5.0114216919400407 2.16151095207135 0.26250000000000001 3 4 0.12499999999999996 0.28284271247461945 5 55.000000000000007 0.64800579322638152 0.037658395599792005 6 7.0914308043246042 8.6946318564515845 5.5574056331669164 1.493421052631579 2.880091926228912 7 4.0252901617905907 2.6306818181818183
decision_type=2 2 1 8 2 2 2 1 1 2 2 2 2 1 1 2 2 1 2 2 2 1 2 2 2 2 2 1 2 8
left_child=2 4 6 -4 12 17 -1 29 18 11 -11 -10 14 -14 -2 25 27 -6 -8 -20 -9 -18 -23 -24 -16 -5 -27 28 -3 -7
right_child=1 16 3 15 5 7 8 20 9 10 -12 -13 13 -15 24 -17 21 -19 19 -21 -22 22 23 -25 -26 26 -28 -29 -30 -31
leaf_value=-0.01512084260285977 0.00039882723659563624 -0.011704862326420082 0.0029482481486670042 -0.019791347220927881 0.0031681689639051561 0.0034176657440720955 -0.011584012806549518 -0.0016432589659316197 0.00029114733019925461 0.0068112876742752381 -0.012392305617405779 -0.016068127560067855 -0.0032058812759167511 0.0073373060200928918 -0.0033655310044475449 0.0074230752481663246 0.012240689195212012 0.011599700313031307 -0.013311880706002905 0.0031438414030853174 0.0038566252519524513 0.0053275252750940054 -0.025247707966694424 0.012152732728308316 -0.013568087319061064 0.0035074337434061781 -0.015288194273501894 0.016452634635281696 0.010381045085733518 0.010204341306289357
leaf_weight=220.73489973135293 1417.6029513962567 26.268237307667732 130.19325877726078 661.96377650648355 405.6997651476413 511.10311426408589 93.599745385348797 1219.601441109553 119.85817817784846 258.51216618530452 166.55736308172345 400.26878884807229 286.82606594264507 458.64969467185438 1676.5945110209286 24.012063220143318 274.80307319946587 522.29903395473957 47.618013933300972 558.23848009854555 575.12576411291957 297.6074403449893 24.404044039547443 10.813649591058491 117.55826929956675 58.330973017960787 656.87061930075288 489.47013808786869 52.880523541942239 331.18451091460884
leaf_count=4014 7666 1192 1255 25111 10268 6025 853 13600 3317 4407 3677 8933 1485 2733 10321 92 8341 15252 927 4082 10638 7102 409 322 855 1818 20809 27250 2801 8225
internal_value=-0.000883263 0.00251795 -0.00959359 -0.0145046 0.0011621 0.00363887 -0.00542775 0.00204837 -0.00412245 -0.0070382 -0.000700755 -0.01228 -0.00106521 0.00331264 -0.00208971 -0.0162466 0.0111468 0.00811582 -3.98465e-05 0.00175842 0.000110948 0.00756661 0.00311567 -0.013188 -0.00404419 -0.016689 -0.0137192 0.0148779 0.0023605 0.00606482
internal_weight=12095.3 8698.49 3396.76 1531.37 7522.25 3565.01 1865.39 2637.01 1644.65 945.196 425.07 520.127 3957.23 745.476 3211.76 1401.18 1176.25 927.999 699.456 605.856 1794.73 607.628 332.825 35.2177 1794.15 1377.17 715.202 568.619 79.1488 842.288
internal_count=213780 134485 79295 49085 87068 64008 30210 38488 26196 20334 8084 12250 23060 4218 18842 47830 47417 25520 5862 5009 24238 16174 7833 731 11176 47738 22627 31243 3993 14250
cat_boundaries=0 2 4 5 7 9 11 13 15
cat_threshold=1171388 508225 2150753357 41603 4008 373602 436801 1068258108 10756 120462652 275472 1676855512 300097 642 101700
is_linear=0
shrinkage=0.02


Tree=184
num_leaves=31
num_cat=9
split_feature=39 14 49 39 24 0 24 0 28 0 24 25 0 47 41 41 0 25 49 49 29 28 0 3 0 0 25 25 49 0
split_gain=868.886 247.367 166.88 101.186 71.3313 74.4207 67.434 65.1619 54.1898 52.7818 92.5109 62.0084 49.21 46.593 37.1865 35.9127 35.3649 32.868 31.628 30.6773 36.9098 29.4388 28.9472 28.8157 28.4938 28.1603 27.4869 30.7399 24.441 24.2122
threshold=1.0000000180025095e-35 5.5000000000000009 5.0571428571428578 0.81666666666666676 3.8638114336643752 0 0.71763298620883775 1 77.000000000000014 2 1.5661136249371548 3.376894855916913 3 3.5217927809630729 0.28005601680560216 0.25301113002369402 4 2.772550409816819 -10.121428571428568 7.2142857142857144 2.9796025891916309 105.00000000000001 5 0.29696027566504679 6 7 7.0914308043246042 8.6946318564515845 -7.4214285714285699 8
decision_type=2 2 2 2 2 1 2 1 2 1 2 2 1 2 2 2 1 2 2 2 2 2 1 2 1 1 2 2 2 1
left_child=2 3 6 16 12 19 18 -5 23 11 -11 -10 13 17 29 22 -2 -4 -1 21 -21 -6 -9 -8 -17 -16 -27 -28 -18 -3
right_child=1 14 4 7 5 -7 8 15 9 10 -12 -13 -14 -15 25 24 28 -19 -20 20 -22 -23 -24 -25 -26 26 27 -29 -30 -31
leaf_value=0.020377841943962399 0.0029120858120453346 0.0023653274358474241 -0.0059689316079141273 0.0084720976943258846 -0.012431367030144483 -0.011746544315355205 -0.00066185156904066515 0.00084661618934175908 0.013465273616541564 -0.010900031862367227 0.0049958120441606141 -0.0034622330686123037 -0.018008730569857627 0.0049770255415323879 0.012085235965868924 -0.0024178647349818736 0.0046382338745119232 -0.015874410833021317 -0.017714363110558587 -0.0059310063359663059 0.029843247634115978 0.013059131726416748 0.0090346804111860694 -0.013551501632163539 0.0025293415240708263 0.0052622711244865294 -0.024195402245934593 0.012166631037334084 -0.0023805755042309727 0.016436263768022458
leaf_weight=6.2803890556097022 729.20859376341105 77.625201283022761 235.52660977840424 833.14192814938724 35.824584450572729 186.0798708666116 104.9092890676111 309.80769030377269 194.93116950243711 326.87534823827446 258.97393791377544 149.38780974596739 969.28897454030812 69.030542436987162 280.06170489266515 745.38606509193778 207.65687895379961 355.61245514266193 167.07217479683459 13.897023880854247 36.267408832907677 30.899937886744738 432.77282604947686 225.40319816768169 1189.2271446380764 296.81076731160283 24.929417889565229 10.878961596637962 3062.5674867648631 474.01488131470978
leaf_count=44 6069 3942 7132 17649 679 4598 712 6145 1300 5624 3784 987 34209 378 8655 7606 1301 10973 4007 226 558 362 10684 3722 15684 7193 417 332 21930 26878
internal_value=-0.000868979 0.00247648 -0.00948994 0.00114167 -0.0133276 -0.00427099 -0.00428687 0.00361949 -0.00264025 -0.000138543 -0.00378539 0.00592634 -0.0149883 -0.0100391 0.0110437 0.00205483 -0.00102921 -0.0120115 -0.0158977 0.00778905 0.0197811 -0.000285967 0.00579509 -0.00956048 0.000612696 0.00752419 0.00309816 -0.0125463 -0.00191907 0.0148548
internal_weight=12040.4 8674.09 3366.26 7509.77 1932.43 302.969 1433.83 3510.34 1260.48 930.168 585.849 344.319 1629.46 660.17 1164.32 2677.19 3999.43 591.139 173.353 116.889 50.1644 66.7245 742.581 330.312 1934.61 612.681 332.619 35.8084 3270.22 551.64
internal_count=213780 134485 79295 87068 59115 6423 20180 57768 16129 11695 9408 2287 52692 18483 47417 40119 29300 18105 4051 1825 784 1041 16829 4434 23290 16597 7942 749 23231 30820
cat_boundaries=0 2 4 6 8 10 12 14 16 18
cat_threshold=8605697 515 2427830280 673 19232 262144 8192000 1488 1644221441 2050 1124207921 13568 117440643 284764 1676855512 300353 642 101700
is_linear=0
shrinkage=0.02


Tree=185
num_leaves=31
num_cat=8
split_feature=39 14 0 21 13 41 26 0 0 24 25 50 22 0 22 0 41 0 31 23 24 24 25 26 0 25 25 49 0 3
split_gain=842.172 241.12 164.864 111.058 98.5844 59.9471 57.7552 48.6124 45.9791 75.4094 92.1982 63.0995 42.6453 49.0497 37.7525 37.741 36.9549 36.9103 35.8144 30.8982 28.9723 28.7762 49.9447 28.5299 27.636 26.4008 29.3678 25.0308 24.0423 23.245
threshold=1.0000000180025095e-35 5.5000000000000009 0 1.5000000000000002 1.5000000000000002 0.25531389540169019 0.0056768696609241004 1 2 1.5900550855793825 5.0114216919400407 23.250000000000004 0.26250000000000001 3 0.12499999999999996 4 0.28005601680560216 5 1.092858233108261 0.37500000000000006 0.64800579322638152 1.493421052631579 3.0849575280961488 0.037658395599792005 6 7.0914308043246042 8.6946318564515845 -7.3214285714285703 7 0.23931566428755766
decision_type=2 2 1 8 2 2 2 1 1 2 2 2 2 1 2 1 2 1 2 2 2 2 2 2 1 2 2 2 1 2
left_child=2 4 6 -4 12 17 -1 -7 18 11 -11 -10 15 -14 21 27 28 -6 29 -17 -20 -5 -23 -9 -18 -26 -27 -2 -3 -8
right_child=1 16 3 14 5 7 8 23 9 10 -12 -13 13 -15 -16 19 24 -19 20 -21 -22 22 -24 -25 25 26 -28 -29 -30 -31
leaf_value=-0.014969600024407155 0.011221713142448488 0.0023293721075227868 0.0030775812834484472 -0.019757082623233217 0.0028897051530663992 0.0059327671063942071 0.0062437646858574157 -0.0016110348140599784 -0.014560708025631683 0.0067665605250332508 -0.012247356368237655 0.0073393008747979693 0.0085504691026862863 -0.0015905782458716347 0.0074328191444858974 -0.007808603870906981 0.011976115033464161 0.011343766076192656 -0.013092855072718909 -0.0020063024387199416 0.0028351806961669783 -0.00033688352637553258 -0.015729830899256218 0.003785883295669376 0.0051806206305592848 -0.023474699044110141 0.012075100154048326 -0.0004624874756468415 0.016369203391161199 -0.018642452085987166
leaf_weight=216.34428241103888 73.90656977891922 77.449379311874509 129.52847240865231 639.82448889873922 389.94775591790676 835.74099941924214 16.805420652031898 1220.7306659407914 452.82724673114717 258.65702312253416 164.01367677375674 56.370940111577511 349.08651444129646 395.00365894846618 23.991424024105072 608.04864772967994 277.10951725579798 526.83948594145477 46.332673776894808 959.76845565252006 576.18144856393337 101.39403341151774 595.77559818141162 572.99999240413308 295.51936313696206 25.269496543332934 10.766076685860751 1567.7197388205677 466.56589324213564 58.369049703702331
leaf_count=4014 402 3942 1255 25111 9836 14250 96 13600 11333 4407 3677 917 2174 2044 92 4685 8655 15684 927 5325 4222 3183 19444 10638 7193 417 332 8430 26878 617
internal_value=-0.000854917 0.00243519 -0.0093878 -0.0143302 0.00112137 0.00354237 -0.00526338 0.00199226 -0.00396961 -0.0068331 -0.000598956 -0.0120684 -0.00104622 0.00324867 -0.0161098 -0.00205029 0.010941 0.00794555 -5.95291e-06 -0.00425289 0.0015606 -0.0165629 -0.0135307 0.000104717 0.00742811 0.00304487 -0.0122296 7.04602e-05 0.0147725 -0.0127971
internal_weight=11988.9 8652.47 3336.42 1490.51 7499.79 3546.26 1845.9 2629.47 1629.56 931.869 422.671 509.198 3953.53 744.09 1360.99 3209.44 1152.68 916.787 697.689 1567.82 622.514 1336.99 697.17 1793.73 608.664 331.555 36.0356 1641.63 544.015 75.1745
internal_count=213780 134485 79295 49085 87068 64008 30210 38488 26196 20334 8084 12250 23060 4218 47830 18842 47417 25520 5862 10010 5149 47738 22627 24238 16597 7942 749 8832 30820 713
cat_boundaries=0 2 4 5 7 9 11 13 15
cat_threshold=1171388 508225 2150753357 41603 4008 3620882461 87482 1072455484 10756 120462644 275472 1676855512 300353 642 101700
is_linear=0
shrinkage=0.02


Tree=186
num_leaves=31
num_cat=9
split_feature=39 14 0 39 0 26 0 30 25 25 41 31 22 26 0 0 44 26 26 0 30 0 26 25 25 30 26 0 26 0
split_gain=816.22 234.96 162.888 96.089 73.5856 56.6339 44.6047 73.7466 89.1185 63.6032 36.7168 34.7142 34.062 33.756 32.8727 32.6842 29.4635 44.8185 29.5893 28.134 28.1051 27.9624 26.5258 25.6155 28.5284 24.983 45.2771 24.5165 24.2319 27.0692
threshold=1.0000000180025095e-35 5.5000000000000009 0 0.93750000000000011 1 0.0056768696609241004 2 1.6308394150214214 5.0114216919400407 2.16151095207135 0.28284271247461945 1.092858233108261 0.12499999999999996 0.010121075296461701 3 4 32.800000000000004 0.08649227760652671 0.030378108988034603 5 0.68534214926271986 6 0.051151530444957308 7.0914308043246042 8.6946318564515845 3.9149319888201526 0.026842571982499702 7 0.021501176077194553 8
decision_type=2 2 1 2 1 2 1 2 2 2 2 2 2 2 1 1 2 2 2 1 2 1 2 2 2 2 2 1 2 1
left_child=2 3 5 13 28 -1 11 9 -9 -8 27 -7 21 15 22 -2 18 -18 -6 -12 -13 25 -15 -21 -25 -4 -27 -3 29 -5
right_child=1 10 12 4 16 6 7 8 -10 -11 19 20 -14 14 -16 -17 17 -19 -20 23 -22 -23 -24 24 -26 26 -28 -29 -30 -31
leaf_value=-0.014864469691465884 3.8877146417387628e-05 0.0022394796629307055 -0.012980858293821432 0.00885344035848659 -0.0013484529994631303 -0.012669093748409304 0.00077077478848567823 0.0065993368029443125 -0.012137431155993418 -0.015855964537344142 0.011899374800066869 -0.012994462145240623 0.0076482293873702473 0.0014288213419509789 -0.0011097433238969133 -0.0087831241539281651 -0.0043175314418548421 -0.051802050182925552 0.0050778724695057752 0.0049395736327294635 0.0027738150381928766 -0.018109911371365334 0.0088417592350454478 -0.023717718172271442 0.011824995127125574 -0.0080817234029259642 0.025210033636592747 0.016250327474049385 0.010824524647413784 -0.005129429365196783
leaf_weight=213.56615769863129 325.34048088267446 78.546459501609206 662.03734918124974 110.08057583682239 487.48779630661011 74.424734028056264 117.21945848874748 259.96960398927331 162.23427686654031 386.21520205773413 271.48264813795686 45.778143785893917 24.779069006443024 1650.9139037523419 2795.0029106531292 335.40598502382636 91.362430037930608 5.986006883904337 675.59598940983415 289.5081660207361 577.20578966662288 671.7798779476434 218.13805842772126 24.415093934163451 10.402436522766946 94.798474783077836 16.513137832283974 466.90589017886668 702.60763243027031 88.582486309111118
leaf_count=4014 1868 3993 20651 1973 6535 713 3317 4407 3677 8933 8438 927 95 14026 20869 1942 1383 84 14534 7019 4222 25874 3303 398 319 2152 313 27250 19278 1273
internal_value=-0.000840905 0.00239553 -0.00928635 0.00110198 0.00465561 -0.00518666 -0.00390775 -0.00674255 -0.000588176 -0.0119635 0.0108384 -7.54976e-06 -0.0142423 -0.000338734 0.0002576 -0.00456038 0.00145396 -0.00889806 0.00237069 0.00727827 0.00152646 -0.0147449 0.00230514 0.00282554 -0.0124741 -0.0113578 -0.00243591 0.0146296 0.008976 0.00272051
internal_weight=11934.3 8627.76 3306.52 7486.5 2161.7 1836.61 1623.05 925.639 422.204 503.435 1141.26 697.409 1469.91 5324.8 4664.05 660.746 1260.43 97.3484 1163.08 595.808 622.984 1445.13 1869.05 324.326 34.8175 773.349 111.312 545.452 901.271 198.663
internal_count=213780 134485 79295 87068 45060 30210 26196 20334 8084 12250 47417 5862 49085 42008 38198 3810 22536 1467 21069 16174 5149 48990 17329 7736 717 23116 2465 31243 22524 3246
cat_boundaries=0 2 4 5 7 9 11 13 15 17
cat_threshold=1171388 508225 3505770572 166571 4008 3902527233 12304 736937402 49287 1676855513 300097 15597635 1170 642 101700 2163544136 131200
is_linear=0
shrinkage=0.02


Tree=187
num_leaves=31
num_cat=2
split_feature=39 14 21 42 13 24 31 41 1 22 42 26 16 41 26 26 20 24 22 22 24 42 1 40 22 22 26 50 42 26
split_gain=790.685 229.027 162.216 137.686 93.2364 84.1161 61.3289 57.7851 41.9883 40.925 39.5831 37.2442 36.5317 36.4741 34.5447 34.284 33.6971 32.8249 27.2721 24.6188 24.3642 23.4419 22.117 21.5769 20.9664 20.6918 19.8256 39.2811 24.794 18.9192
threshold=1.0000000180025095e-35 5.5000000000000009 1.0000000180025095e-35 3.914285714285715 1.5000000000000002 3.6764705882352944 1.0309897716160625 0.25531389540169019 0 0.26250000000000001 3.6071428571428581 0.037453661211625605 2.5871212121212124 0.28005601680560216 0.0091945783313916018 1.0000000180025095e-35 2.0507313112450125e-16 1.2723875432525953 0.12491987179487171 0.12499999999999996 4.6876065643648772 14.785714285714288 1 1.0000000180025095e-35 0.16562983746130031 0.28340695962179346 0.021808284169030454 3.2500000000000004 3.0142857142857147 0.026717122452737354
decision_type=2 2 8 2 2 2 2 2 1 2 2 2 8 2 2 2 2 2 2 2 2 2 1 2 2 2 2 2 2 2
left_child=2 4 15 10 9 16 -7 24 -8 12 14 20 23 -3 -4 -1 19 -16 -14 -5 -9 26 -11 -2 -6 -13 28 -28 -17 -26
right_child=1 13 3 5 7 6 8 11 -10 22 -12 25 18 -15 17 21 -18 -19 -20 -21 -22 -23 -24 -25 29 -27 27 -29 -30 -31
leaf_value=-0.018471806457381747 0.003551850207877693 0.014606766488723107 -0.015022511393661063 -0.017264444426302608 0.0094501855211818996 -0.019547665509917517 0.015553241335850072 -0.0013622483262559482 -0.0040468504188127738 -0.0003516131369048197 0.030149743848837365 0.0068849759436142655 -0.010822630106895716 0.0072374741308236226 -0.0093413615166123825 -0.016727609259806115 0.024425227345105976 -0.0007468944321536049 -0.0017181515800413112 0.0056667799227335218 0.0036311500634695921 0.023569376853789438 0.006473486558629552 -0.0017402567757688859 -0.0066552876458629995 -0.00088253565956883189 -0.0059283691735859279 0.0088298410884614757 -0.00070274312058339779 0.0061269477765597113
leaf_weight=35.168567519634962 350.68427453190088 529.22559005953372 129.93155304528773 1394.7944667767733 700.21043414995074 82.576986631378531 43.078713485971093 1193.3712903298438 184.90405547060072 365.07530276477337 9.5069593191146833 685.45367339625955 294.9333180077374 600.82335379160941 278.3814854901284 44.459307570010424 5.0100463330745688 500.01745671406388 248.75182516314089 16.34240348637104 576.60711942799389 15.001978129148482 377.58772308006883 2311.7764759454876 63.983109222725034 165.01618850044906 105.57329139858484 207.61231156811118 225.96517740190029 142.72861299291253
leaf_count=938 1903 30820 2761 51694 20140 2514 648 12851 3561 1874 150 14161 3250 16597 5336 251 22 7455 1839 62 8446 69 2344 11850 1174 3030 1058 1162 1614 4206
internal_value=-0.000827934 0.00235444 -0.00918287 -0.0113586 0.00108108 -0.0146894 -0.00510752 0.00344415 0.000222171 -0.00102574 -0.00504331 0.00192365 -0.00200958 0.0107359 -0.00553164 -6.20634e-05 -0.0167614 -0.00387022 -0.00672594 -0.0169733 0.000256566 0.00107299 0.00318579 -0.00103249 0.00779468 0.00535661 0.000343032 0.00378262 -0.0035651 0.00203651
internal_weight=11884.6 8606.23 3278.32 2644.54 7476.18 1726.71 310.56 3527.37 227.983 3948.81 917.837 2620.45 3206.15 1130.05 908.33 633.781 1416.15 778.399 543.685 1411.14 1769.98 598.612 742.663 2662.46 906.922 850.47 583.61 313.186 270.424 206.712
internal_count=213780 134485 79295 74203 87068 58501 6723 64008 4209 23060 15702 38488 18842 47417 15552 5092 51778 12791 5089 51756 21297 4154 4218 13753 25520 17191 4085 2220 1865 5380
cat_boundaries=0 1 2
cat_threshold=2176 1558
is_linear=0
shrinkage=0.02


Tree=188
num_leaves=31
num_cat=7
split_feature=39 13 0 21 16 23 24 0 49 28 24 44 25 0 22 0 24 27 0 41 0 22 13 0 24 16 3 47 22 27
split_gain=765.813 222.176 159.815 109.829 66.0022 52.963 52.0542 51.5922 42.0407 47.9172 44.2925 90.7621 45.1765 41.9307 39.7265 37.5398 36.6041 35.614 41.7223 30.6133 29.8825 29.3829 60.7559 32.1998 29.2624 27.5406 26.5745 26.3332 25.099 22.0048
threshold=1.0000000180025095e-35 3.5000000000000004 0 1.5000000000000002 7.5208333333333348 0.87500000000000011 0.64800579322638152 1 5.0571428571428578 77.000000000000014 2.5357620320855623 29.150000000000002 1.3678421752551821 2 0.15278388976901561 3 3.8638114336643752 1.2899816176470591 4 0.66666666666666652 5 0.12143504140786747 1.0000000180025095e-35 6 3.6764705882352944 3.5871212121212124 0.23931566428755766 3.5217927809630729 0.26250000000000001 1.0208072590738426
decision_type=2 2 1 8 8 2 2 1 2 2 2 2 2 1 2 1 2 2 1 2 1 2 2 1 2 10 2 2 2 2
left_child=2 5 6 29 7 15 27 14 9 26 12 -12 -10 -7 24 19 -5 -18 -19 -2 -11 22 -17 -23 -3 28 -8 -1 -9 -4
right_child=1 4 3 16 -6 13 8 25 10 20 11 -13 -14 -15 -16 21 17 18 -20 -21 -22 23 -24 -25 -26 -27 -28 -29 -30 -31
leaf_value=-0.018945073574140422 0.0076392979362438999 -0.00099974882736733736 0.025892742526136488 -0.017406511500527518 0.014549223473086431 0.00060468836208147779 0.0019527429766663094 0.0074331020918275495 0.033236101837643695 0.0048012497564249943 -0.0045844891509675472 0.053535566649765935 -0.014840482969409629 0.0099092809458984372 -0.0040464140221140275 -0.006752208569023436 -0.018290239977762184 0.011513088368220492 -0.0094968943916060606 0.00042829137401710458 -0.002554624492996991 0.0030009613930708089 0.0011763417386696485 -0.0012669738127928326 0.0093543303916354993 0.012695575315737791 -0.011900886930897334 0 -0.0062394179497438067 0.00013825429929116966
leaf_weight=144.97931146062911 395.58200074732304 168.04614151082933 12.23066023737192 1091.2872107885778 472.74317197501659 403.59938040561974 68.212976172566414 381.574956798926 5.0387536976486436 360.93393921665847 142.90548288263381 8.5989772826433164 287.8785175383091 384.56474029831588 272.92940534837544 857.83431972749531 79.698393089696765 49.048140600323677 83.582984684035182 592.08194734156132 525.3196284044534 1049.1973322499543 693.67267210409045 2099.2650622352958 289.80947209522128 464.27147108688951 233.94716745242476 39.176490809768438 58.488558169454336 116.28619877994061
leaf_count=4263 6262 4087 114 42658 25604 4953 470 8584 100 2435 2792 164 8163 5800 6485 5896 2434 855 1883 3481 7972 9161 6595 15823 9632 21021 3393 458 1101 1141
internal_value=-0.000814764 0.00231406 -0.00908128 -0.0140695 0.00794955 0.000473802 -0.00501704 0.00600611 -0.00387461 -0.00188069 -0.00911343 -0.000180864 -0.0136173 0.00532316 0.00189774 -0.000197135 -0.0159061 -0.00796661 -0.00134831 0.00331755 0.000449979 -0.00094666 -0.00319909 0.000155937 0.00552892 0.00916482 -0.00871942 -0.0150833 0.00554081 0.00327605
internal_weight=11832.8 8583.66 3249.12 1432.13 2107.86 6475.8 1816.99 1635.12 1632.84 1188.41 444.422 151.504 292.917 788.164 730.785 5687.63 1303.62 212.33 132.631 987.664 886.254 4699.97 1551.51 3148.46 457.856 904.335 302.16 184.156 440.064 128.517
internal_count=213780 134485 79295 49085 76514 57971 30210 50910 25489 14270 11219 2956 8263 10753 20204 47218 47830 5172 2738 9743 10407 37475 12491 24984 13719 30706 3863 4721 9685 1255
cat_boundaries=0 2 4 6 7 9 11 13
cat_threshold=1171388 508225 252446003 490828 3877834151 427784 2718024968 9043971 526 19232 262144 1097861125 17272
is_linear=0
shrinkage=0.02


Tree=189
num_leaves=31
num_cat=8
split_feature=39 18 0 21 42 13 25 30 22 0 30 0 0 30 0 41 22 0 0 0 25 16 22 25 30 40 20 30 25 22
split_gain=741.534 215.781 157.818 74.8698 78.9754 70.6344 66.9043 85.8362 56.2159 55.8831 52.9414 55.028 50.9058 44.2095 42.5219 37.8216 36.1487 48.9124 37.7138 33.9362 32.4134 24.0754 23.2005 22.178 65.4291 21.589 18.9898 18.4256 44.7077 18.1977
threshold=1.0000000180025095e-35 4.6250000000000009 0 1.0000000180025095e-35 4.4071428571428592 1.5000000000000002 5.1120831803488551 1.4738793726893553 0.08928571428571426 1 2.5498007822129329 2 3 3.6756140860373634 4 0.29607193863806897 0.2658910533910534 5 6 7 4.9524384062156912 1.738636363636364 0.12499999999999996 5.5574056331669164 5.9354277729440126 1.0000000180025095e-35 1.2 7.2406966368140191 7.0914308043246042 0.16364705157746764
decision_type=2 2 1 8 2 2 2 2 2 1 2 1 1 2 1 2 2 1 1 1 2 8 2 2 2 2 2 2 2 2
left_child=2 5 13 -4 6 16 7 -5 14 -3 -6 -12 26 22 -7 29 18 -18 25 23 -20 -19 -1 -15 -25 -2 -10 28 -17 -11
right_child=1 9 3 4 10 8 -8 -9 12 15 11 -13 -14 19 -16 27 17 21 20 -21 -22 -23 -24 24 -26 -27 -28 -29 -30 -31
leaf_value=-0.017892712482580279 0.0071865174142348685 0.013929679610058277 9.0317964004614493e-05 -0.0068272902656478273 -0.016135553983888749 0.0023420334213411316 -0.016141267345313789 0.0076911222230896048 -0.0038518881185313054 0.012241963312801621 0.01543284476396669 -0.0085629442134158868 0.0036297137556370171 -0.0021971395643984935 0.0095803068627766386 0.00068752240427136517 -0.0036269582248738101 0.0024196904139463238 -0.0027239810119586835 -0.013053569417152007 -0.011137611322757531 0.011528702272891971 0.010415867069046241 0.06455744037648313 -0.0025533760103901544 -0.00026484541907140078 0.0072593241989525907 0.012342675883369587 -0.02893755324912985 0.00064257530805984981
leaf_weight=836.44471300393343 174.32918203249574 647.00225836690515 604.10226142033935 406.9686399884522 543.27227807231247 655.76852481067181 140.19527056626976 266.7686822284013 747.18391943350434 273.13764957524836 33.919187312945724 209.04571965150535 1120.0633959714323 54.242127183824778 703.49402960762382 253.18444280698895 270.65151054039598 244.19875160232186 1600.1279235258698 96.28146137483418 207.19857542589307 234.53319865092635 9.0240748971700651 5.6844670362770584 15.355875557288526 1232.8789397459477 63.141316317021847 40.845155401155353 19.059787219390273 72.31586523167789
leaf_count=33912 927 31738 4693 6708 18450 10487 2356 3474 10126 15189 727 4837 18166 1048 13244 6429 1424 1140 9765 2649 1396 1663 35 102 304 6716 952 1075 246 3802
internal_value=-0.000801426 0.00227537 -0.0089773 -0.00585059 -0.00813836 0.000923382 -0.00371573 -0.00104051 0.00308983 0.00975238 -0.0126599 -0.00470501 0.000880947 -0.0154881 0.00620329 0.00528307 -0.000870483 0.00306732 -0.0017967 -0.00606371 -0.00369604 0.00682606 -0.0175312 0.00394199 0.0205395 0.000652765 -0.00290223 0.000249748 -0.00160666 0.00989763
internal_weight=11780.4 8559.11 3221.3 2204.27 1600.17 7253.57 813.933 673.737 3289.65 1305.55 786.237 242.965 1930.39 1017.03 1359.26 658.543 3963.92 749.383 3214.53 171.564 1807.33 478.732 845.469 75.2825 21.0403 1407.21 810.325 313.089 272.244 345.454
internal_count=213780 134485 79295 41245 36552 76006 12538 10182 52975 58479 24014 5564 29244 38050 23731 26741 23031 4227 18804 4103 11161 2803 33947 1454 406 7643 11078 7750 6675 18991
cat_boundaries=0 2 4 6 8 10 12 14 16
cat_threshold=4286709763 15038 1894905949 168099 0 257 533596186 398340 757473191 872 897890 43585 1072454456 10244 8519683 2566
is_linear=0
shrinkage=0.02


Tree=190
num_leaves=31
num_cat=7
split_feature=39 13 0 21 42 25 16 23 22 0 0 0 22 31 0 23 22 13 0 2 17 17 44 42 31 41 0 42 25 43
split_gain=718.045 210.073 156.218 72.8548 77.5493 65.5102 64.9384 50.3593 49.8088 72.0072 42.8204 40.6769 37.7797 36.4042 36.3786 30.9996 28.9417 65.4946 38.7774 24.8729 23.5533 21.4992 20.3519 18.0047 16.7495 16.2153 18.0066 14.7866 16.3905 62.1274
threshold=1.0000000180025095e-35 3.5000000000000004 0 1.0000000180025095e-35 4.4071428571428592 5.1120831803488551 7.5208333333333348 0.87500000000000011 0.20833333333333337 1 2 3 0.12499999999999996 1.092858233108261 4 1.0000000180025095e-35 0.12143504140786747 1.0000000180025095e-35 5 0.35460488704253573 4.9916597106239857 12.252124773597403 32.800000000000004 3.0714285714285716 1.744671276204252 0.60869565217391342 6 14.835714285714287 6.3808308673971199 10.65
decision_type=2 2 1 8 2 2 8 2 2 1 1 1 2 2 1 2 2 2 1 2 2 2 2 2 2 2 1 2 2 2
left_child=2 7 12 27 5 13 8 14 10 -10 20 22 -1 -5 -2 19 17 -16 -18 -6 -3 -12 24 -7 -9 -8 -27 28 -4 -30
right_child=1 6 3 4 15 23 25 11 9 -11 21 -13 -14 -15 16 -17 18 -19 -20 -21 -22 -23 -24 -25 -26 26 -28 -29 29 -31
leaf_value=-0.016103133298598821 0.0089376766064743381 0.0041292902701135156 -0.0015402061786443785 -0.016701185064510883 -0.0092058868635349587 -0.018160655129382853 0.015290472025341489 -0.0098129076196337064 -0.011724656569028345 0.0058105746142822099 0.011369140448310109 0.0091573794663672801 0.011064902212135146 0.00032072113612280345 -0.005949093242944542 0.01044373438817415 0.0030033201087005163 0.0016171600615939841 -0.0011567494276155427 -0.016801633218500908 -0.014861990371257577 -0.021719593762788127 -0.02008420779870241 0.0061962866529020992 0.0029563463496630406 -0.016899351091069156 0.008024816959640451 0.017812983842955737 -0.0055617155183713112 0.036725196010983056
leaf_weight=983.80681465193629 155.89985903166234 487.13760900869966 534.56511113420129 51.499427832663059 365.12490798160434 127.55387742444873 436.46347667742521 44.501501211896539 132.67286679521203 249.07745941355824 719.15928867273033 434.2983327768743 18.053800478577614 621.52351932227612 1009.6538454499096 19.757334530353546 1497.2976870443672 827.15370545908809 2186.3209423627704 392.27637716382742 24.297018582001328 4.8695685546845189 16.148313960060477 10.641375556588171 287.90457944385707 4.7408107649534941 20.262321393936876 15.315812125802038 35.719772886484861 18.532661005854607
leaf_count=37979 2498 14796 4315 1219 10718 2219 25017 364 2901 6946 25819 6583 71 8963 6608 87 13597 8001 16514 13209 394 54 146 137 3660 86 501 123 169 86
internal_value=-0.000788114 0.00223679 -0.0088738 -0.00576516 -0.00803635 -0.00365544 0.00776258 0.000452622 0.0058341 -0.000429223 0.00778193 0.00519867 -0.0154087 -0.00102054 -0.00020081 -0.012552 -0.000482529 -0.0025339 0.000534865 -0.013217 0.00304753 0.0108807 0 -0.0160517 0.00111473 0.0143966 -0.000460097 8.8516e-05 -0.000426683 0.00970165
internal_weight=11732.2 8537.86 3194.37 2192.51 1588.38 811.218 2078.68 6459.18 1617.21 381.75 1235.46 782.853 1001.86 673.023 5676.33 777.159 5520.43 1836.81 3683.62 757.401 511.435 724.029 348.554 138.195 332.406 461.467 25.0031 604.133 588.818 54.2524
internal_count=213780 134485 79295 41245 36552 12538 76514 57971 50910 9847 41063 10753 38050 10182 47218 24014 44720 14609 30111 23927 15190 25873 4170 2356 4024 25604 587 4693 4570 255
cat_boundaries=0 2 4 6 8 9 11 13
cat_threshold=4286709763 15038 2264959034 96517 118232369 405320 656608674 427784 16384 3815868685 17272 336134144 24
is_linear=0
shrinkage=0.02


Tree=191
num_leaves=31
num_cat=0
split_feature=39 14 21 42 39 24 25 30 26 31 2 41 21 25 41 26 24 26 25 24 22 29 42 2 2 24 40 26 50 25
split_gain=695.17 209.833 150.896 132.565 86.0282 85.0157 57.1234 84.7072 84.8439 51.9068 48.1575 43.7223 40.4544 37.0698 35.4679 33.4763 30.275 25.3912 23.8181 23.4578 23.1541 22.6477 21.8379 20.3046 19.9889 19.7673 19.3932 19.0705 37.4247 29.1841
threshold=1.0000000180025095e-35 5.5000000000000009 1.0000000180025095e-35 3.914285714285715 0.81666666666666676 2.737841671994885 5.1120831803488551 1.4738793726893553 0.011091078594949651 1.0309897716160625 0.61559370248597556 0.25531389540169019 44.000000000000007 8.0511516332111182 0.28005601680560216 1.0000000180025095e-35 4.037051184110009 0.016596553965101554 6.736241822416539 3.8061363636363641 0.12499999999999996 2.5817535577189337 14.785714285714288 -0.95297903005573337 -0.82298386589365657 5.6699670385395544 2.7083333333333335 0.022090530794665202 3.2500000000000004 3.8838420315501758
decision_type=2 2 8 2 2 2 2 2 2 2 2 2 8 2 2 2 2 2 2 2 2 2 2 2 2 2 2 2 2 2
left_child=2 4 15 6 17 20 7 10 -9 -7 -4 26 -13 -11 -3 -1 -14 19 -19 -2 23 -21 27 -5 -20 -8 -6 29 -29 -17
right_child=1 14 3 5 11 9 25 8 -10 13 -12 12 16 -15 -16 22 -18 18 24 21 -22 -23 -24 -25 -26 -27 -28 28 -30 -31
leaf_value=-0.01840697258785437 -0.0061321775453175445 0.014306666861733321 -0.014044420221114622 -0.010561455216678476 0.0035465239012886784 -0.019582308888975969 -0.020054356617457615 -0.011728219099064453 0.01214569586278302 0.0010564084648969924 -0.00083995171853680376 0.0062548008209899145 -0.0025900398141803756 -0.015159991544548185 0.0069106368294344911 -0.0090240096924638288 0.0025739051712950502 0.0005204585834951385 -0.021439960025641462 -0.0038698955141500571 0.0075037059817300083 0.0029060834627984791 0.02271247955543344 -0.01841945349818077 -0.0012198414188925419 -0.003141957853510428 0.0093879741530526455 -0.005784184478856683 0.0087162350886920877 0.0040573335836464062
leaf_weight=34.264458455145359 607.03215382434428 504.26648517604917 235.77023080550134 182.39173957519233 419.25187133252621 89.49212297424674 112.0608350969851 77.728904293850064 220.5891149584204 253.43672360479832 212.7125978320837 627.39783434662968 784.37391429580748 68.776529524475336 587.22525956109166 155.5082365386188 1066.9198291720822 2492.590600065887 33.628659620881081 445.09697120077908 12.575368762016295 347.23767161928117 15.219488322734831 1029.4272464178503 47.701505586504936 41.97559430077672 550.72587360162288 103.51183468103409 207.07705654576421 114.93880307674408
leaf_count=938 3330 30820 5870 7148 5506 2956 2297 1404 2961 4832 2561 11304 8361 2326 16597 1166 13614 20649 265 2146 47 2307 69 41192 603 609 18983 1053 1157 709
internal_value=-0.00077591 0.00219859 -0.00877155 -0.0109455 0.000989641 -0.014341 -0.0047293 -0.00238162 0.00580396 -0.00633809 -0.00787312 0.00330085 0.00187677 -0.00245141 0.0103757 0 0.000374559 -0.00101235 0.000159759 -0.00317827 -0.0169936 -0.000875441 0.00112964 -0.0172822 -0.010283 -0.0157211 0.00690241 0.0004163 0.00381071 -0.00340784
internal_weight=11680.9 8513.45 3167.46 2536.94 7421.96 1636.1 900.837 746.801 298.318 411.705 448.483 3448.67 2478.69 322.213 1091.49 630.52 1851.29 3973.29 2573.92 1399.37 1224.39 792.335 596.255 1211.82 81.3302 154.036 969.978 581.036 310.589 270.447
internal_count=213780 134485 79295 74203 87068 58501 15702 12796 4365 10114 8431 57768 33279 7158 47417 5092 21975 29300 21517 7783 48387 4453 4154 48340 868 2906 24489 4085 2210 1875
is_linear=0
shrinkage=0.02


Tree=192
num_leaves=31
num_cat=8
split_feature=39 18 0 23 21 42 25 30 0 30 0 26 21 0 30 0 44 26 41 0 0 26 49 0 22 30 25 26 25 2
split_gain=673.423 199.783 153.608 71.6254 68.7388 74.8265 62.9386 80.0917 55.9222 52.9966 53.5954 50.5747 50.7407 62.8741 44.7755 43.1123 58.3872 37.9755 36.0705 34.0142 33.8049 37.9795 24.4497 23.4063 22.3476 20.8604 19.841 19.841 18.7583 50.579
threshold=1.0000000180025095e-35 4.6250000000000009 0 0.87500000000000011 1.0000000180025095e-35 4.4071428571428592 5.1120831803488551 1.4738793726893553 1 2.5498007822129329 2 0.016883707070932154 14.500000000000002 3 3.6756140860373634 4 32.800000000000004 0.0060820248065185005 0.29607193863806897 5 6 0.017154390559353454 14.857142857142859 7 0.12499999999999996 3.8035638235107361 3.161478875374879 0.018696443743172704 2.0428880639034355 0.95297903005573359
decision_type=2 2 1 2 8 2 2 2 1 2 1 2 8 1 2 1 2 2 2 1 1 2 2 1 2 2 2 2 2 2
left_child=2 3 14 11 17 6 7 -6 -3 -7 -11 19 23 -14 24 16 27 -4 -10 26 21 -16 -23 -13 -1 -21 -2 -5 29 -19
right_child=1 8 4 15 5 9 -8 -9 18 10 -12 12 13 -15 20 -17 -18 28 -20 25 -22 22 -24 -25 -26 -27 -28 -29 -30 -31
leaf_value=-0.017752632902132266 -0.0044208256764373165 0.013706945667897747 -0.0094649108194499142 -0.0054564927180441305 -0.006628121004858537 -0.015914609003351801 -0.01587606208767273 0.007394263941024961 0.0095657555567458443 0.015478165546262529 -0.0082371772914240655 0.011713911553110403 -0.0057769408257205244 0.0013024285874197368 -0.0039443039573791886 0.0094648693873559502 -0.039040544961516196 0.029382306862390978 5.4252539863683219e-05 -0.0088917489161704777 -0.012816967035541629 0.0071517944702045666 0.053298907406700277 0.0035611439539488536 0.010020276282780714 -0.0029040618132252232 0.0026104993685979205 0.0050752223986142275 0.0012976086102613085 -0.010436108120828277
leaf_weight=797.57676148414612 225.08503284864128 626.91355137247592 127.04246193729341 94.883896080777049 401.8247170522809 520.18916908837855 134.25979731045663 269.15955658443272 335.11520394310355 33.855057392269373 203.94987758249044 171.35781671665609 594.65088857151568 2866.4419971648604 53.618417413905263 558.44477596320212 11.324740946292875 29.746557615697384 310.00561466999352 374.17821386829019 93.20852312259376 14.721506161615254 5.7931560426950446 873.91572775878012 9.0393838733434659 661.31339580006897 534.52024020627141 254.20797567814589 428.44265493750572 17.95861043035984
leaf_count=33912 1200 31738 1547 750 6708 18450 2356 3474 18991 727 4837 2991 6394 28925 1124 10232 112 244 7750 2089 2649 240 90 11549 35 3945 3618 4201 2695 207
internal_value=-0.000764329 0.00216036 -0.00867427 0.000868086 -0.00559123 -0.00782648 -0.0035261 -0.000965612 0.00946058 -0.0123367 -0.00432642 0.000103067 0.00123696 6.34811e-05 -0.0152599 0.00607541 0.000460717 8.65182e-05 0.00497068 -0.00272961 -0.00568966 0.00427032 0.0261712 0.00509217 -0.0173807 -0.00505772 0.000485205 0.00213378 0.00272001 0.0142676
internal_weight=11632.7 8492.36 3140.39 7220.32 2166.43 1563.24 805.244 670.984 1272.03 757.994 237.805 6301.46 4506.37 3461.09 973.958 918.861 360.417 603.19 645.121 1795.1 167.342 74.1331 20.5147 1045.27 806.616 1035.49 759.605 349.092 476.148 47.7052
internal_count=213780 134485 79295 76006 41245 36552 12538 10182 58479 24014 5564 60711 49859 35319 38050 15295 5063 4693 26741 10852 4103 1454 330 14540 33947 6034 4818 4951 3146 451
cat_boundaries=0 2 4 6 8 10 12 14 15
cat_threshold=4286709763 15038 1894905949 168099 0 257 8134658 4096 50466179 436040 1659716994 38022 8519683 2566 3162112
is_linear=0
shrinkage=0.02


Tree=193
num_leaves=31
num_cat=7
split_feature=39 14 0 39 21 42 25 30 0 24 0 24 26 0 26 26 0 47 0 32 40 49 25 0 25 50 22 39 9 20
split_gain=651.96 199.996 151.893 80.9518 66.8273 73.4175 61.6049 76.981 59.4832 52.8338 48.464 44.6866 36.7077 33.1147 36.5134 32.8918 31.1468 28.9006 28.4946 27.3351 24.8668 23.285 23.2611 33.9721 39.9082 22.2763 22.0209 21.7432 22.7928 19.5073
threshold=1.0000000180025095e-35 5.5000000000000009 0 0.81666666666666676 1.0000000180025095e-35 4.4071428571428592 5.1120831803488551 1.4738793726893553 1 1.8803834033613447 2 3.6764705882352944 0.0060820248065185005 3 0.027039419061427306 0.024453681494238006 4 -1.5705047913074874 5 3.4138708466806387 1.0000000180025095e-35 -7.4214285714285699 3.1949956858688364 6 2.7548654045198502 23.250000000000004 0.12499999999999996 0.93750000000000011 1.5000000000000002 -0.79999999999999971
decision_type=2 2 1 2 8 2 2 2 1 2 1 2 2 1 2 2 1 2 1 2 2 2 2 1 2 2 2 2 2 2
left_child=2 3 11 16 12 6 7 -6 27 25 -11 26 -4 14 -13 -10 20 -16 -3 -17 -2 -18 23 24 -20 -7 -1 28 -5 -23
right_child=1 18 4 8 5 9 -8 -9 15 10 -12 13 -14 -15 17 19 21 -19 22 -21 -22 29 -24 -25 -26 -27 -28 -29 -30 -31
leaf_value=-0.01770036007744925 0.0095617004349188052 0.013230172435597487 -0.0093474433974076315 0.0062089422425387177 -0.0065338340070890798 -0.018434129799045209 -0.015785358934627455 0.0072048393979088476 -0.0014362835060736168 0.0024358152449483043 -0.012446508472295576 -0.0012593179354013417 0.0026646387923231906 -0.012723836960207058 -0.00050722355432487767 0.0061342505598292029 0.0045900833321086791 0.0560925835351479 0.010235561869899799 0.0010694580684875762 0.00069879248286886767 -0.0068202925022491992 0.0083467042666854566 0.0068229074426518167 -0.030231840054390086 -0.0003632932208299034 0.0098652174133844542 0.010790239483001464 -0.0079839406184056098 -0.001701920851876323
leaf_weight=784.07814368605614 163.34246972389519 585.53473256062716 126.11331587284803 277.52509346604347 399.53732646629214 377.29788057692349 132.36694873124361 270.77370839007199 875.56787250936031 148.25948268175125 191.91923975385725 63.616078807041049 476.72492457553744 92.11907796189189 4.8582078106701374 763.51527073886245 206.38510194793344 5.8382395990192872 11.638798216357825 990.18388016335666 558.23453438840806 336.81330912746489 388.9291676459834 59.232689148746431 27.383809109218419 31.967337230220437 9.0449297875165922 473.66039864346385 50.186039408668876 2704.346558066085
leaf_count=33912 1741 27756 1547 3488 6708 14295 2356 3474 8471 3298 5270 1291 3146 2649 70 12936 1301 93 343 18712 4328 2160 16379 2105 834 1151 35 13234 927 19770
internal_value=-0.000751593 0.00212322 -0.00857295 0.000948455 -0.00550929 -0.00772629 -0.00346842 -0.000946987 0.00319856 -0.012228 -0.00622921 -0.015179 8.48646e-05 -0.00560483 0.0042134 0.00170395 -0.000992295 0.034445 0.0101831 0.00329263 0.00272634 -0.00182921 0.00602864 -0.00232961 -0.0143922 -0.0170841 -0.0173249 0.007933 0.00392224 -0.00228152
internal_weight=11587 8472.48 3114.51 7399.76 2154.96 1552.12 802.678 670.311 3430.64 749.444 340.179 959.555 602.838 166.432 74.3125 2629.27 3969.12 10.6964 1072.72 1753.7 721.577 3247.54 487.184 98.2553 39.0226 409.265 793.123 801.372 327.711 3041.16
internal_count=213780 134485 79295 87068 41245 36552 12538 10182 57768 24014 8568 38050 4693 4103 1454 40119 29300 163 47417 31648 6069 23231 19661 3282 1177 15446 33947 17649 4415 21930
cat_boundaries=0 2 4 6 8 10 12 14
cat_threshold=4286709763 15038 2427830280 673 16384 328961 8519683 2566 1644221441 2050 2012474521 266369 262656 3842
is_linear=0
shrinkage=0.02


Tree=194
num_leaves=31
num_cat=7
split_feature=39 14 0 39 21 42 0 24 0 24 26 24 44 42 26 26 41 0 26 0 0 0 49 50 13 22 24 26 40 31
split_gain=631.379 194.603 150.089 77.9608 64.9952 72.1284 57.7616 52.5143 47.3017 44.5687 41.4183 43.3131 35.8326 50.3514 40.5732 35.4678 35.3484 32.4501 38.206 31.2788 30.0537 27.4249 23.0385 22.1396 21.9501 21.6992 21.3523 22.8163 21.1377 24.6512
threshold=1.0000000180025095e-35 5.5000000000000009 0 0.81666666666666676 1.0000000180025095e-35 4.4071428571428592 1 1.8803834033613447 2 3.6764705882352944 0.014800098652305152 1.2723875432525953 31.450000000000003 4.4071428571428592 0.024453681494238006 0.0060820248065185005 0.28005601680560216 3 0.017154390559353454 4 5 6 14.092857142857143 23.250000000000004 2.5000000000000004 0.12499999999999996 5.2738440027963653 0.09218312215038961 1.0000000180025095e-35 1.744671276204252
decision_type=2 2 1 2 8 2 1 2 1 2 2 2 2 2 2 2 2 1 2 1 1 1 2 2 2 2 2 2 2 2
left_child=2 3 9 20 15 10 24 23 -9 25 -6 -12 14 -14 -8 -4 21 18 -11 -18 28 26 -20 -7 -5 -1 27 -3 -2 -30
right_child=1 16 4 6 5 7 12 8 -10 17 11 -13 13 -15 -16 -17 19 -19 22 -21 -22 -23 -24 -25 -26 -27 -28 -29 29 -31
leaf_value=-0.017647552322085622 0.0074500136609384447 -0.016674747695612089 -0.0092307439389715598 0.0046570837523721691 -0.012363154349390525 -0.018388188338584004 -0.0012351356108471878 0.002386861592133447 -0.012340058041181962 -0.0043296707714351405 -0.007823514135729218 0.0028937795259341482 -0.027705238938082136 -0.0017187167203916685 0.0042672670914567865 0.0026081038624517854 0.012094927613555887 -0.01304159659770706 0.0064786724726376248 0.0023695013046597848 -0.0020243200326758603 0.016029507274956306 0.049430001207940999 -0.00035676516690420708 0.011472453086156851 0.0097129031057676968 0.011911077134380586 0.014244086038591147 -0.007602282422574466 0.0018941129713448623
leaf_weight=770.83804799523205 215.70561450067908 29.983789321035147 125.20072376728058 420.87041501887143 161.7943276911974 370.74905109219253 798.71763265226036 148.53800198622048 189.83650309033692 57.469458594918251 236.54429416731 401.81688358262181 32.505398234352469 203.50894797407091 1590.9184491671622 477.37591922283173 231.31070861499757 86.146197436377406 15.142206590622665 344.63542014360428 2905.5833483040333 406.87746545858681 6.8302198834717265 31.956200601533055 375.15204611700028 9.0500262379646284 39.935915333218873 10.170231848955153 125.47549618221819 722.43944824300706
leaf_count=33912 2044 1564 1547 5297 3000 14295 7690 3298 5270 1251 4200 5338 329 3075 29025 3146 7700 2501 244 8897 21345 26336 107 1151 12352 35 2364 556 749 5162
internal_value=-0.000739489 0.00208655 -0.00847389 0.000931004 -0.0054307 -0.00762998 0.00314341 -0.0121257 -0.00614412 -0.0150976 -0.00341155 -0.00106434 0.00167238 -0.00568424 0.00242053 8.17109e-05 0.0100775 -0.00552466 0.00369564 0.00660223 -0.000972113 0.0140814 0.0249653 -0.0170198 0.00782714 -0.0172685 0.00160076 -0.00793433 0.00188248 0.000443472
internal_weight=11543.1 8453.79 3089.29 7390.88 2143.81 1541.24 3421.67 741.08 338.375 945.476 800.156 638.361 2625.65 236.014 2389.64 602.577 1062.91 165.588 79.4419 575.946 3969.2 486.967 21.9724 402.705 796.022 779.888 80.0899 40.154 1063.62 847.915
internal_count=213780 134485 79295 87068 41245 36552 57768 24014 8568 38050 12538 9538 40119 3404 36715 4693 47417 4103 1602 16597 29300 30820 351 15446 17649 33947 4484 2120 7955 5911
cat_boundaries=0 2 4 6 8 10 12 14
cat_threshold=4286709763 15038 2427830280 673 16384 328961 8519683 2574 1672661145 300481 1660998917 6146 33555074 101700
is_linear=0
shrinkage=0.02


Tree=195
num_leaves=31
num_cat=8
split_feature=39 14 0 39 0 21 42 24 0 24 24 24 16 0 21 24 0 0 0 44 42 50 22 28 41 0 41 49 41 50
split_gain=611.386 189.502 148.277 75.6796 68.2194 63.1969 70.8597 52.1843 46.1632 44.4532 38.746 44.916 35.5444 31.7954 31.3205 34.8203 39.6284 35.9662 31.2572 27.1796 32.1632 22.0018 21.3826 20.8731 20.1393 19.9882 19.5962 19.1945 18.3685 15.8406
threshold=1.0000000180025095e-35 5.5000000000000009 0 0.93750000000000011 1 1.0000000180025095e-35 4.4071428571428592 1.8803834033613447 2 3.6764705882352944 0.9987745098039218 2.3646193771626303 8.0208333333333339 3 16.500000000000004 4.1120837223778404 4 5 6 32.800000000000004 16.114285714285717 23.250000000000004 0.12499999999999996 105.00000000000001 0.18181818181818218 7 0.60869565217391342 -5.864285714285713 0.39851988391580934 1.9000000000000001
decision_type=2 2 1 2 1 8 2 2 1 2 2 2 8 1 8 2 1 1 1 2 2 2 2 2 2 1 2 2 2 2
left_child=2 3 9 14 28 -4 10 21 -9 22 27 -12 18 23 25 16 -16 -17 -3 24 -21 -8 -1 29 -6 -2 -14 -7 -5 -11
right_child=1 12 5 4 19 6 7 8 -10 13 11 -13 26 -15 15 17 -18 -19 -20 20 -22 -23 -24 -25 -26 -27 -28 -29 -30 -31
leaf_value=-0.017594200912837591 0.006361402008920952 0.0020416117757508117 7.862941985050531e-05 0.010725373002408532 0.0063645609723739028 -0.0048943310201888827 -0.018341789985105689 0.002338966230090331 -0.012233616834893126 0.028893976990568584 0.0026315426335305125 -0.0084516270091607101 0.016344305945448202 -0.012950142408866161 -0.0070864622213558026 -0.0023270462991246861 -0.0012106308459769125 0.0038425486184993337 0.010867388393903905 -0.024431868899132181 -0.00030379667714258398 -0.0003503530583749922 0.0095632680384332407 0.01614011385174181 0.00031549019410965693 0.00075697831306314502 -0.0035450112644954896 -0.019511847792901101 0.0044566422873385091 -0.0075091392937649461
leaf_weight=757.85167349502444 345.58758801035583 305.0592589462176 602.31757093220949 548.70311751775444 299.55906093120575 81.150876486673951 364.32535007223487 148.81146170571446 187.79221798852086 2.195773120969533 423.83041864261031 218.72286696732044 332.35482279211283 85.121617276221514 607.85145032592118 658.61124805733562 1871.9332730965689 849.26498740445822 397.6908700671047 31.860397752374411 65.330335084348917 31.945268062874675 9.0546908080577833 31.418002791702747 838.78464497812092 951.0806552991271 18.301333874464035 74.0840362329036 313.35355424322188 45.993318120017648
leaf_count=33912 3465 10278 4693 16591 7019 1260 14295 3298 5270 31 5818 3296 20856 2501 5804 4748 12033 7480 15943 386 1081 1151 35 458 14050 8478 340 2164 5933 1113
internal_value=-0.000727391 0.00205061 -0.00837486 0.000913429 0.00412544 -0.00535262 -0.00753373 -0.0120232 -0.00605984 -0.0150156 -0.00335496 -0.00113189 0.00997544 -0.00544301 -0.0003594 -0.00124069 -0.00269923 0.00114531 0.00727239 0.00104023 -0.00890764 -0.016955 -0.0172116 0.00364701 0.00193739 0.00233206 0.0152284 -0.0122344 0.00839614 -0.00386354
internal_weight=11499.9 8435.33 3064.62 7381.92 2097.59 2132.98 1530.66 732.874 336.604 931.635 797.788 642.553 1053.41 164.729 5284.33 3987.66 2479.78 1507.88 702.75 1235.53 97.1907 396.271 766.906 79.6071 1138.34 1296.67 350.656 155.235 862.057 48.1891
internal_count=213780 134485 79295 87068 45060 41245 36552 24014 8568 38050 12538 9114 47417 4103 42008 30065 17837 12228 26221 22536 1467 15446 33947 1602 21069 11943 21196 3424 22524 1144
cat_boundaries=0 2 4 6 8 10 12 14 15
cat_threshold=4286709763 15038 3505770572 166571 16384 328961 8519683 2574 107880450 65568 4054843520 446396 2299269924 229226 7880704
is_linear=0
shrinkage=0.02


Tree=196
num_leaves=31
num_cat=8
split_feature=15 14 21 0 16 41 0 24 31 0 21 24 0 0 24 28 16 0 24 0 24 49 23 41 22 24 0 50 24 38
split_gain=579.088 175.208 134.176 138.447 100.724 79.6128 58.4278 54.0409 65.0235 64.1398 44.0561 41.3836 53.6451 47.4421 40.2373 35.898 35.3997 30.6008 29.9355 28.5042 28.3409 24.7528 22.7482 18.6093 18.0878 17.186 54.3623 28.1289 21.9229 20.6139
threshold=1.0000000180025095e-35 5.5000000000000009 1.0000000180025095e-35 0 1.0000000180025095e-35 0.25531389540169019 1 1.2599120530565169 1.0309897716160625 2 14.500000000000002 4.037051184110009 3 4 2.737841671994885 67.000000000000014 8.0208333333333339 5 1.285453431372549 6 0.95955882352941191 -7.4214285714285699 0.37500000000000006 0.60869565217391342 0.12499999999999996 1.7343464559736941 7 11.100000000000003 2.4481024667931695 8.5000000000000018
decision_type=2 2 8 1 10 2 1 2 2 1 8 2 1 1 2 2 8 1 2 1 2 2 2 2 2 2 1 2 2 2
left_child=2 5 25 7 14 6 -2 9 -9 20 19 13 -13 -12 24 -16 17 -3 -10 -7 -4 -11 -21 -18 -5 26 -1 29 -29 -27
right_child=1 16 3 4 -6 10 -8 8 18 21 11 12 -14 -15 15 -17 23 -19 -20 22 -22 -23 -24 -25 -26 27 -28 28 -30 -31
leaf_value=-0.013489298075566239 0.01087626441222995 0.0020058042215408685 -0.0076202158770680593 -0.018840177225049534 4.6007908387142235e-05 0.0084488485695987312 0.0016865578979399826 -0.019583743870655371 0.022306584202463193 0.0048550656537505064 -0.0086553181451774468 -0.0035158080174456752 0.0033780775216157234 -0.0012935406973038936 -0.017288440648321753 -0.0023675425317094753 0.01627523616923629 0.010759387696314227 -0.0019112257257295723 -0.001542379592476815 0.009837514037866318 -0.019673030512297022 0.0040572423100524819 -0.0029056294823549089 0.010897270000591033 0.013983335289192309 0.0021085361440982258 0.010653262683795205 -0.0084584939239193465 -0.0048375106305717456
leaf_weight=107.8972826898098 507.51916897948831 304.53250660561025 86.849068155512214 863.61444791033864 166.87676125392318 305.70542792696506 635.7963812770322 82.787948099896312 17.755383085459471 15.178828958421944 426.24660347122699 650.3063557613641 1397.8452602308244 1845.9935413021594 120.58408058807254 144.82944582588971 327.15506328083575 393.81882242672145 989.88997308537364 505.19629322551191 60.346735950559378 232.03542797453701 663.66180296707898 18.804171515628695 5.5957896411418906 114.97542877867818 330.4838602412492 30.317913599312305 79.799799613654613 25.594936296343803
leaf_count=1329 14233 10278 1782 39195 1174 4729 13827 2470 413 241 3101 6015 13570 13992 4063 3967 20856 15943 16384 5005 849 7443 8498 344 21 734 2623 136 419 146
internal_value=-0.000715824 0.00224913 -0.00752777 -0.00948038 -0.0142353 0.00109441 0.00591071 -0.0051486 -0.00284855 -0.0115173 0.000138162 -0.000877232 0.00117684 -0.00273664 -0.016473 -0.00933846 0.00987675 0.00717761 -0.00139975 0.00312249 -0.000259026 -0.0173534 0.00160846 0.0151594 -0.018589 0.00034588 -0.00200863 0.00451714 -0.0028768 0.0103877
internal_weight=11458 7982.58 3475.41 2786.34 1301.5 6938.27 1143.32 1484.84 1090.43 394.41 5794.96 4320.39 2048.15 2272.24 1134.62 265.414 1044.31 698.351 1007.65 1474.56 147.196 247.214 1168.86 345.959 869.21 689.069 438.381 250.688 110.118 140.57
internal_count=213780 130391 83389 78002 48420 82970 28060 29582 19267 10315 54910 36678 19585 17093 47246 8030 47421 26221 16797 18232 2631 7684 13503 21200 39216 5387 3952 1435 555 880
cat_boundaries=0 2 4 6 8 10 12 13 14
cat_threshold=8429565 509265 2631000768 117487 388 131136 355532928 346204 49217538 1024 2299269924 229226 7356416 152576
is_linear=0
shrinkage=0.02


Tree=197
num_leaves=31
num_cat=8
split_feature=39 14 0 13 21 49 25 0 39 22 22 0 41 16 25 0 0 0 0 0 22 13 20 38 16 2 22 25 25 27
split_gain=573.288 179.272 144.589 72.1287 65.3028 71.4127 59.7142 50.9779 45.8497 38.9549 36.9865 45.4326 35.2697 34.8197 33.7164 31.2957 30.6336 28.69 28.621 27.9746 27.5785 27.1716 24.5122 22.726 22.4404 21.3914 21.3044 21.212 27.8622 19.767
threshold=1.0000000180025095e-35 5.5000000000000009 0 1.5000000000000002 1.0000000180025095e-35 0.78571428571428581 5.1120831803488551 1 0.93750000000000011 0.22466177613236438 0.26250000000000001 2 0.28005601680560216 2.5871212121212124 4.9524384062156912 3 4 5 6 7 0.12499999999999996 24.500000000000004 2.0507313112450125e-16 8.5000000000000018 1.7613636363636365 0.35460488704253573 0.30838744588744588 7.0914308043246042 8.6946318564515845 2.3813545835873016
decision_type=2 2 1 2 8 2 2 1 2 2 2 1 2 8 2 1 1 1 1 1 2 2 2 2 8 2 2 2 2 2
left_child=2 3 20 10 -4 6 14 9 18 21 13 29 19 15 -6 -2 -14 -15 -9 -3 23 -5 25 -1 -13 -7 -10 -18 -29 -12
right_child=1 12 4 7 5 22 -8 8 26 -11 11 24 16 17 -16 -17 27 -19 -20 -21 -22 -23 -24 -25 -26 -27 -28 28 -30 -31
leaf_value=-0.017196490321131554 0.0016016821719323599 0.001240828974692326 4.2511636802187316e-05 0.002751549698321868 -0.001104643856123717 -0.0088785174178632447 -0.015708582242196695 0.0056895300730312303 0.010774671207805116 -0.003877147373413172 -0.010078326635263465 0.003121084017250593 0.011799549233731886 0.00031332596297800982 0.023795716337342402 -0.0027841473271572464 0.0039451414860221341 -0.0095843494890468332 -0.0015128727877211023 0.015856589291101553 0.0082913732621442797 -0.035462375883656999 0.014813643522664618 -0.00065146878976255266 0.013087560428181946 -0.01535142491798709 0 -0.022772458070733425 0.011944340331397289 0.00057311182455720741
leaf_weight=716.1165245519951 1101.7438538875431 78.365751589648426 607.22017779946327 1348.7572443522513 573.15828018076718 539.17852504178882 115.71970435790718 493.53247530944645 613.62002493999898 521.9594836179167 89.227303504943848 197.69203398376703 224.44837695546448 172.43330330215394 19.594716595485806 1545.5029563121498 304.3178215008229 363.42998418211937 381.02584850601852 391.68613381497562 15.739165663719175 4.4270063135772935 11.141155436635016 37.711273439228535 179.0145205873996 381.35444138944149 80.09891474340111 24.936671826988459 10.706268928945063 272.12630989030004
leaf_count=32340 5849 4484 4774 23902 8325 17584 2014 7729 18899 7114 403 953 7700 1311 249 7904 8079 3778 4510 26336 61 35 47 554 1396 13347 1819 450 368 1466
internal_value=-0.00070404 0.00198052 -0.00817894 0.000880667 -0.0055046 -0.00760027 -0.00276006 0.00299298 0.00563745 0.000731249 -0.000970062 0.00304521 0.00976618 -0.00190934 -0.000132257 -0.000956 0.00627717 -0.00655034 0.00258196 0.0138469 -0.0156375 0.00253361 -0.0112388 -0.0164011 0.00777124 -0.0116229 0.00951396 0.00209637 -0.0117091 -0.00200831
internal_weight=11416 8399.05 3016.93 7364.59 2247.37 1640.15 708.473 3443.42 1568.28 1875.14 3921.17 738.06 1034.46 3183.11 592.753 2647.25 564.409 535.863 874.558 470.052 769.567 1353.18 931.674 753.828 376.707 920.533 693.719 339.961 35.6429 361.354
internal_count=213780 134485 79295 87068 46340 41566 10588 64008 32957 31051 23060 4218 47417 18842 8574 13753 16597 5089 12239 30820 32955 23937 30978 32894 2349 30931 20718 8897 818 1869
cat_boundaries=0 2 4 6 8 10 12 14 16
cat_threshold=4278321154 15022 525213106 283924 671463394 436805 904712504 11300 1672661145 300481 3415301780 10770 1172033 106563 33555074 101700
is_linear=0
shrinkage=0.02


Tree=198
num_leaves=31
num_cat=0
split_feature=39 13 49 30 30 26 26 26 26 41 25 30 2 23 30 25 30 30 30 32 20 22 44 44 42 47 49 25 25 3
split_gain=554.738 174.352 136.083 69.9629 64.5029 57.4843 50.945 45.318 43.7121 41.5887 40.1226 39.0678 37.372 35.0167 40.7283 33.1337 83.5857 35.1401 30.5336 30.1617 24.4683 26.0072 24.2236 24.5623 22.6574 30.6865 29.731 28.3048 22.1311 21.4174
threshold=1.0000000180025095e-35 3.5000000000000004 5.0571428571428578 3.860235305455975 0.68534214926271986 0.025070470316900705 0.011859916494805103 0.016883707070932154 0.0096078023767136502 0.28571428571428675 7.0914308043246042 1.3839943983197489 -0.82298386589365657 0.87500000000000011 4.6741532841584421 2.18118409169728 1.0698051826304076 1.1120690642352382 3.8035638235107361 3.7488436413601636 3.4000000000000017 0.15624999999999997 24.650000000000002 31.100000000000005 16.750000000000004 3.5217927809630729 9.3428571428571452 2.7784219526305605 4.0252901617905907 0.17992617227144028
decision_type=2 2 2 2 2 2 2 2 2 2 2 2 2 2 2 2 2 2 2 2 2 2 2 2 2 2 2 2 2 2
left_child=2 7 4 24 -1 11 -6 18 -5 28 13 -3 -12 14 -9 16 -8 -17 -2 -20 21 -13 -10 -24 25 27 -27 -4 29 -7
right_child=1 5 3 8 6 9 15 10 22 -11 12 20 -14 -15 -16 17 -18 -19 19 -21 -22 -23 23 -25 -26 26 -28 -29 -30 -31
leaf_value=-0.017411137192964977 -0.0056122499083724169 -0.025278253965902903 -0.009035463816996955 -0.010575090284106614 -0.0099898759655789211 0.011781663324219194 0.0024374550972421855 5.2306862467781475e-05 -0.0040745725976005613 0.0057084019232545961 -0.023625395616068103 0.0072494791823586183 0.00033623286825303794 0.0063109181529337902 0.0054385242877261746 -0.015185638495787147 0.047399743874041798 -0.00016061651177624005 -0.0016494793286123629 0.0073194116236129396 -0.021904562719096701 -0.00368698599829768 0.017324971247728551 -0.010160581679344381 -0.019133552672923285 -0.016809994853654777 0.0059601650338196623 -0.016269457596834895 0.015868266847836314 0.0011990887302766673
leaf_weight=116.7214581258595 689.79753398895264 19.651626961305737 390.66545779723674 138.00776439532638 250.58348633348942 261.18334947060794 111.19301512092352 3175.2826847638935 60.233202030882239 851.75992616638541 45.751360602676868 215.56792719475925 52.255255359224975 573.6138845924288 681.26815735269338 64.822735274210572 16.764634273946285 797.68964261375368 1005.6430302597582 172.97198004648089 13.530931903049348 139.37123331613839 65.377642866224051 12.977445593103765 279.40883312374353 31.074495809152722 66.236220873892307 592.12360474374145 366.82442896440625 114.92211321741343
leaf_count=3389 3824 223 15031 3753 3618 14797 1817 28764 1349 24603 343 5466 631 8946 8050 914 304 10138 6159 1254 141 2858 993 328 13108 1485 338 22730 23186 5240
internal_value=-0.000692177 0.00194648 -0.00807858 -0.0119635 -0.00336655 0.00712383 -0.00199077 0.000335889 -0.00266999 0.00880127 0.00141982 0.000165898 -0.011021 0.00170682 0.00101246 3.68843e-05 0.0094319 -0.00136166 -0.00227843 -0.000301049 0.00176994 0.00290436 0.00511802 0.0123201 -0.0138296 -0.0123898 -0.00139699 -0.0134504 0.0122832 0.0086359
internal_weight=11373.3 8379.4 2993.88 1636.1 1357.77 1982.81 1241.05 6396.58 276.596 1594.69 4528.17 388.122 98.0066 4430.16 3856.55 990.47 127.958 862.512 1868.41 1178.62 368.47 354.939 138.588 78.3551 1359.51 1080.1 97.3107 982.789 742.93 376.105
internal_count=213780 134485 79295 59115 20180 76514 16791 57971 6423 67826 46734 8688 974 45760 36814 13173 2121 11052 11237 7413 8465 8324 2670 1321 52692 39584 1823 37761 43223 20037
is_linear=0
shrinkage=0.02


Tree=199
num_leaves=31
num_cat=10
split_feature=13 22 0 26 41 21 30 0 0 26 0 18 23 30 0 0 0 22 20 28 0 0 0 30 30 20 21 26 30 22
split_gain=530.859 238.244 156.291 148.776 78.3511 70.33 65.718 55.0172 53.2704 52.6532 49.4553 46.0158 44.3292 40.1298 66.7744 44.752 38.1755 33.9634 74.8325 32.059 28.0323 27.1787 26.178 26.0739 28.8575 24.1932 24.1228 23.9546 20.5704 21.1866
threshold=1.0000000180025095e-35 0.11818181818181815 0 0.054276175085942506 0.25531389540169019 4.5000000000000009 1.7081832788955733 1 2 0.0056768696609241004 3 2.8750000000000004 0.62500000000000011 3.5603191842926494 4 5 6 0.23214285714285718 -0.099999999999999742 137.00000000000003 7 8 9 3.2317395428840192 3.1284256025233295 4.7500000000000027 11.500000000000002 0.043829488678504953 4.0311516089006325 0.16562983746130031
decision_type=2 2 1 2 2 8 2 1 1 2 1 2 2 2 1 1 1 2 2 2 1 1 1 2 2 2 8 2 2 2
left_child=1 2 9 4 8 -4 16 23 28 -1 19 -8 17 14 -11 -15 -7 18 22 -6 -19 -20 -3 24 -5 26 -12 -21 -2 -30
right_child=3 12 5 7 10 6 11 -9 -10 13 25 -13 -14 15 -16 -17 -18 20 21 27 -22 -23 -24 -25 -26 -27 -28 -29 29 -31
leaf_value=-0.013603932671725688 -0.0034548086610605489 0.00093687004097291193 -0.00071398404234635838 -0.0012462849137752634 -0.00013385421907916007 -0.0066160007787128775 -0.0086042810012763992 0.012684870841265159 0.010689711908214359 -0.00087666774907747206 0.0052914521423849583 -0.029851079063637754 0.013392757346462161 0.01214847207061991 -0.01049796758338772 -0.0018046476116302193 -0.019531547090888456 0.0077352945293197965 -0.0037826554609772752 -0.0080847327946824889 -0.00014388273039890901 0.012545896377380053 -0.012060245475662477 0.0087440944650376481 -0.039351444097629668 -0.023334731053871471 0.0010162364643490152 0.0027183761790281064 0.0076174969004741905 -0.0046438246508860963
leaf_weight=186.8087608832866 188.46955180820078 84.824312280863523 212.92953195795417 144.907520881854 1149.3945364933461 158.85716600716114 992.37265425454825 796.67967660911381 580.05474974960089 886.53758669272065 864.73412796761841 41.091723408550024 120.89515065215528 129.51529680751264 424.64264865033329 250.37766864895821 635.58027001377195 327.6543652638793 55.580205976963043 434.72661584522575 382.36351995915174 110.1319229118526 234.43771956674755 122.03406427241862 5.5336632970720521 11.281566631048916 1391.6374749662355 96.343604285269976 242.85040829051286 68.764909769408405
leaf_count=3338 3742 596 2015 2721 11230 4941 23735 30808 19391 8557 14817 213 689 1040 10100 2033 29776 1984 218 4520 1541 467 990 5327 95 178 16853 1639 8181 2045
internal_value=-0.000681462 -0.00535328 -0.00782532 0.00332665 0.00187828 -0.0116463 -0.0129693 0.0100954 0.00664512 -0.00356927 0.000565029 -0.00955233 0.00199437 -0.0024479 -0.00411127 0.00322816 -0.0173365 0.00079387 -0.00325248 -0.00202136 0.00358781 0.00750026 -0.00891359 0.00186763 -0.00352022 0.00248858 0.00266838 -0.00608319 0.00163328 0.00482971
internal_weight=11332 5234.6 3918.71 6097.41 5028.26 2040.83 1827.9 1069.15 1080.14 1877.88 3948.12 1033.46 1315.89 1691.07 1311.18 379.893 794.437 1194.99 484.974 1680.46 710.018 165.712 319.262 272.475 150.441 2267.65 2256.37 531.07 500.085 311.615
internal_count=213780 92233 85748 121547 82596 60680 58665 38951 33359 25068 49237 23948 6485 21730 18657 3073 34717 5796 2271 17389 3525 685 1586 8143 2816 31848 31670 6159 13968 10226
cat_boundaries=0 2 4 6 8 9 11 13 15 17 19
cat_threshold=9740222 327681 16780422 38736 3274316094 439556 486806098 482620 1052588 8393232 65537 64 163920 1163640845 410554 669316 209153 453104132 295104
is_linear=0
shrinkage=0.02


Tree=200
num_leaves=31
num_cat=6
split_feature=39 14 0 21 26 42 24 26 13 0 25 30 0 0 38 16 26 28 0 21 24 20 41 42 25 41 24 0 16 26
split_gain=519.894 168.45 142.305 71.4038 71.0163 70.6192 71.6421 60.2552 54.1123 54.2651 52.8393 71.9177 38.8045 35.6254 35.6231 34.9802 31.5374 31.1396 30.067 26.4487 26.1417 22.4252 22.1234 21.7501 21.6635 18.6616 18.1377 17.2471 17.1255 16.9847
threshold=1.0000000180025095e-35 5.5000000000000009 0 1.0000000180025095e-35 0.016596553965101554 4.4071428571428592 3.8638114336643752 0.017418429664473805 1.5000000000000002 1 5.1120831803488551 1.4738793726893553 2 3 8.5000000000000018 8.0208333333333339 1.0000000180025095e-35 105.00000000000001 4 7.5000000000000009 5.6699670385395544 2.0507313112450125e-16 0.48507125007266605 14.785714285714288 7.0914308043246042 0.60869565217391342 3.8061363636363641 5 2.2613636363636371 0.022090530794665202
decision_type=2 2 1 8 2 2 2 2 2 1 2 2 1 1 2 8 2 2 1 8 2 2 2 2 2 2 2 1 8 2
left_child=2 4 14 16 13 10 21 -8 12 22 11 -5 28 17 -1 18 -4 27 -3 -11 -12 -7 -10 29 -14 -17 -15 -2 -6 -18
right_child=1 15 3 5 8 6 7 -9 9 19 20 -13 24 26 -16 25 23 -19 -20 -21 -22 -23 -24 -25 -26 -27 -28 -29 -30 -31
leaf_value=-0.018147402053857013 0.00010084337802511056 0.0016939388151202214 -0.01822959423589568 -0.0065093889267959573 -0.0013120464051091451 -0.014640487026305674 -0.0083305991393129285 0.015799830526478841 0.010896011833091539 0.0061004082805672369 -0.019901991923996692 0.0065424025565931319 0.0020960029663581112 -0.0090709287374488752 0.0016866141965029308 0.016063661440470726 -0.0030643727559419806 -0.0023347089088216737 0.010436448136217158 0.00072456568994886371 0 0.016449165649893533 0.0039781684638139168 0.022893944321146453 -0.012549927109871958 -0.0034574311853614089 -0.0031799056443646929 0.009479678141502277 -0.0070416663510961524 0.0037809561577347058
leaf_weight=554.70958723407239 158.6149812284857 299.23162648454309 32.003506902605295 404.70378172397614 602.83817962557077 726.88061076961458 119.10415588133037 59.605665942654014 509.4327493943274 488.35725574754179 98.639493737369776 284.58582916297019 1657.2988800872117 326.90267871692777 36.2583929002285 311.93198867235333 265.98799441754818 618.01901047304273 381.92107775993645 1484.9232683759183 36.476935120299459 6.4419137090444556 314.7286903001368 15.139931157231329 38.109014756977558 18.093044009059668 634.51595448330045 165.48037853650749 327.33265619724989 309.22991656884551
leaf_count=26860 1326 10278 938 7470 3183 29027 2777 1016 15653 10707 2082 3924 10034 1872 494 20856 1875 3841 15943 27258 526 27 4388 69 260 340 4076 1270 3200 2210
internal_value=-0.00067126 0.0018802 -0.00788449 -0.00557649 0.000819382 -0.0076805 -0.0115171 -4.42566e-05 0.00198785 0.00392189 -0.00338554 -0.00108683 -6.73002e-05 -0.0024969 -0.0166147 0.00952151 0.000181404 0.000271532 0.00682666 0.00206193 -0.0146892 -0.0142743 0.00820326 0.0013003 0.00172329 0.0149119 -0.00517207 0.00528666 -0.00333023 0.000581525
internal_weight=11287.5 8337.73 2949.77 2358.8 7326.55 1736.44 912.032 178.71 5423.02 2797.44 824.406 689.29 2625.58 1903.53 590.968 1011.18 622.361 942.114 681.153 1973.28 135.116 733.323 824.161 590.358 1695.41 330.025 961.419 324.095 930.171 575.218
internal_count=213780 134485 79295 51941 87068 46849 32847 3793 74683 58006 14002 11394 16677 12385 27354 47417 5092 6437 26221 37965 2608 29054 20041 4154 10294 21196 5948 2596 6383 4085
cat_boundaries=0 2 4 6 8 10 12
cat_threshold=4278190082 14892 2148655629 35563 40707138 169155 1660765650 38022 2299269924 229226 13436034 128
is_linear=0
shrinkage=0.02


Tree=201
num_leaves=31
num_cat=10
split_feature=13 16 16 0 21 24 0 0 0 24 25 0 0 21 41 25 0 25 36 0 41 20 0 24 50 2 49 0 16 24
split_gain=496.373 142.393 139.168 152.431 99.0913 67.9672 73.9727 60.8579 45.2309 40.1402 52.336 116.122 44.9656 36.9681 26.1565 26.4875 52.5063 25.3115 28.5211 25.503 23.4817 23.4761 33.6872 22.0542 21.6376 21.5103 20.5644 18.8994 17.0845 17.0814
threshold=1.0000000180025095e-35 4.3819444444444455 1.0000000180025095e-35 0 3.5000000000000004 1.6824618736383445 1 2 3 0.64800579322638152 2.18118409169728 4 5 21.500000000000004 0.28688765527462379 7.0914308043246042 6 7.0914308043246042 1.0000000180025095e-35 7 0.25531389540169019 -0.79999999999999971 8 3.4354648109243704 23.450000000000006 0.78574730703237894 -7.364285714285713 9 8.5208333333333339 2.5357620320855623
decision_type=2 8 10 1 8 2 1 1 1 2 2 1 1 8 2 2 1 2 2 1 2 2 1 2 2 2 2 1 8 2
left_child=2 8 3 9 23 -6 -7 -3 13 24 11 -11 -12 -2 28 27 -17 19 -19 -4 -15 22 -10 25 -1 -5 -23 -16 -9 -21
right_child=1 7 17 4 5 6 -8 14 21 10 12 -13 -14 20 15 16 -18 18 -20 29 -22 26 -24 -25 -26 -27 -28 -29 -30 -31
leaf_value=-0.016997142949666082 0.0097978307481613267 0.014284096950518337 -0.0033189163723312621 0.0042440810385590919 -0.018830813500458 0.00013531034174550654 -0.014617926090248028 0.0055677379908058936 0.00445796538121965 0.022604685570445 -0.0090523902834886913 -0.010864671652032728 -0.00060270528096499024 0.008096349383624378 -0.0020284714940639599 -0.033171808292988672 0.0073333486326439537 0.0012019231592693917 -0.020222957913112554 -0.0028158648769391111 0.00091676279889787852 0.0081419477731373823 -0.012145909826409791 0.019366539129624123 0.0026114098805375937 -0.010662747138623935 0.00039796217390762162 0.007175292296488554 0.014824988682253373 0.0025053558369103075
leaf_weight=114.99349958635867 397.19848392158747 533.56755267921835 1059.1189012303948 97.61862338706851 707.21921009197831 215.46140788774937 371.70282041933388 245.10362854972482 69.544113975949585 83.61758409999311 384.1817683391273 63.203503079712391 724.30318771861494 236.43160657770932 152.53457711823285 11.585656533949075 22.009079940617085 39.236766489222646 56.545526962727308 334.70882902108133 803.1032716203481 141.28575179819018 121.16102282050997 20.419006753712893 24.815563295036554 59.343261152505875 3013.0309468787163 185.91033924650401 130.10405885800719 827.03205087222159
leaf_count=3597 8024 27227 5525 907 33451 5678 15234 13296 918 1319 7937 1493 9324 5117 3251 200 658 225 502 1760 8201 1730 1366 156 178 943 37246 5854 8459 4004
internal_value=-0.000659962 0.00322255 -0.00520399 -0.00814929 -0.0126153 -0.0146192 -0.00944253 0.00914034 0.00162853 -0.00329281 -0.00214871 0.00891786 -0.00365261 0.00457919 0.00513949 0.0013669 -0.0147239 -0.00154468 -0.0114739 -0.00109256 0.00258747 0.000337551 -0.00640938 0.00119651 -0.0133949 -0.00136105 0.000758566 0.00313801 0.00892272 0.000943683
internal_weight=11246.1 6062.57 5183.52 2866.88 1471.76 1294.38 587.164 1280.81 4781.76 1395.12 1255.31 146.821 1108.48 1436.73 747.247 372.04 33.5947 2316.64 95.7823 2220.86 1039.53 3345.02 190.705 177.381 139.809 156.962 3154.32 338.445 375.208 1161.74
internal_count=213780 121547 92233 80217 56369 54363 20912 58945 62602 23848 20073 2812 17261 21342 31718 9963 858 12016 727 11289 13318 41260 2284 2006 3775 1850 38976 9105 21755 5764
cat_boundaries=0 2 4 6 8 10 12 14 16 18 20
cat_threshold=1089452 492865 8413203 16514 3772041245 4779 2821832841 65781 33668 229440 1048708 229440 589824 20 141266595 234053 1095372356 8712 469770466 460864
is_linear=0
shrinkage=0.02


Tree=202
num_leaves=31
num_cat=6
split_feature=39 14 0 26 21 49 24 27 25 24 13 0 0 38 16 0 24 26 0 2 21 28 41 26 42 41 0 26 16 24
split_gain=486.621 160.482 139.422 68.0461 67.8495 73.3332 73.9276 53.2764 50.7864 74.0547 50.7428 52.1024 36.9232 35.4644 34.4547 34.1377 31.7304 30.7975 29.459 28.1694 25.6649 24.5382 21.6385 20.886 20.6479 18.2766 16.6217 16.4645 14.6931 14.268
threshold=1.0000000180025095e-35 5.5000000000000009 0 0.016596553965101554 1.0000000180025095e-35 4.1500000000000012 3.8638114336643752 1.0208072590738426 5.1120831803488551 1.2599120530565169 1.5000000000000002 1 2 8.5000000000000018 8.0208333333333339 3 5.6699670385395544 1.0000000180025095e-35 4 -0.82298386589365657 7.5000000000000009 105.00000000000001 0.48507125007266605 0.080209495116286902 14.785714285714288 0.60869565217391342 5 0.022090530794665202 2.2613636363636371 3.8061363636363641
decision_type=2 2 1 2 8 2 2 2 2 2 2 1 1 2 8 1 2 2 1 2 8 2 2 2 2 2 1 2 8 2
left_child=2 3 13 15 17 8 19 -8 9 -6 12 22 28 -1 18 21 -10 -4 -3 -7 -13 26 -12 -14 27 -16 -2 -19 -5 -17
right_child=1 14 4 10 5 6 7 -9 16 -11 11 20 23 -15 25 29 -18 24 -20 -21 -22 -23 -24 -25 -26 -27 -28 -29 -30 -31
leaf_value=-0.018059007455513247 0.010248313301968785 0.0015833929092093739 -0.01817664249719151 -0.0014589718327327323 -0.0092306996549744325 -0.0073330504985783217 -0.018686769709316837 0.0062675799293288982 -0.020058441305033724 0.0040469275761354905 0.010726116931373781 0.0059846785459872218 0.0011671365890888066 0.0017847278211519102 0.015937932285877789 -0.0082639990994653641 0.0010115017898743651 -0.0030080216084246024 0.010269613289315095 -0.016906666740664066 0.00067406365797134399 -0.0019643156197197932 0.0038524040056915382 0.012412381304994403 0.022227784920972441 -0.0034095115328459939 0.00063909547004164103 0.0037360141058886886 -0.0069337971328618485 -0.0031837318334163038
leaf_weight=536.36469516623765 122.89943200908601 297.44448083732277 31.359947530552745 571.69899033382535 268.76101873628795 181.70483458973467 42.655236596241593 133.6503284201026 98.902539471164346 435.71239224076271 501.60224040690809 484.98299286328256 1676.4420649837703 36.103515380993485 303.53070705290884 352.27967743016779 36.901499416679144 265.32264580950141 376.07773758750409 513.49442630354315 1481.5178568679839 583.11006870493293 312.77460298314691 66.394340414553881 15.318214684724806 18.047704899683595 180.52776523772627 309.16161362826824 307.93550323322415 663.10532793030143
leaf_count=26860 925 10278 938 2996 5464 7584 1403 2374 2082 5951 15653 10707 10006 494 20856 2059 538 1875 15943 21453 27258 3579 4388 593 69 340 1462 2210 3082 4360
internal_value=-0.00064972 0.00181449 -0.00769112 0.000783419 -0.00541289 -0.00748788 -0.0115532 0 -0.00322166 -0.00100796 0.00193052 0.00381123 -5.82547e-05 -0.0164836 0.00933867 -0.00246289 -0.014291 0.000195053 0.00666236 -0.0144753 0.00199095 0.000405895 0.00803614 0.00161831 0.00129266 0.014769 0.00501399 0.000587237 -0.00337701 -0.00493661
internal_weight=11205.8 8300.37 2905.41 7305.27 2332.94 1711.78 871.505 176.306 840.277 704.473 5403.35 2780.88 2622.47 572.468 995.101 1901.92 135.804 621.162 673.522 695.199 1966.5 886.537 814.377 1742.84 589.802 321.578 303.427 574.484 879.634 1015.39
internal_count=213780 134485 79295 87068 51941 46849 32814 3777 14035 11415 74683 58006 16677 27354 47417 12385 2620 5092 26221 29037 37965 5966 20041 10599 4154 21196 2387 4085 6078 6419
cat_boundaries=0 2 4 6 8 10 12
cat_threshold=4278190082 14892 2148655629 35563 36512834 169155 1659717074 38022 2299269924 229226 1075855632 37894
is_linear=0
shrinkage=0.02


Tree=203
num_leaves=31
num_cat=9
split_feature=13 22 0 26 41 21 30 25 0 25 2 0 26 0 23 0 30 0 0 22 20 28 0 0 23 43 20 26 21 31
split_gain=464.093 221 147.874 139.852 72.849 66.3693 65.6877 72.3211 54.4956 51.8355 62.222 51.3999 51.2721 45.4891 42.5758 39.3297 37.1918 62.847 42.5268 32.5296 72.4587 30.8644 27.0764 25.9246 25.3545 24.1393 23.2935 22.5905 22.3162 19.8455
threshold=1.0000000180025095e-35 0.11818181818181815 0 0.054276175085942506 0.25531389540169019 4.5000000000000009 1.7081832788955733 4.7349668438947559 1 1.7812887021222121 0.95297903005573359 2 0.0056768696609241004 3 0.62500000000000011 4 3.5603191842926494 5 6 0.23214285714285718 -0.099999999999999742 137.00000000000003 7 8 0.37500000000000006 4.7500000000000009 4.7500000000000027 0.043829488678504953 8.5000000000000018 0.95198490658792256
decision_type=2 2 1 2 2 8 2 2 1 2 2 1 2 1 2 1 2 1 1 2 2 2 1 1 2 2 2 2 8 2
left_child=1 2 12 4 11 29 15 -8 9 10 25 -2 -1 21 19 -7 17 -14 -18 20 24 -6 -21 -22 -3 -5 28 -23 -15 -4
right_child=3 14 5 8 13 6 7 -9 -10 -11 -12 -13 16 26 -16 -17 18 -19 -20 22 23 27 -24 -25 -26 -27 -28 -29 -30 -31
leaf_value=-0.013371951248208596 0.0014434478944381566 -0.013830837135988183 0.015328860659098774 -0.030348548265621715 -0.00016100983869764548 -0.0062388533123540158 -0.0051210609717596963 -0.016391934221001218 0.01241164103692763 0.005162797254701733 -0.058484370237574634 0.010403583549892554 -0.00073353622249674425 0.005078319892452954 0.013202312047104328 -0.019457556670624956 0.011874581217237236 -0.010165010214555084 -0.0017136554386554103 0.008111085673573314 -0.0037376147772096384 -0.0079310232040328207 0.00015866202190200509 0.012294601219764927 -0.0022924925551357635 0.0082795912544168619 -0.022930862452008829 0.0025814958191732063 0.00092953996420595277 -0.0030075331897378627
leaf_weight=182.19907609932125 495.15040066838264 173.6048460714519 23.829766303300858 5.8560516983270672 1147.4343825187534 154.48214043769985 648.25647949520499 358.82380575314164 772.63615092076361 233.17672779131681 8.6774769946932775 565.66595597844571 879.86227797903121 837.10541214421391 120.40053191781044 596.12885386310518 130.30438375659287 412.33347196690738 249.38246112316847 289.07777842879295 54.376408882439137 436.07683106418699 419.85298903658986 111.21593773365021 144.79165934212506 20.384229172021151 11.384797442704437 95.679496340453625 1400.0828571775928 188.30785513110459
leaf_count=3338 13968 786 218 74 11230 4941 13042 10906 30808 7760 96 19391 8557 14279 689 29776 1040 10100 2033 1606 212 4520 1919 473 800 213 178 1639 17391 1797
internal_value=-0.000638733 -0.00505584 -0.0074865 0.00312216 0.00172321 -0.0112906 -0.0126218 -0.00919344 0.00978438 0.00156967 -0.0199934 0.00636735 -0.00334366 0.000459929 0.0020071 -0.0171402 -0.00223683 -0.00385924 0.00321946 0.000830165 -0.00313364 -0.00201681 0.00356616 0.00744612 -0.00871635 -0.00188632 0.00231728 -0.00599822 0.00249557 -0.00066978
internal_weight=11166.5 5137.23 3823.91 6029.31 4988.58 1969.83 1757.69 1007.08 1040.73 268.094 34.9178 1060.82 1854.08 3927.76 1313.32 750.611 1671.88 1292.2 379.687 1192.92 483.989 1679.19 708.931 165.592 318.397 26.2403 2248.57 531.756 2237.19 212.138
internal_count=213780 92233 85748 121547 82596 60680 58665 23948 38951 8143 383 33359 25068 49237 6485 34717 21730 18657 3073 5796 2271 17389 3525 685 1586 287 31848 6159 31670 2015
cat_boundaries=0 2 4 6 8 10 11 13 15 17
cat_threshold=9740222 327681 16780422 38736 3274316094 439556 486806098 482620 64 163920 1052588 8393232 65537 1163575309 410426 931332 209153
is_linear=0
shrinkage=0.02


Tree=204
num_leaves=31
num_cat=6
split_feature=39 14 0 21 42 24 23 25 30 27 0 21 24 0 0 44 38 16 3 0 0 3 24 14 23 41 22 22 25 42
split_gain=455.093 153.538 137.015 65.0296 67.2816 69.0669 62.7829 51.207 67.7931 51.1219 42.9037 38.9938 48.4354 53.3567 44.0309 37.4888 35.3244 34.061 30.5178 28.8292 27.2398 26.668 25.9688 22.5291 20.1267 17.9364 17.9242 15.8622 12.9619 14.3456
threshold=1.0000000180025095e-35 5.5000000000000009 0 1.0000000180025095e-35 4.4071428571428592 3.8638114336643752 0.87500000000000011 5.1120831803488551 1.4738793726893553 1.0208072590738426 1 16.500000000000004 4.037051184110009 2 3 32.800000000000004 8.5000000000000018 8.0208333333333339 -0.61559370248597534 4 5 -0.46472317204376873 5.6699670385395544 2.5000000000000004 0.37500000000000006 0.60869565217391342 0.12503142282554047 0.12499999999999996 8.4295901173448318 14.407142857142858
decision_type=2 2 1 8 2 2 2 2 2 2 1 8 2 1 1 2 2 8 2 1 1 2 2 2 2 2 2 2 2 2
left_child=2 6 16 28 7 21 11 8 -5 -7 15 20 13 -13 -14 23 27 19 -17 -3 26 -6 -9 -8 -22 -19 -2 -1 29 -4
right_child=1 17 3 4 5 9 10 22 -10 -11 -12 12 14 -15 -16 18 -18 25 -20 -21 24 -23 -24 -25 -26 -27 -28 -29 -30 -31
leaf_value=-0.01832106799931503 0.0034210878605687714 0.010150049064825606 -0.0014494146313437681 -0.0061940340048181096 -0.018415041348101277 -0.018624643859826869 -0.00046641708547330042 -0.019820627048282392 0.0065351529424216414 0.0060362480043237203 0.0099574030564743999 -0.0060963286191088898 -0.002634673359998215 -0.00020172921597688844 0.0032173686514760775 0.00052344606767293887 0.0018907750278331287 0.015823407502431663 -0.040075594673609362 0.0015365870941935361 -0.0010994802097434009 -0.010189397852231979 0 0.0087938000501638341 0.0038660897033199232 -0.0033650252082570403 0.013929730899677759 0.012707709647519097 0.018444333886769325 0.0073432542749619642
leaf_weight=515.4580926662311 141.94294830039144 366.76474973466247 523.87178997881711 396.50671018660069 312.31890422478318 41.433549327775836 302.5374741833657 94.22626849077642 284.42026643827558 135.20792245492339 446.36251106113195 1081.9382421122864 762.70467592775822 1429.5716536352411 1509.3813048144802 12.307517725974323 35.914238451048732 296.2586515089497 12.391428444534538 299.71545232180506 617.36509640980512 387.50975912529975 36.139498826116323 154.88009989541024 676.79007673636079 18.015541793778539 132.50295925885439 3.9395338743925086 12.29093401134014 83.257840666919947
leaf_count=26845 1894 15709 4504 7470 14486 1403 3135 2082 3924 2390 9593 10065 8496 11922 18061 208 494 20856 127 10512 6493 14568 526 4517 9950 340 2607 15 63 525
internal_value=-0.000628895 0.00175069 -0.00749823 -0.00524493 -0.00729907 -0.0111419 0.000745333 -0.00309719 -0.000842521 0 0.00559444 3.11011e-05 -0.000863198 -0.00277832 0.00124581 0.00124627 -0.0163589 0.00916867 -0.0212574 0.00650526 0.00276752 -0.0139517 -0.01444 0.00266249 0.00147347 0.014639 0.00836116 -0.0179758 0.000243868 -0.000180687
internal_weight=11123.9 8261.43 2862.5 2307.18 1687.76 876.47 7280.68 811.293 680.927 176.641 928.479 6352.2 4783.6 2511.51 2272.09 482.117 555.312 980.754 24.6989 666.48 1568.6 699.829 130.366 457.418 1294.16 314.274 274.446 519.398 619.421 607.13
internal_count=213780 134485 79295 51941 46849 32847 87068 14002 11394 3793 17580 69488 48544 21987 26557 7987 27354 47417 335 26221 20944 29054 2608 7652 16443 21196 4501 26860 5092 5029
cat_boundaries=0 2 4 6 8 10 11
cat_threshold=4278190082 14892 656608679 436040 107946098 168963 422584449 344348 1995689169 295061 3162112
is_linear=0
shrinkage=0.02


Tree=205
num_leaves=31
num_cat=9
split_feature=39 14 0 26 23 0 24 0 25 0 26 0 25 0 26 41 38 16 0 24 25 38 0 26 32 28 38 22 41 0
split_gain=440.243 149.207 135.44 65.175 51.0893 49.4983 70.0043 61.581 96.163 51.1613 49.3299 43.2665 43.0776 37.4664 158.452 35.7364 35.0431 33.7172 32.568 28.9455 33.8117 31.1676 28.1742 25.6532 25.3632 23.3673 19.3639 18.2629 17.6991 16.0544
threshold=1.0000000180025095e-35 5.5000000000000009 0 0.016596553965101554 0.87500000000000011 1 1.644594226579521 2 4.7349668438947559 3 0.013534118357487851 4 2.0695150740793391 5 0.08649227760652671 0.50000000000000078 8.5000000000000018 8.0208333333333339 6 0.64800579322638152 1.231416256120329 8.5000000000000018 7 0.063251703151368674 2.4704531871982223 105.00000000000001 8.5000000000000018 0.12499999999999996 0.60869565217391342 8
decision_type=2 2 1 2 2 1 2 1 2 1 2 1 2 1 2 2 2 8 1 2 2 2 1 2 2 2 2 2 2 1
left_child=2 3 16 18 11 10 9 8 -8 12 -4 15 -7 14 -6 -5 -1 22 25 20 -12 -21 -3 -15 -13 29 -11 -9 -19 -2
right_child=1 17 5 4 13 6 7 27 -10 26 19 24 -14 23 -16 -17 -18 28 -20 21 -22 -23 -24 -25 -26 -27 -28 -29 -30 -31
leaf_value=-0.017931500947118425 2.9222945691046988e-06 0.010043364522664916 -0.010274873974704137 0.0063666547053155666 0.0049428946304191194 0.0049890738599495587 0.011915016735297847 -0.010128484749516031 -0.0087868252297887035 -0.017871165452305136 0.028481059817968599 0.0027772589642508765 -0.0095713445521714569 0.0061733510923345563 -0.087578073068330847 0.0011140293981025649 0.0018532153128118841 0.015749567608985632 -0.004864842678678408 0.0047435882725390659 -0.018917465922113141 -0.0093360951326642416 0.0015090331978935626 0.016641825826241879 -0.0019611577056486292 -0.0019531929654104702 0.013250950381305072 0.0097532801500757188 -0.0033016887645695658 0.0093237395500256979
leaf_weight=510.30439050775021 157.82036622241139 363.41940140351653 175.86851545982063 832.71324856951833 41.344851121306419 100.78905047848821 209.76112448051572 306.68520124070346 151.565599469468 361.82481797970831 3.9305225182324639 595.94379629474133 358.73256006836891 570.09430303238332 5.8736312910914412 1399.03899076581 35.969519780948758 291.75410472601652 1013.8492917232215 494.07688783481717 42.306622734293342 68.389355845749378 299.32563048694283 115.66183583252132 1815.3374746991321 581.94948888942599 5.3923765961080781 16.318016156554222 18.051099879667163 144.0695058722049
leaf_count=26860 1326 15709 2142 18396 775 3688 4267 9180 3849 12879 80 6642 10561 11960 82 11167 494 20856 6419 3801 960 416 10512 2809 22852 3579 56 62 340 1061
internal_value=-0.000618182 0.00171971 -0.00740361 0.000731334 0.00185809 -0.00516777 -0.00728603 -0.002548 0.00309065 -0.0112482 -0.00101072 0.00107618 -0.00618904 0.00675936 -0.0089332 0.003075 -0.0162927 0.00906624 -0.00244806 0.00165396 -0.0129922 0.00295584 0.00641661 0.00791787 -0.00077657 0.000359546 -0.0168026 -0.00871488 0.0145546 0.00487053
internal_weight=11088.2 8246.25 2841.91 7273.7 5376.01 2295.64 1511.07 684.33 361.327 826.739 784.572 4643.03 459.522 732.975 47.2185 2231.75 546.274 972.55 1897.69 608.703 46.2371 562.466 662.745 685.756 2411.28 883.839 367.217 323.003 309.805 301.89
internal_count=213780 134485 79295 87068 74683 51941 44542 17358 8116 27184 7399 59057 14249 15626 857 29563 27354 47417 12385 5257 1040 4217 26221 14769 29494 5966 12935 9242 21196 2387
cat_boundaries=0 2 3 5 7 9 10 12 14 16
cat_threshold=4278190082 14892 36776 151572 214403 8192064 491600 4036091181 11115 16780288 1659717074 38022 1995689169 295061 13436034 128
is_linear=0
shrinkage=0.02


Tree=206
num_leaves=31
num_cat=12
split_feature=13 22 0 16 21 30 0 22 0 0 15 23 0 30 0 0 31 31 22 20 20 47 0 0 0 41 15 0 0 43
split_gain=422.355 206.762 142.188 129.379 64.3112 65.286 60.9033 55.9013 56.786 45.7307 43.4919 41.0235 39.9782 33.0076 58.9159 40.442 46.0197 33.3725 31.3125 69.8748 28.4417 27.189 26.7041 25.1671 24.9404 24.6665 22.267 20.8238 20.1742 20.956
threshold=1.0000000180025095e-35 0.11818181818181815 0 4.3819444444444455 4.5000000000000009 1.7081832788955733 1 0.083333333333333273 2 3 2.8125000000000004 0.62500000000000011 4 3.5603191842926494 5 6 0.95198490658792256 1.1835485337883351 0.23214285714285718 -0.099999999999999742 -0.59999999999999931 2.8681758951124663 7 8 9 0.28688765527462379 3.4375000000000004 10 11 37.20000000000001
decision_type=2 2 1 8 8 2 1 2 1 1 2 2 1 2 1 1 2 2 2 2 2 2 1 1 1 2 2 1 1 2
left_child=1 2 13 7 -4 12 -5 9 -9 -2 -7 18 -6 14 17 16 -15 -1 19 24 26 -16 -20 -21 -3 -8 -11 -10 29 -27
right_child=3 11 4 6 5 10 25 8 27 20 -12 -13 -14 15 21 -17 -18 -19 22 23 -22 -23 -24 -25 -26 28 -28 -29 -30 -31
leaf_value=-0.014685513069445757 0.00051053781539245617 0.0010294998022169952 -0.00056857591112838756 0.013998508071668071 -0.0059932730917847052 -0.0080041152072253714 0.0084737145478943465 0.0034556041179922489 -0.0052881508657977973 -0.012444070422295244 -0.029034190435068653 0.012986301316106168 -0.019401784749276927 -0.011624600444540983 -0.011472468680209232 -0.0044157021744260679 0.01150215676082947 -0.00064486657546437495 0.0081647038980697667 -0.0035857930247678539 0.0081551138731808023 0.026384099351359651 0.00021501940180355153 0.012148300354036893 -0.011658268901190441 -0.0036153998786293447 0.0098009964471365667 -0.00078592726537036594 0.0039692961051777482 -0.03771888187823539
leaf_weight=70.933228822425008 747.54078844375908 84.410543391481042 211.14367695525289 511.09550599753857 151.77233344968408 949.32346861064434 361.44492969475687 1088.5676306411624 601.94889885466546 47.719586100429296 39.49902955070138 119.81473648920655 568.85355913825333 38.448630167171359 440.61802839115262 227.76437269337475 191.62389444746077 863.06811777316034 277.57760290056467 55.39300612360239 915.16348665487021 4.6623463984578839 430.00962269678712 110.19831984490156 232.99786179699004 97.72677983995527 24.318696070462465 1321.1976784393191 262.94083131942898 5.1376378647983065
leaf_count=832 9883 596 2015 27227 4941 23736 21755 14515 5698 459 212 689 29776 598 11133 2188 1398 8788 1564 218 14215 131 1961 467 990 2716 701 17131 7189 58
internal_value=-0.000607687 -0.00485616 -0.00724133 0.00298734 -0.0110337 -0.0123758 0.00873966 0.00147778 -0.000163844 0.00433471 -0.00894962 0.00196926 -0.0169929 -0.00317701 -0.00473961 0.00141835 0.00714507 -0.00175738 0.000813948 -0.00307864 0.00712288 -0.0106206 0.00350096 0.00730409 -0.00857538 0.00471784 -0.00457643 -0.00223151 0.00104169 -0.00596482
internal_weight=11052.9 5068.11 3757.71 5984.8 1920.59 1709.45 1238.35 4746.46 3011.71 1734.74 988.822 1310.4 720.626 1837.12 1379.28 457.837 230.073 934.001 1190.59 483 987.202 445.28 707.587 165.591 317.408 727.25 72.0383 1923.15 365.805 102.864
internal_count=213780 92233 85748 121547 60680 58665 58945 62602 37344 25258 23948 6485 34717 25068 20884 4184 1996 9620 5796 2271 15375 11264 3525 685 1586 31718 1160 22829 9963 2774
cat_boundaries=0 2 4 6 8 10 11 13 15 17 19 21 23
cat_threshold=9740222 327681 3772041245 4779 540100481 197497 553787301 402216 64 163920 1052588 8426258 65537 1163575309 279482 669316 209153 453104132 295104 352583698 267264 201392256 198740
is_linear=0
shrinkage=0.02


Tree=207
num_leaves=31
num_cat=0
split_feature=13 22 26 49 21 24 24 26 16 18 23 21 24 49 22 20 32 22 24 31 16 24 23 26 26 24 47 26 16 2
split_gain=407.621 200.39 131.892 104.9 113.574 125.752 60.6738 54.0528 51.5009 48.142 39.594 37.2655 44.4254 32.5339 30.1334 67.3106 29.8821 27.4799 26.6931 26.4765 26.0532 25.417 24.4888 23.695 23.6272 23.0622 22.6268 22.175 22.0967 21.8561
threshold=1.0000000180025095e-35 0.11818181818181815 0.054276175085942506 5.1285714285714299 2.5000000000000004 2.737841671994885 0.71763298620883775 0.016883707070932154 4.3819444444444455 2.8750000000000004 0.62500000000000011 14.500000000000002 4.037051184110009 -10.121428571428568 0.23214285714285718 -0.099999999999999742 2.8474011770836962 0.22499999999999998 1.2723875432525953 1.0309897716160625 8.0208333333333339 1.644594226579521 0.37500000000000006 0.021501176077194553 0.027727879396263252 3.5800857843137259 -3.0082840503588462 0.022090530794665202 0.087121212121212113 -0.88545602565320969
decision_type=2 2 2 2 8 2 2 2 8 2 2 8 2 2 2 2 2 2 2 2 8 2 2 2 2 2 2 2 8 2
left_child=1 3 8 6 19 29 13 25 11 -7 14 18 16 -1 15 22 -13 -10 24 21 -4 -5 -3 -14 -2 -8 -9 -21 -17 -6
right_child=2 10 20 4 5 9 7 26 17 -11 -12 12 23 -15 -16 28 -18 -19 -20 27 -22 -23 -24 -25 -26 -27 -28 -29 -30 -31
leaf_value=0.021910702849517669 -0.010715484505666241 -0.013470256855828712 0.0076236407522886265 0.0016485340807178084 -0.010988523957485483 -0.0040779746800494853 -0.012026378215925787 -0.0072305578443445633 0.009014549298365487 -0.025994519595571294 0.012778275144728011 0.0012854524049948645 -0.00041435456978631353 -0.017391905241160098 0.0034374463350027081 0.021398243598843601 -0.0048643160358799323 0.00030051657090507638 0.0049874997134186196 -0.0051119196265538526 0.015388072542534921 0.042873447944826719 -0.0021141905322036698 0.0044915679543081326 0.0031597080238512545 -0.0031570046754242627 0.0012151463909909354 0.0070461649268674445 0.0031930599906788548 -0.018332392463218411
leaf_weight=5.9818870946764937 85.946596695110202 172.4174085650593 778.28829010762274 15.000506099313499 247.35098951868713 649.11209709942341 254.91991376504302 143.03869057260454 510.12883157841861 40.447107166051865 119.38319199346006 451.06301478389651 827.06369474343956 149.63216588832438 707.00568399578333 32.171312153339386 1010.8942256541923 208.65497982129455 1019.7202083356678 149.73539178818464 237.01992494612932 8.6887854225933534 144.64869983680546 736.55969006940722 104.11688278149813 234.24801679328084 961.39214606583118 95.61838673427701 133.53965476900339 780.137760149315
leaf_count=44 724 786 22744 125 11303 11750 3147 2485 24034 202 689 4071 6757 4174 3525 127 9880 5992 16476 1317 16207 78 800 12724 1938 2439 10303 723 558 37658
internal_value=-0.000598308 -0.00478383 0.00293593 -0.0071434 -0.0102919 -0.0121836 -0.00354561 -0.00235181 0.00158257 -0.00549943 0.00193418 0.000735139 -0.00044588 -0.0153692 0.000799907 -0.00301886 -0.00295451 0.00652443 0.00369907 0.00170901 0.00949585 0.020638 -0.00842037 0.00188804 -0.00308006 -0.00786487 8.66297e-05 -0.000265306 0.00716363 -0.016621
internal_weight=11013.9 5044.47 5969.46 3735.3 1986.09 1717.05 1749.21 1593.6 4954.15 689.559 1309.17 4235.36 3025.58 155.614 1189.78 482.777 1461.96 718.784 1209.78 269.043 1015.31 23.6893 317.066 1563.62 190.063 489.168 1104.43 245.354 165.711 1027.49
internal_count=213780 92233 121547 85748 63156 60913 22592 18374 82596 11952 6485 52570 33432 4218 5796 2271 13951 30026 19138 2243 38951 203 1586 19481 2662 5586 12788 2040 685 48961
is_linear=0
shrinkage=0.02


Tree=208
num_leaves=31
num_cat=7
split_feature=39 14 0 21 49 26 23 26 21 0 0 26 38 16 0 42 26 0 23 26 28 0 42 2 41 0 22 26 26 26
split_gain=398.667 139.092 132.548 61.6618 67.7569 61.5959 47.5888 44.815 44.19 40.2615 36.5307 147.427 34.8125 33.0132 31.1419 30.6135 30.0352 27.6962 25.5634 25.2801 22.2692 20.9349 19.592 19.5773 17.092 15.6443 15.4819 15.0745 13.349 12.3789
threshold=1.0000000180025095e-35 5.5000000000000009 0 1.0000000180025095e-35 4.1500000000000012 0.016596553965101554 0.87500000000000011 0.014800098652305152 16.500000000000004 1 2 0.08649227760652671 8.5000000000000018 8.0208333333333339 3 4.8642857142857148 1.0000000180025095e-35 4 1.0000000180025095e-35 0.063251703151368674 105.00000000000001 5 14.785714285714288 -0.17992617227144048 0.60869565217391342 6 0.12499999999999996 0.022090530794665202 0.0060820248065185005 0.029561139873942901
decision_type=2 2 1 8 2 2 2 2 8 1 1 2 2 8 1 2 2 1 2 2 2 1 2 2 2 1 2 2 2 2
left_child=2 5 12 16 7 14 8 -5 21 -10 11 -8 26 17 20 -9 -4 29 23 -12 25 -7 27 -6 -15 -2 -1 -18 -16 -3
right_child=1 13 3 4 18 6 10 15 9 -11 19 -13 -14 24 28 -17 22 -19 -20 -21 -22 -23 -24 -25 -26 -27 -28 -29 -30 -31
leaf_value=-0.018178090764953077 0 0.0035710879969746345 -0.018064496698666947 -0.012140449683048371 -0.0075439194310505022 0.0090178437572098254 0.004783978122276147 -0.0010711980430173904 -0.0033365508346694683 0.0013218486925321361 0.0059768563022667412 -0.08299904940962341 0.00199173802458161 0.015566351328987487 -0.011654972806958439 0.032187412965906478 -0.0026600550870839973 0.0013167473944794787 0.0085447146544325378 0.016484614324885571 -0.0019181372893981843 0.0026504558523808368 0.021864559208279559 -0.014252037772629352 -0.0032464392981210407 0.0091631599782041589 0.012472554307511714 0.0038226077983747513 -0.0039867219715586984 0.012401481896604491
leaf_weight=484.26263631042093 157.2826623916626 97.271702445112169 30.076861081644893 163.21672075614333 319.58516862988472 301.39947529137135 40.981372587382793 651.66207291930914 1033.8723269561306 2535.6565786153078 563.64936938323081 6.2481894921511403 35.705416487529874 281.05359775666147 103.36450536176562 8.2430002018809301 261.27162521146238 295.93327124696225 22.729600489139557 112.66065366566181 580.75000766478479 752.3453516298905 15.403362736105917 479.32320493739098 17.864252323284745 143.28237667866051 3.9419009387493125 307.40846601687372 908.77934171631932 258.91786272358149
leaf_count=26845 1326 3157 938 3330 12962 6791 775 10519 12110 29647 11960 82 494 20856 712 186 1875 10512 99 2809 3579 10509 69 19753 340 1061 15 2210 5707 12552
internal_value=-0.000588356 0.00163187 -0.00712552 -0.00491948 -0.00695801 0.00068271 0.00178248 -0.0028535 0.00102884 -2.91123e-05 0.0065464 -0.00891896 -0.0161178 0.00881197 -0.00241022 -0.000481803 0.000434988 0.00618668 -0.0110203 0.00770829 0.000339713 0.00462147 0.00150911 -0.0116318 0.0143547 0.00475524 -0.0178152 0.00081093 -0.00477463 0.00982219
internal_weight=10974.1 8191.31 2782.83 2258.92 1644.76 7240.27 5346.81 823.122 4623.27 3569.53 723.54 47.2296 523.91 951.041 1893.46 659.905 614.16 652.123 821.638 676.31 881.315 1053.74 584.083 798.908 298.918 300.565 488.205 568.68 1012.14 356.19
internal_count=213780 134485 79295 51941 46849 87068 74683 14035 59057 41757 15626 857 27354 47417 12385 10705 5092 26221 32814 14769 5966 17300 4154 32715 21196 2387 26860 4085 6419 15709
cat_boundaries=0 2 4 5 7 9 10 12
cat_threshold=4278190082 14892 58531858 5124 16780288 1659717074 38022 1995689169 295061 7389184 13436034 128
is_linear=0
shrinkage=0.02


Tree=209
num_leaves=31
num_cat=9
split_feature=39 14 0 26 23 26 0 24 0 47 0 41 0 26 38 28 41 0 0 0 24 26 0 24 24 24 26 49 28 26
split_gain=385.48 135.078 130.921 59.1915 46.0174 45.3724 48.1322 78.404 53.6001 44.6851 40.0972 38.5497 35.5632 136.73 34.5212 34.4383 32.8054 31.6535 29.9273 29.4138 27.1156 24.9744 24.2168 26.4656 24.1066 21.9657 23.696 21.735 21.47 18.1823
threshold=1.0000000180025095e-35 5.5000000000000009 0 0.016596553965101554 0.87500000000000011 0.0052557365575992511 1 3.8638114336643752 2 3.5217927809630729 3 0.50000000000000078 4 0.08649227760652671 8.5000000000000018 55.000000000000007 0.28005601680560216 5 6 7 4.6876065643648772 0.063251703151368674 8 2.7966980270369022 0.64800579322638152 5.2738440027963653 0.09218312215038961 2.9357142857142859 105.00000000000001 0.049377376806818453
decision_type=2 2 1 2 2 2 1 2 1 2 1 2 1 2 2 2 2 1 1 1 2 2 1 2 2 2 2 2 2 2
left_child=2 3 14 18 10 22 15 9 -9 -8 11 -5 13 -6 -1 27 17 25 28 -18 -12 -14 23 -4 -17 26 -3 -7 -2 -21
right_child=1 16 5 4 12 6 7 8 -10 -11 20 -13 21 -15 -16 24 19 -19 -20 29 -22 -23 -24 -25 -26 -27 -28 -29 -30 -31
leaf_value=-0.017769132091725436 0.0046759100125346263 -0.019745965969334377 -0.010515769863181429 0.0070218466220839113 0.0047121796204126183 -0.018528429476978601 -0.0094837899318230261 -0.0077224306774928255 0.012948014717637726 0.0031476166289182966 -0.0016028369111377263 0.00108075330986383 0.0058870355091781776 -0.078336540523620143 0.0019520442914636429 -0.01195206146901139 0.011105810170685402 0.015222248310921442 -0.0046774859155441313 -0.0024282237579430132 0.0032611334698164308 0.016395311518128883 -0.015907250831989312 0.015976288563464214 0.0034626067540794469 0.010633301660611487 0.013489259618205674 0.0005691888657624268 -0.0018794229663639467 0.0070193869927065913
leaf_weight=479.71313481964171 300.10826036334038 27.480198389850557 34.947449212893844 686.91224034037441 40.821019765920937 53.684735855087638 1006.9388113459572 69.481715904548764 122.16314373351634 121.99509501643479 2131.0764982858673 1222.4863128587604 560.87812964338809 6.6618805173784486 35.763251759111881 40.432178054004908 198.65564687270671 343.73648768290877 1012.7871826123446 197.40999580267817 579.42836171854287 111.04146774765104 190.99427812173963 22.034952610731125 547.88889670744538 34.45471119787544 8.7921895915642363 37.439287669956684 580.91874177567661 132.75923326332122
leaf_count=26860 2387 1564 819 16418 775 678 35067 1682 1797 1215 23458 10027 11960 82 494 927 7470 26336 6419 4627 9154 2809 5051 376 4099 2364 556 230 3579 4500
internal_value=-0.000578001 0.00160294 -0.00703282 0.000670029 0.00174955 -0.00484493 -0.00383936 -0.0060375 0.00561605 -0.00809642 0.00100969 0.00321937 0.00644922 -0.00876919 -0.0160494 0.000492669 0.00871058 0.0129492 -0.00236092 0.00529669 -0.000551201 0.00760573 -0.0129258 0 0.00231415 -5.40543e-05 -0.0107657 -0.0107014 0.000335422 0.00130054
internal_weight=10939.9 8176.41 2763.48 7233.12 5339.31 2248 2000.02 1320.58 191.645 1128.93 4619.9 1909.4 719.402 47.4829 515.476 679.445 943.288 414.464 1893.81 528.825 2710.5 671.92 247.977 56.9824 588.321 70.7271 36.2724 91.124 881.027 330.169
internal_count=213780 134485 79295 87068 74683 51941 45695 39761 3479 36282 59057 26445 15626 857 27354 5934 47417 30820 12385 16597 32612 14769 6246 1195 5026 4484 2120 908 5966 9127
cat_boundaries=0 2 3 5 7 8 10 12 14 15
cat_threshold=4278190082 14892 4008 8126532 50384 4036091148 11113 16780288 33555074 101700 1659717074 38022 1672661129 300481 6459648
is_linear=0
shrinkage=0.02


Tree=210
num_leaves=31
num_cat=0
split_feature=39 14 49 21 24 24 26 27 28 25 23 21 24 16 2 24 24 32 25 24 24 49 26 25 50 42 20 44 44 41
split_gain=372.844 131.328 113.129 113.895 78.3052 60.493 56.9287 50.425 47.2854 45.5413 43.896 41.6397 45.0564 32.6062 31.7915 32.622 28.3923 26.9665 25.3061 54.9456 38.527 24.9804 22.6113 26.0732 51.4622 22.4441 19.9036 17.2362 56.6668 16.9163
threshold=1.0000000180025095e-35 5.5000000000000009 5.0571428571428578 1.5000000000000002 2.737841671994885 0.64800579322638152 0.016883707070932154 1.0208072590738426 72.500000000000014 8.0511516332111182 0.87500000000000011 16.500000000000004 4.037051184110009 8.0208333333333339 -0.95297903005573337 1.433560924369748 3.8061363636363641 3.7488436413601636 2.18118409169728 1.0398550724637683 1.5661136249371548 2.9357142857142859 1.0000000180025095e-35 1.7812887021222121 4.1500000000000012 14.407142857142858 0.099999999999999964 32.800000000000004 33.100000000000009 0.60869565217391342
decision_type=2 2 2 8 2 2 2 2 2 2 2 8 2 8 2 2 2 2 2 2 2 2 2 2 2 2 2 2 2 2
left_child=2 6 5 22 14 -1 16 -6 21 -9 11 -8 -13 -3 15 -5 -2 -18 19 -10 -20 -7 -4 24 -24 -25 -16 -12 -29 -15
right_child=1 13 3 4 7 8 10 9 18 -11 27 12 -14 29 26 -17 17 -19 20 -21 -22 -23 23 25 -26 -27 -28 28 -30 -31
leaf_value=-0.017009300244300175 -0.0054064999381685987 0.006000514225341781 -0.016871081380735696 -0.016127402900951954 -0.019307820023877403 -0.013340850536375896 0.0045358672507740255 0.0032992221089157003 0.0026437101744362685 -0.01728805621800502 0.0071978717143941643 -0.0019179218946648474 0.0026744014193080512 0.015434048443672787 -0.018414722745248843 0.0020079981989495409 -0.0016293594821521502 0.0066557828918651953 -0.0045405407044039189 0.037297143732132346 0.0042345377389099168 -0.00095837585099123627 -0.0063160132330811955 -0.0033131834636935761 0.058468410981168714 0.010439884384547498 0.018366395377442692 -0.045505079768347292 0.0057860432345993983 -0.0033083434097764494
leaf_weight=104.83765830844641 717.11199194192886 644.36579339765012 19.377382127568126 80.48638123460114 72.698899669572711 167.09954296983778 1035.1273023877293 214.32651017792523 102.01970513910055 50.474130580201745 663.01951771043241 2067.2534662950784 1452.2112209293991 273.76517718564719 722.01844014599919 71.174086160026491 1065.2939945850521 180.92513090744615 427.32869567908347 19.909575946629047 370.34289511665702 112.38847801275551 7.7908529527485353 119.12061255984008 6.8162433467805386 73.699445441365242 3.1291666626930228 7.900895418599247 37.034148507751524 17.819221444427967
leaf_count=3389 4234 26221 602 3994 2969 2913 17186 4666 1720 2151 14677 19659 21771 20856 39902 3173 7255 1438 5761 329 4773 1295 125 1163 53 303 14 76 772 340
internal_value=-0.000568156 0.00157469 -0.00694152 -0.0108029 -0.01323 -0.0026436 0.00065706 -0.00490173 -0.00133164 -0.000699981 0.00174332 0.0010159 -1.66831e-05 0.00861308 -0.0163853 -0.0076133 -0.00224263 -0.000397424 0.000844475 0.00922204 -0.000440868 -0.00849543 0.00210779 0.00419105 0.0275903 0.00192077 -0.0181535 0.00637103 -0.00509871 0.0141987
internal_weight=10906.9 8161.83 2745.04 1441.11 1214.31 1303.93 7225.88 337.5 1199.09 264.801 5262.55 4554.59 3519.46 935.95 876.808 151.66 1963.33 1246.22 919.601 121.929 797.672 279.488 226.805 207.427 14.6071 192.82 725.148 707.955 44.935 291.584
internal_count=213780 134485 79295 59115 56869 20180 87068 9786 16791 6817 74141 58616 41430 47417 47083 7167 12927 8693 12583 2049 10534 4208 2246 1644 178 1466 39916 15525 848 21196
is_linear=0
shrinkage=0.02


Tree=211
num_leaves=31
num_cat=6
split_feature=39 0 14 21 49 24 26 25 24 31 23 21 24 0 38 41 24 0 45 2 0 0 26 28 24 26 0 25 21 42
split_gain=360.474 128.242 127.447 58.5774 64.5566 68.6436 54.7464 50.3955 70.45 49.6669 43.0468 40.9094 41.1999 34.4245 34.0511 32.4323 31.7038 31.6074 31.1845 29.9514 29.011 28.8208 28.7326 25.4393 21.2452 22.7419 20.4788 18.642 26.4046 18.4764
threshold=1.0000000180025095e-35 0 5.5000000000000009 1.0000000180025095e-35 4.1500000000000012 3.8638114336643752 0.016596553965101554 5.1120831803488551 1.2599120530565169 1.0309897716160625 0.87500000000000011 16.500000000000004 4.037051184110009 1 8.5000000000000018 0.28005601680560216 5.6699670385395544 2 1.0000000180025095e-35 -0.82298386589365657 3 4 1.0000000180025095e-35 105.00000000000001 5.2738440027963653 0.09218312215038961 5 7.0914308043246042 5.5000000000000009 14.785714285714288
decision_type=2 1 2 8 2 2 2 2 2 2 2 8 2 1 2 2 2 1 2 2 1 1 2 2 2 2 1 2 10 2
left_child=1 14 6 22 7 19 21 8 -5 -7 11 26 -13 18 -1 17 -9 24 -12 -6 -17 23 -3 -2 25 -4 -8 -22 -29 -24
right_child=2 3 15 4 5 9 10 16 -10 -11 13 12 -14 -15 -16 20 -18 -19 -20 -21 27 -23 29 -25 -26 -27 -28 28 -30 -31
leaf_value=-0.017677789802507553 0.0048115035897424788 -0.017942447695467635 -0.019356573329792244 -0.0087172632451746248 -0.0062045488590307656 -0.018499341817659266 0.0088156745747137426 -0.019981420257425934 0.0044438727202061245 0.0063680198674042057 0.0013652823669707494 -0.0018633479684070124 0.0024934627095114089 0.0088894746213929263 0.0019191510093634213 0.010930213744802247 0.0013468715136641936 0.015093108636525297 -0.0266169843583914 -0.016458201617065654 0.0029136598260251644 -0.0046738358033692039 0.00088274558221016538 -0.00211610089794898 0.010436447121998071 0.013359986475551396 0.0024982047400457174 -0.0018198356119893035 -0.04246739774336384 0.021252298336053556
leaf_weight=464.75453192647547 319.11265229899436 28.774469822645187 27.775447227060795 257.81825665198267 167.41083216480911 39.090045692399144 297.8396837329492 93.645474566146731 428.6162807866931 132.25991625897586 183.72741023078561 2081.8927872302011 1484.4312010584399 513.35145009681582 35.801882760599256 195.35414844285697 36.281544834375381 335.2824811944738 14.361472414806483 460.16613919939846 293.07127390708774 959.43812709487975 566.2434048037976 615.70915556978434 33.729215578176081 8.584447695873676 748.43248944822699 28.936751455999911 5.7950092060491434 15.564842015504835
leaf_count=26860 2596 938 1564 5464 7584 1403 6791 2082 5951 2374 3559 19739 22018 11879 494 7470 538 26336 188 21453 8273 5948 4085 3841 2364 556 10509 680 174 69
internal_value=-0.000558784 -0.0068508 0.0015462 -0.00469181 -0.00670541 -0.010746 0.000644461 -0.00270184 -0.000486737 0.00035962 0.00168541 0.000972019 -4.37132e-05 0.00625918 -0.0159172 0.00851013 -0.0139791 0.0127801 -0.000886709 -0.0137972 0.00510947 -0.00226876 0.000532823 0.000232739 -0.000212021 -0.0106946 0.00444353 0.00114738 -0.0119692 0.00156811
internal_weight=10873.3 2726.43 8146.83 2225.87 1615.29 798.927 7218.3 816.362 686.435 171.35 5324.04 4612.6 3566.32 711.44 500.556 928.529 129.927 405.372 198.089 627.577 523.157 1894.26 610.583 934.822 70.0891 36.3599 1046.27 327.803 34.7318 581.808
internal_count=213780 79295 134485 51941 46849 32814 87068 14035 11415 3777 74683 59057 41757 15626 27354 47417 2620 30820 3747 29037 16597 12385 5092 6437 4484 2120 17300 9127 854 4154
cat_boundaries=0 2 4 6 8 10 11
cat_threshold=4278190082 14892 18943107 5696 33555074 101700 1672661129 300481 1660765650 38022 7389184
is_linear=0
shrinkage=0.02


Tree=212
num_leaves=31
num_cat=9
split_feature=13 22 0 26 41 21 24 25 0 0 26 0 25 2 0 23 24 0 0 22 20 23 22 0 20 20 16 22 16 0
split_gain=348.675 181.524 131.399 121.8 61.8871 59.271 65.0581 73.4757 53.2539 50.545 47.8165 41.3848 40.3778 55.7254 40.0768 38.1333 31.8437 53.6007 38.9682 29.1159 86.5273 28.9248 51.9742 28.7229 26.9833 25.4117 29.9587 24.8993 30.8117 29.7624
threshold=1.0000000180025095e-35 0.11818181818181815 0 0.054276175085942506 0.25531389540169019 4.5000000000000009 1.6824618736383445 4.7349668438947559 1 2 0.0056768696609241004 3 1.7812887021222121 0.95297903005573359 4 0.62500000000000011 3.5598214285714289 5 6 0.17045454545454547 -0.099999999999999742 0.37500000000000006 0.25000000000000011 7 -0.59999999999999931 4.7500000000000027 5.3416666666666677 0.17045454545454547 2.5435606060606064 8
decision_type=2 2 1 2 2 8 2 2 1 1 2 1 2 2 1 2 2 1 1 2 2 2 2 1 2 2 8 2 10 1
left_child=1 2 10 4 9 -4 11 -8 12 -2 -1 -7 13 -5 25 19 17 -12 -18 20 -3 22 -21 -23 -16 26 -6 28 -11 -29
right_child=3 15 5 8 14 6 7 -9 -10 27 16 -13 -14 -15 24 -17 18 -19 -20 21 -22 23 -24 -25 -26 -27 -28 29 -30 -31
leaf_value=-0.012828341174729349 0.010467398116305022 -0.011818659198268053 -0.00046125659668786573 -0.00065377795492051053 0.0018646010005602929 -0.00548367738498148 -0.0042916423575630599 -0.01599285149501644 0.012125793220682182 -0.0022112625659830307 -0.00047295410241268043 -0.019292027002264355 0.0047292492230731299 -0.051317816586838323 -0.0071462637468752204 0.012590251864703389 0.011479222547847324 -0.0093853237166258291 -0.0015228662800690596 -0.0077430529914421231 0.0075428721547462886 0.015865602111570693 0.0046786825144970005 0 -0.00069836547427341638 -0.025439041289037404 0.012094268126409844 0.0060055271229744545 0.0082595371931798098 -0.014246736888221416
leaf_weight=171.90897340513766 476.45965293608606 219.29677867144346 209.4288940988481 30.276419285684824 1788.1318254787475 146.37265063729137 621.25799106992781 333.55233401991427 687.67944843042642 198.39633591473103 868.07555164583027 520.7989039812237 257.76189374737442 9.7168242614716274 307.07039490621537 118.67543487809598 131.36544452980161 386.1759599884972 247.040422918275 191.87951119802892 154.07154281437397 104.94072324223816 431.49286404810846 84.561048686504364 1665.2302358169109 9.9735251832753402 120.65129689220339 38.671729591675103 246.58782778121531 63.495858105830848
leaf_count=3338 17218 946 2015 350 22351 4941 13042 10906 29516 2264 8557 29776 8989 96 4270 689 1040 10100 2033 892 639 665 2319 335 17793 133 4690 991 11012 1874
internal_value=-0.000548942 -0.00446858 -0.00676487 0.00273068 0.00143652 -0.0105245 -0.0118731 -0.0084375 0.00914086 0.00580552 -0.0028531 -0.0167002 0.00166965 -0.0161503 0.000278451 0.00191528 -0.00178638 -0.00332718 0.00325427 0.000801444 -0.00377949 0.00293622 0.00080446 0.00972302 -0.00171303 0.00233217 0.00253963 0.00145789 0.00356294 -0.00722181
internal_weight=10841 4940.9 3635.98 5900.1 4914.67 1831.41 1621.98 954.81 985.435 1023.61 1804.57 667.172 297.755 39.9932 3891.06 1304.92 1632.66 1254.25 378.406 1186.24 373.368 812.874 623.372 189.502 1972.3 1918.76 1908.78 547.152 444.984 102.168
internal_count=213780 92233 85748 121547 82596 60680 58665 23948 38951 33359 25068 34717 9435 446 49237 6485 21730 18657 3073 5796 1585 4211 3211 1000 22063 27174 27041 16141 13276 2865
cat_boundaries=0 2 4 6 8 10 11 13 15 17
cat_threshold=9740222 327681 16780678 38738 416671425 84714 64 163920 3803827629 41667 1052588 8393232 65537 320816749 411916 537001990 425985
is_linear=0
shrinkage=0.02


Tree=213
num_leaves=31
num_cat=6
split_feature=39 0 14 21 49 24 26 25 24 27 0 24 0 39 38 16 24 2 25 26 0 24 0 0 25 42 41 26 40 26
split_gain=336.261 125.589 121.465 56.0407 62.465 67.072 51.9101 49.3415 68.2254 48.3548 41.1738 35.6083 36.7342 35.4898 33.8816 32.2712 31.5223 30.154 28.338 27.9974 27.1113 27.0923 37.6316 34.4587 20.4301 17.689 16.5739 16.109 16.0859 14.2281
threshold=1.0000000180025095e-35 0 5.5000000000000009 1.0000000180025095e-35 4.1500000000000012 3.8638114336643752 0.016883707070932154 5.1120831803488551 1.2599120530565169 1.0208072590738426 1 4.037051184110009 2 0.93750000000000011 8.5000000000000018 8.0208333333333339 5.6699670385395544 -0.82298386589365657 7.0914308043246042 1.0000000180025095e-35 3 3.8061363636363641 4 5 4.9711453398307972 14.785714285714288 0.60869565217391342 0.0088061065904975529 4.291666666666667 0.021808284169030454
decision_type=2 1 2 8 2 2 2 2 2 2 1 2 1 2 2 8 2 2 2 2 1 2 1 1 2 2 2 2 2 2
left_child=1 14 6 19 7 17 21 8 -5 -7 13 12 -12 24 -1 20 -9 -6 -13 -3 -4 22 27 28 -8 29 -17 -2 -23 -21
right_child=2 3 15 4 5 9 10 16 -10 -11 11 18 -14 -15 -16 26 -18 -19 -20 25 -22 23 -24 -25 -26 -27 -28 -29 -30 -31
leaf_value=-0.01758586905472545 -0.0067640589284773157 -0.017874143287681273 0.0094025126730842949 -0.0085659251229975586 -0.0059607348612457601 -0.018445145865557528 0.0040361729736822869 -0.019945811153578095 0.0044313854330378429 0.0063021654773468333 -0.0056107934704697285 0.0037278529734180279 0.00048723884230437704 0.011461252258076822 0.0020217948493028706 0.015257271642514515 0.0014080281762307518 -0.016336794755238148 -0.0079997529450742313 -0.0024976536196469243 0.00091682213583491848 -0.003350626696880432 -0.0090612496996053428 0.0026750917531367952 -0.0080601856149738367 0.020784223227923965 -0.0033457771629728955 0.0031910063086408522 -0.02337697088108737 0.0038196183170306872
leaf_weight=450.38739037234336 89.426893232390285 28.08672901801765 343.47356515936553 254.92842499911785 164.58641761355102 38.140392379835248 564.24676329828799 91.5335449911654 428.63554308377206 132.37819915637374 467.60114420577884 1586.2253729114309 2195.7921392554417 280.81693631503731 35.627586139366031 264.53471435420215 36.163749249652028 448.3767425827682 83.150396758690476 257.43448831140995 290.06533939484507 557.59902702458203 411.57033100165427 673.54974274337292 58.196333078667521 15.685987204313276 17.721638184040785 215.36269502807409 14.061369538307188 308.02866936847568
leaf_count=26860 501 938 15709 5464 7584 1403 6259 2082 5951 2374 5400 25894 25389 9078 494 20856 538 21453 1402 1865 10512 3385 2391 5110 719 69 340 1342 198 2220
internal_value=-0.000540473 -0.00666565 0.00148958 -0.00453565 -0.00652527 -0.0105516 0.000612155 -0.00258769 -0.000402952 0.000428399 0.00165375 0.000827212 -0.000600191 0.00551061 -0.0157813 0.00833932 -0.0138519 -0.0136258 0.00311845 0.000572101 0.00573351 -0.00215627 -0.00524845 -0.000353 0.00283999 0.00158506 0.0139963 0.000162421 -0.00392912 0.000910412
internal_weight=10803.4 2689.99 8113.39 2203.98 1594.74 783.482 7197.6 811.261 683.564 170.519 5236.03 4332.77 2663.39 903.26 486.015 915.795 127.697 612.963 1669.38 609.236 633.539 1961.57 716.36 1245.21 622.443 581.149 282.256 304.79 571.66 565.463
internal_count=213780 79295 134485 51941 46849 32814 87068 14035 11415 3777 74141 58085 30789 16056 27354 47417 2620 29037 27296 5092 26221 12927 4234 8693 6978 4154 21196 1843 3583 4085
cat_boundaries=0 2 4 6 8 10 12
cat_threshold=4278190082 14892 2417020936 553 50339842 37890 1995689169 295061 1945126017 359446 3574730917 355615
is_linear=0
shrinkage=0.02


Tree=214
num_leaves=31
num_cat=9
split_feature=13 22 0 26 41 21 24 0 0 26 18 0 0 0 24 0 0 28 44 42 24 26 22 16 0 26 24 40 26 21
split_gain=326.904 172.683 127.117 117.235 59.365 57.3094 64.8419 52.3353 51.2799 46.4828 45.0388 41.6171 41.393 30.6963 30.1043 51.3451 37.1912 27.9864 26.1747 44.2166 26.0534 25.3818 22.5165 31.1725 27.7188 22.059 20.8395 20.1367 19.9107 22.2717
threshold=1.0000000180025095e-35 0.11818181818181815 0 0.054276175085942506 0.24999999999999994 4.5000000000000009 1.6824618736383445 1 2 0.0056768696609241004 2.8750000000000004 3 4 5 3.5598214285714289 6 7 137.00000000000003 32.800000000000004 16.271428571428576 3.2278532226287648 0.082714139879659615 0.16562983746130031 2.5435606060606064 8 0.043829488678504953 3.122833729451377 5.416666666666667 0.029715279138194401 6.5000000000000009
decision_type=2 2 1 2 2 8 2 1 1 2 2 1 1 1 2 1 1 2 2 2 2 2 2 10 1 2 2 2 2 8
left_child=1 2 9 4 8 -4 11 18 -2 -1 -8 -7 17 -3 15 -11 -16 27 20 21 26 -20 23 -10 -24 -19 -5 -6 -14 -30
right_child=3 13 5 7 12 6 10 -9 22 14 -12 -13 28 -15 16 -17 -18 25 19 -21 -22 -23 24 -25 -26 -27 -28 -29 29 -31
leaf_value=-0.012672244172142987 0.01038341245229993 0.0050509753869911736 -0.00045139917418583845 0.00049653337448365585 0.00037702507769899477 -0.0053418728334064655 -0.0072425910107512415 0.012376139472362062 -0.0025249442188794179 -0.00043216330290593422 -0.028401747963838656 -0.019249337089721232 0.00060465058600793964 -0.0010383384057941287 0.01117959179789829 -0.0091988899777397624 -0.0014974205323298032 -0.0077613076832525486 0 0.0097623638327286686 0.010205757225239634 -0.064692035792999189 0.0047790621965273549 0.0084906762059421218 -0.013548196705179405 0.0026128058166933693 -0.028629157313681711 -0.010154164487831211 0.0095229327738379829 0.0022831910740784343
leaf_weight=169.33250227570534 474.59758679289371 619.39728805981576 209.14044700190425 179.57225530222058 1072.5272573903203 144.93532119411975 902.62335743941367 624.41834889631718 183.40751854516566 866.08578864485025 40.41532301902771 504.33716571703553 1408.9975092960522 682.78817614167929 132.30772381834686 380.68310782592744 246.76137750782073 439.78888856992126 4.2059843847528118 9.3215515539050084 142.80219961609691 5.1899351198226213 48.824151656590402 221.81575156655163 66.21008964907378 95.784374076873064 7.3357874406501642 74.754199543967843 249.16233229264617 564.6431548781693
leaf_count=3338 17258 3737 2015 3473 9549 4941 23735 27823 2082 8557 213 29776 15055 2748 1040 10100 2033 4601 92 386 6979 71 1238 10193 1805 1681 127 1827 6589 10718
internal_value=-0.000531861 -0.00434694 -0.00660615 0.00264739 0.00138105 -0.0103447 -0.0116931 0.00898196 0.00573571 -0.00275952 -0.00825773 -0.0165913 0.000263155 0.00187848 -0.00171033 -0.00321768 0.00318139 -0.00208894 0.00236902 -0.0187196 0.00385552 -0.0441137 0.00120106 0.003474 -0.00641926 -0.0058646 -0.000975481 -0.000316469 0.00205346 0.0045511
internal_weight=10772.2 4898.81 3596.62 5873.36 4900.51 1801.45 1592.31 972.846 994.855 1795.17 943.039 649.272 3905.66 1302.19 1625.84 1246.77 379.069 1682.85 348.428 18.7175 329.71 9.39592 520.258 405.223 115.034 535.573 186.908 1147.28 2222.8 813.805
internal_count=213780 92233 85748 121547 82596 60680 58665 38951 32576 25068 23948 34717 50020 6485 21730 18657 3073 17658 11128 549 10579 163 15318 12275 3043 6282 3600 11376 32362 17307
cat_boundaries=0 2 4 6 8 10 12 13 15 17
cat_threshold=9740222 327681 50335110 309074 483780289 84714 64 163920 486806098 482620 3612430429 280482 1052588 8393232 65537 553785350 167936
is_linear=0
shrinkage=0.02


Tree=215
num_leaves=31
num_cat=7
split_feature=38 0 26 0 30 21 0 0 25 25 21 30 0 27 0 25 25 25 25 14 0 26 47 40 26 49 30 16 15 42
split_gain=304.225 123.943 117.925 63.4917 55.843 57.2661 58.2503 53.7393 53.3125 75.3991 50.2232 65.4784 81.0636 77.0717 82.0739 67.4406 45.0692 40.6395 39.9386 34.8545 31.4402 29.7884 29.4354 28.1512 27.3607 27.1553 26.0705 25.4933 25.1208 19.4342
threshold=7.5000000000000009 0 0.054739391581218509 1 4.6741532841584421 9.5000000000000018 2 3 7.0914308043246042 9.0705225733769197 1.0000000180025095e-35 1.2939712078383732 4 0.8743872549019609 5 2.4190113469967502 1.7812887021222121 1.5068434723251902 3.8054347735017191 1.5000000000000002 6 0.022090530794665202 0.92856601579728315 2.7083333333333335 1.0000000180025095e-35 -7.4214285714285699 1.6308394150214214 1.0000000180025095e-35 0.93750000000000011 14.785714285714288
decision_type=2 1 2 1 2 8 1 1 2 2 8 2 1 2 1 2 2 2 2 2 1 2 2 2 2 2 2 10 2 2
left_child=2 27 4 16 5 20 23 8 21 -10 24 12 15 -13 -15 -12 17 -4 -8 -9 28 -6 -19 -7 -3 -14 -22 -2 -1 -26
right_child=1 10 3 -5 7 6 18 19 9 -11 11 13 25 14 -16 -17 -18 22 -20 -21 26 -23 -24 -25 29 -27 -28 -29 -30 -31
leaf_value=-0.001429875394100036 -0.01741787418455578 -0.017805552610958852 -0.0013823741155627347 0.010955566883417504 -0.0038394464698043606 -0.0041643179693726133 0.00088906790010018417 0.0014843166827617771 -0.030786582542389182 0.011716221967039647 0.012172472113289015 -0.019378311906613491 0.0067115098847215305 -0.010476810967045884 0.0010508190989833909 -0.014549378077288946 0.003747319290423707 -0.048465676944146101 -0.0042304952128234107 0.0082748960138236335 -0.0032110309604347011 0.0056782795623165835 0 -0.012838612618522609 0.00089882918075381781 -0.019554247132931399 0.0033543791901216712 0 0.011706670307675691 0.0209565976846517
leaf_weight=72.635281156748533 411.54004275146872 27.419674705713987 38.043019907549024 723.35168036259711 274.07288180384785 435.57464209757745 1962.8202727753669 497.23971680551767 49.06951822899282 21.820427475497127 83.292010873556137 111.1419614488259 14.02488432638347 327.81923018116504 886.83668967615813 64.126486549153924 305.84214155096561 14.779877038672568 878.33137170597911 808.03080427832901 359.98252742085606 246.42216578777879 6.2784392349421969 238.23159594647586 571.5213349852711 304.98662946093827 713.79263474419713 34.339261259883642 237.12772959563881 17.185816988348961
leaf_count=366 25619 938 329 28564 2513 2563 19856 3371 814 589 1788 4152 241 10839 19962 1419 9532 119 7950 22262 4504 7343 77 3314 4122 13694 10390 385 6090 75
internal_value=-0.000523824 -0.00611645 0.00150003 0.00760412 0.000516549 -0.000608461 -0.00196823 0.00342902 -0.0015549 -0.0174887 -0.00423468 -0.00594435 -0.0123862 -0.00364014 -0.00213947 0.000334989 0.000558775 -0.0149134 -0.000686971 0.00566933 0.00282848 0.00063512 -0.0353062 -0.00719773 0.000642491 -0.0177349 0.00112153 -0.0156958 0.00831244 0.00162145
internal_weight=10737.7 2854.23 7883.45 1088.3 6795.15 4898.5 3514.96 1896.66 591.385 70.8899 2408.35 1792.23 466.43 1325.8 1214.66 147.418 364.943 59.1013 2841.15 1305.27 1383.54 520.495 21.0583 673.806 616.127 319.012 1073.78 445.879 309.763 588.707
internal_count=213780 83234 130546 38621 91925 55033 33683 36892 11259 1403 57230 52095 17142 34953 30801 3207 10057 525 27806 25633 21350 9856 196 5877 5135 13935 14894 26004 6456 4197
cat_boundaries=0 2 4 5 7 9 11 12
cat_threshold=4278190080 14892 184552838 300624 8126483 1275301888 346460 65924 131136 16719488 131072 7356416
is_linear=0
shrinkage=0.02


Tree=216
num_leaves=31
num_cat=0
split_feature=13 22 16 49 21 24 24 39 22 28 23 49 22 40 23 22 31 47 21 29 24 41 2 19 42 24 47 16 31 22
split_gain=305.867 164.243 105.921 87.7372 101.04 121.082 57.102 51.9019 51.8451 49.0173 36.5439 31.7839 27.7861 69.8999 27.822 49.508 25.8836 24.3244 24.2704 32.4836 23.9134 23.7099 23.4725 22.8184 22.7461 22.6466 22.2351 21.5339 21.4285 19.7231
threshold=1.0000000180025095e-35 0.11818181818181815 5.0208333333333348 5.1285714285714299 2.5000000000000004 2.737841671994885 0.71763298620883775 0.93750000000000011 0.077293417366946712 55.000000000000007 0.62500000000000011 -10.121428571428568 0.17045454545454547 1.0000000180025095e-35 0.37500000000000006 0.25000000000000011 1.0309897716160625 -3.0795699278869559 12.500000000000002 4.5637962691458887 1.644594226579521 1.1547005383792508 -0.88545602565320969 2.7500000000000004 4.2928571428571436 4.5530781138366292 6.5725963273325059 8.5208333333333339 3.473610456485662 0.30265507518796997
decision_type=2 2 8 2 8 2 2 2 2 2 2 2 2 2 2 2 2 2 8 2 2 2 2 2 2 2 2 10 2 2
left_child=1 3 8 6 16 22 11 -7 26 24 12 -1 13 -3 15 -14 20 -11 23 25 -5 -15 -6 -10 -8 -20 28 -4 -2 -25
right_child=2 10 27 4 5 7 9 -9 18 17 -12 -13 14 21 -16 -17 -18 -19 19 -21 -22 -23 -24 29 -26 -27 -28 -29 -30 -31
leaf_value=0.021684766547410413 0.0029153299301380256 0.015132451927314154 0.0068525845309911375 0.0017917013534383198 -0.010075971877012502 -0.004022210633746269 -0.015867965140453001 -0.046507628914479966 -0.0031025926623595903 -0.0079558931431556838 0.012326886615254939 -0.017141938441086687 -0.0075987243135199924 -0.014654143329186624 0.0095167097943865964 0.0045405154201927506 -0.00012855298594727444 0.00042585249389578728 -0.0018863470978305089 -0.010255393802016215 0.04186043304016783 -0.0031103347622483003 -0.01799939014976221 0.0062659023337499429 -0.0026397209800614451 0.0025861463944538451 -0.012028876254944922 0.014009631131432845 0.007773383426673751 -0.0026471858291241429
leaf_weight=6.014863319694995 1198.3294468512759 61.770665861666203 681.36877915728837 14.820708658546211 226.00758902728558 656.98066954873502 132.00720496475697 8.8555222097784263 196.35238752327859 153.36428892798722 117.94443502835929 140.12250538170338 191.43397360667586 117.72706015966833 188.59798758290708 430.08636837080121 242.71474261209369 1186.5979177691042 1539.5902679618448 145.4882379854098 8.8546678051352483 193.17624604701996 690.02559668011963 524.16304187383503 93.470686752349138 635.86370789725333 29.970439844764769 240.28648163378239 538.38189614377916 117.0591867826879
leaf_count=44 16919 261 31391 125 11303 11890 2299 62 1462 2693 689 4174 892 555 1000 2319 2040 12424 16311 2381 78 769 37658 12105 958 9040 329 18392 11283 1934
internal_value=-0.000515448 -0.00422305 0.0025639 -0.00644519 -0.00946971 -0.0113874 -0.00315663 -0.00482323 0.00139207 -0.00201115 0.00184397 -0.0150057 0.000753236 -0.00372447 0.00284383 0.000750953 0.00184336 -0.00053421 -0.000137164 -0.00119645 0.0205497 -0.00764352 -0.0161055 0.00276813 -0.0105785 -0.000568139 0.00413297 0.00877954 0.00444363 0.00460297
internal_weight=10707.4 4860.57 5846.85 3559.84 1848.26 1581.87 1711.58 665.836 4925.2 1565.44 1300.74 146.137 1182.79 372.674 810.118 621.52 266.39 1339.96 3158.52 2320.94 23.6754 310.903 916.033 837.575 225.478 2175.45 1766.68 921.655 1736.71 641.222
internal_count=213780 92233 121547 85748 63156 60913 22592 11952 71764 18374 6485 4218 5796 1585 4211 3211 2243 15117 43233 27732 203 1324 48961 15501 3257 25351 28531 49783 28202 14039
is_linear=0
shrinkage=0.02


Tree=217
num_leaves=31
num_cat=7
split_feature=39 0 14 21 49 24 0 25 24 26 0 41 38 0 24 0 24 16 0 0 26 41 25 25 32 41 42 22 26 26
split_gain=293.239 120.625 111.281 51.1368 58.8907 65.5827 54.6015 49.0756 64.6081 48.4684 38.5473 38.994 33.5581 32.8663 32.6914 32.6785 31.5106 31.2169 27.2597 26.7553 26.7208 25.1571 16.4676 16.281 18.2898 16.1463 16.1381 15.6649 13.639 12.6136
threshold=1.0000000180025095e-35 0 5.5000000000000009 1.0000000180025095e-35 4.1500000000000012 2.4481024667931695 1 5.1120831803488551 1.2599120530565169 0.016596553965101554 2 0.45738358950897134 8.5000000000000018 3 4.037051184110009 4 5.6699670385395544 8.0208333333333339 5 6 1.0000000180025095e-35 0.28867513459481342 4.9711453398307972 2.9614914616579728 3.7488436413601636 0.60869565217391342 14.785714285714288 0.12499999999999996 0.021808284169030454 0.0060820248065185005
decision_type=2 1 2 8 2 2 1 2 2 2 1 2 2 1 2 1 2 8 1 1 2 2 2 2 2 2 2 2 2 2
left_child=1 12 9 20 7 13 -7 8 -5 19 11 -11 27 -6 15 -12 -9 18 -4 23 -3 -16 -13 -2 -25 -19 28 -1 -22 -21
right_child=2 3 17 4 5 6 -8 16 -10 10 14 22 -14 -15 21 -17 -18 25 -20 29 26 -23 -24 24 -26 -27 -28 -29 -30 -31
leaf_value=-0.01782834649476996 -0.005476574965482651 -0.017751658067569311 0.0093042812366350858 -0.0082436944474148927 -0.0045186320467988607 0.0087411804747389629 -0.0087504589305832121 -0.019907028307458118 0.0045129502151566581 0.010022316671977014 -0.0053828519531263263 0.0029615105030161475 0.0022195554808352104 -0.017878588099780962 0.0065769716610034022 0.00036911370807587952 0.0015694195828513452 0.015021127126714127 0.00077081579738172055 -0.011089471624700909 -0.002387518263170726 0.0012313030483223975 -0.0080237108097972552 0.00032875026447975005 0.0095226167927905322 -0.0034538581898782639 0.019832445161446579 0.012982482319749328 0.0038058557915699948 -0.0036206057504478153
leaf_weight=420.50788069982082 152.70133198052645 26.899857759475708 326.62181768100709 248.67295215092599 132.88144763559103 100.45823498722166 180.26316060125828 89.256621677428484 427.06532276421785 391.92795407213271 468.72587126214057 519.61363486945629 35.304724000394344 341.58215663675219 514.23587756603956 2168.3630525851622 35.879369551315904 253.11991159524769 295.74752730131149 102.62862064503133 256.13448879495263 1150.1486897580326 57.304300667718053 625.4101621909067 98.537847266532481 17.481562515720725 15.934555724263189 3.9337836802005759 307.67533449456096 908.34978572651744
leaf_count=26845 857 938 15500 5464 6197 2217 5760 2082 5951 11362 5422 5129 494 18640 14076 25083 538 20856 10721 712 1865 12968 643 4265 844 340 69 15 2220 5707
internal_value=-0.000507137 -0.00631296 0.00138317 -0.00423722 -0.00617512 -0.0101796 -0.00239454 -0.00235035 -0.00016774 0.000548191 0.00153524 0.00511481 -0.0155166 -0.0146998 0.000707811 -0.000669632 -0.0137006 0.00802972 0.00546545 -0.00219515 0.000637165 0.00290378 0.00180002 0.000360576 0.00164179 0.0137297 0.00161171 -0.0174069 0.000959223 -0.00438584
internal_weight=10673.4 2622.45 8050.92 2162.7 1556.06 755.185 280.721 800.874 675.738 7157.95 5270.32 968.846 459.746 474.464 4301.47 2637.09 125.136 892.971 622.369 1887.63 606.644 1664.38 576.918 876.649 723.948 270.601 579.744 424.442 563.81 1010.98
internal_count=213780 79295 134485 51941 46849 32814 7977 14035 11415 87068 74683 17134 27354 24837 57549 30505 2620 47417 26221 12385 5092 27044 5772 5966 5109 21196 4154 26860 4085 6419
cat_boundaries=0 2 4 6 8 10 12 14
cat_threshold=4278190082 14892 8404992 259 2953891848 553 38912 132304 50339842 37890 1962134745 295061 1659717074 38022
is_linear=0
shrinkage=0.02


Tree=218
num_leaves=31
num_cat=3
split_feature=13 26 24 49 21 26 41 1 24 25 27 21 42 40 25 1 21 24 20 26 40 25 24 16 24 24 43 1 39 31
split_gain=286.694 108.541 86.3575 112.048 78.185 72.7768 55.1645 48.0742 67.9909 65.7939 45.9473 50.5807 37.7038 35.9741 31.5073 72.8668 30.4867 32.8435 29.137 26.7319 27.381 25.481 68.53 23.6371 22.0682 21.6508 21.253 21.109 20.8384 18.9299
threshold=1.0000000180025095e-35 0.054276175085942506 2.737841671994885 9.5357142857142883 1.0000000180025095e-35 0.011859916494805103 0.24999999999999994 0 1.644594226579521 1.6761543611374872 1.0208072590738426 1.0000000180025095e-35 7.5357142857142874 2.7083333333333335 7.0914308043246042 1 9.5000000000000018 4.5530781138366292 -0.59999999999999931 0.022090530794665202 1.0000000180025095e-35 2.7784219526305605 1.433560924369748 8.0208333333333339 1.2723875432525953 6.4928892733564023 13.850000000000003 2 0.61250000000000016 1.744671276204252
decision_type=2 2 2 2 8 2 2 1 2 2 2 8 2 2 2 1 8 2 2 2 2 2 2 8 2 2 2 1 2 2
left_child=2 6 3 5 -5 -1 13 9 -9 -7 11 12 -4 28 19 -16 24 18 -18 27 -21 22 -6 25 -8 -3 -27 -12 -2 -30
right_child=1 23 10 4 21 7 16 8 -10 -11 14 -13 -14 -15 15 -17 17 -19 -20 20 -22 -23 -24 -25 -26 26 -28 -29 29 -31
leaf_value=-0.014523011610595569 0.012612163836741987 0.0073433911279523582 -0.0054561366235474033 0.0034059267374438348 -0.01825679041859354 0.021815714305215766 -0.0034821659124995531 -0.010099286038307483 0.0014614810775521576 -0.00037981679394945739 0.0057670246884537592 -0.019632131071344323 0.028010378575773986 0.0088463329408677936 0.010069197685393366 -0.014023933983349312 -0.0087351616367467282 0.0022170664647234713 -0.001414932020931654 0.012230464143930881 0.0017708682542664912 -0.019019407935288217 0.00066593468638479467 0.014687644279698002 0.0042475237451703503 0.0033358123798776598 -0.043556614890246252 -0.0024790738704395139 -0.01225505713493877 0.0010879769954230223
leaf_weight=222.39017025008798 51.628134078346193 729.75844095274806 57.223941370844841 99.450307125225663 189.7162580229342 54.495966276153922 170.43171409144998 527.17859499622136 324.67212313693017 733.30868138093501 129.75886272825301 103.61959941592067 14.246934764087198 555.81086581386626 60.992921430617571 158.61180541478097 250.45376065094024 902.87566075287759 1641.7423208151013 119.14511105418205 606.28953876160085 366.39935196936131 123.37469496950507 208.80626847222447 927.08566061593592 6.5465909494087082 3.7489349730312824 931.46814839635044 45.640738528221846 327.57111448049545
leaf_count=4763 1123 22382 417 753 12006 707 2328 16194 6204 6614 1157 4186 87 26729 860 3217 2925 13804 14585 1410 3390 20724 2278 16207 16378 253 109 7266 406 4318
internal_value=-0.000498826 0.00248572 -0.00410558 -0.00653758 -0.0129051 -0.00384668 0.00127349 -0.00236257 -0.00561431 0.00119212 -0.00114704 -0.0108859 0.00180612 0.00550598 -0.000272175 -0.00737461 0.000198653 -0.000905185 -0.00240669 0.000600533 0.0035595 -0.0153262 -0.0108014 0.00866698 0.0030228 0.00688889 -0.0182103 -0.0014077 0.00105773 -0.000575317
internal_weight=10644.4 5822.1 4822.34 2640.99 778.941 1862.05 4873.24 1639.66 851.851 787.805 2181.36 175.09 71.4709 980.651 2006.27 219.605 3892.59 2795.07 1892.2 1786.66 725.435 679.49 313.091 948.86 1097.52 740.054 10.2955 1061.23 424.84 373.212
internal_count=213780 121547 92233 70243 35761 34482 82596 29719 22398 7321 21990 4690 504 32576 17300 4077 50020 31314 17510 13223 4800 35008 14284 38951 18706 22744 362 8423 5847 4724
cat_boundaries=0 1 2 3
cat_threshold=22 2180 640
is_linear=0
shrinkage=0.02


Tree=219
num_leaves=31
num_cat=8
split_feature=39 0 14 21 0 26 25 30 24 24 26 23 21 25 0 44 41 0 0 26 0 24 26 38 0 28 25 21 26 0
split_gain=273.26 117.449 105.568 51.5354 56.8726 45.8244 42.7461 65.116 52.0681 39.1669 42.9472 37.6387 35.2468 37.9853 33.26 39.8579 30.6318 33.2563 28.3548 25.9498 25.6754 21.2931 22.5123 20.2542 19.0652 18.7422 17.734 25.4886 15.963 15.6198
threshold=1.0000000180025095e-35 0 5.5000000000000009 1.0000000180025095e-35 1 0.016596553965101554 5.1120831803488551 1.4738793726893553 5.6699670385395544 3.918767507002801 0.018414145170253551 0.87500000000000011 16.500000000000004 6.736241822416539 2 32.800000000000004 0.28005601680560216 3 4 1.0000000180025095e-35 5 5.2738440027963653 0.09218312215038961 8.5000000000000018 6 105.00000000000001 7.0914308043246042 5.5000000000000009 0.035497313153316959 7
decision_type=2 1 2 8 1 2 2 2 2 2 2 2 8 2 1 2 2 1 1 2 1 2 2 2 1 2 2 10 2 1
left_child=1 23 5 19 9 20 7 -6 -8 -5 -11 12 24 -14 15 -13 17 21 -18 -3 25 22 -4 -1 -7 29 -20 -28 -16 -2
right_child=2 3 16 4 6 11 8 -9 -10 10 -12 14 13 -15 28 -17 18 -19 26 -21 -22 -23 -24 -25 -26 -27 27 -29 -30 -31
leaf_value=-0.017900647817070452 0.0094802359552707202 -0.017678640573895885 -0.020480895383891685 -0.01437590851947191 -0.0067125624920300079 0.0083634714561666539 -0.019982705007856254 0.0040436371226817407 0.0038154610154940405 -0.0093677964503809368 0.01614905874498335 0.0011594147448053317 0.00019454788965841862 -0.013275608284446506 0.0049893103985203099 -0.032839983423022696 0.010424616434699489 0.014671598348924217 0.0023632692220823593 0.0016090978115765142 -0.0042928637724354421 0.0097486095208985362 0.012934118906233303 0 0.002203297702208255 -0.0017070546503083347 -0.002063871872488895 -0.042189177699444046 0.012427264794193586 0.00015398490762400733
leaf_weight=356.29584621172398 122.30387390684336 26.230584468692541 26.934377053752542 426.23809939902276 468.56327055487782 288.13397177681327 114.14338012225926 426.03198522143066 50.49377328902483 78.507873963564634 35.88168584741652 183.20510626211762 3454.2895408859476 82.788644433952868 260.01818794105202 11.847741574048994 185.84844146575779 310.11288588307798 284.5687486929819 579.19198610261083 1010.6217489270493 31.392870474606752 7.944168751128017 27.730270199477673 738.5431942101568 578.79300403874367 28.227832604199648 5.808647488243877 237.48580940812826 174.35410689376295
leaf_count=23909 936 938 1564 22795 12240 6791 3273 7846 805 2196 752 3616 40572 1185 5012 131 7470 26336 8273 4154 6419 2364 556 387 10509 3579 680 174 6867 1451
internal_value=-0.000490551 -0.00613725 0.00133091 -0.00426166 -0.00616 0.000520812 -0.00330832 -0.00157147 -0.0126269 -0.0113909 -0.000985152 0.00148256 0.000816359 -0.000126067 0.00582145 -0.00120984 0.007853 0.0121891 0.00452542 0.000657515 -0.00214701 -0.00121415 -0.0119205 -0.0162107 0.00407351 0.000358388 0.000613749 -0.0123143 0.00846391 0.00444361
internal_weight=10612.5 2589.31 8023.22 2205.28 1599.86 7142.38 1059.23 894.595 164.637 540.628 114.39 5256.31 4563.76 3537.08 692.557 195.053 880.838 376.384 504.454 605.423 1886.07 66.2714 34.8785 384.026 1026.68 875.451 318.605 34.0365 497.504 296.658
internal_count=213780 79295 134485 54999 49907 87068 24164 20086 4078 25743 2948 74683 59057 41757 15626 3747 47417 30820 16597 5092 12385 4484 2120 24296 17300 5966 9127 854 11879 2387
cat_boundaries=0 2 4 6 8 10 12 13 15
cat_threshold=4278190080 14380 16713795 658 18943107 5696 33555074 101700 1672661129 300481 1659717074 38022 7389184 1075855696 5126
is_linear=0
shrinkage=0.02


Tree=220
num_leaves=31
num_cat=7
split_feature=39 0 14 21 0 31 24 26 0 24 26 16 24 0 25 2 24 0 0 26 38 0 26 16 25 26 42 3 40 26
split_gain=264.151 115.818 102.442 49.9364 55.7035 45.7474 45.8865 44.2842 44.9837 38.6122 41.1701 30.4964 29.6831 37.1928 29.2506 39.9248 34.7935 26.6046 26.0694 25.3594 20.1245 17.9102 17.7495 16.8657 16.8031 16.2968 15.3357 14.1091 13.7981 12.7879
threshold=1.0000000180025095e-35 0 5.5000000000000009 1.0000000180025095e-35 1 1.0309897716160625 0.95955882352941191 0.026842571982499702 2 3.918767507002801 0.018414145170253551 8.0208333333333339 4.1120837223778404 3 7.0914308043246042 -0.82298386589365657 4.6876065643648772 4 5 1.0000000180025095e-35 8.5000000000000018 6 0.0096078023767136502 1.9226190476190481 6.0374288056596823 0.043829488678504953 14.785714285714288 -0.46472317204376873 4.1250000000000009 0.022090530794665202
decision_type=2 1 2 8 1 2 2 2 1 2 2 8 2 1 2 2 2 1 1 2 2 1 2 10 2 2 2 2 2 2
left_child=1 20 7 19 9 -6 -7 12 24 27 -11 17 13 22 16 -16 -10 -4 -14 -3 -1 25 -2 -15 -9 -13 29 -5 -20 -21
right_child=2 3 11 4 5 6 -8 8 14 10 -12 21 18 23 15 -17 -18 -19 28 26 -22 -23 -24 -25 -26 -27 -28 -29 -30 -31
leaf_value=-0.017854808079292395 -0.0060138067533568517 -0.017628929411655968 0.0090598165087176479 -0.018019978895123336 -0.019255334876641255 -0.011497063460164809 -0.00016480031815643121 0.0079083658270684195 0.00045142291067345677 -0.0092598653743618878 0.015646009648240689 -0.016440879658257933 0.0036526365536305302 -0.0036497279336507663 -0.03291158048413579 0.002310919076088764 0.0068434815422660856 0.00058736577625281687 -0.00054877590201279783 -0.0022944808587217237 0 0.016416178441941903 0.0030883237082040492 -0.010205413955979748 -0.011433458469323195 0.0072836897226213919 0.01926679131982742 -0.010021040990533841 -0.0095553352023858337 0.0037012225928794041
leaf_weight=350.13600858394057 100.11397435516119 25.791336325928569 319.95546097680926 216.33659575879574 64.537807053886354 171.09758245386183 820.23179015889764 561.89995850529522 2412.8917676610872 77.875855540856719 36.385905170813203 10.947977419011293 749.30258329026401 1134.7698969766498 20.719609828665853 25.252993730828166 395.52453011739999 293.04775527026504 980.0232734484598 256.82428274489939 27.730270199477673 190.56214075256139 482.81440391298383 186.89274832606316 15.179786135442553 60.004827686585486 16.084685832262039 204.21548073366284 70.836912541650236 306.79419663362205
leaf_count=23909 598 938 15500 12907 2304 5664 16196 12175 34751 2196 752 712 7634 6621 197 512 9325 10721 7768 1875 387 15947 3814 1854 310 4537 69 9888 1509 2210
internal_value=-0.000481642 -0.00605282 0.00130761 -0.00419558 -0.00607359 -0.00325367 -0.00216958 0.00051144 0.00214942 -0.0112842 -0.000960819 0.00775777 -0.00100083 -0.0027418 0.00108898 -0.0141989 0.00136511 0.0052212 0.000831549 0.000641905 -0.0161426 0.0135013 0.00144354 -0.0045783 0.00718475 0.00249653 0.00157568 -0.0142815 -0.00118906 0.000936177
internal_weight=10584.8 2574.04 8010.74 2196.18 1590.68 1055.87 991.329 7136.22 3431.47 534.814 114.262 874.518 3704.75 1904.59 2854.39 45.9726 2808.42 613.003 1800.16 605.495 377.866 261.515 582.928 1321.66 577.08 70.9528 579.703 420.552 1050.86 563.618
internal_count=213780 79295 134485 54999 49907 24164 21860 87068 57270 25743 2948 47417 29798 12887 44785 709 44076 26221 16911 5092 24296 21196 4412 8475 12485 5249 4154 22795 9277 4085
cat_boundaries=0 2 4 6 8 10 12 14
cat_threshold=4278190080 14380 16713795 658 3222327304 2185 3840950272 422930 1962134745 295061 2314060604 32866 269025603 100668
is_linear=0
shrinkage=0.02


Tree=221
num_leaves=31
num_cat=1
split_feature=13 22 26 1 24 25 24 41 18 26 23 16 21 24 24 21 42 22 30 39 22 23 16 24 25 24 24 44 18 26
split_gain=260.992 148.232 102.675 83.3083 78.6853 60.5484 57.937 52.0716 40.2567 39.965 35.1532 32.0574 28.7531 30.9664 28.7521 28.4691 50.0251 28.1233 27.6336 27.1169 60.9444 26.8942 22.8547 21.4791 21.3831 71.0462 21.1212 22.277 18.8036 16.917
threshold=1.0000000180025095e-35 0.11818181818181815 0.054276175085942506 0 1.6824618736383445 4.6489437953667769 4.3800551470588251 0.24999999999999994 0.62500000000000011 0.010121075296461701 0.62500000000000011 2.2958333333333338 9.5000000000000018 4.5530781138366292 4.449898190045249 2.5000000000000004 4.6071428571428585 0.16562983746130031 0.51849824683371104 0.22500000000000003 0.17045454545454547 0.37500000000000006 8.0208333333333339 1.2723875432525953 2.8925851473350552 1.2599120530565169 6.4928892733564023 28.950000000000003 1.1250000000000002 0.022714891796077503
decision_type=2 2 2 1 2 2 2 2 2 2 2 8 8 2 2 8 2 2 2 2 2 2 8 2 2 2 2 2 2 2
left_child=1 3 7 9 24 8 -7 11 -6 -1 19 -2 23 14 -14 18 -17 -13 -11 -3 28 -22 26 -9 25 -5 -4 -28 -21 -25
right_child=2 10 22 4 5 6 -8 12 -10 15 -12 17 13 -15 -16 16 -18 -19 -20 20 21 -23 -24 29 -26 -27 27 -29 -30 -31
leaf_value=-0.0094850594299721105 0.00046885745647735726 0.0090521848181054562 0.0071593274625332218 -0.016108574761880788 0.00058880529485143393 -0.020067146109084281 -0.0043868068137202293 -0.0035044148179983344 -0.011853059716367525 0.027665169556604488 0.012128975105610821 0.010438360608930514 -0.0017475878229406445 0.0021311469841850303 -0.012506953735890955 -0.00081686636484758993 -0.011396234118026472 0.00022834479332390845 0.0015576192723272928 -0.0047400470360633292 0.0004286066930434372 0.0091787818352784857 0.014484042551811904 0.0015367790607669421 -0.018732636001934058 0.002324575644771136 0.00054261352741450471 -0.049682167443717992 -0.016407624511904355 0.0070386077973340986
leaf_weight=303.3420484540984 353.37411390058696 135.98261947929859 720.75275704544038 309.38460375089198 520.90288745239377 181.34105111192912 205.68350439332426 170.19954523351043 126.14973712898791 14.015596767887471 117.30162425525486 471.98090541455895 1790.4698670068756 899.30002176947892 103.24774593207985 732.39363828767091 235.90407140273601 145.04240865819156 445.97879815846682 213.69924297183752 564.99034363403916 186.6062690038234 201.73773667495698 493.14878197852522 288.19987211097032 110.8256267812103 7.9828767497092468 2.3663987945765257 78.085437629371881 428.05005572270602
leaf_count=5119 4178 552 22382 17446 11575 8767 3511 2328 544 205 689 22892 16544 13804 966 9201 8220 5506 2346 862 2992 993 16207 5641 14095 4719 292 70 397 10737
internal_value=-0.000473445 -0.0039371 0.00237877 -0.00609077 -0.00917091 -0.0056476 -0.011883 0.00120389 -0.00184961 -0.0028997 0.0018185 0.005341 0.000161895 -0.000908488 -0.0023636 -0.00149043 -0.00344212 0.00808329 0.00257039 0.000747918 -0.000338103 0.00265546 0.00844841 0.00291439 -0.0143692 -0.0112178 0.00670333 -0.0180276 -0.00806549 0.00412948
internal_weight=10558.4 4770.79 5787.65 3474.12 1742.49 1034.08 387.025 4854.81 647.053 1731.63 1296.67 970.397 3884.42 2793.02 1893.72 1428.29 968.298 617.023 459.994 1179.36 1043.38 751.597 932.84 1091.4 708.41 420.21 731.102 10.3493 291.785 921.199
internal_count=213780 92233 121547 85748 60657 24397 12278 82596 12119 25091 6485 32576 50020 31314 17510 19972 17421 28398 2551 5796 5244 3985 38951 18706 36260 22165 22744 362 1259 16378
cat_boundaries=0 1
cat_threshold=23
is_linear=0
shrinkage=0.02


Tree=222
num_leaves=31
num_cat=10
split_feature=13 22 0 16 21 24 25 0 22 0 0 0 23 20 27 24 0 0 0 22 39 22 22 13 0 41 31 44 2 0
split_gain=251.642 143.367 113.407 93.0151 51.5601 63.5926 72.5304 50.2835 48.6751 50.8081 43.9161 43.0349 33.9383 28.3457 27.9584 38.6201 51.9575 48.3104 33.1662 26.4619 34.3044 40.6219 19.4846 32.1708 23.2972 19.2171 18.1408 27.2448 17.015 16.2273
threshold=1.0000000180025095e-35 0.11818181818181815 0 5.0208333333333348 4.5000000000000009 1.6824618736383445 4.7349668438947559 1 0.077293417366946712 2 3 4 0.62500000000000011 -0.49999999999999989 1.0208072590738426 3.5598214285714289 5 6 7 0.37524766899766909 0.22500000000000003 0.17045454545454547 0.30441745754245758 7.5000000000000009 8 0.45756572334974271 0.95198490658792256 28.450000000000003 0.78574730703237894 9
decision_type=2 2 1 8 8 2 2 1 2 1 1 1 2 2 2 2 1 1 1 2 2 2 2 2 1 2 2 2 2 1
left_child=1 2 14 8 26 10 -7 -5 11 -10 -6 -2 19 25 18 16 -16 -17 -1 20 -3 -22 24 -24 -11 -13 27 -4 -28 -21
right_child=3 12 4 7 5 6 -8 -9 9 22 -12 13 -14 -15 15 17 -18 -19 -20 29 21 -23 23 -25 -26 -27 28 -29 -30 -31
leaf_value=0.0014594682847459933 0.00063075354931297831 0.0091122849527461112 0.030072597363657187 0.0021353406515730714 -0.0045664964953394836 -0.0034691297628200186 -0.015473716844684989 0.012129618163761235 0.0032203113821598984 -0.0046537773030048803 -0.019097132738117115 0.0042900841684919517 0.011934090028705872 0.0081712861749808213 -0.0004827806750950565 0.010658851048415218 -0.0093488000086727405 -0.0032687201380645443 -0.017370779012730226 -0.0023319743243521767 -0.0079154729676796133 0.0011077725953420026 -0.0048535553461733424 -0.041319726972592764 0.0005565262692020206 -0.014424230844903491 0.00331205550309434 -0.0088092705831570601 -0.00861606877676231 0.011906709906150521
leaf_weight=61.535268091596663 854.05821852572262 128.63917818665504 14.673028709366919 358.04476707056165 137.46228918991983 597.12935676518828 307.48868997488171 527.64553770888597 1092.8666101768613 479.9887564573437 450.18033625278622 45.752410882152617 116.88603693246841 810.68587304931134 855.19776597712189 191.17040887475014 377.15240269526839 185.34562651626766 87.060026301071048 41.55268644541502 291.57457395642996 608.43385517410934 451.61728001665324 7.1425144039094439 1110.650019288063 35.880001846700907 91.673472033813596 9.2740515209734422 91.308466285467148 108.65851881913841
leaf_count=831 12763 522 131 15968 4941 13042 10906 33815 16521 5102 29776 1203 689 14223 8939 1372 10608 1500 1818 217 1259 3251 4358 157 17095 342 667 87 1130 547
internal_value=-0.000465765 -0.00387461 -0.00600134 0.00233688 -0.00966861 -0.0110207 -0.0076093 0.00829325 0.00124924 -0.000233138 -0.0161731 0.00392374 0.00178421 0.00695578 -0.00236552 -0.00158743 -0.00330805 0.00397318 -0.010616 0.00073317 -0.000402108 -0.00180991 -0.00209199 -0.00572938 -0.00103469 -0.00391886 -0.000265118 0.0149682 -0.00257554 0.00849375
internal_weight=10526.7 4752.4 3456.65 5774.33 1699.19 1492.26 904.618 885.69 4888.64 3142.27 587.643 1746.38 1295.74 892.318 1757.46 1608.87 1232.35 376.516 148.595 1178.86 1028.65 900.008 2049.4 458.76 1590.64 81.6324 206.929 23.9471 182.982 150.211
internal_count=213780 92233 85748 121547 60680 58665 23948 49783 71764 43233 34717 28531 6485 15768 25068 22419 19547 2872 2649 5796 5032 4510 26712 4515 22197 1545 2015 218 1797 764
cat_boundaries=0 2 4 6 8 10 11 13 14 16 18
cat_threshold=9740222 327681 117973730 126292 2687584129 33657 64 163920 555884453 418616 1052588 8426258 65537 1349760 352321554 267270 954536480 258
is_linear=0
shrinkage=0.02


Tree=223
num_leaves=31
num_cat=8
split_feature=13 22 0 26 0 0 21 24 25 15 0 26 22 25 2 23 24 43 24 0 0 20 22 39 22 0 43 26 31 0
split_gain=242.745 138.846 110.723 98.7198 52.1692 51.2874 50.55 63.4036 71.3198 44.1282 43.917 43.27 34.0497 33.2767 54.4399 32.7496 29.9593 27.5434 26.6634 45.7624 33.8347 26.6205 25.5327 32.9573 37.9175 23.8834 22.0296 19.3543 25.307 22.8243
threshold=1.0000000180025095e-35 0.11818181818181815 0 0.054276175085942506 1 2 4.5000000000000009 1.6824618736383445 4.7349668438947559 4.3125000000000009 3 0.0056768696609241004 0.066666666666666666 1.7812887021222121 0.95297903005573359 0.62500000000000011 2.0562834224598938 3.5000000000000004 3.5598214285714289 4 5 4.4000000000000012 0.37524766899766909 0.13392857142857145 0.17045454545454547 6 4.7500000000000009 0.014280261795293602 3.0676787861175532 7
decision_type=2 2 1 2 1 1 8 2 2 2 1 2 2 2 2 2 2 2 2 1 1 2 2 2 2 1 2 2 2 1
left_child=1 2 11 4 9 13 -4 10 -9 17 -8 -1 16 14 26 22 -6 -2 19 -13 -20 -11 23 -3 -25 -18 -5 29 -29 -14
right_child=3 15 6 5 12 -7 7 8 -10 21 -12 18 27 -15 -16 -17 25 -19 20 -21 -22 -23 -24 24 -26 -27 -28 28 -30 -31
leaf_value=-0.012150424721531447 0.0061870534427794447 0.0090342145890303406 -0.00025409870678364514 -0.026116748556958426 -0.0059291320883569565 0.011778123726246726 -0.0045007690022027588 -0.0034084523435417135 -0.015368588864697399 0.011845892550213202 -0.019068110700207683 -0.009378772924898672 -0.012483383727988318 0.0043462810158931301 -0.048063176989718528 0.011742250294956137 -0.00065105741952592401 0.00064013145844104668 0.010864046343257959 -0.00045860679129587281 -0.0012371946672438451 -0.026324130817300766 0.0083509339833037297 -0.0076549391695101996 0.0010538822286085005 0.0064914433822173745 0.0076775298078532441 0.0012664973183456221 -0.0037266817277681976 -0.0015383017471928572
leaf_weight=160.61398398038 525.44465334434062 126.14758355915546 206.88190715201199 7.1750823445618144 138.00956684257835 585.31618768069893 136.87614634819329 595.67252620495856 303.46136591210961 281.42269727122039 441.95066606160253 298.89445652626455 132.26946221850812 290.20553212519735 10.243767030537127 116.47295999713242 284.69880192633718 1143.81995313894 133.14076467230916 917.26699078641832 244.01734014414251 4.4436923544853917 149.96879572048783 292.02720507793128 609.99026289768517 522.17195325251669 28.753404708579183 825.40525220800191 786.77009204402566 196.62791175488383
leaf_count=3338 7897 512 2015 83 1575 27823 4941 13042 10906 16863 29776 8365 705 10616 96 689 4618 15553 1040 10292 2033 119 764 1263 3257 9267 333 11022 13691 1286
internal_value=-0.000458587 -0.00381489 -0.00591655 0.00229527 0.00114596 0.00828696 -0.00956117 -0.0109119 -0.0075049 0.00365673 -0.0161038 -0.00232612 -0.00056083 0.0017055 -0.0133915 0.00175297 0.00253635 0.0024061 -0.00131685 -0.00276568 0.00328732 0.0109161 0.000721158 -0.000393389 -0.00175952 0.0040256 -5.01524e-05 -0.00208324 -0.00116028 -0.00649576
internal_weight=10496.2 4733.38 3438.78 5762.78 4841.08 921.694 1684.84 1477.96 899.134 1955.13 578.827 1753.93 2885.95 336.378 46.1723 1294.61 944.88 1669.26 1593.32 1216.16 377.158 285.866 1178.13 1028.17 902.017 806.871 35.9285 1941.07 1612.18 328.897
internal_count=213780 92233 85748 121547 82596 38951 60680 58665 23948 40432 34717 25068 42164 11128 512 6485 15460 23450 21730 18657 3073 16982 5796 5032 4520 13885 416 26704 24713 1991
cat_boundaries=0 2 4 6 8 10 12 14 16
cat_threshold=9740222 327681 3773949069 33507 50335110 309074 64 163920 8425490 327681 8393232 65537 16912672 262424 469768240 264476
is_linear=0
shrinkage=0.02


Tree=224
num_leaves=31
num_cat=7
split_feature=13 26 24 0 0 0 16 0 26 25 0 0 28 15 24 25 49 25 0 24 26 43 20 27 44 49 25 21 44 16
split_gain=234.083 95.8552 76.5272 172.538 58.4382 51.1381 50.9857 50.3117 50.0062 52.1397 87.0834 55.5031 45.7902 43.0699 42.3458 39.1502 38.7154 31.5037 49.4619 30.1285 27.2981 26.6356 25.895 25.8771 27.6409 63.3642 27.5455 25.1335 29.286 25.0711
threshold=1.0000000180025095e-35 0.054276175085942506 2.4772058823529419 0 1 2 1.0000000180025095e-35 3 0.016596553965101554 2.18118409169728 4 5 63.500000000000007 4.3125000000000009 2.2355481283422463 6.736241822416539 2.9357142857142859 1.7812887021222121 6 3.8061363636363641 0.029561139873942901 3.5000000000000004 4.4000000000000012 1.0208072590738426 29.150000000000002 8.7500000000000018 8.0511516332111182 1.0000000180025095e-35 26.850000000000005 1.0773809523809526
decision_type=2 2 2 1 1 1 10 1 2 2 1 1 2 2 2 2 2 2 1 2 2 2 2 2 2 2 2 8 2 10
left_child=2 7 3 8 23 17 14 13 -1 10 -10 -11 -6 21 -5 -14 -16 18 29 -9 -21 -2 -15 27 26 -26 -25 28 -4 -3
right_child=1 5 4 6 12 -7 -8 19 9 11 -12 -13 15 22 16 -17 -18 -19 -20 20 -22 -23 -24 24 25 -27 -28 -29 -30 -31
leaf_value=-0.009457608806735943 0.0060915079401711739 -0.010856253886075052 0.026464451161587209 -0.018594677762229641 -0.012340615629388653 0.012123334827697865 -0.0053631188423759538 -0.0030337535572974687 0.016236712367863847 0.0017987954992353197 -0.0057445576058153189 -0.0076744181771632456 -0.00086406220950825034 0.01174381607257456 0.032524778398107496 -0.01179987001990257 -0.0078933212986223005 0.0046584925208052576 0.0063419371996588708 -0.00070287824228287778 0.0045677315100706292 0.0006276494187989303 -0.025639924401955443 0.0034297952947596961 0.0076965372041678404 0.057905043368187303 -0.012284162497025949 -0.01851568232355395 -0.007673170115255235 -0.058155591025588614
leaf_weight=309.51994629018009 523.0835996363312 11.348273783922197 11.680855348706244 539.3357813693583 206.44898215867579 530.37850900460035 219.51899973489344 1166.7490226980299 156.47919348813593 516.45008156169206 117.68875088077039 453.58844552468508 1104.0967503935099 278.24956906866282 8.654771449044345 146.60179408825934 47.671099574305117 332.27456624154001 30.626131857745349 1122.277655637823 597.58135657105595 1143.300740099512 4.5499957371503106 642.90453629940748 113.24477014411241 8.4644841328263265 44.571590550243855 39.641982331871986 28.062284674495459 10.074636479839681
leaf_count=5698 7897 95 85 31443 4758 25758 1257 12518 2577 7637 3275 10901 9382 16863 191 3056 2277 12583 389 12638 17008 15553 119 5586 1195 103 1078 1520 214 126
internal_value=-0.000451977 0.00225378 -0.0037558 -0.00629111 -0.00118214 0.00818346 -0.0136671 0.00112365 -0.00228698 -0.000486998 0.00714742 -0.0026807 -0.00363679 0.00359471 -0.0168801 -0.00218703 -1.50762e-05 0.00227124 -0.0116161 -0.000550546 0.0011216 0.00236262 0.0108095 0.00282852 0.00395166 0.0126577 0.00233309 -0.00776076 0.00304551 -0.027195
internal_weight=10465.1 5750.49 4714.63 2368.91 2345.72 914.702 815.181 4835.79 1553.73 1244.21 274.168 970.039 1457.15 1949.18 595.662 1250.7 56.3259 384.324 52.049 2886.61 1719.86 1666.38 282.8 888.571 809.185 121.709 687.476 79.3851 39.7431 21.4229
internal_count=213780 121547 92233 65256 26977 38951 35168 82596 30088 24390 5852 18538 17196 40432 33911 12438 2468 13193 610 42164 29646 23450 16982 9781 7962 1298 6664 1819 299 221
cat_boundaries=0 2 4 6 8 10 12 14
cat_threshold=8231917 378064 59176212 395523 50597254 374610 3773949069 33507 824197 98368 1051496 279568 16780288 360960
is_linear=0
shrinkage=0.02


Tree=225
num_leaves=31
num_cat=5
split_feature=13 26 24 0 0 16 0 41 0 26 21 3 28 24 49 0 42 31 50 44 44 2 24 44 42 26 24 43 28 26
split_gain=225.561 93.0775 74.2202 168.983 56.3059 51.0417 49.522 48.5726 49.8424 48.4627 45.8537 78.3073 44.5457 42.1327 37.0042 35.4376 23.861 22.198 25.6874 27.6394 25.0583 60.2122 24.7097 21.2057 38.587 22.664 21.6182 23.061 19.6378 23.9121
threshold=1.0000000180025095e-35 0.054276175085942506 2.4772058823529419 0 1 1.0000000180025095e-35 2 0.24999999999999994 3 0.016596553965101554 1.0000000180025095e-35 -0.29696027566504651 63.500000000000007 2.2355481283422463 2.9357142857142859 4 14.714285714285717 0.95198490658792256 1.6000000000000003 26.450000000000003 29.150000000000002 0.78574730703237894 2.737841671994885 32.800000000000004 16.271428571428576 0.071155205042118155 0.9987745098039218 0.15000000000000005 137.00000000000003 0.043829488678504953
decision_type=2 2 2 1 1 10 1 2 1 2 8 2 2 2 2 1 2 2 2 2 2 2 2 2 2 2 2 2 2 2
left_child=2 7 3 9 17 13 23 8 -2 16 -11 -12 -6 -5 -15 28 -1 18 19 -4 22 -22 -19 26 25 -25 27 -3 -9 -30
right_child=1 6 4 5 12 -7 -8 15 -10 10 11 -13 -14 14 -16 -17 -18 20 -20 -21 21 -23 -24 24 -26 -27 -28 -29 29 -31
leaf_value=-0.011323992866349662 0.0098331827029945768 -0.042272349902098591 0.031607332809978163 -0.018547804264530617 -0.012197726826780299 -0.0052622931317721109 0.010863090377369093 -0.00057451804762862586 0.00063995527301676349 0.0057329422656481185 -0.01709579533107872 -0.00039321150091893445 -0.0021467728290984886 0.031449448095544383 -0.0077955445075831359 0.0017982754228041504 0.005607577961626432 -0.010211506828600414 -0.014611394732178984 -0.0098912208175161997 0.05547554667314647 0.0071778440597896932 0.0033763682038329642 0 0.0091673794283609628 -0.056738271853423665 0.0041040539947149535 -0.00017406368608486415 -0.0071737990262357278 0.0036310100623988956
leaf_weight=273.12125272117555 452.30333384126425 5.5243401080369976 9.2543698586523551 529.98637432232499 204.74248459003866 219.31009759008884 658.97487275209278 1169.7502019153908 505.58688674960285 340.04444379359484 128.90945583768189 774.231251610443 1249.2733946926892 8.8720221202820522 47.344578165560961 2164.1310039702803 34.352382373996079 54.939595839940012 53.373533864505589 10.244173830375074 8.7730546426027995 115.02199652511626 636.99446900654584 3.1830567922443169 8.7404454294592124 6.6522867903113365 208.87173721008003 15.970651729032395 442.85154868010432 95.74728645849973
leaf_count=5174 17258 63 78 31443 4758 1257 30808 12306 15318 2117 7233 15040 12438 191 2277 30976 524 1463 1516 90 104 1212 5318 71 386 92 7379 152 4928 1810
internal_value=-0.000444044 0.00221387 -0.00369355 -0.00619967 -0.00115971 -0.0135547 0.0080817 0.00110248 0.00512783 -0.00224563 -0.000476702 -0.00284803 -0.00357347 -0.0168105 0 9.84183e-05 -0.009332 0.00277517 -0.00747797 0.0105041 0.00377349 0.0119899 0.00222929 0.000160476 -0.0187178 -0.0414076 0.00199637 -0.0156622 -0.00204123 -0.00520662
internal_weight=10437.1 5738.29 4698.79 2356.17 2342.62 805.513 907.917 4830.37 957.89 1550.66 1243.19 903.141 1454.02 586.203 56.2166 3872.48 307.474 888.601 72.8721 19.4985 815.729 123.795 691.934 248.943 18.5758 9.83534 230.367 21.495 1708.35 538.599
internal_count=213780 121547 92233 65256 26977 35168 38951 82596 32576 30088 24390 22273 17196 33911 2468 50020 5698 9781 1684 168 8097 1316 6781 8143 549 163 7594 215 19044 6738
cat_boundaries=0 2 4 6 8 10
cat_threshold=8231917 378064 59176212 395523 16780422 38736 483780289 84714 491000402 481596
is_linear=0
shrinkage=0.02


Tree=226
num_leaves=31
num_cat=12
split_feature=39 0 26 0 24 21 31 24 0 0 0 24 26 0 0 26 24 32 26 16 27 0 0 27 0 38 0 16 0 32
split_gain=212.638 110.205 85.718 66.5266 50.7407 45.4682 55.1883 68.5535 91.8819 55.7359 41.3826 39.0011 38.2529 41.1806 33.2183 31.3333 30.9654 25.1707 24.2855 23.9865 23.9418 29.0444 22.8867 22.1147 20.0595 19.8839 18.9404 18.5297 16.019 15.2279
threshold=1.0000000180025095e-35 0 0.054739391581218509 1 4.1120837223778404 1.0000000180025095e-35 1.0309897716160625 4.3683918610547678 2 3 4 3.2278532226287648 0.021501176077194553 5 6 0.027265797396121755 0.9987745098039218 3.4138708466806387 1.0000000180025095e-35 3.9791666666666674 3.0976377620013529 7 8 4.4929934859849991 9 8.5000000000000018 10 2.13961038961039 11 2.8474011770836962
decision_type=2 1 2 1 2 8 2 2 1 1 1 2 2 1 1 2 2 2 2 10 2 1 1 2 1 2 1 8 1 2
left_child=1 25 4 -4 10 18 -7 8 -8 -9 29 14 20 17 19 24 -16 -14 -3 -5 22 -22 -6 28 -12 -1 -17 -15 -13 -2
right_child=2 5 3 11 12 6 7 9 -10 -11 15 23 13 27 16 26 -18 -19 -20 -21 21 -23 -24 -25 -26 -27 -28 -29 -30 -31
leaf_value=-0.017628438620938072 -0.00063251383488059176 -0.01746166665938273 0.012270999564210195 -0.0057152848625179565 0.0017273935969903695 -0.019612451250721408 -0.013634333814174561 0.02287608886514967 -0.0021750070183370572 -0.0013188243430127858 0.0019015838501607503 0.0084327160737945883 0.004885007740351925 0.0016522947214259579 -0.013661664315376829 0.0069249215825194881 0.005341858398883792 -0.0025208540369731649 0.0017860709439851377 -0.027598623016140498 -0.0049161070661382887 0.01058016878375042 -0.0035852492715146744 0.012983936539164676 -0.0034122659513226633 0 0.0011609049442745133 0.0094264833913409087 -0.0059525198793058676 -0.0049969747784437179
leaf_weight=321.41805467009544 470.17849940527231 24.370090497657657 440.96413376927376 93.183681701309979 616.01101836469024 102.57958966121078 413.68323876336217 48.523712372407317 872.33834470529109 100.2539512142539 415.46635191049427 43.77767975255847 350.92680529411882 163.28245449438691 37.664416197687387 328.33136661164463 207.90291838347912 375.35724472533911 573.87204097025096 24.991562872193754 61.053698154166341 148.7613646266982 654.12940900586545 146.88157523144037 829.40820114128292 27.299975335597992 769.0303072668612 610.24821437895298 54.747503771446645 1083.6826721718535
leaf_count=23909 4247 938 19874 1562 5763 4464 21544 580 21479 1840 3637 1978 7791 1453 455 5810 4544 9174 4154 652 609 1698 5049 8482 5713 387 12200 20833 2109 10852
internal_value=-0.000436194 -0.00553942 0.00116234 0.00647698 0.000345287 -0.0037435 -0.0055803 -0.00452434 -0.00602252 0.00815706 -0.0011535 0.00197766 0.00231087 0.00455856 -0.00210277 0.000523005 0.00213124 0.00102146 0.000885512 -0.0102325 1.49236e-05 0.00623737 -0.00100953 0.00813816 -0.00163458 -0.0157997 0.00299134 0.00772446 0.000546876 -0.00366939
internal_weight=10410.3 2484.34 7925.98 1050.11 6875.87 2135.62 1537.38 1434.8 1286.02 148.778 3896.1 609.149 2979.77 1499.81 363.743 2342.24 245.567 726.284 598.242 118.175 1479.96 209.815 1270.14 245.407 1244.87 348.718 1097.36 773.531 98.5252 1553.86
internal_count=213780 79295 134485 39656 94829 54999 49907 45443 43023 2420 42459 19782 52370 39251 7213 27360 4999 16965 5092 2214 13119 2307 10812 12569 9350 24296 18010 22286 4087 15099
cat_boundaries=0 2 4 6 8 10 12 14 16 18 20 22 24
cat_threshold=4278190080 14380 3774206545 18573 16731651 515 8388881 197123 86254199 234785 2371944851 485724 184558592 38656 1476561925 32799 569232348 98530 1624260608 286738 2282800136 2568 503843104 136962
is_linear=0
shrinkage=0.02


Tree=227
num_leaves=31
num_cat=8
split_feature=13 22 0 41 0 24 27 21 0 15 47 23 20 21 24 0 24 27 40 0 22 0 0 22 27 24 0 22 39 47
split_gain=211.221 128.558 104.281 80.6074 70.0168 50.9349 35.9149 40.2202 41.4058 32.325 31.8445 31.5097 31.3351 28.492 27.4386 26.6523 25.8184 27.5118 24.8514 24.7191 21.2697 20.4992 20.1014 24.9436 19.3657 18.9244 37.0552 22.5081 18.2453 17.6703
threshold=1.0000000180025095e-35 0.11818181818181815 0 0.25531389540169019 1 1.6824618736383445 5.4311013767209024 9.5000000000000018 2 2.8125000000000004 3.7646499238202167 0.62500000000000011 -0.49999999999999989 1.0000000180025095e-35 4.5530781138366292 3 0.59633714596949905 1.0208072590738426 2.7083333333333335 4 0.38110119047619045 5 6 0.26713829471182415 1.7564860621668024 4.037051184110009 7 0.16562983746130031 0.22500000000000003 3.5217927809630729
decision_type=2 2 1 2 1 2 2 8 1 2 2 2 2 8 2 1 2 2 2 1 2 1 1 2 2 2 1 2 2 2
left_child=1 2 10 4 18 13 7 22 12 21 16 19 -9 -4 -10 -8 29 -18 24 -3 28 -7 -5 -24 -2 26 -20 -27 -21 -1
right_child=3 11 5 6 -6 9 15 8 14 -11 -12 -13 -14 -15 -16 -17 17 -19 25 20 -22 -23 23 -25 -26 27 -28 -29 -30 -31
leaf_value=-0.015933718830683057 -0.017609425492077026 0.0035832178025754771 -0.004751319318955183 0.0099157275651785125 0.01058681174608201 -0.0021550499403175404 -0.00063084221134796338 -0.010505415755458443 -0.00062201011093966207 -0.025774683408418892 0.0053447623476380011 0.011584296337581106 -0.0021478292184303432 -0.017025496856873108 0.0045520592062436669 0.013267771975654654 -0.010948074196473034 -0.0020761676036511016 -0.013131158271736314 0.0073554378780413291 0.0073400374718994568 -0.0090445939822902648 0.003786990249772674 -0.0047218908478893987 -0.0012295551266864103 0.011242015754008974 0.0068534013864257814 -0.0032740779495189767 -0.0050045391523400023 0.0017736512921569492
leaf_weight=100.38012518081814 31.325253246352077 595.97845204733312 100.4725983235985 161.19373634457588 723.82086694613099 375.72723686601967 88.317546204663813 230.16625200491399 1354.4661536328495 31.885882999747992 172.67835728079081 116.01629994437099 834.87122906092554 440.77975616231561 581.71581103932112 142.54804633650929 152.23958695307374 1606.1793013205752 50.028983846306801 49.474812030792236 76.918813921511173 370.8890229454264 838.27453489881009 160.25304358266294 209.25287765264511 182.22481967601925 77.101807129569352 51.512671293690801 453.97501069307327 25.605125589296222
leaf_count=4006 234 3464 1294 4005 34262 9138 2746 3560 14106 191 1367 689 9357 28385 9795 4555 3340 27004 2055 195 321 10787 15264 2426 2486 10809 3481 2406 1816 236
internal_value=-0.000428193 -0.00358456 -0.00563763 0.00214668 0.0064662 -0.0100065 0.000835155 0.000401179 -0.000816122 -0.00671658 -0.00275256 0.00176511 -0.00396008 -0.0148225 0.000922081 0.00846581 -0.00352706 -0.00287297 0.00125032 0.000752735 -0.00214768 -0.00577608 0.00356258 0.00236774 -0.00363507 0.00459969 -0.00146114 0.00795743 -0.00371404 -0.0122223
internal_weight=10386.3 4669.2 3376.84 5717.07 1325.27 1319.75 4391.81 4160.94 3001.22 778.502 2057.08 1292.36 1065.04 541.252 1936.18 230.866 1884.4 1758.42 601.446 1176.35 580.369 746.616 1159.72 998.528 240.578 360.868 127.131 233.737 503.45 125.985
internal_count=213780 92233 85748 121547 55733 49795 65814 58513 36818 20116 35953 6485 12917 29679 23901 7301 34586 30344 21471 5796 2332 19925 21695 17690 2720 18751 5536 13215 2011 4242
cat_boundaries=0 2 4 6 8 10 12 13 15
cat_threshold=11837374 331089 53091646 439552 368508930 346384 1083051088 22142 1460787805 280470 574775297 147590 3162112 18874418 5376
is_linear=0
shrinkage=0.02


Tree=228
num_leaves=31
num_cat=1
split_feature=13 22 26 1 24 18 41 26 49 40 21 49 30 21 24 24 22 41 22 26 16 50 24 44 24 2 24 39 22 24
split_gain=203.665 124.343 87.136 73.3767 73.8061 53.1197 44.7366 36.7034 33.2508 32.813 25.6492 46.2456 26.1472 25.5046 27.5229 27.8374 25.354 23.072 32.5874 24.4464 22.7594 22.2581 20.7927 21.0421 20.471 20.1302 19.723 19.3923 16.4748 29.2802
threshold=1.0000000180025095e-35 0.11818181818181815 0.054276175085942506 0 1.6824618736383445 2.8750000000000004 0.24999999999999994 0.010121075296461701 -3.2571428571428567 2.7083333333333335 2.5000000000000004 4.3357142857142863 0.51849824683371104 9.5000000000000018 4.5530781138366292 4.449898190045249 0.17045454545454547 0.70710678118654824 0.23583656947627532 0.045358282158413109 8.0871212121212146 15.750000000000002 6.4928892733564023 28.950000000000003 1.2723875432525953 -0.99635443704902682 1.2892769607843138 0.61250000000000016 0.20627185314685317 1.0398550724637683
decision_type=2 2 2 1 2 2 2 2 2 2 8 2 2 8 2 2 2 2 2 2 8 2 2 2 2 2 2 2 2 2
left_child=1 3 6 7 8 21 9 -1 26 27 12 -12 -9 24 15 -15 -11 19 -19 -3 22 -6 28 -24 -8 -10 -5 -2 -4 -30
right_child=2 17 20 4 5 -7 13 10 25 16 11 -13 -14 14 -16 -17 -18 18 -20 -21 -22 -23 23 -25 -26 -27 -28 -29 29 -31
leaf_value=-0.0089864336007431395 0.012055139152570097 0.003789865983515708 0.0083031567656145899 0.046894940644810611 -0.0021442608730148785 -0.026558562317832095 -0.0035832657227136667 0.026877589731306144 0.0017713445347985982 0.010425346683482632 -0.00061711619758077468 -0.011052290437605762 0.0016469236339853614 -0.0016874959468126251 0.0019531133222134413 -0.012250633567114609 -0.00027150743556133243 -0.0043467694038228132 0.0031749117496629054 0.018920776149522509 0.01412757716824032 -0.0089496828145122671 4.4286290191940352e-05 -0.048898034152107882 0.0038875530649698348 -0.015046233130352615 -0.0068356596969678584 -0.00088919387682164853 -0.018764118547408101 0.0044461218139965116
leaf_weight=292.81861761305481 49.68446253053844 293.48622672446072 528.45227054134011 2.9391649905592194 692.81658280175179 41.66941286996007 169.62438450101763 14.268624398857353 26.988763593137264 421.41173573769629 729.54677242320031 220.52164114359766 443.94428684562445 1792.1489254534245 891.94753629807383 103.74535951483995 107.27413585130125 384.7515906766057 564.28064223751426 49.035120166838169 186.00038876663893 271.50742793735117 7.7352727334946376 2.4239638708531857 909.8067426327616 621.75334321055561 2.8382249064743519 368.21019031666219 22.392485502175987 144.92818841058761
leaf_count=5119 1123 1893 18141 69 16334 231 2328 205 1073 22111 9231 8190 2346 16544 13804 966 4618 1560 2401 631 15977 7832 300 72 16378 35074 44 4724 312 4149
internal_value=-0.000420807 -0.0035266 0.00210904 -0.00555315 -0.00853509 -0.00512899 0.00103817 -0.00255564 -0.0138223 0.00492822 -0.00120619 -0.00308739 0.00264568 7.77606e-05 -0.000927702 -0.0022945 0.00822798 0.00173325 0.000100416 0.00615935 0.00784343 -0.00410283 0.00610668 -0.0185988 0.00268842 -0.014311 0.0249059 0.000677226 0.00657434 0.00094668
internal_weight=10359 4653.17 5705.79 3361.61 1660.51 1005.99 4813.85 1701.1 654.519 946.581 1408.28 950.068 458.213 3867.27 2787.84 1895.89 528.686 1291.55 949.032 342.521 891.933 964.324 705.932 10.1592 1079.43 648.742 5.77739 417.895 695.773 167.321
internal_count=213780 92233 121547 85748 60657 24397 82596 25091 36260 32576 19972 17421 2551 50020 31314 17510 26729 6485 3961 2524 38951 24166 22974 372 18706 36147 113 5847 22602 4461
cat_boundaries=0 1
cat_threshold=23
is_linear=0
shrinkage=0.02


Tree=229
num_leaves=31
num_cat=1
split_feature=13 22 16 1 24 18 22 25 49 23 47 25 25 49 31 39 22 23 20 24 47 18 20 25 25 21 29 40 2 17
split_gain=196.216 120.157 80.0707 71.4604 73.2209 59.713 44.0351 42.4398 42.3943 30.3616 30.0869 30.2758 57.8264 27.9838 26.2094 23.9152 53.0654 26.4446 23.3579 22.8492 20.8594 20.3151 19.8342 19.6984 28.4562 22.7722 34.9019 21.8786 18.5865 17.5965
threshold=1.0000000180025095e-35 0.11818181818181815 5.0208333333333348 0 1.426120448179272 2.8750000000000004 0.077293417366946712 4.6489437953667769 -3.2571428571428567 0.62500000000000011 3.7646499238202167 3.3147607407517543 2.9614914616579728 9.5571428571428587 1.340081462572527 0.22500000000000003 0.17045454545454547 0.37500000000000006 -0.099999999999999742 2.737841671994885 6.5725963273325059 9.6250000000000018 -6.5432038362940297e-16 1.7812887021222121 1.6761543611374872 12.500000000000002 4.5637962691458887 1.5833333333333337 0.8542199457734333 12.252124773597403
decision_type=2 2 8 1 2 2 2 2 2 2 2 2 2 2 2 2 2 2 2 2 2 2 2 2 2 8 2 2 2 2
left_child=1 3 6 10 8 7 20 -6 -5 15 13 12 -12 14 -1 -3 18 -18 -17 -15 22 -4 -2 24 -8 27 -27 -25 -13 -24
right_child=2 9 21 4 5 -7 23 -9 -10 -11 11 28 -14 19 -16 16 17 -19 -20 -21 -22 -23 29 25 -26 26 -28 -29 -30 -31
leaf_value=-0.009921406272289348 -8.7305462675849502e-05 0.0084930948191573319 0.00597163982752014 0.031489965118906567 -0.0021563580031601416 -0.028084457427467218 -0.0047164999371571608 -0.010416736251982224 -0.016003829743323848 0.011362667682439674 0.0021040926806111791 0.01559252806038925 0.034570761769582715 -0.014918604319223969 -0.001157980304320035 -0.011126887732685076 0.00026796411594709945 0.0089596115468774384 0.0011504289980153253 -0.0019896053497784343 -0.0120309280938861 0.013577185104993807 0.0052747205317590128 -0.0042994987281302936 -0.039287076857344283 -0.00042303051297513087 -0.010575201141003153 0.0044535949764001187 -0.0097770526416898224 -0.024221832043041777
leaf_weight=153.87216672487557 370.73191001918167 136.36775168031454 659.09981534164399 4.6836904995143405 775.42885579913855 43.755881667137146 73.491473536938429 371.09984781034291 454.03449164889753 115.48574134521186 76.60710995644331 11.041755281388758 28.893921229988337 138.23627831228077 1135.0096452198923 206.54200270213187 563.07878695242107 185.77119684033096 83.281455263495445 97.322912105359137 29.890621298924088 189.08773356862366 1315.7115506576374 134.31826762855053 8.5999314580112678 2129.6445672847331 142.15489606745541 636.32964294031262 56.449007287621498 4.9933572951704255
leaf_count=2235 6874 552 33042 99 20643 241 794 12762 26912 689 605 57 204 6202 13600 906 2992 993 353 1687 329 16741 21268 1054 91 25115 2356 13823 501 60
internal_value=-0.000413619 -0.0034684 0.00207106 -0.00546777 -0.00842413 -0.00580631 0.00107182 -0.00486762 -0.0152741 0.00170131 -0.00250991 0.00527188 0.0118902 -0.00343112 -0.00224029 0.000708277 -0.000316111 0.0024779 -0.00755503 -0.00975293 0.00363845 0.00773253 0.00394797 -0.000337901 -0.0098306 -6.57704e-05 -0.00108019 0.00289139 -0.00485581 0.00509345
internal_weight=10331 4636.96 5694.05 3346.44 1649 1190.28 4845.87 1146.53 458.718 1290.53 1697.43 172.992 105.501 1524.44 1288.88 1175.04 1038.67 748.85 289.823 235.559 1721.33 848.188 1691.44 3124.54 82.0914 3042.45 2271.8 770.648 67.4908 1320.7
internal_count=213780 92233 121547 85748 60657 33646 71764 33405 27011 6485 25091 1367 809 23724 15835 5796 5244 3985 1259 7889 28531 49783 28202 43233 885 42348 27471 14877 558 21328
cat_boundaries=0 1
cat_threshold=23
is_linear=0
shrinkage=0.02


Tree=230
num_leaves=31
num_cat=7
split_feature=13 16 24 0 0 0 16 24 28 25 49 21 3 24 41 0 21 0 20 0 27 50 44 44 2 25 0 41 25 44
split_gain=188.969 77.7691 67.6096 162.204 54.0497 50.4133 49.6991 42.6844 41.9658 37.2828 35.0206 32.4014 72.5462 50.2716 32.0204 51.0457 29.4093 32.6979 27.0319 23.255 22.6645 26.3961 25.9627 25.5795 56.0878 26.4079 22.411 20.3241 30.8589 39.597
threshold=1.0000000180025095e-35 5.0208333333333348 2.4772058823529419 0 1 2 1.0000000180025095e-35 2.2355481283422463 63.500000000000007 6.736241822416539 2.9357142857142859 1.0000000180025095e-35 -0.29696027566504651 1.2599120530565169 0.23570226039551589 3 13.500000000000002 4 -0.49999999999999989 5 1.0208072590738426 1.6000000000000003 26.450000000000003 29.150000000000002 0.78574730703237894 8.0511516332111182 6 0.40824829046386424 7.0914308043246042 26.350000000000005
decision_type=2 8 2 1 1 1 10 2 2 2 2 8 2 2 2 1 8 1 2 1 2 2 2 2 2 2 1 2 2 2
left_child=2 14 3 11 20 -3 7 -5 -6 -10 -9 -1 -13 -14 15 -2 26 18 -18 -11 21 22 -4 25 -25 -22 -16 -7 -29 -30
right_child=1 5 4 6 8 27 -8 10 9 19 -12 12 13 -15 16 -17 17 -19 -20 -21 23 -23 -24 24 -26 -27 -28 28 29 -31
leaf_value=0.0022225839984710205 -0.00058732857568350046 0.012505333274148177 0.030347118719757437 -0.018417034657637332 -0.011868044000477435 0.0055658575187777053 -0.0050804739034143237 0.030741458517242682 -0.00070622828700431922 8.4627123369179213e-06 -0.0073760377138500964 -0.016941850414261651 -0.0085139159195227257 0.0015125481962177181 0.0085389371218191363 0.008801144239244392 -0.010044379568361754 0.00087180681640647382 -0.0019887270108250878 -0.016815871584423617 0.0034163694079328822 -0.014380677623851349 -0.0089075890915775082 0.053916329267214624 0.0074976252692446127 -0.01209053812139747 0.0014789615839296913 0 0.0013561160147445969 -0.053392558439868856
leaf_weight=488.93630800396204 435.18861621338874 413.44483218714595 9.90621758811176 499.57853940874338 199.15663207322359 290.09615207836032 217.84896398149431 9.0125178657472116 1096.5803084811196 55.144579865038395 45.817891623824835 145.69439476914704 295.66004645638168 596.99820515885949 220.48991332296282 479.49949668440968 207.06040890142322 1720.121623152867 872.29760846868157 88.151420768350363 640.6322816265747 55.556380797177553 10.837567882612346 8.957430696114896 112.84574000257999 43.774343472905457 906.88457980472594 122.12671730853617 8.9553367672488111 7.5271503385156384
leaf_count=3612 9899 28342 83 31443 4758 18739 1257 191 9382 1091 2277 8467 8159 9850 4799 14265 2196 18510 7955 1965 5586 1638 98 103 1195 1078 14140 2446 157 99
internal_value=-0.000406961 0.00203249 -0.00341106 -0.00584129 -0.000990809 0.00763452 -0.0132298 -0.0165889 -0.00337191 -0.0019929 0 -0.00197432 -0.00398943 -0.00180341 0.00104981 0.00441471 0.000258158 -0.00083487 -0.00354339 -0.0114861 0.00287317 -0.0072342 0.010462 0.00391323 0.0122855 0.00234702 0.00298505 0.00248918 -0.00361451 -0.0269914
internal_weight=10304.8 5683.69 4621.09 2299.55 2321.54 842.15 772.258 554.409 1439.03 1239.88 54.8304 1527.29 1038.35 892.658 4841.54 914.688 3926.85 2799.48 1079.36 143.296 882.51 76.3002 20.7438 806.21 121.803 684.407 1127.37 428.705 138.609 16.4825
internal_count=213780 121547 92233 65256 26977 49783 35168 33911 17196 12438 2468 30088 26476 18009 71764 24164 47600 28661 10151 3056 9781 1819 181 7962 1298 6664 18939 21441 2702 256
cat_boundaries=0 2 4 6 8 10 12 13
cat_threshold=8231917 378064 59176212 395523 1626790941 397987 1663700286 406784 368508930 285960 4032891395 65540 3227648
is_linear=0
shrinkage=0.02


Tree=231
num_leaves=31
num_cat=8
split_feature=13 22 0 26 0 24 0 15 26 47 21 32 23 24 0 20 43 44 42 24 24 22 0 0 18 26 26 24 0 0
split_gain=182.178 114.053 98.0351 82.8826 49.3106 46.8941 43.9448 40.088 37.1026 35.045 38.5619 31.3824 29.2847 27.1053 26.0091 24.9983 24.7113 24.4783 35.9577 25.4455 34.5936 23.9629 27.6781 22.6137 21.6569 21.2456 19.9 19.1292 18.7416 18.2406
threshold=1.0000000180025095e-35 0.11818181818181815 0 0.054276175085942506 1 1.6824618736383445 2 4.3125000000000009 1.0000000180025095e-35 3.7646499238202167 1.0000000180025095e-35 2.8474011770836962 0.62500000000000011 3.8638114336643752 3 4.4000000000000012 3.5000000000000004 32.800000000000004 16.271428571428576 3.2278532226287648 3.0058551198257084 0.37524766899766909 4 5 2.8750000000000004 0.071155205042118155 0.018696443743172704 1.5506114130434785 6 7
decision_type=2 2 1 2 1 2 1 2 2 2 8 2 2 2 1 2 2 2 2 2 2 2 1 1 2 2 2 2 1 1
left_child=1 2 5 6 17 -1 7 16 -4 10 -10 26 21 14 -13 -9 28 19 25 20 -5 22 -3 -15 -7 -19 29 -11 -2 -8
right_child=3 12 8 4 -6 24 11 15 9 27 -12 13 -14 23 -16 -17 -18 18 -20 -21 -22 -23 -24 -25 -26 -27 -28 -29 -30 -31
leaf_value=-0.017086088512599251 0.011336704008183367 -0.0038503856488550808 -0.019045689133072138 0.00079313502612933149 0.011629505307072742 -0.006370201316958337 -0.0066197581532628138 0.011366236044951704 0.0007465144727237784 0.011971709949523242 -0.0051130871861158559 0.00021974193520082723 0.011184957737249182 -0.0034444552317236051 -0.0072370529970757257 -0.025201304931917485 0.00043484055757546928 0 0.0088309033371238958 0.0093486016288964 -0.030847920298776896 0.0081110918061328696 0.0026516815985739607 0.0022886743730690948 -0.02452525511654104 -0.054700051341669109 0.0048020519332144448 -0.0011879706639203141 0.0027957469856684288 0.0022099317298891969
leaf_weight=332.82229444105178 154.9810248054564 478.18568935990334 55.190253330394626 194.8489590100944 503.48343034368008 522.24782601278275 136.67576734069735 266.9246361721307 616.00146811641753 90.9595962241292 1596.004848415032 280.69627574365586 115.07634448818862 447.55922612268478 549.57613566983491 4.6182612786069503 1133.9209799775854 3.1687971213832515 8.4355702120810729 149.68019901774824 11.802684706635771 149.33648382034153 546.64606169145554 670.71008480433375 26.208243684843183 6.877947480417788 555.07714310567826 77.739683965221047 358.7281858259812 235.27676471974701
leaf_count=22749 2801 1913 2479 4139 25758 15342 832 16863 3975 664 39757 3293 689 8832 5955 119 15553 71 386 8213 292 764 3119 12175 172 92 9355 610 5096 1722
internal_value=-0.000399703 -0.00335492 -0.00531697 0.00199686 0.00763751 -0.0110035 0.000955315 0.00328854 -0.00318229 -0.00279599 -0.00347347 -0.000606067 0.00167851 -0.00205399 -0.00478458 0.0104029 0.00210707 0.00181652 -0.0187672 0.00313814 -0.00133417 0.000703692 -0.000376765 -1.41437e-06 -0.00740272 -0.0401747 0.00240613 0.00587621 0.00573555 -0.00112586
internal_weight=10279.5 4606.42 3317.17 5673.04 878.298 881.278 4794.74 1919.17 2435.9 2380.71 2212.01 2875.57 1289.24 1948.54 830.272 271.543 1647.63 374.814 18.4823 356.332 206.652 1174.17 1024.83 1118.27 548.456 10.0467 927.03 168.699 513.709 371.953
internal_count=213780 92233 85748 121547 38951 38263 82596 40432 47485 45006 43732 42164 6485 30255 9248 16982 23450 13193 549 12644 4431 5796 5032 21007 15514 163 11909 1274 7897 2554
cat_boundaries=0 2 4 6 8 10 12 13 15
cat_threshold=4278280257 12974 50597254 374610 3773949069 33507 134746368 344092 3901629858 243817 218759168 346124 2114688 318771490 266512
is_linear=0
shrinkage=0.02


Tree=232
num_leaves=31
num_cat=9
split_feature=13 26 30 0 0 16 0 26 25 0 0 0 15 25 30 49 26 32 25 2 38 30 0 20 43 25 42 0 20 0
split_gain=175.577 80.392 64.7463 157.519 52.2566 49.4763 48.376 46.9482 51.5407 81.4874 50.8031 42.3939 39.0562 35.8819 34.8046 37.7999 31.1149 30.1411 27.6776 47.114 27.2129 25.9355 24.8305 24.3092 23.9437 22.9163 22.7933 21.7215 19.6772 26.3866
threshold=1.0000000180025095e-35 0.054276175085942506 2.4934768013295696 0 1 1.0000000180025095e-35 2 0.016596553965101554 2.18118409169728 3 4 5 4.3125000000000009 6.736241822416539 2.196875052209398 2.9357142857142859 0.0079137260726019534 2.8474011770836962 1.7812887021222121 0.95297903005573359 11.500000000000002 3.860235305455975 6 4.4000000000000012 3.5000000000000004 8.6946318564515845 14.714285714285717 7 -0.49999999999999972 8
decision_type=2 2 2 1 1 10 1 2 2 1 1 1 2 2 2 2 2 2 2 2 2 2 1 2 2 2 2 1 2 1
left_child=2 11 3 7 -4 14 18 26 9 -9 -10 12 24 16 -5 -16 -6 28 19 -3 25 22 -19 -14 -2 -15 -1 -23 29 -13
right_child=1 6 4 5 13 -7 -8 8 10 -11 -12 17 23 20 15 -17 -18 21 -20 -21 -22 27 -24 -25 -26 -27 -28 -29 -30 -31
leaf_value=-0.010958822424716777 0.0056518231635712237 0 0.0030112575228640431 -0.018310911582622644 -0.0093262077062978167 -0.0049478273446889025 0.011522047130512256 0.016235736077332853 0.0019282055239536928 -0.0052865724682559199 -0.0072246589490970571 0.0050137595007950586 0.011263399872893333 -0.018806735644607588 0.029538273040887998 -0.0091041125959921941 -0.00068498093750590089 0.00021557204068638859 0.004089236993206645 -0.042508442777885527 0.0080014432279640786 -0.003369163493073409 -0.007063684265548007 -0.024553602216843013 0.00042629913130980802 -0.0006842517492673504 0.0056622403546384911 0.00224745606434121 0.0035596057123012431 -0.011689847078547871
leaf_weight=265.10427375417203 511.62807203270495 41.307939509861171 840.76339232549071 477.87632539123297 195.11662227846682 217.28703184612095 498.19024517480284 155.61808481253684 511.67802314832807 113.73679432552308 439.4428206384182 57.858334324322641 264.03109689056873 117.92475344240665 9.2756257615983468 53.309996989555657 1098.6248037042096 280.65532485209405 321.32092682365328 11.248145898804067 21.728303477168083 448.68872617837042 552.0967070274055 4.7233475772663942 1133.5712079955265 39.616762145422399 34.082613813690841 669.60040770377964 794.62319990899414 72.732793174684048
leaf_count=5174 7897 514 9301 30954 3837 1257 25758 2577 7637 3275 10901 858 16863 2846 193 2764 9605 3293 12583 96 272 8832 5955 119 15553 1116 524 12175 10202 849
internal_value=-0.000392825 0.00196119 -0.00329976 -0.0056932 -0.000930978 -0.0130591 0.00753888 -0.00189054 -0.000138476 0.00751826 -0.00234463 0.000937511 0.00323368 -0.00319497 -0.0164783 -0.00198293 -0.0020222 -0.000594431 0.00177593 -0.0111447 -0.0115515 -0.00201109 -0.00467646 0.0102962 0.00207081 -0.014472 -0.00896179 -1.23998e-06 0.00236183 -0.00469295
internal_weight=10253.5 5662.28 4591.19 2277.41 2313.77 757.749 872.067 1519.66 1220.48 269.355 951.121 4790.21 1913.95 1473.01 540.462 62.5856 1293.74 2876.26 373.877 52.5561 179.27 1951.04 832.752 268.754 1645.2 157.542 299.187 1118.29 925.214 130.591
internal_count=213780 121547 92233 65256 26977 35168 38951 30088 24390 5852 18538 82596 40432 17676 33911 2957 13442 42164 13193 610 4234 30255 9248 16982 23450 3962 5698 21007 11909 1707
cat_boundaries=0 2 4 6 8 10 12 14 16 18
cat_threshold=8231917 378064 59176212 264451 50597254 374610 824197 98368 1051496 279568 3773949069 33507 134746368 344092 218759168 346124 84282144 74760
is_linear=0
shrinkage=0.02


Tree=233
num_leaves=31
num_cat=7
split_feature=13 22 0 16 0 24 25 22 0 0 0 21 49 24 23 47 25 25 20 24 27 22 39 22 25 0 25 0 29 44
split_gain=169.097 108.611 94.5527 71.8991 49.6769 48.8857 42.2456 41.6955 44.8285 40.5842 30.559 29.696 29.5502 29.1001 28.2191 27.3665 28.5686 53.9443 25.7969 25.4585 26.3132 23.1369 30.589 34.0193 20.9888 57.9332 47.7158 21.5528 22.0181 20.4854
threshold=1.0000000180025095e-35 0.11818181818181815 0 5.0208333333333348 1 1.6824618736383445 4.8717799579155825 0.077293417366946712 2 3 4 1.0000000180025095e-35 -3.2571428571428567 5.0973389355742311 0.62500000000000011 3.7646499238202167 3.3147607407517543 2.9614914616579728 -0.49999999999999989 0.59633714596949905 1.0208072590738426 0.37524766899766909 0.13392857142857145 0.17045454545454547 7.0914308043246042 5 9.0705225733769197 6 2.7352273103402625 30.700000000000006
decision_type=2 2 1 8 1 2 2 2 1 1 1 8 2 2 2 2 2 2 2 2 2 2 2 2 2 1 2 1 2 2
left_child=1 2 15 7 -5 11 10 9 -9 29 -7 -4 -13 -8 21 19 17 -17 -11 -1 -21 22 -3 -24 27 26 -26 28 -6 -2
right_child=3 14 5 4 24 6 13 8 -10 18 -12 12 -14 -15 -16 16 -18 -19 -20 20 -22 -23 23 -25 25 -27 -28 -29 -30 -31
leaf_value=-0.011937436880145589 0.00089414264285487242 0.008721902400455419 -0.0039986195574151914 0.012902685995991179 0.0056546551995724859 0.002214836025672259 -0.020083382518126986 0.0024236196161419366 -0.0024164115557713563 -0.0037386972614890609 -0.0072089133845798523 0.0015353881808833343 -0.018255515777009242 -0.0052587336031736697 0.011014407952736638 0.0019317700421084976 -0.0048227372223355594 0.033032032350752381 0.0074631596640954536 -0.010532918989896235 -0.0017297059276818599 0.0079935239974341706 -0.0072820133424628779 0.00098898129412662247 -0.052527476083199569 0.010150506989118126 0.0077624234478860807 0.0065084712342505912 -0.013769043173836044 -0.013196212271365568
leaf_weight=121.67658781446517 748.45412489026785 126.26968453079462 97.154367895796895 354.23873786628246 40.101980943232775 238.28057143650949 121.10646801162511 1303.0369917936623 1813.6849725497887 86.895850971341133 296.35640351753682 30.286694973707199 377.4294826714322 105.20004140771925 114.67551541514695 76.940026078373194 67.292857611551881 29.60482856631279 833.50943214818835 147.38759347144514 1581.1916421009228 149.08124956395477 290.04866433702409 607.99127696827054 15.682741019874813 26.944984900765121 5.5888933232054105 336.83029663097113 46.416056626476347 40.646857620216906
leaf_count=4242 11447 512 1294 24969 2042 4588 6603 19464 23769 1614 6907 892 27493 2018 689 605 558 204 14938 3340 27004 764 1263 3257 595 1712 460 17698 2307 532
internal_value=-0.000386221 -0.00324383 -0.00517156 0.00192531 0.00737125 -0.00943793 -0.00622435 0.000985332 -0.000386076 0.00349362 -0.00307564 -0.0143625 -0.0167362 -0.0134382 0.00166494 -0.00242507 0.00504658 0.0114239 0.00630692 -0.00315797 -0.00250881 0.000708453 -0.000352618 -0.00167554 0.00278797 -0.00916157 -0.0261057 0.00431613 -0.00418703 9.46689e-05
internal_weight=10230 4577.97 3289.91 5652.03 825.804 1265.81 760.943 4826.23 3116.72 1709.51 534.637 504.871 407.716 226.307 1288.07 2024.09 173.838 106.545 920.405 1850.26 1728.58 1173.39 1024.31 898.04 471.565 48.2166 21.2716 423.348 86.518 789.101
internal_count=213780 92233 85748 121547 49783 49795 20116 71764 43233 28531 11495 29679 28385 8621 6485 35953 1367 809 16552 34586 30344 5796 5032 4520 24814 2767 1055 22047 4349 11979
cat_boundaries=0 2 4 6 8 10 12 14
cat_threshold=11837374 331089 1626659869 266913 3761325957 230265 555884453 410408 537026561 180358 2148204544 28 67108992 68928
is_linear=0
shrinkage=0.02


Tree=234
num_leaves=31
num_cat=8
split_feature=14 30 0 38 26 0 30 0 0 25 26 0 25 30 0 26 16 38 26 16 27 25 13 28 28 0 0 32 2 21
split_gain=163.21 65.1889 173.445 65.0152 61.8868 61.4316 47.5017 46.2936 44.856 43.3945 42.2542 40.3449 32.6004 73.982 44.6447 31.7215 28.5736 28.4998 26.3031 37.6193 32.7819 25.8967 25.3116 25.2082 25.0794 72.8646 34.7234 24.3593 24.3181 23.111
threshold=1.5000000000000002 1.6308394150214214 0 6.5000000000000009 0.032235078289124156 1 4.6741532841584421 2 3 6.736241822416539 0.0096078023767136502 4 3.3147607407517543 1.2773597643062866 5 0.014800098652305152 8.0208333333333339 11.500000000000002 0.0056768696609241004 0.34166666666666673 1.0208072590738426 7.0914308043246042 13.500000000000002 89.500000000000014 63.500000000000007 6 7 3.7488436413601636 -0.85421994577343319 4.5000000000000009
decision_type=2 2 1 2 2 1 2 1 1 2 2 1 2 2 1 2 10 2 2 8 2 2 2 2 2 1 1 2 2 8
left_child=1 2 10 -4 6 -6 11 18 15 24 -1 -2 13 -12 -14 -8 21 -11 -3 20 -20 27 -17 -13 25 -9 -26 -7 -23 -25
right_child=4 7 3 -5 5 16 8 9 -10 17 12 23 14 -15 -16 22 -18 -19 19 -21 -22 28 -24 29 26 -27 -28 -29 -30 -31
leaf_value=-0.011746473904990047 0.0021542090462994389 -0.0089517961437288775 -0.0027542016655160702 -0.017461839452627158 0.0102014105759923 0.0049332531528365085 -0.013695713463277493 0.0084152234993520592 0.0072922519645559312 -0.012861032729635678 -0.0020313223715312033 0.0018913521150017171 0.0037648541101932631 0.010641791913563989 -0.016835047190502727 0.0026662743918046687 0.011302163417995873 0.0084736386629766427 -0.0080527090466930556 0.001061391416654386 0.013575837470018504 -0.047859350957392383 -0.042273340054266494 0 0.0010759229976283712 -0.011738957773564047 -0.0032880220410130179 -0.0006362537521565066 -0.00066001910495305501 -0.0089078679626440321
leaf_weight=120.2330891340971 537.01527481153607 61.247289164923131 164.16853943280876 499.47502415068448 644.94300707243383 610.8648190619424 72.409937867894769 87.884153110906482 545.1744588362053 209.49719248060137 533.07267708145082 165.66082188393921 73.018000912852585 276.65262036863714 78.159778855741024 195.99856464657933 136.89183949865401 25.133121967315674 29.055186357349157 482.8703849548474 209.51551262754947 5.0180551838129785 2.1150566181167951 152.49147674627602 1580.7009939178824 257.31838480662555 1328.6239786222577 630.80184229370207 11.758913014084099 477.72709160577506
leaf_count=2996 7023 904 1182 28319 30674 15596 724 1494 11765 5199 10892 1923 946 5499 1596 4753 11458 311 530 3783 3562 45 59 2402 16014 5629 16605 17115 419 4363
internal_value=-0.000379228 -0.00249082 -0.00574779 -0.0136771 0.00264856 0.00514107 0.000268547 -0.00115277 0.00406977 -0.00214023 -0.000704958 -0.00204665 0.00068081 0.00229729 -0.00772377 -0.00253396 0.00267883 -0.0104134 0.00320165 0.00433803 0.0107916 0.00172153 0.00146362 -0.00486964 -0.00153518 -0.00661768 -0.000919056 0.002093 -0.0209072 -0.00675589
internal_weight=10205.5 6016.63 1744.78 663.644 4188.87 2040.28 2148.59 4271.85 815.698 3489.16 1081.14 1332.89 960.903 809.725 151.178 270.524 1395.34 234.63 782.688 721.441 238.571 1258.44 198.114 795.879 3254.53 345.203 2909.32 1241.67 16.777 630.219
internal_count=213780 105461 51430 29501 108319 75307 33012 54031 17301 45252 21929 15711 18933 16391 2542 5536 44633 5510 8779 7875 4092 33175 4812 8688 39742 7123 32619 32711 464 6765
cat_boundaries=0 2 4 6 8 10 11 13 15
cat_threshold=16620521 331856 3600019464 675 536892436 1027 2080575494 335951 2190723148 380480 7867072 3377152 260 1216881515 191392
is_linear=0
shrinkage=0.02


Tree=235
num_leaves=31
num_cat=10
split_feature=13 22 0 26 0 24 25 0 26 18 22 23 25 0 25 0 0 0 24 26 24 0 44 0 0 3 17 22 20 20
split_gain=158.15 103.234 92.4356 76.0909 47.241 45.7039 41.1747 39.4597 36.0101 33.3679 29.8696 27.1581 26.4795 43.8201 26.1487 117.118 36.7576 22.8484 22.6956 22.2545 24.7201 22.2494 20.0475 35.2779 18.4794 18.1617 16.2843 16.2557 29.1895 15.6835
threshold=1.0000000180025095e-35 0.11818181818181815 0 0.054276175085942506 1 1.6824618736383445 4.6489437953667769 2 1.0000000180025095e-35 4.6250000000000009 0.066666666666666666 0.62500000000000011 1.7812887021222121 3 2.1757227721244341 4 5 6 4.7492647058823545 0.0088061065904975529 2.0562834224598938 7 25.950000000000003 8 9 0.8542199457734333 1.2583057392117911 0.22916666666666669 -0.099999999999999548 4.4000000000000012
decision_type=2 2 1 2 1 2 2 1 2 2 2 2 2 1 2 1 1 1 2 2 2 1 2 1 1 2 2 2 2 2
left_child=1 2 5 7 12 -1 21 9 -4 22 19 17 13 25 15 -10 -16 -3 -8 -9 -21 -7 -2 -24 -13 -5 -15 28 -19 -11
right_child=3 11 8 4 -6 6 18 10 14 29 -12 24 -14 26 16 -17 -18 27 -20 20 -22 -23 23 -25 -26 -27 -28 -29 -30 -31
leaf_value=-0.016868857333957203 0.00023988901432522814 0.0042590205752989991 -0.018962900178701319 -0.045046005182299613 0.01132266360539304 0.003402817526688941 -0.021521596671676361 -0.0076707264079106906 0.013121715582070932 0.011077893894183333 -0.0021247940235854298 -0.0019504165707805771 0.0039250083417130127 0.01527770429039103 -0.0091380408357913962 -0.011359056941434695 -0.0020979435182852985 -0.0093657706292414791 -0.0071686580168216834 -0.0047997541818621007 0.0048395335456776836 -0.0066611804720712823 0.0012563420276059825 0.010386884546846454 0.01513597243008803 -0.0020945763040578088 -0.016124176490085757 0.0010167855602276454 0.0034696897180536701 -0.020147828819683612
leaf_weight=314.85366700682789 1041.7225577132776 437.25834845658392 52.570879627019167 16.030535057187084 488.23085722327232 131.82331922277808 93.999925702810287 76.970536719076335 172.20376632269472 220.81188547052443 1868.0465479986742 35.735892690718174 318.27437250223011 24.64988704118878 357.33256990183145 122.61892031598836 1704.4946966441348 202.41480883210897 99.455156914889812 121.51154723670334 681.12884297221899 214.91878073848784 505.59301637578756 255.39136287942529 78.456622312776744 6.6226593889296046 5.4561406429857007 428.75490560382605 103.44510564953089 3.5205758716911069
leaf_count=22749 15056 2803 2479 140 25758 2723 5679 452 3016 15374 25615 143 12583 327 7985 4608 29397 812 2025 1399 12833 5087 6930 4830 546 81 62 1759 422 107
internal_value=-0.000373239 -0.003147 -0.00503806 0.00186396 0.00733527 -0.0106552 -0.00711981 0.000871153 -0.00296894 0.0029793 -0.000686714 0.0016379 0.00163964 -0.0109637 -0.0025926 0.00292015 -0.00339366 0.000699757 -0.0144667 0.00233377 0.00334298 -0.00287469 0.00206562 0.00452795 0.0108303 -0.0251704 0.00617265 -0.00143862 -0.00496839 0.0102405
internal_weight=10184.3 4550.34 3264.27 5633.96 859.264 855.051 540.197 4774.7 2409.22 2027.04 2747.66 1286.07 371.034 52.7592 2356.65 294.823 2061.83 1171.87 193.455 879.611 802.64 346.742 1802.71 760.984 114.193 22.6532 30.106 734.615 305.86 224.332
internal_count=213780 92233 85748 121547 38951 38263 15514 82596 47485 42297 40299 6485 13193 610 45006 7624 37382 5796 7704 14684 14232 7810 26816 11760 689 221 389 2993 1234 15481
cat_boundaries=0 2 4 6 8 10 12 14 16 18 20
cat_threshold=4278280257 12974 50597254 374610 3773951117 33507 16780288 360960 824228 229440 524416 229440 1460748361 280454 536895489 134 1078011013 129 671222688 280604
is_linear=0
shrinkage=0.02


Tree=236
num_leaves=31
num_cat=12
split_feature=13 22 0 26 0 30 26 21 31 32 0 0 26 23 41 0 15 22 30 22 0 30 0 0 30 0 0 0 0 26
split_gain=152.435 99.8518 90.3599 73.9452 56.7347 50.3127 36.3488 34.4483 50.1529 31.7391 42.439 35.7559 28.3662 26.3252 25.9858 25.4315 23.3839 22.8776 22.6838 22.1221 25.6829 21.2862 20.7225 18.0064 17.0962 36.3699 30.0027 16.187 16.1367 15.0034
threshold=1.0000000180025095e-35 0.11818181818181815 0 0.03789299120334786 1 1.7081832788955733 1.0000000180025095e-35 1.0000000180025095e-35 1.0309897716160625 2.8474011770836962 2 3 0.025070470316900705 0.62500000000000011 0.2649064714130091 4 2.4375000000000004 0.28340695962179346 4.1057837923738072 0.37524766899766909 5 4.7510711204377332 6 7 4.0560502716813689 8 9 10 11 0.028557204494808152
decision_type=2 2 1 2 1 2 2 8 2 2 1 1 2 2 2 1 2 2 2 2 1 2 1 1 2 1 1 1 1 2
left_child=1 2 5 9 14 -1 -4 29 -9 10 12 -11 -2 19 -5 -13 -7 24 -17 20 -3 28 -19 -15 26 -26 -6 -21 -12 -8
right_child=3 13 6 4 17 16 7 8 -10 11 21 15 -14 23 -16 18 -18 22 -20 27 -22 -23 -24 -25 25 -27 -28 -29 -30 -31
leaf_value=-0.017650537969690575 -0.0057274298293714856 -0.0037008749691197634 -0.018971571533801128 0.015009331943255771 -0.0030851046955592777 -0.005758749980219669 -0.0011654453961184408 -0.01937934969494174 -0.0033020542853768172 0.0098828676325481406 0.0074325449043409295 -0.0050279234795417675 0.0047685188969296497 -0.001921207331470472 0.0066313393853103001 -0.0026626042221073926 -0.022954586140553391 -0.012790253182138707 0.0020782603911854523 -0.0028171530639983147 0.0025691220401025841 0.010296336207950021 0.00078730357331057972 0.014947336099726712 -0.0017550087720493235 0.011418065354803449 0.0052432024661864217 0.011276773902519964 0.00086718800113678388 0.0050152406261792437
leaf_weight=286.04117275821045 315.32482946570963 477.14000868052244 53.238713953644037 249.25485891290009 293.81064954772592 478.68905173335224 380.35202531889081 79.262778014875948 1681.1370144505054 97.866132950410247 227.78416703175753 655.69067699369043 147.73351277131587 35.751108475029469 418.31350213196129 832.27645373810083 32.508349202573299 55.613602435216308 775.94071198720485 41.165106292814016 545.4246218400076 237.40436021890491 126.43708157166839 78.026228639297187 124.76882518548518 234.82537821307778 383.46462971158326 107.49142184574157 447.64384148083627 259.59174372255802
leaf_count=21970 3011 1913 2546 17695 6971 14829 2388 3640 38467 2420 2851 8188 2911 143 14086 8883 208 1031 14262 217 3119 5205 2313 546 6096 12380 8470 547 4774 1700
internal_value=-0.000366849 -0.0030953 -0.00496118 0.00183054 0.00505552 -0.0107755 -0.00299688 -0.00262348 -0.00406902 0.000194714 0.00261078 -0.00120587 -0.00227789 0.00161011 0.00969785 -0.0017424 -0.00701872 0.00238026 -0.000360944 0.00068716 -0.00035033 0.00508125 -0.00404109 0.0106779 0.00355824 0.00708202 0.00163493 0.00782138 0.00325621 0.00132233
internal_weight=10160 4535.82 3250.82 5624.15 1886.49 797.239 2453.58 2400.34 1760.4 3737.66 1375.89 2361.77 463.058 1285 667.568 2263.91 511.197 1218.92 1608.22 1171.22 1022.56 912.832 182.051 113.777 1036.87 359.594 677.275 148.657 675.428 639.944
internal_count=213780 92233 85748 121547 69042 37007 48741 46195 42107 52505 18752 33753 5922 6485 31781 31333 15037 37261 23145 5796 5032 12830 3344 689 33917 18476 15441 764 7625 4088
cat_boundaries=0 2 4 6 7 9 11 13 15 17 19 21 23
cat_threshold=4278280193 12974 3940282369 553 1394126886 266516 1064960 2902853650 327936 3901629858 243817 18876536 26752 671222688 280604 1472 346196 86245894 169218 954536480 258 606160904 66786
is_linear=0
shrinkage=0.02


Tree=237
num_leaves=31
num_cat=9
split_feature=14 24 0 16 26 0 24 24 0 0 0 0 26 26 20 21 0 50 26 16 27 26 21 39 0 40 0 24 16 21
split_gain=147.478 61.094 167.474 63.7553 58.2729 48.9651 45.8234 77.3986 63.2165 56.1126 54.1335 44.0892 40.2189 38.7537 33.114 27.25 25.9473 45.0326 25.1378 36.6619 31.1845 22.7341 21.9357 21.8556 67.7864 20.7636 37.0555 19.9391 38.6205 19.6346
threshold=1.5000000000000002 1.5900550855793825 0 1.0000000180025095e-35 0.057701027493838007 1 4.5530781138366292 4.449898190045249 2 3 4 5 0.0040278319231739001 0.030378108988034603 3.5000000000000031 7.5000000000000009 6 0.25000000000000006 0.0056768696609241004 0.34166666666666673 1.0208072590738426 0.014800098652305152 4.5000000000000009 1.0000000180025095e-35 7 1.0000000180025095e-35 8 2.3938637124679096 3.9791666666666674 5.5000000000000009
decision_type=2 2 1 10 2 1 2 2 1 1 1 1 2 2 2 8 1 2 2 8 2 2 8 2 1 2 1 2 10 8
left_child=1 2 12 -4 6 27 7 10 14 -9 15 18 -1 -12 21 -2 17 -14 -3 20 -20 -8 -11 24 -13 26 -25 28 -6 -18
right_child=4 11 3 -5 5 -7 8 9 -10 22 13 23 16 -15 -16 -17 29 -19 19 -21 -22 -23 -24 25 -26 -27 -28 -29 -30 -31
leaf_value=-0.015297431909030122 0.0025551973920287753 -0.0087670371350022334 -0.017432698996361348 -0.0029870970005888438 0.00018764311463569282 0.012058067290993631 -0.0096375693844105437 0.0022632857710910576 0.0082169617723166135 0.00018338858875925043 -0.00021090768876946218 0 0.034786879699180477 0.0062713096664891608 -0.040618107979839273 -0.0059845590926864908 0.00093820808952865614 0.0024553751303296213 -0.0078654023042336891 0.0010370630598591825 0.0133359882923994 0.0016828979695540907 -0.034503852702928786 0.010209966341330142 -0.01146097617636966 -0.0019275133230966732 -0.0016605896090424496 0.0043415449010321778 -0.031992489705277481 -0.0068101340517984109
leaf_weight=66.88054239936173 199.14374369336292 60.635191427543759 475.9014858729206 170.75222434476018 52.571196456439793 408.43044128315523 83.718015819787979 45.92476868070662 746.07421142514795 7.00313217099756 748.10541784204543 501.33103405032307 15.060606414452193 713.61452119844034 5.3420590534806243 549.54321712395176 264.99903067480773 480.24960925430059 28.649328217841685 481.57727864384651 210.18804269563407 384.11393804755062 54.863475745543838 155.58606955036521 345.5535960784182 2201.4078351100907 270.25968505255878 144.45151541288942 17.16835430637002 247.01460038404912
leaf_count=2313 4934 904 28258 1243 955 23027 792 754 22762 140 8632 13162 143 18454 115 7412 2526 7023 530 3783 3562 11697 715 898 13969 14752 2471 7251 679 9924
internal_value=-0.000359795 -0.00237385 -0.00555319 -0.0134731 0.00252826 0.00816308 0.00152476 -0.00011883 0.00465877 -0.0164391 0.000689203 -0.00108037 -0.000611988 0.00292645 -0.00107599 -0.00363694 0.000379717 0.00360967 0.00317207 0.00428064 0.0106441 -0.000348909 -0.026376 -0.0020473 -0.00484896 -0.00113987 0.00287022 2.35883e-05 -0.00845219 -0.00272601
internal_weight=10136.1 5976.05 1720.86 646.654 4160.07 622.622 3537.45 2318.2 1219.25 107.791 2210.41 4255.19 1074.2 1461.72 473.174 748.687 1007.32 495.31 781.05 720.415 238.837 467.832 61.8666 3474.14 846.885 2627.25 425.846 214.191 69.7396 512.014
internal_count=213780 105461 51430 29501 108319 31912 76407 41041 35366 1609 39432 54031 21929 27086 12604 12346 19616 7166 8779 7875 4092 12489 855 45252 27131 18121 3369 8885 1634 12450
cat_boundaries=0 2 4 6 8 10 12 14 16 18
cat_threshold=16620521 331856 50857126 232786 2080575494 354398 323343887 367175 694420083 136193 536892436 1027 3146656 80 46369291 510852 266338563 309372
is_linear=0
shrinkage=0.02


Tree=238
num_leaves=31
num_cat=10
split_feature=13 22 0 26 24 25 0 41 0 26 21 31 0 20 24 23 25 0 16 20 16 0 0 22 0 16 32 0 0 17
split_gain=142.488 95.0657 87.3938 70.6876 50.4469 48.2786 45.9446 37.7749 45.8803 35.3928 32.8088 49.4553 28.2822 28.4824 27.4236 25.4401 24.4354 42.6356 25.7205 22.4636 22.3233 21.4301 20.5464 19.6632 27.9661 23.8323 18.6641 17.5179 16.2836 15.914
threshold=1.0000000180025095e-35 0.11818181818181815 0 0.054276175085942506 2.2355481283422463 4.5194235999296568 1 0.24999999999999994 2 1.0000000180025095e-35 1.0000000180025095e-35 1.0309897716160625 3 -0.29999999999999999 4.3179935767410429 0.62500000000000011 1.7812887021222121 4 1.4791666666666667 4.7500000000000027 5.2613636363636376 5 6 0.17045454545454547 7 2.5435606060606064 4.4462873998794192 8 9 1.2583057392117911
decision_type=2 2 1 2 2 2 1 2 1 2 8 2 1 2 2 2 2 1 10 2 8 1 1 2 1 10 2 1 1 2
left_child=1 2 4 7 -1 22 16 8 -2 -4 -11 -12 13 28 -7 21 17 18 -5 20 -14 -3 -6 25 -25 -10 -15 -17 -9 -19
right_child=3 15 9 6 5 14 -8 12 23 10 11 -13 19 26 -16 27 -18 29 -20 -21 -22 -23 -24 24 -26 -27 -28 -29 -30 -31
leaf_value=-0.016522640323096728 0.0091232280731896563 0.0041539970356742305 -0.018913795599354733 -0.013062118329366854 0.0047380178993223533 -0.023092945544829931 0.010924803448232254 -0.00038729382384908995 -0.0028796308333122974 0.001311860183437557 -0.019346693990025702 -0.0031980779164696551 0.0012466012976814211 0.00051621953632555282 -0.0071165599292464668 -0.0018886161155039832 0.003568227361628918 0.015156741503289661 -0.060723847510180527 -0.02427022850501313 0.010373082613582845 -0.0013765227096248747 -0.0061853687314374498 0.0053992312695826609 -0.014994879784988899 0.006792191025827005 -0.0069275533266372202 0.014755861128951045 -0.0083151118592447813 -0.015839507946282826
leaf_weight=341.75736267259344 427.2833593590185 433.07433833461255 51.529613962396979 14.734378803521397 136.10515946801752 73.817520417273045 493.89560500718653 168.8320559700951 190.74554716236889 639.46607989445329 77.316848788410425 1672.350694341585 1865.3721688650548 1201.9132939474657 119.4193097371608 35.757763989269733 299.06577833555639 24.349050005897883 7.3190148938447228 10.237440291792153 111.8220460889861 737.00461008399725 114.74349439702928 36.599615438841283 57.190398290753365 208.5861766403541 148.42328716255724 77.531684999354184 334.06653748545796 5.5112572982907286
leaf_count=25541 17258 2792 2546 112 2208 4680 26345 2334 2211 4088 3640 38467 23307 13209 2611 143 12019 327 86 139 4851 3004 1967 960 1716 10431 2114 546 4066 62
internal_value=-0.000353511 -0.00300054 -0.00483214 0.00177287 -0.0105967 -0.00614832 0.00709659 0.000820078 0.00445235 -0.00290191 -0.00253704 -0.00395498 -4.79788e-05 -0.00182362 -0.0135813 0.00158927 0.00126185 -0.0108998 -0.0250549 0.0015991 0.00178779 0.000682472 -0.000250849 0.00014724 -0.00790058 0.0021356 -0.000300733 0.0105236 -0.00588323 0.00605941
internal_weight=10115.8 4509.87 3226.51 5605.95 785.843 444.085 844.875 4761.07 920.405 2440.66 2389.13 1749.67 3840.67 1853.24 193.237 1283.37 350.979 51.9137 22.0534 1987.43 1977.19 1170.08 250.849 493.122 93.79 399.332 1350.34 113.289 502.899 29.8603
internal_count=213780 92233 85748 121547 37007 11466 38951 82596 32576 48741 46195 42107 50020 21723 7291 6485 12606 587 198 28297 28158 5796 4175 15318 2676 12642 15323 689 6400 389
cat_boundaries=0 2 4 6 8 10 12 14 16 18 20
cat_threshold=4278280193 12974 50597254 309074 483780289 84714 499397202 481596 16780288 295424 1460781129 280450 973103105 38 537001990 425985 671222688 280604 20976208 262184
is_linear=0
shrinkage=0.02


Tree=239
num_leaves=31
num_cat=6
split_feature=14 26 26 21 30 31 0 0 25 0 24 24 0 0 0 26 25 43 26 49 21 21 24 16 49 16 39 49 24 30
split_gain=137.389 58.547 55.4322 48.442 98.3195 91.3079 89.4448 61.7469 58.6622 47.8598 44.0538 73.7963 61.2754 52.9158 51.7559 37.3509 36.8469 103.84 34.2908 32.6988 26.0869 20.5319 18.9564 36.5416 20.8319 16.5918 22.1933 16.3126 27.6386 19.2033
threshold=1.5000000000000002 0.0023604272768445005 0.057701027493838007 1.5000000000000002 1.2773597643062866 1.0309897716160625 0 1 2.4190113469967502 2 4.5530781138366292 4.449898190045249 3 4 5 0.030378108988034603 7.0914308043246042 1.9000000000000001 0.014800098652305152 -7.4214285714285699 7.5000000000000009 4.5000000000000009 2.3938637124679096 3.9791666666666674 3.0142857142857147 2.077380952380953 0.86607142857142871 7.2142857142857144 0.79852133160956706 0.49739936199665796
decision_type=2 2 2 8 2 2 1 1 2 1 2 2 1 1 1 2 2 2 2 2 8 8 2 10 2 10 2 2 2 2
left_child=1 -1 10 25 6 -6 8 -7 -5 22 11 14 16 -13 20 -16 18 -18 -12 -8 -2 -15 23 -4 -25 27 -27 28 -3 -29
right_child=2 3 9 4 5 7 19 -9 -10 -11 12 13 -14 21 15 -17 17 -19 -20 -21 -22 -23 -24 24 -26 26 -28 29 -30 -31
leaf_value=-0.015742582940532109 0.0024997230274752874 -0.010995395746704804 0.00017038022195244644 0.012949269125081087 -0.019605542370952959 -0.0044864408216209826 0.010089935804495733 0.00054873332643662559 -0.013943996905988415 0.01188486234235174 -0.010817863308447338 0.0022096233123155306 0.0080807151022946819 0.00016550433529240508 -0.0002270320728256461 0.0061488802210858205 -0.079794217928288336 -0.0039874533329070771 0.0036673307470144502 -0.018301289833435291 -0.0058589898520813076 -0.033297262660830128 0.004187216978014204 0.0020493952348715544 -0.041692341455929184 -0.01762461757237662 0.0027469616069800652 0.026339663372490732 0.0018674986280178927 0.0046364348458983471
leaf_weight=124.24887052644044 198.62205990497023 71.003868190571666 52.473327458836138 84.07864152546972 110.77203801553696 1583.3453846853226 14.303755687549708 2483.9110438213684 48.389604491181672 401.03562403796241 77.42853126488626 45.803998826537281 739.58044936181977 6.9943158254027367 747.58307830709964 708.64867072133347 5.7511667031794778 47.822725449688733 341.64218589523807 332.37203030660748 551.21310198493302 55.837466331198812 143.15877547860146 4.4509931905195144 13.071598979644476 37.474821228533983 40.95118026342243 14.915745366364716 671.1811415143311 334.14685553126037
leaf_count=4908 4934 1158 955 1321 5842 30029 194 33028 1046 23027 712 754 22762 140 8632 18454 137 1387 10368 19927 7412 715 7251 196 483 370 889 177 4155 2417
internal_value=-0.00034803 -0.00229588 0.00244599 -0.00199777 -0.00291286 -0.00191875 -0.011474 -0.00141804 0.00268807 0.00798362 0.00147002 -0.000140325 0.00455413 -0.0160122 0.000652903 0.00284872 -0.00108535 -0.0162786 0.000885757 -0.0165236 -0.00356975 -0.0255496 0 -0.00829281 -0.0309314 0.00162685 -0.00703241 0.00228503 0.000570772 0.00583718
internal_weight=10092.2 5951.09 4141.12 5826.85 4657.17 4178.03 479.144 4067.26 132.468 614.19 3526.93 2314.7 1212.23 108.636 2206.07 1456.23 472.645 53.5739 419.071 346.676 749.835 62.8318 213.155 69.9959 17.5226 1169.67 78.426 1091.25 742.185 349.063
internal_count=213780 105461 108319 100553 91387 68899 22488 63057 2367 31912 76407 41041 35366 1609 39432 27086 12604 1524 11080 20121 12346 855 8885 1634 679 9166 1259 7907 5313 2594
cat_boundaries=0 2 4 6 8 10 12
cat_threshold=388 131136 3749652610 4392 50857126 232786 2080575494 354398 323343887 367175 694420083 136193
is_linear=0
shrinkage=0.02


Tree=240
num_leaves=31
num_cat=9
split_feature=13 22 0 26 24 25 0 41 0 26 47 21 39 25 0 32 0 24 24 49 26 28 0 0 22 0 40 25 0 41
split_gain=133.479 90.6997 84.8078 66.9844 49.8044 47.2226 44.9117 36.0242 44.5988 34.4045 32.074 34.3466 30.2354 28.7256 27.0445 26.8051 24.2238 23.8509 27.5393 26.5721 22.5562 20.7435 19.8279 19.3247 18.9117 26.9449 23.2569 17.7246 17.5169 15.0686
threshold=1.0000000180025095e-35 0.11818181818181815 0 0.054276175085942506 2.2355481283422463 4.5194235999296568 1 0.24999999999999994 2 1.0000000180025095e-35 3.7646499238202167 1.0000000180025095e-35 0.93750000000000011 3.3147607407517543 3 2.8474011770836962 4 3.2278532226287648 3.0058551198257084 9.5357142857142883 0.021808284169030454 89.500000000000014 5 6 0.17045454545454547 7 2.7083333333333335 1.7812887021222121 8 0.85374989832437953
decision_type=2 2 1 2 2 2 1 2 1 2 2 8 2 2 1 2 1 2 2 2 2 2 1 1 2 1 2 2 1 2
left_child=1 2 4 7 -1 22 17 8 -2 -4 11 -11 -7 -12 20 23 29 18 27 -20 28 -17 -6 -16 26 -26 -10 -5 -9 -3
right_child=3 16 9 6 5 12 -8 14 24 10 13 -13 -14 -15 15 21 -18 -19 19 -21 -22 -23 -24 -25 25 -27 -28 -29 -30 -31
leaf_value=-0.016408485895440552 0.0089894234368366153 0.0077704148097531289 -0.018853472933548287 -0.010678493802534795 0.0046893461290723115 -0.011286655386455038 0.010759196342987257 0.0057463829678290135 -0.0029493456392505591 0.00089550280349210418 0.012316901519376176 -0.0046472090516175117 -0.049392767835592669 -0.0042154201948987162 -0.0033492498138678194 0.0013215476630720961 -0.0010269589660297956 0.0074048474285509968 -0.0022380167221888285 -0.060356546393819495 0.0045550843991486716 -0.003837148005895857 -0.0060578997830570882 0.0035666607799650285 0.0053384399206197856 -0.014660211770628283 0.0066284295732746534 0.0026098763095328843 -0.0026458512153120246 0.0013712513113452993
leaf_weight=334.06895175622776 422.8872699951753 291.04128361679614 49.840861588716507 52.188709898851812 136.17668091412634 183.97523674368858 486.0523742781952 114.91359781101346 187.60678239911795 611.45561401359737 103.3552744332701 1598.7464232658967 6.5208516065031281 65.214946618303657 207.2145797200501 396.98595554195344 674.71750775724649 143.83397448901087 8.1740795625373703 3.4225878333672872 747.50855995994061 1347.5842307731509 113.99771625734866 594.2939127497375 36.434933244250715 57.801446466706693 210.22660567145795 141.51764541957527 429.77273351233453 316.05524843931198
leaf_count=25541 17258 2402 2546 587 2208 7235 26345 1326 2088 3975 731 40946 56 543 1858 4273 2748 8217 159 134 14296 18105 1967 6643 960 1716 10554 3509 3519 1335
internal_value=-0.000342191 -0.00291262 -0.00471202 0.00171767 -0.0104364 -0.00601885 0.00693384 0.000793135 0.00435261 -0.00281258 -0.00245657 -0.00310564 -0.01344 0.00584258 -5.28923e-05 -0.00125253 0.00156915 0.00116661 -0.00309555 -0.0296405 0.00228484 -0.00265156 -0.000196696 0.00175071 0.00011312 -0.0077549 0.00207366 -0.000976883 -0.000760417 0.00442242
internal_weight=10073.6 4485.17 3203.35 5588.42 774.739 440.67 835.189 4753.23 914.957 2428.61 2378.77 2210.2 190.496 168.57 3838.27 2546.08 1281.81 349.137 205.303 11.5967 1292.19 1744.57 250.174 801.508 492.07 94.2364 397.833 193.706 544.686 607.097
internal_count=213780 92233 85748 121547 37007 11466 38951 82596 32576 48741 46195 44921 7291 1274 50020 30879 6485 12606 4389 293 19141 22378 4175 8501 15318 2676 12642 4096 4845 3737
cat_boundaries=0 2 4 6 8 10 12 14 16 18
cat_threshold=4278280193 12974 50597254 309074 483780289 84714 3794849068 33347 3612430429 280482 973103105 38 285224962 4380 537001990 425985 2113536 32770
is_linear=0
shrinkage=0.02


Tree=241
num_leaves=31
num_cat=12
split_feature=13 22 0 41 0 30 0 15 27 0 49 0 27 0 30 0 0 0 23 20 39 22 23 0 30 0 49 41 13 0
split_gain=128.644 87.5977 82.9527 62.1401 63.9186 37.7271 52.0396 30.9342 29.5365 28.2597 27.001 25.9765 25.7312 36.0793 31.6943 47.5564 41.8145 25.486 24.4528 22.7228 21.9691 47.7156 25.8826 25.4279 21.8385 22.26 20.7871 20.5992 20.5878 18.8686
threshold=1.0000000180025095e-35 0.11818181818181815 0 0.25531389540169019 1 1.7081832788955733 2 2.8125000000000004 5.4311013767209024 3 14.021428571428574 4 1.0208072590738426 5 3.5603191842926494 6 7 8 0.62500000000000011 -0.10000000000000163 0.22500000000000003 0.17045454545454547 0.37500000000000006 9 4.0311516089006325 10 14.121428571428574 0.45756572334974271 16.500000000000004 11
decision_type=2 2 1 2 1 2 1 2 2 1 2 1 2 1 2 1 1 1 2 2 2 2 2 1 2 1 2 2 2 1
left_child=1 2 12 4 24 6 10 11 17 -10 -4 -7 13 -1 16 -16 -14 27 20 29 -3 23 -23 -22 25 -2 -27 -5 -29 -19
right_child=3 18 5 8 -6 7 -8 -9 9 -11 -12 -13 14 -15 15 -17 -18 19 -20 -21 21 22 -24 -25 -26 26 -28 28 -30 -31
leaf_value=0.0027574365887329151 0.0034922303194849674 0.0081138522782165604 -0.0084600882606252117 0.0053568455553916995 0.0097294096779310477 -0.00046818587347932563 -0.018166260362553015 -0.023262674823854339 -0.0012037059890124824 0.013142858221797281 0.0073992125115328079 -0.0078677101541450665 -0.00010619354028858765 -0.017028893462599622 0.010624771859216913 -0.0026848792492186074 -0.0078473320481907347 -0.0074496705825513598 0.010324226297616031 0.00021971802310105732 0.0023493847821836763 0.00012799122974125487 0.0087513199518770377 -0.010615001740794444 0.0042026920307817626 -0.010987081876612294 0.009624035784979966 0.00087612177259385152 -0.021976834116301896 -0.0011775047357954326
leaf_weight=57.926441375166178 104.04763750964776 136.24016308784485 193.48393460083753 525.11290072835982 671.5811332645826 349.30841512233019 289.66422618692741 35.886337360367179 90.660520655103028 126.81169200921431 51.137322870083153 445.54064497724175 870.94965052045882 83.943890118971467 191.24419450201094 217.47136086039245 404.34149238932878 328.91176866320893 112.64275813102722 1651.124501330778 80.263425372540951 559.89882278814912 184.54781545046717 207.44806331768632 313.52602669037879 144.05049498425797 19.186171121429652 1098.3671965403482 12.95641401875764 492.74768735002726
leaf_count=831 2875 552 8676 15017 34262 8942 23057 215 2918 4383 1292 13234 10409 2274 1372 2023 13423 3592 689 19510 358 2992 993 901 14311 3318 967 13102 254 7038
internal_value=-0.000336622 -0.00286455 -0.00463846 0.00168652 0.00560578 -0.00834666 -0.0125817 -0.00566354 0.000544339 0.00767783 -0.00481986 -0.00475941 -0.00179071 -0.00990729 -0.00108928 0.00371922 -0.00265111 0.000156623 0.00153896 -0.00111804 0.000650647 -0.000335802 0.00231901 -0.00722691 0.000601006 -0.00352732 -0.0078425 0.00208755 0.000533292 -0.0038351
internal_weight=10051 4471.94 3190.9 5579.08 1252.39 1365.02 534.285 830.735 4326.69 217.472 244.621 794.849 1825.88 141.87 1684.01 408.716 1275.29 4109.22 1281.04 2472.78 1168.4 1032.16 744.447 287.711 580.81 267.284 163.237 1636.44 1111.32 821.659
internal_count=213780 92233 85748 121547 55733 55416 33025 22391 65814 7301 9968 22176 30332 3105 27227 3395 23832 58513 6485 30140 5796 5244 3985 1259 21471 7160 4285 28373 13356 10630
cat_boundaries=0 2 4 6 8 10 11 13 15 17 19 21 23
cat_threshold=9740222 330049 53091646 439552 6881345 163856 1083051120 22142 570580993 148614 1349760 8426258 65537 1052588 64 3803827244 41475 1461795416 642 34082830 401408 469762050 348564
is_linear=0
shrinkage=0.02


Tree=242
num_leaves=31
num_cat=9
split_feature=13 22 0 41 0 24 25 47 31 24 0 24 0 0 25 25 0 23 20 22 39 22 24 0 49 41 13 0 2 0
split_gain=124.104 84.6572 81.0676 60.1865 62.2598 49.1415 46.178 29.2822 28.6643 27.8501 27.8488 27.0913 113.392 51.3844 25.513 50.813 24.5074 23.6029 21.7943 21.4036 28.0822 31.5606 20.9694 21.4986 24.9561 19.9347 19.6737 18.8475 18.0116 18.0055
threshold=1.0000000180025095e-35 0.11818181818181815 0 0.25531389540169019 1 2.2355481283422463 4.5194235999296568 3.7646499238202167 5.4274123735720723 4.3179935767410429 2 1.5661136249371548 3 4 3.3147607407517543 2.9614914616579728 5 0.62500000000000011 -0.10000000000000163 0.37524766899766909 0.22500000000000003 0.17045454545454547 4.037051184110009 6 14.121428571428574 0.45756572334974271 16.500000000000004 7 0.8542199457734333 8
decision_type=2 2 1 2 1 2 2 2 2 2 1 2 1 1 2 2 1 2 2 2 2 2 2 1 2 2 2 1 2 1
left_child=1 2 5 4 22 -1 27 11 16 -8 -10 12 -4 -13 15 -9 25 19 29 20 -3 -22 23 24 -2 -5 -27 -7 -16 -18
right_child=3 17 7 8 -6 6 9 14 10 -11 -12 13 -14 -15 28 -17 18 -19 -20 -21 21 -23 -24 -25 -26 26 -28 -29 -30 -31
leaf_value=-0.016254595547651358 -0.013728355184346468 0.0082060414770968124 -0.01580705717551557 0.0052744376358699338 0.009620811237538893 0.004652210211900795 -0.02297906653430248 0.0017944296290664803 -0.00071883079969035165 -0.0066949181673557484 0.013444662158104128 0.0037588911277743487 -0.0010609024753656085 -0.0044431566431567112 0.01574541843173715 0.031802429581864841 -0.0074012072339958625 0.010156730481143484 0.00021536154297824791 0.0076674458394106818 -0.0071013266241898446 0.00090019653716336861 0.0041347119869198133 0.0018130947094960228 0.009530475101291248 0.00085916186502860029 -0.021336979729654596 -0.0058469256368393827 -0.0093471424966344203 -0.001237484103087869
leaf_weight=324.80380082176998 104.00009774230421 128.90649079531431 298.98310210369527 522.72209483990446 665.78405780578032 136.35552617628127 71.360284735448658 77.02918404713273 98.094451477751136 117.04527342133224 118.02945630019531 471.85603313613683 660.54922493454069 811.88989705964923 10.972835324704645 30.152909740805626 316.42859229817986 112.26367810182273 1650.8971609212458 148.16408377047628 287.19005497358739 603.33442989736795 312.36828318517655 145.05678201466799 19.018180941231549 1097.7139356480911 13.165863363072274 113.02717281505466 54.859873810783029 507.20834431471303
leaf_count=25541 2197 522 12150 15017 34262 2208 4680 605 3132 2611 4169 7555 14346 13323 57 204 3386 689 19510 764 1259 3251 14311 3996 967 13102 254 1967 501 7244
internal_value=-0.000331481 -0.00281887 -0.00456784 0.00165634 0.00552493 -0.0102151 -0.00584059 -0.00271337 0.000533757 -0.0132307 0.00758379 -0.00334273 -0.00588666 -0.00141644 0.00509692 0.011054 0.000152735 0.00151011 -0.00109576 0.00063776 -0.000383873 -0.00167305 0.0005922 -0.00344008 -0.00910974 0.00204886 0.000521385 -8.73206e-05 -0.00437025 -0.00375246
internal_weight=10029.2 4458.74 3178.89 5570.49 1246.23 762.592 437.788 2416.29 4324.26 188.406 216.124 2243.28 959.532 1283.75 173.015 107.182 4108.14 1279.86 2474.53 1167.6 1019.43 890.524 580.443 268.075 123.018 1633.6 1110.88 249.383 65.8327 823.637
internal_count=213780 92233 85748 121547 55733 37007 11466 48741 65814 7291 7301 47374 26496 20878 1367 809 58513 6485 30140 5796 5032 4510 21471 7160 3164 28373 13356 4175 558 10630
cat_boundaries=0 2 4 6 8 10 12 14 16 18
cat_threshold=4278280193 12974 53091646 439552 1217268848 87678 10617878 52481 136214 19713 3803827244 41475 18877712 5376 973103105 38 469762050 348436
is_linear=0
shrinkage=0.02


Tree=243
num_leaves=31
num_cat=8
split_feature=13 22 0 16 21 24 25 0 22 0 0 49 27 0 24 0 49 0 43 47 31 44 23 24 0 41 24 25 25 41
split_gain=119.617 81.7908 79.2464 59.1213 50.3254 61.6228 48.5582 41.8565 41.3652 42.8307 41.366 37.2472 25.1936 35.5615 30.2418 45.3681 40.6099 23.2595 18.7909 18.747 18.5323 24.8423 17.3255 17.2129 16.7715 15.9056 14.8204 14.7193 18.9673 14.343
threshold=1.0000000180025095e-35 0.11818181818181815 0 8.0208333333333339 4.5000000000000009 1.493421052631579 4.7349668438947559 1 0.062554347826086973 2 3 -3.2571428571428567 1.0208072590738426 4 3.5598214285714289 5 9.5357142857142883 6 4.5500000000000016 -4.5716756545447241 0.95198490658792256 28.450000000000003 0.62500000000000011 4.6876065643648772 7 0.18181818181818218 0.71763298620883775 4.7829921748584638 2.1757227721244341 0.46681174370702022
decision_type=2 2 1 8 8 2 2 1 2 1 1 2 2 1 2 1 2 1 2 2 2 2 2 2 1 2 2 2 2 2
left_child=1 2 12 8 20 11 -7 29 9 -2 18 -6 13 -1 16 -16 -14 -3 26 -12 21 -4 23 25 -21 -19 -10 28 -11 -5
right_child=3 17 4 7 5 6 -8 -9 10 27 19 -13 14 -15 15 -17 -18 22 -20 24 -22 -23 -24 -25 -26 -27 -28 -29 -30 -31
leaf_value=0.0027468032630152245 0.00047392434012992138 -0.0014234452126050819 0.031130309596682528 0.0054166627167722605 0.0054726539240175275 -0.0034890695657290817 -0.014196504437218186 0.015642297292820757 -0.015782141914849359 0.012312430942697706 0.009081476213819396 -0.018921745537135565 -0.00093021028235392702 -0.016938082482343426 0.010381982633457998 -0.0026078039045444039 -0.010536685133765884 0.010538570951890982 0.0015836293976196462 -0.004033454482977766 -0.0011516109753115717 -0.0073531964734030895 0.013796914303772881 0.0092842966883809139 -0.00055241282969407197 -0.00016862920519972844 0.0088257638588169849 0.012755745744476082 0.003920101940572877 -0.0076089049100539095
leaf_weight=57.952950061298907 919.23218194209039 586.39695175737143 14.269709719344975 97.295610678382218 24.579840905964375 572.59057635022327 244.23607961367816 185.82042911928147 6.9436360076069823 134.8591077607125 61.422475219704211 310.57123735919595 1059.7843485735357 82.618645685724914 192.32700094208121 216.88864912372082 209.84963385481387 60.011565151624382 663.94002665299922 862.34993257559836 172.70199416205287 8.2561903093010169 63.496046942658722 131.26282220333815 1585.9961030157283 437.59134461078793 257.05162976961583 141.39500564802438 598.19607315398753 47.521176870912313
leaf_count=831 16964 2399 131 7134 788 16047 10363 16466 97 2564 1001 26203 14984 2274 1372 2023 8848 415 12147 11358 1797 87 482 941 29168 2248 6650 3934 13417 647
internal_value=-0.000325584 -0.0027721 -0.00449639 0.00162661 -0.00815174 -0.00980153 -0.00675529 0.00979766 0.00110104 0.0035609 -0.000178606 -0.0170408 -0.00171568 -0.00978399 -0.00102218 0.00366846 -0.00255481 0.00148275 0.00339493 -0.00151775 0.00107201 0.0170353 0.00393235 0.00290614 -0.0018088 0.00113814 0.00793356 0.00668882 0.00553509 0.00087986
internal_weight=10007.4 4445.39 3166.63 5562.02 1347.21 1151.98 816.827 330.637 5231.39 1793.68 3437.7 335.151 1819.42 140.572 1678.85 409.216 1269.63 1278.76 927.935 2509.77 195.228 22.5259 692.362 628.866 2448.35 497.603 263.995 874.45 733.055 144.817
internal_count=213780 92233 85748 121547 55416 53401 26410 24247 97300 36879 60421 26991 30332 3105 27227 3395 23832 6485 18894 41527 2015 218 4086 3604 40526 2663 6747 19915 15981 7781
cat_boundaries=0 2 4 6 8 9 11 13 15
cat_threshold=9740222 330049 336273728 100636 824319909 411512 540099969 633 1349760 8426258 65537 679882658 243789 84148306 283780
is_linear=0
shrinkage=0.02


Tree=244
num_leaves=31
num_cat=7
split_feature=13 22 0 26 0 24 25 26 21 31 22 41 24 20 0 22 29 15 0 44 0 43 0 16 43 24 16 26 0 20
split_gain=115.295 79.0216 77.2366 63.736 53.1687 49.1192 42.5879 34.2375 29.687 48.9459 28.314 28.1607 27.6344 27.1226 26.0704 33.8495 29.6176 29.4445 25.9921 22.9921 22.3942 21.9237 18.6472 17.7304 18.5212 15.5603 15.385 15.2754 15.8184 14.93
threshold=1.0000000180025095e-35 0.11818181818181815 0 0.03789299120334786 1 2.2355481283422463 4.5194235999296568 1.0000000180025095e-35 1.0000000180025095e-35 1.0309897716160625 0.4117281595446296 0.2649064714130091 4.3179935767410429 3.4000000000000017 2 0.074999999999999969 4.3484057455078053 4.1875000000000009 3 27.250000000000004 4 3.1500000000000008 5 8.0208333333333339 37.20000000000001 4.6876065643648772 0.17424242424242423 0.032768556640598058 6 -0.4000000000000003
decision_type=2 2 1 2 1 2 2 2 8 2 2 2 2 2 1 2 2 2 1 2 1 2 1 10 2 2 10 2 1 2
left_child=1 2 5 13 11 -1 22 -4 26 -10 23 -5 -8 14 17 18 -17 21 -16 -15 -3 -2 -7 29 -25 27 -9 28 -22 -6
right_child=3 20 7 4 10 6 12 8 9 -11 -12 -13 -14 19 15 16 -18 -19 -20 -21 25 -23 -24 24 -26 -27 -28 -29 -30 -31
leaf_value=-0.016420004785686133 0.0073799224594253846 -0.0013956162940102453 -0.018814055121942209 0.014538674298009674 -0.003029214550686729 0.0049081095848928944 -0.023080632215130827 0.0029716274435279168 -0.019281941243396227 -0.0029246131464804406 -0.015599817396065099 0.0059350842017986995 -0.0063880085271831371 -0.0050932818052613175 -0.0011242713099302289 -0.0010075622044449521 -0.0074211874844521764 0.014098585370141701 0.0053928817038118885 -0.048620171982765838 0.0051871344348315383 -0.00015216439402861775 -0.0057199325974509607 0.012385085847984112 -0.024280671052505025 0.0096662290497846418 -0.0045672714214436286 0.0073672701823290819 -0.0029505548300047001 0.0029070071935749526
leaf_weight=302.80015436606482 212.63052984047681 586.38735073059797 48.874163457192481 248.50797947496176 208.42653547693044 126.33258036058396 66.464373201131821 504.66041441075504 74.27476085908711 1673.137791339308 32.486930063925683 440.01684227399528 111.86789907794446 17.24278719723225 449.19437666842714 1548.9012994254008 354.4310134020634 88.730581078212708 510.96384451026097 5.1854945663362733 139.23585434257984 528.19486180972308 112.41178882867098 96.269560902845114 2.7588769895955911 147.12336845044047 133.2442733719945 162.09562469832599 243.34756747074425 810.43160477653146
leaf_count=24266 3233 2399 2613 18274 5258 2007 4449 3502 3780 40085 458 14592 2493 247 6094 17885 5497 5217 8252 71 697 6009 1967 9012 95 1081 586 1252 1056 21353
internal_value=-0.000319388 -0.00272572 -0.0044261 0.00159765 0.00463987 -0.0101406 -0.00569074 -0.00266498 -0.00231366 -0.00366317 0.00190845 0.0089889 -0.0129986 8.40506e-05 0.000230956 -0.000671011 -0.00222217 0.00332771 0.00237349 -0.0204922 0.00145507 0.00200384 -5.5792e-05 0.00249252 0.0104837 0.00386028 0.0013517 0.00228164 3.44939e-05 0.00166774
internal_weight=9986.63 4432.26 3154.07 5554.37 1838.9 719.877 417.077 2434.19 2385.32 1747.41 1150.37 688.525 178.332 3715.47 3693.05 2863.49 1903.33 829.556 960.158 22.4283 1278.19 740.825 238.744 1117.89 99.0284 691.802 637.905 544.679 382.583 1018.86
internal_count=213780 92233 85748 121547 69042 35182 10916 50566 47953 43865 36176 32866 6942 52505 52187 37728 23382 14459 14346 318 6485 9242 3974 35718 9107 4086 4088 3005 1753 26611
cat_boundaries=0 2 4 6 8 10 12 14
cat_threshold=3741409281 12974 3940282369 262697 3227785 32995 587597604 459544 679882658 243789 436232193 38 3242246152 279298
is_linear=0
shrinkage=0.02


Tree=245
num_leaves=31
num_cat=6
split_feature=14 26 26 0 21 30 0 27 0 25 0 24 24 0 25 25 0 26 25 25 47 47 42 20 47 16 39 25 24 26
split_gain=112.609 55.4729 51.2722 50.0158 43.4472 91.0343 86.4539 85.8065 58.9499 56.9141 43.0549 34.3874 49.4615 44.9173 34.9489 29.5373 27.0045 26.2189 23.6964 22.5921 22.2674 29.0736 19.4674 16.7234 16.4444 16.2857 20.7561 16.0666 29.2117 22.3335
threshold=1.5000000000000002 0.0023604272768445005 0.064604640413195705 0 1.5000000000000002 1.2773597643062866 1 0.8743872549019609 2 2.4190113469967502 3 4.6876065643648772 4.449898190045249 4 3.9549026081620826 7.0914308043246042 5 0.031064194434663652 1.7812887021222121 2.5635814707136761 -0.97232213022733738 0.92856601579728315 -8.3428571428571399 3.2000000000000024 0.686902747627257 2.077380952380953 0.86607142857142871 4.4179397048849784 2.1076426024955439 0.015708519889949705
decision_type=2 2 2 1 8 2 1 2 1 2 1 2 2 1 2 2 1 2 2 2 2 2 2 2 2 10 2 2 2 2
left_child=1 -1 10 18 25 6 9 -7 -9 -6 17 12 16 -13 -14 -15 -12 19 20 24 -4 -22 -8 -21 -2 27 -27 29 -29 -3
right_child=2 4 3 -5 5 7 22 8 -10 -11 11 13 14 15 -16 -17 -18 -19 -20 23 21 -23 -24 -25 -26 26 -28 28 -30 -31
leaf_value=-0.015480804721268414 -0.016899666843996648 -0.0033662224701629657 0.0093854354965373036 0.013198384230076457 0.012829025027074521 -0.019110181598609131 -0.00012338727286776845 -0.0051052397050537369 0.00026370441323866797 -0.013797067151915164 -0.0045996600526085922 0.007882252269204873 -0.001460520344955471 0.00033679145347264157 -0.023007016782878 -0.016621461806829736 0.00108126326734447 0.0076999006537247462 0.0023466069258942356 0.0032513532746444129 -0.044229089056445597 0.0055604600806322011 -0.018251803888245436 -0.027009924689706477 0.0057269540191574033 -0.017178613477472855 0.0025563764346979829 -0.012129703871811783 0.0091385840493952691 0.003391824575639741
leaf_weight=118.63409015908837 38.645632322877645 302.38108980469406 5.807103198021653 292.85942005040124 84.090225368738174 107.75002295058221 28.163239658810198 1123.4730228772387 2900.0720602539368 47.538372467271984 482.58076538750902 395.59811449097469 56.179441684857011 323.18272773036733 68.871114583220333 43.72480360744521 1013.006555639673 552.82966241007671 133.97122587962076 648.04163605207577 11.489614784717562 5.067432500422 300.23504031728953 4.2861547814682117 15.183589656837283 37.490785324946046 40.520707324147224 25.793553812429309 222.78165589831769 535.27272832021117
leaf_count=4908 368 1982 129 17977 1321 6026 618 22450 40423 1046 7727 11706 1305 8562 1040 1204 17815 21696 6541 11866 84 78 19503 79 142 370 889 144 1374 4407
internal_value=-0.00031452 -0.00209014 0.00222964 0.00859126 -0.00180274 -0.0026791 -0.0110975 -0.00172949 -0.00124518 0.00276571 0.00143313 -0.000148655 -0.00180465 0.00333622 -0.0137444 -0.00170246 -0.000767469 0.00440267 -0.000779091 0.0018336 -0.018662 -0.0294525 -0.0162814 0.00289926 -0.0102 0.00163419 -0.00696593 0.00228769 0.00673384 0.000925168
internal_weight=9965.52 5874.2 4091.32 449.195 5755.56 4591.32 460.027 4131.3 4023.55 131.629 3642.13 2383.14 1620.64 762.506 125.051 366.908 1495.59 1258.99 156.335 706.157 22.3642 16.557 328.398 652.328 53.8292 1164.24 78.0115 1086.23 248.575 837.654
internal_count=213780 105461 108319 24809 100553 91387 22488 68899 62873 2367 83510 49359 27887 21472 2345 9766 25542 34151 6832 12455 291 162 20121 11945 510 9166 1259 7907 1518 6389
cat_boundaries=0 2 4 6 8 10 12
cat_threshold=50859141 167250 388 131136 2541684864 4136 3281120268 33698 7078897 136193 538968691 5121
is_linear=0
shrinkage=0.02


Tree=246
num_leaves=31
num_cat=10
split_feature=14 26 13 0 30 0 0 16 0 0 26 0 41 25 50 30 25 30 0 0 0 44 26 25 25 25 21 28 26 0
split_gain=108.422 54.1228 50.3019 46.9142 42.6639 75.2857 51.0205 46.4614 43.1573 40.3244 33.7219 28.4268 26.1912 23.3306 21.5248 21.3355 45.9004 41.1214 28.6483 24.9125 21.3067 20.8732 22.0084 19.1022 75.9962 20.6525 16.5835 21.8574 16.5415 13.4398
threshold=1.5000000000000002 0.0023604272768445005 4.5000000000000009 0 3.6756140860373634 1 2 1.0000000180025095e-35 3 4 0.018696443743172704 5 0.28005601680560216 2.18118409169728 19.500000000000004 4.6741532841584421 3.8672256857240379 4.4402016242502507 6 7 8 34.150000000000006 0.029049534093724402 6.736241822416539 7.5362144677271941 3.1390540433891698 4.5000000000000009 63.500000000000007 0.032938703161713163 9
decision_type=2 2 2 1 2 1 1 8 1 1 2 1 2 2 2 2 2 2 1 1 1 2 2 2 2 2 8 2 2 1
left_child=1 -1 9 14 5 10 26 8 -7 28 11 -3 -5 -12 23 16 19 -18 -17 -11 -9 22 -8 25 -25 -4 -6 -28 -2 -14
right_child=2 4 3 12 6 7 21 20 -10 15 13 -13 29 -15 -16 18 17 -19 -20 -21 -22 -23 -24 24 -26 -27 27 -29 -30 -31
leaf_value=-0.015357737627841379 0.0023567073480393829 0.0016080165957087719 -0.017234237693997012 0.012822203379901658 0.0065098881006868193 -0.0038116301217967362 0.001830204860701496 0.00032337406802243135 -0.016025935737396305 -0.003917063949718985 0.0045865322910943638 -0.0081938909769217298 0.0084635838578854417 -0.0008673637865387971 0.014655248118498207 -0.0025910943707310613 -0.0046673482296873134 -0.022679641093555494 0.00624243664397437 0.0020160813607499948 -0.006649067219067546 -0.021357642264581585 0.0082865517951312348 -0.083801249472132217 0.0010041074493268836 0.00087942235362347201 -0.012887987000922902 -0.0028014432128356725 0.0080809223719801454 0.001251029848040082
leaf_weight=117.23126301076263 531.23277042713016 165.8355409745127 29.226103910245001 318.96918043494225 60.160960359498858 221.6628357404843 1039.86904292088 308.08503914996982 323.53079041093588 395.52592324279249 405.0173162817955 377.54609236121178 224.18225730489939 1345.2667015902698 19.847654237411916 231.84986914228648 320.07427545171231 59.227403499186039 359.2606374816969 906.86818347685039 388.80038101132959 10.856470055878161 267.77078484930098 3.0119216288439921 12.51017856877297 106.15772412857041 96.854069774970412 737.71599334292114 341.73215929605067 223.00639319047332
leaf_count=4908 7635 2429 1237 30556 481 7234 9006 2121 27141 6037 7366 4671 10440 24648 1041 3785 3967 545 6212 12978 3832 56 3214 91 734 5825 2597 5757 9454 7782
internal_value=-0.000309421 -0.00205255 0.00218997 0.00625402 -0.00176989 -0.00313275 0.000399624 -0.00707162 -0.0115063 0.000968403 -0.000949672 -0.00529396 0.00830514 0.000388954 -0.00311717 -0.000435515 -0.00159369 -0.00768816 0.00280989 0.000179491 -0.00364026 0.00289635 0.0031835 -0.00602725 -0.0252797 -0.0031752 -0.00325077 -0.00403786 0.00458797 0.00515931
internal_weight=9948.89 5866.2 4082.68 936.911 5748.97 3535.74 2213.23 1242.08 545.194 3145.77 2293.67 543.382 766.158 1750.28 170.754 2272.81 1681.7 379.302 591.111 1302.39 696.885 1318.5 1307.64 150.906 15.5221 135.384 894.731 834.57 872.965 447.189
internal_count=213780 105461 108319 57706 100553 79442 21111 40328 34375 50613 39114 7100 48778 32014 8928 33524 23527 4512 9997 19015 5953 12276 12220 7887 825 7062 8835 8354 17089 18222
cat_boundaries=0 2 4 6 8 10 12 14 16 18 20
cat_threshold=33559040 208140 7917561 445904 3581485280 317844 327686 65536 2182209804 98724 6308865 3088 2088895490 286802 560202256 5121 4236382208 4110 1156762764 673
is_linear=0
shrinkage=0.02


Tree=247
num_leaves=31
num_cat=8
split_feature=14 26 26 0 21 30 31 0 0 25 0 24 24 0 49 25 25 0 26 25 25 1 0 24 25 26 30 49 20 25
split_gain=104.429 52.7881 49.3997 49.1254 41.5795 88.6942 85.3728 84.3639 55.6923 54.513 40.6529 32.0598 45.8424 42.8912 31.6745 31.4804 27.8924 25.5346 25.0968 22.6547 21.6641 18.4458 16.4691 19.8621 34.9458 29.547 17.131 22.0112 16.1928 15.8439
threshold=1.5000000000000002 0.0023604272768445005 0.064604640413195705 0 1.5000000000000002 1.2773597643062866 1.0309897716160625 1 2 2.4190113469967502 3 4.6876065643648772 4.449898190045249 4 -7.4214285714285699 3.9549026081620826 7.0914308043246042 5 0.031064194434663652 1.7812887021222121 2.5635814707136761 6 7 0.79852133160956706 1.231416256120329 0.027727879396263252 0.49739936199665796 8.9214285714285726 3.2000000000000024 3.225608871412931
decision_type=2 2 2 1 8 2 2 1 1 2 1 2 2 1 2 2 2 1 2 2 2 1 1 2 2 2 2 2 2 2
left_child=1 -1 10 19 22 7 -7 9 -8 -6 18 12 17 -13 -9 -14 -15 -12 20 21 -2 -4 23 24 -3 -25 27 -24 -22 -28
right_child=2 4 3 -5 5 6 8 14 -10 -11 11 13 15 16 -16 -17 -18 -19 -20 -21 28 -23 26 25 -26 -27 29 -29 -30 -31
leaf_value=-0.015234172150621767 -0.0099948206744293732 0.015449790250848363 -0.024981227106956876 0.013056682154669794 0.01245599307428392 -0.019517788407370777 -0.0051508058109604685 0.0099906024576152316 0.00019724134255102063 -0.013660404057133224 -0.0036064774153460816 0.0076942222904308926 -0.0014597197976368504 0.0002973020213734598 -0.018031211162756897 -0.021858692376965878 -0.016103602138664075 0.001594533690855699 0.0075195088005372904 0.0022329118694104635 0.0031574853743174774 0.0051579947291634596 -0.0036399724248674901 -0.0024404546083290238 -0.018265322965163516 0.0063081784123048606 0.0008512031058652619 0.038571188628179071 -0.026458217691326086 0.0089597639384225887
leaf_weight=115.85670948307961 54.091478635556996 12.852728392928837 11.43223227933049 288.06597468582913 84.755970916710794 101.57696541305631 1038.5121365441009 14.24767537601292 2983.1203257311136 46.957890207879245 675.05919134709984 391.13772010616958 56.163103209808469 322.56289195315912 308.5847952729091 70.202095469459891 44.234863387420774 820.68703387537971 546.36855298932642 133.18620595615357 645.446503453888 11.093706330284478 5.9481191579252473 413.64816645532846 50.351823438890278 241.37707871105522 278.86581641808152 9.9015357457101327 4.3662301497533909 150.32928802259266
leaf_count=4908 510 122 80 17977 1321 5842 21186 194 41871 1046 11984 11706 1305 8562 19927 1040 1204 13558 21696 6541 11866 211 123 2624 862 1941 2289 89 79 1116
internal_value=-0.000304948 -0.00201681 0.00215078 0.00843583 -0.00173878 -0.00259817 -0.00166407 -0.0109613 -0.00119394 0.00269942 0.00137065 -0.000164195 -0.00175901 0.00321402 -0.0161567 -0.0131911 -0.00169527 -0.000755383 0.00426901 -0.000841553 0.00175688 -0.0182588 0.00162395 -0.00025273 -0.0107178 0.000767088 0.00458203 0.0236109 0.00280718 0.00378005
internal_weight=9930.98 5856.89 4074.1 443.778 5741.03 4577.76 4123.21 454.546 4021.63 131.714 3630.32 2380.05 1622.11 757.935 322.832 126.365 366.798 1495.75 1250.27 155.712 703.904 22.5259 1163.27 718.23 63.2046 655.025 445.045 15.8497 649.813 429.195
internal_count=213780 105461 108319 24809 100553 91387 68899 22488 63057 2367 83510 49359 27887 21472 20121 2345 9766 25542 34151 6832 12455 291 9166 5549 984 4565 3617 212 11945 3405
cat_boundaries=0 2 4 6 8 10 12 13 14
cat_threshold=50859141 167250 388 131136 2541684864 40 3281120268 33698 7078897 136193 543425139 5121 36 40448
is_linear=0
shrinkage=0.02


Tree=248
num_leaves=31
num_cat=7
split_feature=13 22 0 26 0 30 25 26 41 0 47 21 25 39 0 32 23 30 30 3 26 22 39 22 28 0 22 0 40 0
split_gain=101.524 72.9308 74.2044 58.2995 42.9805 42.6233 37.7688 31.3697 29.4039 41.4465 27.8743 29.1228 26.373 24.8724 22.8603 25.6932 22.0733 21.9382 26.7631 30.8456 20.8076 20.6167 27.0526 30.1831 19.7587 19.2361 18.1272 26.1035 21.4928 18.0182
threshold=1.0000000180025095e-35 0.11818181818181815 0 0.054276175085942506 1 1.7081832788955733 4.6489437953667769 1.0000000180025095e-35 0.24999999999999994 2 3.7646499238202167 1.0000000180025095e-35 3.3147607407517543 0.93750000000000011 3 2.8474011770836962 0.62500000000000011 3.2317395428840192 3.0126604857077139 0.29696027566504679 0.021808284169030454 0.37524766899766909 0.22500000000000003 0.17045454545454547 89.500000000000014 4 0.17045454545454547 5 2.7083333333333335 6
decision_type=2 2 1 2 1 2 2 2 2 1 2 8 2 2 1 2 2 2 2 2 2 2 2 2 2 1 2 1 2 1
left_child=1 2 5 8 17 -1 25 -4 9 -2 11 -9 -12 -8 20 29 21 18 -5 -20 -10 22 -3 -24 -17 -7 28 -28 -11 -16
right_child=3 16 7 4 -6 6 13 10 14 26 12 -13 -14 -15 15 24 -18 -19 19 -21 -22 -23 23 -25 -26 -27 27 -29 -30 -31
leaf_value=-0.016130026960070574 0.0084865949380409107 0.0080285881055417868 -0.018632234526206808 -0.0011472282305384136 0.010304192193088537 0.0037032997132005092 -0.011350604283793591 0.00098997648972375856 -0.00087374891581276138 -0.0030403105778227502 0.011813545476646295 -0.0041613941422705986 -0.0040421512678616807 -0.045466359595472239 -0.0038506175874945718 0.0013022819504898151 0.0098459461624234735 0.0069318038428585558 -0.056594682841504929 0 0.0042563662516453809 0.0075147144009598569 -0.0069899421819870442 0.00084785353945927096 -0.0037342484241113679 -0.0057435629413154663 0.0051652247459943014 -0.014631100140350975 0.0062379845702966556 0.0032781364196328121
leaf_weight=267.79569422407076 407.00965562090278 128.82753545790911 43.956557936035097 191.98479002527893 465.26956846751273 130.02487592678517 170.36487591732293 608.44542395696044 541.93947248719633 186.82883335836232 104.30889555625618 1513.5555814532563 64.517966968938708 7.016311924904584 168.85236802976578 396.23752799630165 111.2293712971732 138.80688082240522 4.8018581764772517 6.8767087357118726 735.64184314571321 147.56867271102965 286.1506186267361 601.35347278323025 1350.2329478058964 205.0832578772679 35.932618340011686 57.805695450864732 204.54746437398717 630.9728759303689
leaf_count=22749 17258 522 2479 4096 26345 2723 7648 3975 4845 2088 731 39757 543 56 1548 4273 689 8217 157 136 14296 764 1259 3251 18105 5087 960 1716 10554 6953
internal_value=-0.000299842 -0.0025708 -0.00422051 0.00150188 0.00645897 -0.0095225 -0.00614196 -0.00237918 0.000645044 0.0039087 -0.002045 -0.00267561 0.00567304 -0.0135447 -0.00011362 -0.00121229 0.00144416 0.000811212 -0.00326432 -0.0293573 0.00205163 0.000600845 -0.000402572 -0.0016718 -0.00257986 -0.00207895 -9.17017e-05 -0.0078895 0.00176871 0.00173237
internal_weight=9913.94 4390.2 3115.07 5523.74 807.74 780.285 512.489 2334.78 4716 892.124 2290.83 2122 168.827 177.381 3823.88 2546.3 1275.13 342.47 203.663 11.6786 1277.58 1163.9 1016.33 887.504 1746.47 335.108 485.115 93.7383 391.376 799.825
internal_count=213780 92233 85748 121547 38951 38263 15514 47485 82596 32576 45006 43732 1274 7704 50020 30879 6485 12606 4389 293 19141 5796 5032 4510 22378 7810 15318 2676 12642 8501
cat_boundaries=0 2 4 6 8 10 12 14
cat_threshold=4278280257 12974 50597254 309074 483780289 84714 3794849068 33347 536895489 134 537001990 425985 285224962 276
is_linear=0
shrinkage=0.02


Tree=249
num_leaves=31
num_cat=0
split_feature=13 41 24 49 25 24 21 38 21 25 24 3 49 24 40 27 21 20 27 21 47 2 39 30 31 24 23 49 38 47
split_gain=97.8071 52.0652 48.6055 61.1859 64.4067 50.5278 53.4649 41.9782 37.6018 31.1066 32.4126 39.229 31.474 52.2886 28.4679 25.9781 30.5416 26.9198 23.4009 49.0137 30.3744 22.7801 22.7115 21.9114 21.622 18.8676 17.4815 16.2351 15.4457 14.2822
threshold=1.0000000180025095e-35 0.25531389540169019 3.2703415247678023 9.5357142857142883 2.7784219526305605 1.433560924369748 1.0000000180025095e-35 5.5000000000000009 1.0000000180025095e-35 2.18118409169728 1.0809089940323957 -0.78574730703237872 9.0571428571428587 0.44803491572067428 2.7083333333333335 5.4311013767209024 9.5000000000000018 -0.49999999999999989 1.0208072590738426 1.0000000180025095e-35 0.25662529283394525 -0.91023613416931237 0.61250000000000016 0.49739936199665796 1.744671276204252 3.6764705882352944 0.37500000000000006 10.27857142857143 5.5000000000000009 -0.39363938895794121
decision_type=2 2 2 2 2 2 8 2 8 2 2 2 2 2 2 2 8 2 2 8 2 2 2 2 2 2 2 2 2 2
left_child=2 14 3 9 5 6 -5 -7 29 12 11 -11 13 -1 22 16 26 -18 19 20 -4 -12 -2 -14 27 -19 -3 -24 -20 -6
right_child=1 15 18 4 8 7 -8 -9 -10 10 21 -13 23 -15 -16 -17 17 25 28 -21 -22 -23 24 -25 -26 -27 -28 -29 -30 -31
leaf_value=-0.016823208081149156 0.012764893196857027 -0.00017682364040709633 -0.0043195289694388222 0.008672415265861896 -0.0088894188286822492 -0.0027034147694005436 -0.017236107803990288 0.016848138882535585 -0.017586434439213556 0.0096942172018185079 0.027029926394893478 -0.016038246747568263 0.050647306237144613 0.0042301414524550289 0.00761744589828252 0.0072329849087991206 -0.0048584076107863056 -0.0022707993114306317 -0.00051960074228468722 -0.019177079893493036 0.024343707338606118 -0.0028385668832770355 -0.020138872430348693 0.0045983827552944587 0.0012675341050968477 0.0013657326124540885 0.004892592578088651 0.0040056373409479342 0.0037529656380104752 0.011688046432671134
leaf_weight=51.801182083785534 57.657908629160374 439.54841048363596 43.004283726215363 38.990136561915278 23.929926037788391 123.35378331691027 127.07845085207373 63.645578048191965 316.07604504004121 25.221949197351933 7.1958603356033555 141.84129488654435 6.0170787665993002 331.42244524974376 730.49685077136382 210.74577194498852 574.42305222945288 930.10230537876487 1127.8607886927202 69.475213309749961 18.471998102962971 1351.5041765980422 32.251711804419756 10.927921057678757 381.57231305539608 1465.5112739182077 680.1525320452638 13.200190683826802 476.85538376215845 23.630957072600722
leaf_count=2689 1870 7517 328 401 177 561 12006 2389 21979 97 271 4525 100 5877 47836 7301 8999 8471 5864 3726 127 23022 282 164 5604 19348 14178 141 7816 114
internal_value=-0.000294875 0.0014742 -0.00252755 -0.0042339 -0.00922067 -0.00302364 -0.010989 0.00400668 -0.0151091 -0.00235633 -0.00366222 -0.0119333 0.00256334 0.00122396 0.00512575 0.000434881 7.46403e-05 -0.000981707 6.17789e-05 -0.00795715 0.00471478 -0.00260649 0.00130559 0.0271114 -0.000273424 -3.88951e-05 0.00288958 -0.0129002 0.000742223 0.00102594
internal_weight=9893.97 5515.66 4378.3 2642.64 716.705 353.068 166.069 186.999 363.637 1925.93 1525.76 167.063 400.169 383.224 1215.18 4300.48 4089.74 2970.04 1735.67 130.951 61.4763 1358.7 484.682 16.945 427.024 2395.61 1119.7 45.4519 1604.72 47.5609
internal_count=213780 121547 92233 74372 37627 15357 12407 2950 22270 36745 27915 4622 8830 8566 55733 65814 58513 36818 17861 4181 455 23293 7897 264 6027 27819 21695 423 13680 291
is_linear=0
shrinkage=0.02


Tree=250
num_leaves=31
num_cat=10
split_feature=14 26 26 0 24 0 0 16 0 24 0 0 26 41 28 20 26 0 24 24 43 32 50 0 29 0 20 0 31 21
split_gain=94.0909 50.7979 47.0448 56.2073 39.4165 70.8071 48.5494 44.1788 42.3736 36.544 42.4543 35.0324 33.2922 29.3817 24.7378 34.2268 22.8916 22.395 20.6416 39.3112 35.3072 22.7412 20.48 20.2869 20.2513 29.8502 18.1734 19.761 17.6649 15.4556
threshold=1.5000000000000002 0.0023604272768445005 0.029960264528918104 0 3.6764705882352944 1 2 1.0000000180025095e-35 3 4.6876065643648772 4 5 0.015708519889949705 0.26646935501059682 89.500000000000014 -0.79999999999999971 0.0091945783313916018 6 7.2892740429505141 6.6364186851211082 18.350000000000005 3.7488436413601636 23.450000000000006 7 2.6638629016882178 8 -0.90000000000000113 9 0.95198490658792256 4.5000000000000009
decision_type=2 2 2 1 2 1 1 8 1 2 1 1 2 2 2 2 2 1 2 2 2 2 2 1 2 1 2 1 2 8
left_child=1 -1 9 13 5 12 29 8 -7 11 16 -2 17 -4 -13 -16 -11 -3 19 21 -21 -5 -14 -9 28 -26 27 -15 -8 -6
right_child=2 4 3 18 6 7 24 23 -10 10 -12 14 22 26 15 -17 -18 -19 -20 20 -22 -23 -24 -25 25 -27 -28 -29 -30 -31
leaf_value=-0.015049034501891115 0.002825560784078212 5.6228491706850425e-05 0.012229160065116247 0.0035968598702269122 0.0063013709923542558 -0.0030176144351812435 -0.016725278294397041 -0.0069406686751429785 -0.015441350845029216 -0.02284054898261409 0.0061372213700271998 0.0014690719477713575 -0.00014178083790957434 0.0058491181688147291 -0.020157516151901082 -0.0049527343988488917 -0.002031675804142959 -0.0097566216733330473 0.014288010789194979 0.002956344385706077 -0.060835778310881765 -0.0022590445711076186 0.011358768226681677 -6.2063597537252146e-05 0.0008540375446737103 0.010019794452182323 0.0064279188665739163 -0.008773522072868023 0.0012097041341895991 -0.0038902184671761289
leaf_weight=112.92821938171983 343.08959844941273 151.24123786017299 341.17260738508776 532.2250865790993 60.009486390277743 197.36014779377729 19.584599195979536 332.60360930953175 331.61171305691823 21.847919071093202 527.92748931841925 190.47039256617427 1830.4509031493217 58.475586480461061 65.305987930856645 561.7169773937203 170.64249323727563 237.30274123325944 40.791474231518805 4.7083275518380088 4.9300366332754493 519.9206477496773 61.026324040256441 363.09276222530752 294.92702790908515 291.6655905013904 604.38266591634601 63.610607865732163 709.28448826912791 832.23778191208839
leaf_count=4908 4484 2228 25363 14656 481 6029 994 3507 28346 202 11093 2110 33168 2089 512 5700 3567 2892 3223 232 62 16108 826 2446 3082 3185 17547 1371 5015 8354
internal_value=-0.000289071 -0.00191837 0.00204849 0.00405342 -0.00164753 -0.00296596 0.000437586 -0.00681775 -0.0112338 -0.000256864 0.00326155 -0.00246085 -0.000848471 0.00729111 -0.00468342 -0.00665654 -0.00457601 -0.00616246 0.000815615 0.000248113 -0.0347863 0.000685999 0.000236114 -0.00349517 0.0028752 0.00565758 0.00500382 -0.00187132 0.000633884 -0.00312866
internal_weight=9876.54 5825.33 4051.22 2170.22 5712.4 3504.69 2207.71 1224.67 528.972 1881 720.418 1160.58 2280.02 1067.64 817.493 627.023 192.49 388.544 1102.58 1061.78 9.63836 1052.15 1891.48 695.696 1315.46 586.593 726.469 122.086 728.869 892.247
internal_count=213780 105461 108319 80651 100553 79442 21111 40328 34375 27668 14862 12806 39114 46370 8322 6212 3769 5120 34281 31058 294 30764 33994 5953 12276 6267 21007 3460 6009 8835
cat_boundaries=0 2 4 6 8 10 12 14 16 18 19
cat_threshold=3604478092 328355 7917561 445904 3581485280 317844 327684 65536 1946357766 327750 3224485964 312896 6833153 265232 33628166 74273 168168964 65642 3499419652
is_linear=0
shrinkage=0.02


Tree=251
num_leaves=31
num_cat=8
split_feature=13 22 0 26 21 24 0 25 26 49 24 0 24 41 0 0 0 32 22 25 0 25 0 47 20 17 25 23 22 39
split_gain=91.117 68.473 71.3591 55.1269 49.253 52.033 42.2056 41.4111 40.2261 30.8697 30.6455 34.6134 28.1056 32.9429 34.9022 31.5126 30.877 30.5959 30.2279 23.8377 47.8935 23.2809 82.8785 28.6254 22.6248 22.2905 22.2365 21.2563 19.8926 25.7952
threshold=1.0000000180025095e-35 0.11818181818181815 0 0.054276175085942506 28.500000000000004 1.6824618736383445 1 4.7081806541068119 0.010121075296461701 -3.2571428571428567 3.6764705882352944 2 4.1120837223778404 0.28571428571428675 3 4 5 2.8474011770836962 0.16562983746130031 1.7812887021222121 6 2.4190113469967502 7 -3.0082840503588462 4.0000000000000044 1.2583057392117911 2.4668421375839582 0.62500000000000011 0.37524766899766909 0.22500000000000003
decision_type=2 2 1 2 8 2 1 2 2 2 2 1 2 2 1 1 1 2 2 2 1 2 1 2 2 2 2 2 2 2
left_child=1 2 8 12 -4 9 -5 -7 10 -6 -1 -12 15 14 18 -2 -15 -17 -14 20 -8 22 -10 -23 -18 -22 -19 28 29 -3
right_child=3 27 4 6 5 7 19 -9 21 -11 11 -13 13 16 -16 17 24 26 -20 -21 25 23 -24 -25 -26 -27 -28 -29 -30 -31
leaf_value=-0.014429063005378114 0.0018162048804497822 0.0078599010310136958 0.00094569276456489136 0.011317346512910191 0.0032088827796747793 -0.0027049202671351066 -0.026041148265791372 -0.013389827309706 0.014866846783432003 -0.017800489830921012 0.0093933409194732528 -0.0085843206176866617 0.0035642158062716188 0.005247102902361178 0.0092341021142268616 0.001558478755783059 -0.00082685250605790033 0.0004003195161138228 -0.013645004720172738 0.0038893613370302085 0.01341717504227375 -0.011537940432242131 -0.0064162845677336903 -0.000491462555053931 -0.031563035426484205 -0.018330783742299066 -0.0062516545146968049 0.0097027869274258337 0.007412178666213718 -0.0016118525865710962
leaf_weight=152.74639366846532 1058.7553026759997 128.87340975552797 205.49318162444979 352.19503100216389 28.006069405004382 442.70612822752446 21.293690662831068 219.32260086946189 142.06283140275627 316.39047396415845 57.408121124841273 96.293682706542313 157.26082184398547 409.27099430002272 428.0844240593724 464.59824512153864 1079.4088051030412 262.02644258365035 51.607064581476152 381.78261004993692 34.230526324361563 99.371535107493401 128.41397963184863 1197.7815677886829 6.716956738382577 8.3788487138226611 784.56726988125592 110.85245381575078 147.31391235440969 886.47362358402461
leaf_count=4002 17026 522 2146 21406 892 10773 190 9531 2312 28575 716 1805 5864 6431 18971 4975 14902 2822 1585 16772 486 2802 3781 18413 119 97 9901 689 764 4510
internal_value=-0.000284764 -0.00244513 -0.00405587 0.00142434 -0.00781366 -0.00969688 0.00627746 -0.00631922 -0.00155662 -0.0160215 -0.00815684 -0.00163907 0.000593137 0.00229148 0.00609281 -0.00080928 0.000650035 -0.00265633 -0.000693699 0.00190644 -0.00899961 -0.000250443 0.00503861 -0.00137776 -0.00111151 0.00487229 -0.00457082 0.00144272 0.000615072 -0.000370393
internal_weight=9859.69 4359.51 3086 5500.18 1211.92 1006.43 797.881 662.029 1874.08 344.397 306.448 153.702 4702.3 2132.35 636.952 2569.95 1495.4 1511.19 208.868 445.686 63.9031 1567.63 270.477 1297.15 1086.13 42.6094 1046.59 1273.51 1162.66 1015.35
internal_count=213780 92233 85748 121547 51917 49771 38951 20304 33831 29467 6523 2521 82596 47872 26420 34724 21452 17698 7449 17545 773 27308 6093 21215 15021 583 12723 6485 5796 5032
cat_boundaries=0 2 4 6 8 10 12 14 16
cat_threshold=9740222 331089 3640250969 18605 301314 1 2248282280 467228 3671186564 25172 572572265 33067 16780288 164352 295812 327744
is_linear=0
shrinkage=0.02


Tree=252
num_leaves=31
num_cat=8
split_feature=13 22 0 18 21 24 22 0 0 25 49 0 27 0 24 0 50 47 18 20 47 0 31 44 23 44 47 24 41 0
split_gain=87.7269 66.1089 69.4042 48.194 48.0609 52.3997 38.3056 43.0603 39.7212 37.5763 30.5657 28.003 25.5158 35.8654 26.5041 21.1478 20.44 19.7948 19.1071 24.3531 17.5895 18.4637 17.2275 23.3239 15.7971 15.7482 18.1533 15.5137 14.9015 14.276
threshold=1.0000000180025095e-35 0.11818181818181815 0 9.1250000000000018 4.5000000000000009 1.6824618736383445 0.062554347826086973 1 2 4.7349668438947559 -3.2571428571428567 3 1.0208072590738426 4 0.59633714596949905 5 15.950000000000001 3.5217927809630729 3.8750000000000004 -0.59999999999999798 -4.5716756545447241 6 0.95198490658792256 28.450000000000003 0.62500000000000011 25.950000000000003 -5.8820085401547644 4.6876065643648772 0.18181818181818218 7
decision_type=2 2 1 2 8 2 2 1 1 2 2 1 2 1 2 1 2 2 2 2 2 1 2 2 2 2 2 2 2 1
left_child=1 2 12 6 22 10 7 -2 25 -7 -6 -5 13 -1 17 -3 -16 -14 19 -9 -10 -22 23 -4 27 29 -27 28 -17 -8
right_child=3 15 4 11 5 9 8 18 20 -11 -12 -13 14 -15 16 24 -18 -19 -20 -21 21 -23 -24 -25 -26 26 -28 -29 -30 -31
leaf_value=0.0029410815226159855 -0.00011663800922406471 -0.0013549728509228915 0.029976175383838677 -0.0010645529618126474 0.0031423232769648111 -0.0029327401684551635 -0.010276819902814928 -0.0078595222858461513 0.0089653503388116822 -0.013235993397460368 -0.01775120885726135 0.015846470712229659 -0.015157651350216524 -0.016864285193187202 0.0011220631201847439 0.010206010423644076 -0.0040225452884356137 0.0027355523124415384 0.011851880023031216 0.0056673750184206492 -0.0038815603453711735 -0.00035677228931364709 -0.00092398716471710099 -0.007238153824745147 0.013274428395342796 -0.0083573012001015023 0.0085732199726613455 0.0088765637391892988 -0.00016382677828179497 0.0023232291998315645
leaf_weight=57.277862415648997 790.85028835758567 585.0168684720993 14.57734737172723 57.467840991448611 28.089984739199281 463.69240782689303 25.865699508693069 53.385132591240108 61.00095509365201 207.32074671052396 310.98613597499207 127.93832730734721 81.751670685596764 82.312330715358257 1207.6306745074689 59.943013686686754 411.24917458277196 31.306374119594693 192.73687031306326 773.76004054769874 915.66480844281614 1717.3147802413441 170.6004405496642 8.169830394908784 62.329300628975034 24.12830891367048 295.72688882052898 129.85125788114965 435.9045688053593 456.68068960541859
leaf_count=831 15150 2399 131 5052 892 11207 532 621 1051 9228 28575 13798 3729 2578 18512 415 7780 401 12710 10309 12610 32335 1797 87 482 280 8347 941 2248 8752
internal_value=-0.000279793 -0.00240301 -0.00399036 0.00139775 -0.00771333 -0.00952377 0.00104009 0.00339913 -0.000177778 -0.00619052 -0.0159495 0.0113497 -0.00152792 -0.00968286 -0.00085232 0.00141583 -0.00017753 -0.010088 0.00607899 0.00474499 -0.0013477 -0.00160927 0.00125109 0.0165475 0.00376157 0.00368664 0.00716833 0.00278314 0.00110353 0.00138351
internal_weight=9840.53 4348.01 3074.96 5492.52 1203.44 1010.09 5307.11 1810.73 3496.38 671.013 339.076 185.406 1871.53 139.59 1731.94 1273.05 1618.88 113.058 1019.88 827.145 2693.98 2632.98 193.348 22.7472 688.028 802.402 319.855 625.699 495.848 482.546
internal_count=213780 92233 85748 121547 51917 49902 102697 38790 63907 20435 29467 18850 33831 3409 30422 6485 26292 4130 23640 10930 45996 44945 2015 218 4086 17911 8627 3604 2663 9284
cat_boundaries=0 2 4 6 8 9 11 13 14
cat_threshold=9740222 331089 555884449 132984 540098945 617 269095745 76060 1349760 679882658 243789 117702738 283780 2097152
is_linear=0
shrinkage=0.02


end of trees

feature_importances:
week=1598
store_product_share=852
store_avg_weekly=649
rolling_return_rate_4w=492
lag_1w=357
store_std_weekly=331
rolling_mean_12w=319
yoy_same_week=307
rolling_mean_4w=284
demand_cv_4w=276
weeks_since_nonzero=214
temp_mean_lag1w=205
active_ratio_8w=177
rolling_median_4w=148
trend_4w=142
temp_mean=140
lag_2w=123
censored_ratio_4w=117
namn_te=109
temp_anomaly=83
week_sin=79
product_id_te=78
product_avg_weekly=67
product_n_stores=66
wind_max=65
precip_total_lag1w=49
recent_zero_count=45
precip_total=38
week_cos=33
nonzero_mean_4w=29
month=28
typ_te=28
category_season_avg=23
rolling_std_4w=18
rolling_max_4w=15
season_autumn=4
n_holidays=1
is_rainy_week=1

parameters:
[boosting: gbdt]
[objective: binary]
[metric: binary_logloss]
[tree_learner: serial]
[device_type: cpu]
[data_sample_strategy: bagging]
[data: ]
[valid: ]
[num_iterations: 3000]
[learning_rate: 0.02]
[num_leaves: 31]
[num_threads: -1]
[seed: 42]
[deterministic: 0]
[force_col_wise: 0]
[force_row_wise: 0]
[histogram_pool_size: -1]
[max_depth: 6]
[min_data_in_leaf: 50]
[min_sum_hessian_in_leaf: 0.001]
[bagging_fraction: 0.8]
[pos_bagging_fraction: 1]
[neg_bagging_fraction: 1]
[bagging_freq: 0]
[bagging_seed: 400]
[bagging_by_query: 0]
[feature_fraction: 0.8]
[feature_fraction_bynode: 1]
[feature_fraction_seed: 30056]
[extra_trees: 0]
[extra_seed: 12879]
[early_stopping_round: 0]
[early_stopping_min_delta: 0]
[first_metric_only: 0]
[max_delta_step: 0]
[lambda_l1: 1]
[lambda_l2: 3]
[linear_lambda: 0]
[min_gain_to_split: 0]
[drop_rate: 0.1]
[max_drop: 50]
[skip_drop: 0.5]
[xgboost_dart_mode: 0]
[uniform_drop: 0]
[drop_seed: 17869]
[top_rate: 0.2]
[other_rate: 0.1]
[min_data_per_group: 100]
[max_cat_threshold: 32]
[cat_l2: 10]
[cat_smooth: 10]
[max_cat_to_onehot: 4]
[top_k: 20]
[monotone_constraints: ]
[monotone_constraints_method: basic]
[monotone_penalty: 0]
[feature_contri: ]
[forcedsplits_filename: ]
[refit_decay_rate: 0.9]
[cegb_tradeoff: 1]
[cegb_penalty_split: 0]
[cegb_penalty_feature_lazy: ]
[cegb_penalty_feature_coupled: ]
[path_smooth: 0]
[interaction_constraints: ]
[verbosity: -1]
[saved_feature_importance_type: 0]
[use_quantized_grad: 0]
[num_grad_quant_bins: 4]
[quant_train_renew_leaf: 0]
[stochastic_rounding: 1]
[linear_tree: 0]
[max_bin: 255]
[max_bin_by_feature: ]
[min_data_in_bin: 3]
[bin_construct_sample_cnt: 200000]
[data_random_seed: 175]
[is_enable_sparse: 1]
[enable_bundle: 1]
[use_missing: 1]
[zero_as_missing: 0]
[feature_pre_filter: 1]
[pre_partition: 0]
[two_round: 0]
[header: 0]
[label_column: ]
[weight_column: ]
[group_column: ]
[ignore_column: ]
[categorical_feature: 0,1]
[forcedbins_filename: ]
[precise_float_parser: 0]
[parser_config_file: ]
[objective_seed: 16083]
[num_class: 1]
[is_unbalance: 1]
[scale_pos_weight: 1]
[sigmoid: 1]
[boost_from_average: 1]
[reg_sqrt: 0]
[alpha: 0.9]
[fair_c: 1]
[poisson_max_delta_step: 0.7]
[tweedie_variance_power: 1.5]
[lambdarank_truncation_level: 30]
[lambdarank_norm: 1]
[label_gain: ]
[lambdarank_position_bias_regularization: 0]
[eval_at: ]
[multi_error_top_k: 1]
[auc_mu_weights: ]
[num_machines: 1]
[local_listen_port: 12400]
[time_out: 120]
[machine_list_filename: ]
[machines: ]
[gpu_platform_id: -1]
[gpu_device_id: -1]
[gpu_device_id_list: ]
[gpu_use_dp: 0]
[num_gpu: 1]

end of parameters

pandas_categorical:[[1, 2, 3, 4, 5, 6, 7, 8, 9, 10, 11, 12, 13, 14, 15, 16, 17, 18, 19, 20, 21, 22, 23, 24, 25, 26, 27, 28, 29, 30, 31, 32, 33, 34, 35, 36, 37, 38, 39, 40, 41, 42, 43, 44, 45, 46, 47, 48, 49, 50, 51], [1, 2, 3, 4, 5, 6, 7, 8, 9, 10, 11, 12]]
